case,question_id,category,sub_category,source,src_id,difficulty,multiturn,n_turns,resolved_by,status,input_tokens,sha256_rendered
case_001,0daf539b787c4dccbb547330a8b4c3d7,coding,,https://huggingface.co/datasets/bigcode/humanevalpack/tree/9a41762f73a8cb23bb5811b73d5aab164efcf378,Go/27,,False,1,parquet,built,108,bf3d94a817abbbbf4aab4118b4e3b7fa05cf66205ad9930b6218edccf9f5f3cf
case_002,69d831e14137427fa31d6e67761555e7,humanities,,https://raw.githubusercontent.com/hemingkx/Spec-Bench/66230f10cb0a02aced5ef3ce1e85163c16160454/data/spec_bench/question.jsonl,spec_bench_70,medium,True,2,parquet,built,95,4a4cc0bd88878b6bcda3e41456cc558ff50b4cc993e95f8b06562c2502a58784
case_003,47534ec0377943708c55cb1bfad6c83d,math,Mathematics,https://huggingface.co/datasets/cais/hle/tree/021a3d71f516a7ac28ceb8d284969902edf1edeb,67391b1caf74773130b63bb6,hard,False,1,specdec_bench,pending_hle_token,,
case_004,a3ac2c931db84417a211b7d8756b5ff1,qa,,https://raw.githubusercontent.com/hemingkx/Spec-Bench/66230f10cb0a02aced5ef3ce1e85163c16160454/data/spec_bench/question.jsonl,spec_bench_240,,False,1,parquet,built,76,75239f78193650b540a7eb781f9cbe186991832ab74f4e8dc3c6c805e4ec27cf
case_005,87791f973349454392b3f0f17a09b88c,rag,extraction,https://raw.githubusercontent.com/hemingkx/Spec-Bench/66230f10cb0a02aced5ef3ce1e85163c16160454/data/spec_bench/question.jsonl,spec_bench_50,,True,2,parquet,built,232,1ae87ba90e5f9a6da5db543382bfd24a26369b6982b8f62826d496af9db54fce
case_006,459e9fdf35f34b8c95d5327ca99320af,reasoning,mathematical,https://raw.githubusercontent.com/mtbench101/mt-bench-101/61bc4faa9535cf29a6549b3f9df5efbf7cdd5288/data/subjective/mtbench101.jsonl,mtbench_101_476,,True,1,specdec_bench,built,152,d93fbb836729eb853b2792b8e1d09465ec0a0e9ef5f81e8abfa3da27a694d9a5
case_007,7d07ba32e86544fca7130503b92c21b8,stem,Medicine,https://huggingface.co/datasets/cais/hle/tree/021a3d71f516a7ac28ceb8d284969902edf1edeb,671ae258d2ea402783696a9f,hard,False,1,specdec_bench,pending_hle_token,,
case_008,bec8b7f8659648118561e17008cc59cf,writing,Politics & Law,https://raw.githubusercontent.com/X-PLUG/WritingBench/4701e81e10d0c45cd2f3114efa315c4662da348a/benchmark_query/benchmark_all.jsonl,writing_bench_331,,False,1,parquet,built,1580,9c5ad1dd034b3e1213723e9a791d1512dd20fee3d96d0fc1f2166f1a38247d36
case_009,6b37910e636747d68332efde376063dd,multilingual,th_math,https://github.com/RUCAIBox/MMATH/tree/3920f269764e4d3436105d89250833f3d7169c8d,mmath_173,,False,1,parquet,built,120,a4d307f71b5e0ba2b04ef23ffe20d51f4b073f46a2309bc793281fcc3401f911
case_010,de60de7fd5864529a973d3a50e967813,summarization,,https://huggingface.co/datasets/abisee/cnn_dailymail/tree/96df5e686bee6baa90b8bee7c28b81fa3fa6223d,89996f30eed6ac5c4d9f668106c42079744ac4f7,,False,1,specdec_bench,built,367,01b7fd7ace80c29861c55682bbca1250c2303d00f883c179a7f6ad2948021dbd
case_011,43bec92a2f674c9d930afd3ced9299c5,roleplay,,https://huggingface.co/datasets/ZenMoore/RoleBench/tree/a57ed54f9613921e4a5f1b63601a558cd5acf971/rolebench-eng,rolebench_instruction-generalization_1400_rolebench_instruction-generalization_1401_rolebench_instruction-generalization_1402_rolebench_instruction-generalization_1403_rolebench_instruction-generalization_1404_rolebench_instruction-generalization_1405_rolebench_instruction-generalization_1406_rolebench_instruction-generalization_1407_rolebench_instruction-generalization_1408_rolebench_instruction-generalization_1409_rolebench_instruction-generalization_1410_rolebench_instruction-generalization_1411_rolebench_instruction-generalization_1412_rolebench_instruction-generalization_1413_rolebench_instruction-generalization_1414_rolebench_instruction-generalization_1415_rolebench_instruction-generalization_1416_rolebench_instruction-generalization_1417_rolebench_instruction-generalization_1418_rolebench_instruction-generalization_1419_rolebench_instruction-generalization_1420_rolebench_instruction-generalization_1421_rolebench_instruction-generalization_1422_rolebench_instruction-generalization_1423_rolebench_instruction-generalization_1424_rolebench_instruction-generalization_1425_rolebench_instruction-generalization_1426_rolebench_instruction-generalization_1427_rolebench_instruction-generalization_1428_rolebench_instruction-generalization_1429_rolebench_instruction-generalization_1430_rolebench_instruction-generalization_1431_rolebench_instruction-generalization_1432_rolebench_instruction-generalization_1433_rolebench_instruction-generalization_1434_rolebench_instruction-generalization_1435_rolebench_instruction-generalization_1436_rolebench_instruction-generalization_1437_rolebench_instruction-generalization_1438_rolebench_instruction-generalization_1439_rolebench_instruction-generalization_1440_rolebench_instruction-generalization_1441_rolebench_instruction-generalization_1442_rolebench_instruction-generalization_1443_rolebench_instruction-generalization_1444_rolebench_instruction-generalization_1445_rolebench_instruction-generalization_1446_rolebench_instruction-generalization_1447_rolebench_instruction-generalization_1448_rolebench_instruction-generalization_1449,,True,3,specdec_bench,built,282,5fa4eba8ac45a2894a2e327e5cb3ed4064a926751d3da83694966189b49198df
case_012,135c7fe91faa48fd83ca5eac94c09f00,coding,,https://huggingface.co/datasets/bigcode/humanevalpack/tree/9a41762f73a8cb23bb5811b73d5aab164efcf378,Python/124,,False,1,parquet,built,325,50a9eb31a38918f23471f4cf82d076690cbe379f231869f2507c42833e1a8ed4
case_013,b8832921930f4ddd835e982a25655aad,humanities,History,https://huggingface.co/datasets/cais/hle/tree/021a3d71f516a7ac28ceb8d284969902edf1edeb,6736cec9cad1584306eee714,hard,False,1,specdec_bench,pending_hle_token,,
case_014,f73440d5701f4feeaeffcacf282d5607,math,Mathematics,https://huggingface.co/datasets/cais/hle/tree/021a3d71f516a7ac28ceb8d284969902edf1edeb,66ef663370b6c01c3d20a5d5,hard,False,1,specdec_bench,pending_hle_token,,
case_015,2caa2289a2574756bb51967df812c420,qa,,https://raw.githubusercontent.com/hemingkx/Spec-Bench/66230f10cb0a02aced5ef3ce1e85163c16160454/data/spec_bench/question.jsonl,spec_bench_241,,False,1,parquet,built,79,a72487852def4ea5eee6e24debc2ee88b5fef41b810e7843eb170f97814d1dcf
case_016,d8f87fd586584e59924edd9426dd73e2,rag,rag,https://raw.githubusercontent.com/hemingkx/Spec-Bench/66230f10cb0a02aced5ef3ce1e85163c16160454/data/spec_bench/question.jsonl,spec_bench_463,,False,1,parquet,built,768,4bf5044d434dd3b13e36edc6dfea0d1302082cfd6d397b775edfbc37e5c36e36
case_017,8319d90fdbd84f42b18c840420381f34,reasoning,general,https://raw.githubusercontent.com/mtbench101/mt-bench-101/61bc4faa9535cf29a6549b3f9df5efbf7cdd5288/data/subjective/mtbench101.jsonl,mtbench_101_66,,True,1,specdec_bench,built,87,d591bfcee27e75c616ab0ac7423c5b3e991f49b80fdfa5c77c67c8e913c4a336
case_018,ce77d02cc5c342cba9c797dabc3fff26,stem,Computer Science,https://huggingface.co/datasets/cais/hle/tree/021a3d71f516a7ac28ceb8d284969902edf1edeb,6715b2dab3287d3dd4db03d6,hard,False,1,specdec_bench,pending_hle_token,,
case_019,5beba2e064e244a49a78aa83a0ae23e3,writing,Advertising & Marketing,https://raw.githubusercontent.com/X-PLUG/WritingBench/4701e81e10d0c45cd2f3114efa315c4662da348a/benchmark_query/benchmark_all.jsonl,writing_bench_427,,False,1,parquet,built,154,dae11cab6f96dd23032d306481f7ce95efcf02c0e86539d9a2c04dde35a8c26f
case_020,e59cdda8b5f64d7f97b2ffa3628d6382,multilingual,ar_math,https://github.com/RUCAIBox/MMATH/tree/3920f269764e4d3436105d89250833f3d7169c8d,mmath_82,,False,1,parquet,built,98,cee7491fec1b50c348cfd12ac17dee3cf0ca75c3f92705d30e0c403b95829d58
case_021,93226c97d9184a57add0b751291c4535,summarization,,https://huggingface.co/datasets/abisee/cnn_dailymail/tree/96df5e686bee6baa90b8bee7c28b81fa3fa6223d,65d40ec76a16ad24be8eac61855c14a9e63e8088,,False,1,specdec_bench,built,331,4b04d76318378297432d430c188c7fadeebd088a9729691fcf459b32ceaed838
case_022,cbd7ad2dc3a64a169db2b27a549fffc8,roleplay,,https://raw.githubusercontent.com/hemingkx/Spec-Bench/66230f10cb0a02aced5ef3ce1e85163c16160454/data/spec_bench/question.jsonl,spec_bench_18,,True,2,parquet,built,106,81a53cec0ce5ab213e961e60894bbb0093cbf169d1ee52832d0b1766a7913df5
case_023,37f349607a3d46b8bc5aafcefb5fd518,coding,,https://huggingface.co/datasets/bigcode/humanevalpack/tree/9a41762f73a8cb23bb5811b73d5aab164efcf378,JavaScript/118,,False,1,parquet,built,205,c4e2fdef439d77ee0a5c04c929071ce6e291acae4a1968abc3528c6d8636d4eb
case_024,90443bcccb5245b99cf1bd881fd07b33,humanities,Archaeology,https://huggingface.co/datasets/cais/hle/tree/021a3d71f516a7ac28ceb8d284969902edf1edeb,671590d09f939ab157188104,hard,False,1,specdec_bench,pending_hle_token,,
case_025,10983429e00549a3bf63b7ea733195af,math,Mathematics,https://huggingface.co/datasets/cais/hle/tree/021a3d71f516a7ac28ceb8d284969902edf1edeb,671a5d9a6e1db673f77905d6,hard,False,1,specdec_bench,pending_hle_token,,
case_026,88ef499cf4f744da8f11a5c0bd2d5076,qa,,https://raw.githubusercontent.com/hemingkx/Spec-Bench/66230f10cb0a02aced5ef3ce1e85163c16160454/data/spec_bench/question.jsonl,spec_bench_242,,False,1,parquet,built,77,b324b5725df5b17ae1ce4fecfb901a7982fe152d1a8b35c9e9672c8721b38153
case_027,16c110a393f5465285afcaf0bba7a133,rag,rag,https://raw.githubusercontent.com/hemingkx/Spec-Bench/66230f10cb0a02aced5ef3ce1e85163c16160454/data/spec_bench/question.jsonl,spec_bench_458,,False,1,parquet,built,725,e2a8485b5dc629f5fa6d66c7a4aba26646121f64642bf65460c73e215aa34ed1
case_028,67f401c0308b450eb0ccf9cfaff76bc6,reasoning,general,https://raw.githubusercontent.com/mtbench101/mt-bench-101/61bc4faa9535cf29a6549b3f9df5efbf7cdd5288/data/subjective/mtbench101.jsonl,mtbench_101_54,,True,1,specdec_bench,built,85,116a3ce25190260c2cf3512b8dbf4c70d4c4be4353d8236682e02bf2dabc8b54
case_029,4e52bf06e2d84215a31fb7f850c06276,stem,Aerospace Engineering,https://huggingface.co/datasets/cais/hle/tree/021a3d71f516a7ac28ceb8d284969902edf1edeb,67572db350ff3671b773ebf2,hard,False,1,specdec_bench,pending_hle_token,,
case_030,5b30259fc26e4f598e76f752d7f21177,writing,historical fiction,https://raw.githubusercontent.com/EQ-bench/creative-writing-bench/refs/heads/main/data/creative_writing_prompts_v3.json,creative_writing_v3_1,,False,1,parquet,built,186,80b190156273c6f79d947b86f46341ba2a1aae8a9a2dd276ecce30e77f5f4870
case_031,81fc706ff39f40959d9cea6f76c94bbc,multilingual,pt_math,https://github.com/RUCAIBox/MMATH/tree/3920f269764e4d3436105d89250833f3d7169c8d,mmath_270,,False,1,parquet,built,106,371130243cd13e3f4d5fcb936130bd208985901049919400e0eaf9a69d59e9cd
case_032,e7845ff9638c4879b417e649ee70218b,summarization,,https://huggingface.co/datasets/abisee/cnn_dailymail/tree/96df5e686bee6baa90b8bee7c28b81fa3fa6223d,6ef7858821b6a120694c695e32b8c7f779db68cc,,False,1,specdec_bench,built,889,75cec326ef5a5e18c0f947f151f14173c3b5777235ae59558cb83c5445e7e1f3
case_033,f5a6890f732141b2b0d4647f83d6531f,roleplay,,https://raw.githubusercontent.com/hemingkx/Spec-Bench/66230f10cb0a02aced5ef3ce1e85163c16160454/data/spec_bench/question.jsonl,spec_bench_14,,True,2,parquet,built,162,0a9fd5281f4b361c570b93422ce1d9206c1d576748bc6c73532282e31bf42a39
case_034,1fd6d82bbde647f29b93afd7b4eb14b0,coding,,https://raw.githubusercontent.com/hemingkx/Spec-Bench/66230f10cb0a02aced5ef3ce1e85163c16160454/data/spec_bench/question.jsonl,spec_bench_42,medium,True,2,parquet,built,94,892119b7f7d928bcda586f4c9ab33bb2ae814f319329b4b410d068f1250e850c
case_035,8884100957344de0a9304c38f8303f1d,humanities,Comparative Literature,https://huggingface.co/datasets/cais/hle/tree/021a3d71f516a7ac28ceb8d284969902edf1edeb,672fb1872357e1d1acd486dc,hard,False,1,specdec_bench,pending_hle_token,,
case_036,90180668a772489fbcb5a2157c181713,math,Applied Mathematics,https://huggingface.co/datasets/cais/hle/tree/021a3d71f516a7ac28ceb8d284969902edf1edeb,66ebe6b6a708e0910828c0d6,hard,False,1,specdec_bench,pending_hle_token,,
case_037,62a4c1a709c04f9da17f16263d3d997f,qa,,https://raw.githubusercontent.com/hemingkx/Spec-Bench/66230f10cb0a02aced5ef3ce1e85163c16160454/data/spec_bench/question.jsonl,spec_bench_243,,False,1,parquet,built,77,0c3f1b893211729d3901b4e2e6625d989d7ae425cdf5278a918be589db86ab09
case_038,0929674f400c44459cb259c55bcb959c,rag,rag,https://raw.githubusercontent.com/hemingkx/Spec-Bench/66230f10cb0a02aced5ef3ce1e85163c16160454/data/spec_bench/question.jsonl,spec_bench_401,,False,1,parquet,built,744,60017c1db6e32659949b7e78e5de0ecfae292eb93f7e2b69a8598688b80f4e09
case_039,72f6a3f4f0c849e8b0eb9168edd6e18f,reasoning,mathematical,https://raw.githubusercontent.com/mtbench101/mt-bench-101/61bc4faa9535cf29a6549b3f9df5efbf7cdd5288/data/subjective/mtbench101.jsonl,mtbench_101_483,,True,1,specdec_bench,built,126,8c8dfc3cb4bc89eba7893871aae5b6912a9da11fb165d6d7c69d56814a36aece
case_040,b19c940f19924bd296d8699bc0a379b8,stem,Biology,https://huggingface.co/datasets/cais/hle/tree/021a3d71f516a7ac28ceb8d284969902edf1edeb,6737022fa283793ef57494a3,hard,False,1,specdec_bench,pending_hle_token,,
case_041,f4e6eb18883e4760b5b2e34dd9680a4f,writing,,https://raw.githubusercontent.com/hemingkx/Spec-Bench/66230f10cb0a02aced5ef3ce1e85163c16160454/data/spec_bench/question.jsonl,spec_bench_9,,True,2,parquet,built,156,b2eb2280797e9ea9b0161e160f847965be5322cc57b8e0143f9f65202ae0dc81
case_042,31b1dcdaa3c148c38ae719c7b8ec0055,multilingual,th_math,https://github.com/RUCAIBox/MMATH/tree/3920f269764e4d3436105d89250833f3d7169c8d,mmath_107,,False,1,parquet,built,113,683d2afd82d605da044415f3369b93793bc057e319cdb413ab3b1fb8fe1e6876
case_043,7e4af3153d2742f7bf4f4347ad4a57af,summarization,,https://huggingface.co/datasets/abisee/cnn_dailymail/tree/96df5e686bee6baa90b8bee7c28b81fa3fa6223d,06fbf6895442e07e38f1d60af3e82b4f71893e75,,False,1,specdec_bench,built,187,5f5a127c1d1421dab93b6eaf18f863d426eafc45e24074f7888b341fef3ae741
case_044,cb478e50d4094acebf3471672cfb40e4,roleplay,,https://raw.githubusercontent.com/hemingkx/Spec-Bench/66230f10cb0a02aced5ef3ce1e85163c16160454/data/spec_bench/question.jsonl,spec_bench_15,,True,2,parquet,built,126,69d600f44f6f86f9efef3fc25be3d98e1f203512c09372db1b6cba846b8b4870
case_045,48579d93b98d459fbf473748a607d748,coding,,https://huggingface.co/datasets/bigcode/humanevalpack/tree/9a41762f73a8cb23bb5811b73d5aab164efcf378,Python/6,,False,1,parquet,built,171,a598a9e3562290f27b12398db23eb7e0dd394a513fea34097bbde825be70151e
case_046,622f7fa890e14cc081e63bc90170c4cc,humanities,Corporate Eco-Efficiency,https://huggingface.co/datasets/cais/hle/tree/021a3d71f516a7ac28ceb8d284969902edf1edeb,6722072ddcce66512a82d9ed,hard,False,1,specdec_bench,pending_hle_token,,
case_047,10266986b3974f5f87cb1a292bcdba80,math,Mathematics,https://huggingface.co/datasets/cais/hle/tree/021a3d71f516a7ac28ceb8d284969902edf1edeb,672604100aae355a51195cdf,hard,False,1,specdec_bench,pending_hle_token,,
case_048,25e0e585858b42dc95517ee5be249c0f,qa,,https://raw.githubusercontent.com/hemingkx/Spec-Bench/66230f10cb0a02aced5ef3ce1e85163c16160454/data/spec_bench/question.jsonl,spec_bench_244,,False,1,parquet,built,76,fc60fece24afd61f2929656739178bacdacc5c3e5aaa1d1358c1d11d6ed9b757
case_049,15f1eae72fc04bc39a87699c640692ce,rag,rag,https://raw.githubusercontent.com/hemingkx/Spec-Bench/66230f10cb0a02aced5ef3ce1e85163c16160454/data/spec_bench/question.jsonl,spec_bench_405,,False,1,parquet,built,757,5c59af88caca84fb5945859e2c28f28f4231571c994910f64fe51b00c0604131
case_050,b844f24d694e4faf84e78469d6d583f0,reasoning,mathematical,https://raw.githubusercontent.com/mtbench101/mt-bench-101/61bc4faa9535cf29a6549b3f9df5efbf7cdd5288/data/subjective/mtbench101.jsonl,mtbench_101_499,,True,1,specdec_bench,built,158,a6afb4d0422fb01d13a52a1631467173237bc47f8d3902390715c0d7ca280670
case_051,7c2eb79baed64872b99f05b3e30993a9,stem,Computer Science,https://huggingface.co/datasets/cais/hle/tree/021a3d71f516a7ac28ceb8d284969902edf1edeb,671f1702e4e6b61540b0bdb4,hard,False,1,specdec_bench,pending_hle_token,,
case_052,4c9161f2a8bb4be7878500a2a9a7fbc5,writing,Finance & Business,https://raw.githubusercontent.com/X-PLUG/WritingBench/4701e81e10d0c45cd2f3114efa315c4662da348a/benchmark_query/benchmark_all.jsonl,writing_bench_93,,False,1,parquet,built,487,67939edc6183f6022324861347ce243ecab0a031d75ee8f92e18ac504820966a
case_053,1672523d190a47e599498ce10e972d89,multilingual,ko_math,https://github.com/RUCAIBox/MMATH/tree/3920f269764e4d3436105d89250833f3d7169c8d,mmath_349,,False,1,parquet,built,217,47c665638ae8e4f96c05dd0b65be9f2cf08c34d80e43c1467f9554530a903a08
case_054,58be00e22c14441bb7bfb2eeeb3161f0,summarization,,https://huggingface.co/datasets/abisee/cnn_dailymail/tree/96df5e686bee6baa90b8bee7c28b81fa3fa6223d,bee85f5675152d31fd5169c6415ae2fa9ede6713,,False,1,specdec_bench,built,657,4a7a0746d5591945dc4a0e19406a2c39f5b0d610c5dd0b9b75a27511497e3cda
case_055,4178ae6db2204816b7205900fe768a12,roleplay,,https://raw.githubusercontent.com/hemingkx/Spec-Bench/66230f10cb0a02aced5ef3ce1e85163c16160454/data/spec_bench/question.jsonl,spec_bench_12,,True,2,parquet,built,136,1ea1ca823c954417c473ee6309692da1797d4ef0b47f32205b30eb7ef70810f8
case_056,5ace1d46a306452da3c517a7a8bc2093,coding,,https://raw.githubusercontent.com/hemingkx/Spec-Bench/66230f10cb0a02aced5ef3ce1e85163c16160454/data/spec_bench/question.jsonl,spec_bench_45,medium,True,2,parquet,built,95,a3d7a69376cf6aa3786b265e024adba4c728ed1b7ee60698616fe02863243ae6
case_057,5359bceeb76b4ec89e7f0f5cdd0eef21,humanities,Classics,https://huggingface.co/datasets/cais/hle/tree/021a3d71f516a7ac28ceb8d284969902edf1edeb,6725703471b3b52354976be1,hard,False,1,specdec_bench,pending_hle_token,,
case_058,cb90814119944cefa1529113e8ab86fc,math,,https://raw.githubusercontent.com/hemingkx/Spec-Bench/66230f10cb0a02aced5ef3ce1e85163c16160454/data/spec_bench/question.jsonl,435_436,easy,True,2,parquet,built,113,e0ec67da53c3bfbee06123b9cf66bdf5af31026772e281d7b8dcf48391aff582
case_059,dff99017bb6b46aeae637e6afc655609,qa,,https://raw.githubusercontent.com/hemingkx/Spec-Bench/66230f10cb0a02aced5ef3ce1e85163c16160454/data/spec_bench/question.jsonl,spec_bench_245,,False,1,parquet,built,78,e656531e7351ba1812ce982e0da5edd7fcdb6cbfde86f24324e4777a79f4ede7
case_060,d36a9c0d6ca141bca508334ee0fd8a5e,rag,rag,https://raw.githubusercontent.com/hemingkx/Spec-Bench/66230f10cb0a02aced5ef3ce1e85163c16160454/data/spec_bench/question.jsonl,spec_bench_460,,False,1,parquet,built,720,3b53e34155e0a1685362e800b225bb33d1410f163de917abc7847a33224100bc
case_061,738f723bfc404949ad32acc44c11fc7f,reasoning,general,https://raw.githubusercontent.com/mtbench101/mt-bench-101/61bc4faa9535cf29a6549b3f9df5efbf7cdd5288/data/subjective/mtbench101.jsonl,mtbench_101_22,,True,1,specdec_bench,built,91,24f6a72b4cbd4fad859472e71aab7d749db2680b318dd8e8bbbfa6a3c3653f91
case_062,cee8f4c8644446359f5a0353f3247ebf,stem,Computer Science,https://huggingface.co/datasets/cais/hle/tree/021a3d71f516a7ac28ceb8d284969902edf1edeb,670e00c1289a73b5d2b75215,hard,False,1,specdec_bench,pending_hle_token,,
case_063,b935b2ee56fa4e5e907d4a9158bb6eab,writing,Literature & Arts,https://raw.githubusercontent.com/X-PLUG/WritingBench/4701e81e10d0c45cd2f3114efa315c4662da348a/benchmark_query/benchmark_all.jsonl,writing_bench_748,,False,1,parquet,built,1585,9cdc722e08b5a68c7cc4e9f6f7f4d666e1b7f301fa4a0c2395c66e7c5ee74e20
case_064,e03ac2e089434a088c22c9dfdbe8727c,multilingual,ru-zh,https://huggingface.co/datasets/Helsinki-NLP/opus-100/tree/805090dc28bf78897da9641cdf08b61287580df9,opus100_ru-zh_384,,False,1,specdec_bench,built,323,3d3e88a023e5dff5248781837af4d1cdc94100735f2025cc29ecc458098b87b0
case_065,9bb92deb3b8442ce940d8d0452f6adf1,summarization,,https://huggingface.co/datasets/abisee/cnn_dailymail/tree/96df5e686bee6baa90b8bee7c28b81fa3fa6223d,695fecd970abb3f1679615e6d2cdd9d65f94f9f4,,False,1,specdec_bench,built,295,61aa3ce8809577808096f9ee500edf9b9a77bba564cf1df6739add8f25ef41a8
case_066,75aea11342b146268fc440243acd1632,roleplay,,https://huggingface.co/datasets/ZenMoore/RoleBench/tree/a57ed54f9613921e4a5f1b63601a558cd5acf971/rolebench-eng,rolebench_instruction-generalization_4050_rolebench_instruction-generalization_4051_rolebench_instruction-generalization_4052_rolebench_instruction-generalization_4053_rolebench_instruction-generalization_4054_rolebench_instruction-generalization_4055_rolebench_instruction-generalization_4056_rolebench_instruction-generalization_4057_rolebench_instruction-generalization_4058_rolebench_instruction-generalization_4059_rolebench_instruction-generalization_4060_rolebench_instruction-generalization_4061_rolebench_instruction-generalization_4062_rolebench_instruction-generalization_4063_rolebench_instruction-generalization_4064_rolebench_instruction-generalization_4065_rolebench_instruction-generalization_4066_rolebench_instruction-generalization_4067_rolebench_instruction-generalization_4068_rolebench_instruction-generalization_4069_rolebench_instruction-generalization_4070_rolebench_instruction-generalization_4071_rolebench_instruction-generalization_4072_rolebench_instruction-generalization_4073_rolebench_instruction-generalization_4074_rolebench_instruction-generalization_4075_rolebench_instruction-generalization_4076_rolebench_instruction-generalization_4077_rolebench_instruction-generalization_4078_rolebench_instruction-generalization_4079_rolebench_instruction-generalization_4080_rolebench_instruction-generalization_4081_rolebench_instruction-generalization_4082_rolebench_instruction-generalization_4083_rolebench_instruction-generalization_4084_rolebench_instruction-generalization_4085_rolebench_instruction-generalization_4086_rolebench_instruction-generalization_4087_rolebench_instruction-generalization_4088_rolebench_instruction-generalization_4089_rolebench_instruction-generalization_4090_rolebench_instruction-generalization_4091_rolebench_instruction-generalization_4092_rolebench_instruction-generalization_4093_rolebench_instruction-generalization_4094_rolebench_instruction-generalization_4095_rolebench_instruction-generalization_4096_rolebench_instruction-generalization_4097_rolebench_instruction-generalization_4098_rolebench_instruction-generalization_4099,,False,1,specdec_bench,built,222,fb36a351f546d06530feb05cf01923f83faaf96eba17e7fc42e3a00fb0159b41
case_067,3416d0ce7c7a4632943ff1326913437f,coding,,https://huggingface.co/datasets/bigcode/humanevalpack/tree/9a41762f73a8cb23bb5811b73d5aab164efcf378,CPP/162,,False,1,parquet,built,151,0bdaa3bdd099f0c7999fc1b090a59d5bfaee87d265255d77b71dfbe550f1f07d
case_068,6023d8b3dd4e431f884661d68a080e0d,humanities,Philosophy,https://huggingface.co/datasets/cais/hle/tree/021a3d71f516a7ac28ceb8d284969902edf1edeb,66fe796bc12cbe6aeaa26e69,hard,False,1,specdec_bench,pending_hle_token,,
case_069,ac08cc1b70ad47c799bbd8270e4d1a0f,math,Mathematics,https://huggingface.co/datasets/cais/hle/tree/021a3d71f516a7ac28ceb8d284969902edf1edeb,67483a7928f6e886b0c6be8b,hard,False,1,specdec_bench,pending_hle_token,,
case_070,a2d03fa1de0d493aaf7a5300d20ac74b,qa,,https://raw.githubusercontent.com/hemingkx/Spec-Bench/66230f10cb0a02aced5ef3ce1e85163c16160454/data/spec_bench/question.jsonl,spec_bench_246,,False,1,parquet,built,78,ceedd18b7f37a277cf16faac961f625c7cb8b2e0318b040da510a7377509c843
case_071,57e2972168f94400927b2d9bacdca910,rag,rag,https://raw.githubusercontent.com/hemingkx/Spec-Bench/66230f10cb0a02aced5ef3ce1e85163c16160454/data/spec_bench/question.jsonl,spec_bench_454,,False,1,parquet,built,697,9c066a442e6abdce869bc1d5b3680bff024045d75dfcdcc08e0ca0141711f0f3
case_072,2824eb032a7d4ad691cb7b9da21bbe36,reasoning,general,https://raw.githubusercontent.com/mtbench101/mt-bench-101/61bc4faa9535cf29a6549b3f9df5efbf7cdd5288/data/subjective/mtbench101.jsonl,mtbench_101_56,,True,1,specdec_bench,built,84,314c5bfe45bdb111b86f07c4b191511e210d99387faee8d5158000cba003823d
case_073,48199ed80c954896a66c7479109ed173,stem,Mathematical Physics: Odes,https://huggingface.co/datasets/cais/hle/tree/021a3d71f516a7ac28ceb8d284969902edf1edeb,66ed86e620ed3db95f9901d3,hard,False,1,specdec_bench,pending_hle_token,,
case_074,a5d115601ddf473f9266410d3afd0d46,writing,Politics & Law,https://raw.githubusercontent.com/X-PLUG/WritingBench/4701e81e10d0c45cd2f3114efa315c4662da348a/benchmark_query/benchmark_all.jsonl,writing_bench_159,,False,1,parquet,built,99,dcd25050e8dc9ae63f46e2ad7f7f7bb18681d9615c351217cff60526871ae175
case_075,639037da20014b2382a5f4944076b05c,multilingual,es_math,https://github.com/RUCAIBox/MMATH/tree/3920f269764e4d3436105d89250833f3d7169c8d,mmath_371,,False,1,parquet,built,219,61794dd84bb67c82848a7c3f56ad5a50ce33a943a28128bcb987fc2f4f49ee96
case_076,cc3c3e9a0bf2450796fff2935247912d,summarization,,https://huggingface.co/datasets/abisee/cnn_dailymail/tree/96df5e686bee6baa90b8bee7c28b81fa3fa6223d,cc0c38724af299be9fe555040bde585b1091f84a,,False,1,specdec_bench,built,300,81e39ca4baa09e7586d1a7bb11a90cd6f33ad3218745c2239bb9033de41c550c
case_077,2121a48e22c44f978e5615763b67c75c,roleplay,,https://raw.githubusercontent.com/hemingkx/Spec-Bench/66230f10cb0a02aced5ef3ce1e85163c16160454/data/spec_bench/question.jsonl,spec_bench_19,,True,2,parquet,built,116,eb3703940d044814ce69efec4d7c31e7e7e2f35e4d451bd46f317a0e3b2d7908
case_078,e281ab7c608141a683519a317e998dd2,coding,,https://huggingface.co/datasets/bigcode/humanevalpack/tree/9a41762f73a8cb23bb5811b73d5aab164efcf378,Python/127,,False,1,parquet,built,315,ffcb4078faa29e805759722b4e240d7caab1d92da99a9bed5304d353c1ef0eb0
case_079,4ecf0309246b44bfa5cb3f923ada6909,humanities,Linguistics,https://huggingface.co/datasets/cais/hle/tree/021a3d71f516a7ac28ceb8d284969902edf1edeb,66f2e7d9384d43333482ba75,hard,False,1,specdec_bench,pending_hle_token,,
case_080,d46506160ed243ccaba50a3b9ac06612,math,Applied Mathematics,https://huggingface.co/datasets/cais/hle/tree/021a3d71f516a7ac28ceb8d284969902edf1edeb,672b74fe3f409f61a8efbe5e,hard,False,1,specdec_bench,pending_hle_token,,
case_081,80172db2fabd4685ac88ad275dfdcda0,qa,,https://raw.githubusercontent.com/hemingkx/Spec-Bench/66230f10cb0a02aced5ef3ce1e85163c16160454/data/spec_bench/question.jsonl,spec_bench_247,,False,1,parquet,built,78,375a715c4692a0838649944fcf3c827b39eaaceb487a0a600f1c2f7c797f47a1
case_082,003d477fd51145f8bcd8f3fe35e1a85c,rag,table_and_text_extraction,https://huggingface.co/datasets/nvidia/ChatRAG-Bench/tree/af6c7d420ddddf21f54f8ab3394bbf462aad2577/data,chatrag_bench_1739,,False,1,specdec_bench,built,546,bcd64d381e0308679a22d0dd819f2b51086690526f469dc7b00c85cac0d2fed4
case_083,b07ac369f4b747e0878ca44352151eb6,reasoning,mathematical,https://raw.githubusercontent.com/mtbench101/mt-bench-101/61bc4faa9535cf29a6549b3f9df5efbf7cdd5288/data/subjective/mtbench101.jsonl,mtbench_101_551,,True,1,specdec_bench,built,262,076d6097fe0b07b76d7dfd22130735dfdcb6c5661a84b3a6ed820d3bbcdcc57c
case_084,64550e344f84467cbb7056fc19dba666,stem,Biochemistry,https://huggingface.co/datasets/cais/hle/tree/021a3d71f516a7ac28ceb8d284969902edf1edeb,67180400ff1b830a3dd7e9bd,hard,False,1,specdec_bench,pending_hle_token,,
case_085,7fc942f907e14ab09d08eb99be931a6d,writing,Academic & Engineering,https://raw.githubusercontent.com/X-PLUG/WritingBench/4701e81e10d0c45cd2f3114efa315c4662da348a/benchmark_query/benchmark_all.jsonl,writing_bench_828,,False,1,parquet,built,598,b1c5fed8c97ba67e815ab774c0d98ea6c173a25fe6577b983c3335b5887c608d
case_086,955c628c0ecd4d26a3139238930a323e,multilingual,th_math,https://github.com/RUCAIBox/MMATH/tree/3920f269764e4d3436105d89250833f3d7169c8d,mmath_251,,False,1,parquet,built,108,1a9e9bdf5db6522c18f7a2c8569443cd9476c8be829987c3f424841585547cea
case_087,aefdae675b944b48acc7260eb1a69f7d,summarization,,https://huggingface.co/datasets/abisee/cnn_dailymail/tree/96df5e686bee6baa90b8bee7c28b81fa3fa6223d,f7c2eb465479b965669b81535234e24735915ebf,,False,1,specdec_bench,built,352,a100207f30ef74a4185f0f3e8b9e8c5e958d08458a099e494a3d45589657de9e
case_088,a6c10766a3ce4875bafe7b0a49b4429f,roleplay,,https://huggingface.co/datasets/ZenMoore/RoleBench/tree/a57ed54f9613921e4a5f1b63601a558cd5acf971/rolebench-eng,rolebench_instruction-generalization_2250_rolebench_instruction-generalization_2251_rolebench_instruction-generalization_2252_rolebench_instruction-generalization_2253_rolebench_instruction-generalization_2254_rolebench_instruction-generalization_2255_rolebench_instruction-generalization_2256_rolebench_instruction-generalization_2257_rolebench_instruction-generalization_2258_rolebench_instruction-generalization_2259_rolebench_instruction-generalization_2260_rolebench_instruction-generalization_2261_rolebench_instruction-generalization_2262_rolebench_instruction-generalization_2263_rolebench_instruction-generalization_2264_rolebench_instruction-generalization_2265_rolebench_instruction-generalization_2266_rolebench_instruction-generalization_2267_rolebench_instruction-generalization_2268_rolebench_instruction-generalization_2269_rolebench_instruction-generalization_2270_rolebench_instruction-generalization_2271_rolebench_instruction-generalization_2272_rolebench_instruction-generalization_2273_rolebench_instruction-generalization_2274_rolebench_instruction-generalization_2275_rolebench_instruction-generalization_2276_rolebench_instruction-generalization_2277_rolebench_instruction-generalization_2278_rolebench_instruction-generalization_2279_rolebench_instruction-generalization_2280_rolebench_instruction-generalization_2281_rolebench_instruction-generalization_2282_rolebench_instruction-generalization_2283_rolebench_instruction-generalization_2284_rolebench_instruction-generalization_2285_rolebench_instruction-generalization_2286_rolebench_instruction-generalization_2287_rolebench_instruction-generalization_2288_rolebench_instruction-generalization_2289_rolebench_instruction-generalization_2290_rolebench_instruction-generalization_2291_rolebench_instruction-generalization_2292_rolebench_instruction-generalization_2293_rolebench_instruction-generalization_2294_rolebench_instruction-generalization_2295_rolebench_instruction-generalization_2296_rolebench_instruction-generalization_2297_rolebench_instruction-generalization_2298_rolebench_instruction-generalization_2299,,False,1,specdec_bench,built,287,87e49b9e4d315a76df9706eb5f809ac5866b9d873948598acbefe8bf75734dcf
case_089,20de4633029f426fbd0c3c4eb6bd3853,coding,,https://huggingface.co/datasets/bigcode/humanevalpack/tree/9a41762f73a8cb23bb5811b73d5aab164efcf378,Go/21,,False,1,parquet,built,176,2de1e7da0cf0d843f77b0e91f899b5195e17f914b06704161887292794326cbc
case_090,34bfdceb252d4c9d9bf7292918d0b009,humanities,Finance,https://huggingface.co/datasets/cais/hle/tree/021a3d71f516a7ac28ceb8d284969902edf1edeb,66f248f6a9be6bc83b5b57f7,hard,False,1,specdec_bench,pending_hle_token,,
case_091,632b4df3f76d46c0a4516ad87e1fbd9e,math,Mathematics,https://huggingface.co/datasets/cais/hle/tree/021a3d71f516a7ac28ceb8d284969902edf1edeb,6720bde4806ce34140909a67,hard,False,1,specdec_bench,pending_hle_token,,
case_092,ba990ae0a48f491aa735ea56e4b1e8f9,qa,,https://raw.githubusercontent.com/hemingkx/Spec-Bench/66230f10cb0a02aced5ef3ce1e85163c16160454/data/spec_bench/question.jsonl,spec_bench_248,,False,1,parquet,built,76,ae7baab4a7b3b406fa7a8ae68224ead4876572f7d43db32ba601e579a50dbd2e
case_093,25d368ee28ee4eb8aa7b3879636043f2,rag,rag,https://raw.githubusercontent.com/hemingkx/Spec-Bench/66230f10cb0a02aced5ef3ce1e85163c16160454/data/spec_bench/question.jsonl,spec_bench_425,,False,1,parquet,built,756,a43c507db16fb2b5eaad2a24df2b82348a2337f81bdf3afd445c30fba8b4d5d6
case_094,4219e4f1495f4e869adcfc74d2db71cb,reasoning,general,https://raw.githubusercontent.com/mtbench101/mt-bench-101/61bc4faa9535cf29a6549b3f9df5efbf7cdd5288/data/subjective/mtbench101.jsonl,mtbench_101_62,,True,1,specdec_bench,built,83,1b7d74e42b9d6caa7e855a2047c8133cd9c09e876e079cd3568b64d055f6fbc6
case_095,815b09995b82434e94dc2b69853e8d74,stem,Information Technology,https://huggingface.co/datasets/cais/hle/tree/021a3d71f516a7ac28ceb8d284969902edf1edeb,66eaed13c47c4325f612ff48,hard,False,1,specdec_bench,pending_hle_token,,
case_096,9d2b4887e3864a2ca8fdf49868563705,writing,Politics & Law,https://raw.githubusercontent.com/X-PLUG/WritingBench/4701e81e10d0c45cd2f3114efa315c4662da348a/benchmark_query/benchmark_all.jsonl,writing_bench_687,,False,1,parquet,built,746,650999d9dc61833c01db74613fc85539b7383467d5101b8ab8ddc5f71a630f1c
case_097,8d4c592428454da88e04965e12f30ac0,multilingual,en-eu,https://huggingface.co/datasets/Helsinki-NLP/opus-100/tree/805090dc28bf78897da9641cdf08b61287580df9,opus100_en-eu_944,,False,1,specdec_bench,built,246,2d87031cda23157e98ae25d75b1c7cbda364b3ae5dc21bc0698b074b10df5638
case_098,3890524c4ab244cba814efcd1b6cd47b,summarization,,https://huggingface.co/datasets/abisee/cnn_dailymail/tree/96df5e686bee6baa90b8bee7c28b81fa3fa6223d,1ea229af78fb545414e7507f8706e3b0e9953271,,False,1,specdec_bench,built,390,756c15ee5cb31ca924628a3c6d292116898821786e575422d07a2ce22cc86eee
case_099,08da613ad78e414193f946836edb45dc,roleplay,,https://raw.githubusercontent.com/hemingkx/Spec-Bench/66230f10cb0a02aced5ef3ce1e85163c16160454/data/spec_bench/question.jsonl,spec_bench_17,,True,2,parquet,built,107,f0c93c90a34e113463366d926d09baec47ab062536ee576d9e53aee3bb9c5f74
case_100,988e25df0fba43039adf10baf818f7a9,coding,,https://huggingface.co/datasets/bigcode/humanevalpack/tree/9a41762f73a8cb23bb5811b73d5aab164efcf378,Python/153,,False,1,parquet,built,334,8b2be11013168785965a98a8b96329475fbc5fbc1fa86063d98877ec46b0db8a
case_101,dbcd535e14ac434ab14febcb9fd20591,humanities,History,https://huggingface.co/datasets/cais/hle/tree/021a3d71f516a7ac28ceb8d284969902edf1edeb,6725145d97743d26179494d6,hard,False,1,specdec_bench,pending_hle_token,,
case_102,c6020b5671944433a17e177ee0a0e523,math,Mathematics,https://huggingface.co/datasets/cais/hle/tree/021a3d71f516a7ac28ceb8d284969902edf1edeb,6731cc48b2c262fe258260db,hard,False,1,specdec_bench,pending_hle_token,,
case_103,dcd4ecaca5154d5596d9c928b3f6aec2,qa,,https://raw.githubusercontent.com/hemingkx/Spec-Bench/66230f10cb0a02aced5ef3ce1e85163c16160454/data/spec_bench/question.jsonl,spec_bench_249,,False,1,parquet,built,78,14f398df46bba0176db796fb45330a79df249b21ce2be81cafb393008820e4ec
case_104,72ed8a0c5a224c58914d9c57f3795875,rag,table_and_text_extraction,https://huggingface.co/datasets/nvidia/ChatRAG-Bench/tree/af6c7d420ddddf21f54f8ab3394bbf462aad2577/data,chatrag_bench_1605,,True,1,specdec_bench,built,594,1c481ca73e336a9c3c53b1ae0097f6661338f5e8497084c20b79f9f6bf0e996e
case_105,73c0104a36e64dc8bbf3cafdd5aaf6f6,reasoning,general,https://raw.githubusercontent.com/mtbench101/mt-bench-101/61bc4faa9535cf29a6549b3f9df5efbf7cdd5288/data/subjective/mtbench101.jsonl,mtbench_101_64,,True,1,specdec_bench,built,80,c85b56cfb897319b2e1071fdcc9df064529bfd0b95cffdfc480c6746ef7029ce
case_106,eb50f9f9953944c0adc3c30c8f5f8e50,stem,Pharmacy,https://huggingface.co/datasets/cais/hle/tree/021a3d71f516a7ac28ceb8d284969902edf1edeb,6701c3cb38b706939b30cb0b,hard,False,1,specdec_bench,pending_hle_token,,
case_107,4a981eb352aa44a4bfa7cca954c9ed72,writing,Literature & Arts,https://raw.githubusercontent.com/X-PLUG/WritingBench/4701e81e10d0c45cd2f3114efa315c4662da348a/benchmark_query/benchmark_all.jsonl,writing_bench_201,,False,1,parquet,built,81,7952ad4e6c982c8a9a6b2544f5ef425abd14d75ce5c7ea8d93fc0ff0ef89923e
case_108,fcb508c707594d9c92d6074b1ad65d69,multilingual,ar-fr,https://huggingface.co/datasets/Helsinki-NLP/opus-100/tree/805090dc28bf78897da9641cdf08b61287580df9,opus100_ar-fr_1688,,False,1,specdec_bench,built,442,a206add93ed88ab856aaf2d44c68c0102bb3bccaa94505da1115eabc5155ac34
case_109,03d7303ac5ac49a28c55d3280488f8bf,summarization,,https://huggingface.co/datasets/abisee/cnn_dailymail/tree/96df5e686bee6baa90b8bee7c28b81fa3fa6223d,5808ba04af372b69d4b21c40da4a499ad625a78b,,False,1,specdec_bench,built,1848,d0021407239cd3e0c545314716f5da3bf30c2f67f1b43134c254bbb9a500bd53
case_110,e71896c80d764a76a5133d0420151398,roleplay,,https://raw.githubusercontent.com/hemingkx/Spec-Bench/66230f10cb0a02aced5ef3ce1e85163c16160454/data/spec_bench/question.jsonl,spec_bench_13,,True,2,parquet,built,155,afcfccfa9f3a4412b648d36e83fc1cfae75f9bcb24ed019b84284b3bcffed302
case_111,0fe036855bd4410c99eca693e49248cc,coding,,https://raw.githubusercontent.com/hemingkx/Spec-Bench/66230f10cb0a02aced5ef3ce1e85163c16160454/data/spec_bench/question.jsonl,spec_bench_47,medium,True,2,parquet,built,106,d42c19e8dcab638518a018911e3b03c63b8198559a92a906bc17daa612b8b954
case_112,3144677d7cfa40bfac5f79706e0d89ad,humanities,History,https://huggingface.co/datasets/cais/hle/tree/021a3d71f516a7ac28ceb8d284969902edf1edeb,6708c1dc2f33698babc6479d,hard,False,1,specdec_bench,pending_hle_token,,
case_113,8c9dc360e57a44ea8fc574105b4d8843,math,,https://raw.githubusercontent.com/hemingkx/Spec-Bench/66230f10cb0a02aced5ef3ce1e85163c16160454/data/spec_bench/question.jsonl,473_474,easy,True,2,parquet,built,132,44314d21f4fcc4a7f6c965dd0c2a18a7f10e54da5fd0ea1a9b484414ad7d4494
case_114,c7fa9dac8158497aa0063a3e9a83cca9,qa,,https://raw.githubusercontent.com/hemingkx/Spec-Bench/66230f10cb0a02aced5ef3ce1e85163c16160454/data/spec_bench/question.jsonl,spec_bench_250,,False,1,parquet,built,78,1aac120b70616a8820fef00f241f64225da61a771e69540083a8f7e0360f2b41
case_115,319e493f6fae43ba87392833e6dc9e0e,rag,rag,https://raw.githubusercontent.com/hemingkx/Spec-Bench/66230f10cb0a02aced5ef3ce1e85163c16160454/data/spec_bench/question.jsonl,spec_bench_452,,False,1,parquet,built,713,03bfce44c464a67dedf2e888a509471d1e3e7734ee882104dd8a2e635d885482
case_116,4835b88294ad437583974305a471f51a,reasoning,chemistry,https://huggingface.co/datasets/TIGER-Lab/MMLU-Pro/blob/30527804ea8854662078e457808040d872ecdf29/data/test-00000-of-00001.parquet,"mmlu_pro_(1888, 'chemistry')",,False,2,specdec_bench,built,538,3253cb48eab6c6c5c306580359fecf32b7305ca2d5dbc4fcb9ebcad035e0626d
case_117,7179120179824e739237dff693588141,stem,Computer Science,https://huggingface.co/datasets/cais/hle/tree/021a3d71f516a7ac28ceb8d284969902edf1edeb,6725f12226992c47ce3a7ec3,hard,False,1,specdec_bench,pending_hle_token,,
case_118,e854958813e24859bde5180f3a66f2fe,writing,Academic & Engineering,https://raw.githubusercontent.com/X-PLUG/WritingBench/4701e81e10d0c45cd2f3114efa315c4662da348a/benchmark_query/benchmark_all.jsonl,writing_bench_15,,False,1,parquet,built,2602,598e3c3b5ed3c1312cdf402b62a8ebf4ea89462e36427927aa84fb498caef63c
case_119,1a3d81e14af44c84a1dbfd31a5b7ab11,multilingual,es_math,https://github.com/RUCAIBox/MMATH/tree/3920f269764e4d3436105d89250833f3d7169c8d,mmath_242,,False,1,parquet,built,183,6eefb00c494bac128cfc0ce219e0557e2be800f7c45d637ba65adc0e530d1d6c
case_120,935edb568cb743b4ac1bc4651e1656af,summarization,,https://huggingface.co/datasets/abisee/cnn_dailymail/tree/96df5e686bee6baa90b8bee7c28b81fa3fa6223d,178bd241b66b33b36ba0e41e632ddddea43a8275,,False,1,specdec_bench,built,235,a9014bb19da96ba0efe4d4fb0b10cb93e3f7d883990edbf746ea400f2d2b9e5d
case_121,22452f091f9c48bcb7b540da85df5171,roleplay,,https://huggingface.co/datasets/ZenMoore/RoleBench/tree/a57ed54f9613921e4a5f1b63601a558cd5acf971/rolebench-eng,rolebench_role-generalization_1439_rolebench_role-generalization_1440_rolebench_role-generalization_1441_rolebench_role-generalization_1442_rolebench_role-generalization_1443_rolebench_role-generalization_1444_rolebench_role-generalization_1445_rolebench_role-generalization_1446_rolebench_role-generalization_1447_rolebench_role-generalization_1448_rolebench_role-generalization_1449_rolebench_role-generalization_1450_rolebench_role-generalization_1451_rolebench_role-generalization_1452_rolebench_role-generalization_1453_rolebench_role-generalization_1454_rolebench_role-generalization_1455_rolebench_role-generalization_1456_rolebench_role-generalization_1457_rolebench_role-generalization_1458_rolebench_role-generalization_1459_rolebench_role-generalization_1460_rolebench_role-generalization_1461_rolebench_role-generalization_1462_rolebench_role-generalization_1463_rolebench_role-generalization_1464_rolebench_role-generalization_1465_rolebench_role-generalization_1466_rolebench_role-generalization_1467_rolebench_role-generalization_1468_rolebench_role-generalization_1469_rolebench_role-generalization_1470_rolebench_role-generalization_1471_rolebench_role-generalization_1472_rolebench_role-generalization_1473_rolebench_role-generalization_1474_rolebench_role-generalization_1475_rolebench_role-generalization_1476_rolebench_role-generalization_1477_rolebench_role-generalization_1478_rolebench_role-generalization_1479_rolebench_role-generalization_1480_rolebench_role-generalization_1481_rolebench_role-generalization_1482_rolebench_role-generalization_1483_rolebench_role-generalization_1484_rolebench_role-generalization_1485_rolebench_role-generalization_1486_rolebench_role-generalization_1487_rolebench_role-generalization_1488_rolebench_role-generalization_1489_rolebench_role-generalization_1490_rolebench_role-generalization_1491_rolebench_role-generalization_1492_rolebench_role-generalization_1493_rolebench_role-generalization_1494_rolebench_role-generalization_1495_rolebench_role-generalization_1496_rolebench_role-generalization_1497_rolebench_role-generalization_1498_rolebench_role-generalization_1499_rolebench_role-generalization_1500_rolebench_role-generalization_1501_rolebench_role-generalization_1502_rolebench_role-generalization_1503_rolebench_role-generalization_1504_rolebench_role-generalization_1505_rolebench_role-generalization_1506_rolebench_role-generalization_1507_rolebench_role-generalization_1508_rolebench_role-generalization_1509_rolebench_role-generalization_1510_rolebench_role-generalization_1511_rolebench_role-generalization_1512_rolebench_role-generalization_1513_rolebench_role-generalization_1514_rolebench_role-generalization_1515_rolebench_role-generalization_1516_rolebench_role-generalization_1517_rolebench_role-generalization_1518_rolebench_role-generalization_1519_rolebench_role-generalization_1520_rolebench_role-generalization_1521_rolebench_role-generalization_1522_rolebench_role-generalization_1523_rolebench_role-generalization_1524_rolebench_role-generalization_1525_rolebench_role-generalization_1526_rolebench_role-generalization_1527_rolebench_role-generalization_1528_rolebench_role-generalization_1529_rolebench_role-generalization_1530_rolebench_role-generalization_1531_rolebench_role-generalization_1532_rolebench_role-generalization_1533_rolebench_role-generalization_1534_rolebench_role-generalization_1535_rolebench_role-generalization_1536_rolebench_role-generalization_1537_rolebench_role-generalization_1538_rolebench_role-generalization_1539_rolebench_role-generalization_1540_rolebench_role-generalization_1541_rolebench_role-generalization_1542_rolebench_role-generalization_1543_rolebench_role-generalization_1544_rolebench_role-generalization_1545_rolebench_role-generalization_1546_rolebench_role-generalization_1547_rolebench_role-generalization_1548_rolebench_role-generalization_1549_rolebench_role-generalization_1550_rolebench_role-generalization_1551_rolebench_role-generalization_1552_rolebench_role-generalization_1553_rolebench_role-generalization_1554_rolebench_role-generalization_1555_rolebench_role-generalization_1556_rolebench_role-generalization_1557_rolebench_role-generalization_1558_rolebench_role-generalization_1559_rolebench_role-generalization_1560_rolebench_role-generalization_1561_rolebench_role-generalization_1562_rolebench_role-generalization_1563_rolebench_role-generalization_1564_rolebench_role-generalization_1565_rolebench_role-generalization_1566_rolebench_role-generalization_1567_rolebench_role-generalization_1568_rolebench_role-generalization_1569_rolebench_role-generalization_1570_rolebench_role-generalization_1571_rolebench_role-generalization_1572_rolebench_role-generalization_1573_rolebench_role-generalization_1574_rolebench_role-generalization_1575_rolebench_role-generalization_1576_rolebench_role-generalization_1577_rolebench_role-generalization_1578_rolebench_role-generalization_1579_rolebench_role-generalization_1580_rolebench_role-generalization_1581_rolebench_role-generalization_1582_rolebench_role-generalization_1583_rolebench_role-generalization_1584_rolebench_role-generalization_1585_rolebench_role-generalization_1586_rolebench_role-generalization_1587_rolebench_role-generalization_1588_rolebench_role-generalization_1589_rolebench_role-generalization_1590_rolebench_role-generalization_1591_rolebench_role-generalization_1592_rolebench_role-generalization_1593_rolebench_role-generalization_1594_rolebench_role-generalization_1595_rolebench_role-generalization_1596_rolebench_role-generalization_1597_rolebench_role-generalization_1598_rolebench_role-generalization_1599_rolebench_role-generalization_1600_rolebench_role-generalization_1601_rolebench_role-generalization_1602_rolebench_role-generalization_1603_rolebench_role-generalization_1604_rolebench_role-generalization_1605_rolebench_role-generalization_1606_rolebench_role-generalization_1607_rolebench_role-generalization_1608_rolebench_role-generalization_1609_rolebench_role-generalization_1610_rolebench_role-generalization_1611_rolebench_role-generalization_1612_rolebench_role-generalization_1613_rolebench_role-generalization_1614_rolebench_role-generalization_1615_rolebench_role-generalization_1616_rolebench_role-generalization_1617_rolebench_role-generalization_1618_rolebench_role-generalization_1619_rolebench_role-generalization_1620_rolebench_role-generalization_1621_rolebench_role-generalization_1622_rolebench_role-generalization_1623_rolebench_role-generalization_1624_rolebench_role-generalization_1625_rolebench_role-generalization_1626_rolebench_role-generalization_1627_rolebench_role-generalization_1628_rolebench_role-generalization_1629_rolebench_role-generalization_1630_rolebench_role-generalization_2384_rolebench_role-generalization_2385_rolebench_role-generalization_2386_rolebench_role-generalization_2387_rolebench_role-generalization_2388_rolebench_role-generalization_2389_rolebench_role-generalization_2390_rolebench_role-generalization_2391_rolebench_role-generalization_2392_rolebench_role-generalization_2393_rolebench_role-generalization_2394_rolebench_role-generalization_2395_rolebench_role-generalization_2396_rolebench_role-generalization_2397_rolebench_role-generalization_2398_rolebench_role-generalization_2399_rolebench_role-generalization_2400_rolebench_role-generalization_2401_rolebench_role-generalization_2402_rolebench_role-generalization_2403_rolebench_role-generalization_2404_rolebench_role-generalization_2405_rolebench_role-generalization_2406_rolebench_role-generalization_2407_rolebench_role-generalization_2408_rolebench_role-generalization_2409_rolebench_role-generalization_2410_rolebench_role-generalization_2411_rolebench_role-generalization_2412_rolebench_role-generalization_2413_rolebench_role-generalization_2414_rolebench_role-generalization_2415_rolebench_role-generalization_2416_rolebench_role-generalization_2417_rolebench_role-generalization_2418_rolebench_role-generalization_2419_rolebench_role-generalization_2420_rolebench_role-generalization_2421_rolebench_role-generalization_2422_rolebench_role-generalization_2423_rolebench_role-generalization_2424_rolebench_role-generalization_2425_rolebench_role-generalization_2426_rolebench_role-generalization_2427_rolebench_role-generalization_2428_rolebench_role-generalization_2429_rolebench_role-generalization_2430_rolebench_role-generalization_2431_rolebench_role-generalization_2432_rolebench_role-generalization_2433,,False,1,specdec_bench,built,316,2951c4d165a98c2c8288d9eba90c6884c1b79578c35d815c4e6db2a4b59845a6
case_122,91ec653700af4857857a159f8c6da4c7,coding,,https://huggingface.co/datasets/bigcode/humanevalpack/tree/9a41762f73a8cb23bb5811b73d5aab164efcf378,Python/99,,False,1,parquet,built,218,09c676ec5cb6ff12e1707878d77c1c4353972bce023b6b8fbd574e28c071800d
case_123,008581155fe44bb3a8c8ee0fc487accc,humanities,Cultural Studies,https://huggingface.co/datasets/cais/hle/tree/021a3d71f516a7ac28ceb8d284969902edf1edeb,6710229bd8d5eea22faea867,hard,False,1,specdec_bench,pending_hle_token,,
case_124,2b4ee1d6c47d4cfbaa746c653f182254,math,Spatial Geometry,https://huggingface.co/datasets/cais/hle/tree/021a3d71f516a7ac28ceb8d284969902edf1edeb,66ea857b6b8edd4f56302c06,hard,False,1,specdec_bench,pending_hle_token,,
case_125,64664fc85aad4f578f1e7d1a59faa434,qa,,https://raw.githubusercontent.com/hemingkx/Spec-Bench/66230f10cb0a02aced5ef3ce1e85163c16160454/data/spec_bench/question.jsonl,spec_bench_251,,False,1,parquet,built,80,90eba9069b9e6c4db0e73e653b126bf038c09e5a54fdef29c4c3c046c9746daf
case_126,20c5348bede34727b2713268caf935cf,rag,rag,https://raw.githubusercontent.com/hemingkx/Spec-Bench/66230f10cb0a02aced5ef3ce1e85163c16160454/data/spec_bench/question.jsonl,spec_bench_449,,False,1,parquet,built,705,447864b8e813e170cf0ee3fefcd8c102c8136fe8a685bb3ac7dda40619182e2d
case_127,197396b0970342efbbb1272f78ad6554,reasoning,general,https://raw.githubusercontent.com/mtbench101/mt-bench-101/61bc4faa9535cf29a6549b3f9df5efbf7cdd5288/data/subjective/mtbench101.jsonl,mtbench_101_44,,True,1,specdec_bench,built,88,6756011089ad3ffba925b4b8211258ffb80cd6112e2826609776538cf7bc20ce
case_128,6ffa3e1fad3e4d568caf0b018cfcb63a,stem,Civil Engineering,https://huggingface.co/datasets/cais/hle/tree/021a3d71f516a7ac28ceb8d284969902edf1edeb,67175c6d4b3fa6d2c1eb66dd,hard,False,1,specdec_bench,pending_hle_token,,
case_129,a85d4a80816e4416b4a0e7fb0e66b7f5,writing,Politics & Law,https://raw.githubusercontent.com/X-PLUG/WritingBench/4701e81e10d0c45cd2f3114efa315c4662da348a/benchmark_query/benchmark_all.jsonl,writing_bench_145,,False,1,parquet,built,124,6fc3c4289b2190ab7e30e142f2aaa2570a2d9a8797716ea73a24b85d9a21d9d4
case_130,8f0d01d4d46d41a6ba4f1fc402c9cf96,multilingual,en-nn,https://huggingface.co/datasets/Helsinki-NLP/opus-100/tree/805090dc28bf78897da9641cdf08b61287580df9,opus100_en-nn_479,,False,1,specdec_bench,built,418,49013be3afac410705be255ef52500a0f90cac8dcb4acc3af1c59d72254fea38
case_131,9746a7c9897848d7a81dd61ec55390db,summarization,,https://huggingface.co/datasets/abisee/cnn_dailymail/tree/96df5e686bee6baa90b8bee7c28b81fa3fa6223d,4036770523d17cc20a7302ee59bb315050e92e52,,False,1,specdec_bench,built,748,84a67c4f3f2ad054bc209e5cba911638e306883c358a0d23738b812831bb5250
case_132,7c1045fde70b4f74a89902a108550555,roleplay,,https://raw.githubusercontent.com/hemingkx/Spec-Bench/66230f10cb0a02aced5ef3ce1e85163c16160454/data/spec_bench/question.jsonl,spec_bench_16,,True,2,parquet,built,140,36c02db223d76b157bf580cc159838cee244cf0e3e2469e16d2afd4d61b76504
case_133,154d2a4f6556463793035c90e4250561,coding,,https://huggingface.co/datasets/bigcode/humanevalpack/tree/9a41762f73a8cb23bb5811b73d5aab164efcf378,Java/87,,False,1,parquet,built,341,030a02e041f75e4950016cbcd4c09a1f084236acfa68c35bc8c9557ca69282b9
case_134,69b200ed82ad4a4a94d79f71a2e55f60,humanities,"Religious Studies, Classics, Trivia",https://huggingface.co/datasets/cais/hle/tree/021a3d71f516a7ac28ceb8d284969902edf1edeb,672d4dbdf618de6356b2fa89,hard,False,1,specdec_bench,pending_hle_token,,
case_135,af3a1ee372034c739f8e307ecace453c,math,Set Theory,https://huggingface.co/datasets/cais/hle/tree/021a3d71f516a7ac28ceb8d284969902edf1edeb,6736ec544c96e49df1036fea,hard,False,1,specdec_bench,pending_hle_token,,
case_136,ff1c648fc35d49cdbdaef9c58032e275,qa,,https://raw.githubusercontent.com/hemingkx/Spec-Bench/66230f10cb0a02aced5ef3ce1e85163c16160454/data/spec_bench/question.jsonl,spec_bench_252,,False,1,parquet,built,81,6a5178b80c0bcd4d940b88a9ea4eb3ad3f6be05bf90afc944069b8b4415b70f3
case_137,ab60309723424b9396f7b2a2993af3f7,rag,rag,https://raw.githubusercontent.com/hemingkx/Spec-Bench/66230f10cb0a02aced5ef3ce1e85163c16160454/data/spec_bench/question.jsonl,spec_bench_453,,False,1,parquet,built,680,320715af581e66bfff186d679fedb70d7863fb96918e89b29685ff5ed1b583b7
case_138,dd90a6125df04e6fae99dc08fb853250,reasoning,mathematical,https://raw.githubusercontent.com/mtbench101/mt-bench-101/61bc4faa9535cf29a6549b3f9df5efbf7cdd5288/data/subjective/mtbench101.jsonl,mtbench_101_456,,True,1,specdec_bench,built,138,3b8185b76d20260aaaec08997dc258d0d77d86ba6c09ac58167587c884fd2699
case_139,0f807ffebf7d496fb8aa2169f692db3e,stem,Chemistry,https://huggingface.co/datasets/cais/hle/tree/021a3d71f516a7ac28ceb8d284969902edf1edeb,6700a5f67899925724a8fa81,hard,False,1,specdec_bench,pending_hle_token,,
case_140,492bd5d1dc5f4d038c4ec2c56ce8fb3b,writing,Education,https://raw.githubusercontent.com/X-PLUG/WritingBench/4701e81e10d0c45cd2f3114efa315c4662da348a/benchmark_query/benchmark_all.jsonl,writing_bench_219,,False,1,parquet,built,109,40e5fe57241447e8427883e3efa533eee4027b66ef03e4c760eb97088ae77a1d
case_141,2ca502cd6c2c40a8ab11e6b876fa2c7a,multilingual,ko_math,https://github.com/RUCAIBox/MMATH/tree/3920f269764e4d3436105d89250833f3d7169c8d,mmath_334,,False,1,parquet,built,150,890fd19078919aef5a097972a6508959964b1943c4fdadc9daf852f903fd699b
case_142,82dad5260e7c45caa42843ffbfc17a8b,summarization,,https://huggingface.co/datasets/abisee/cnn_dailymail/tree/96df5e686bee6baa90b8bee7c28b81fa3fa6223d,ef10c097df6304a779ba2b0fd6bf4950a6f330cf,,False,1,specdec_bench,built,450,54165e7942c070855ff4b4268f52888da14fb959f357f81613655ad944b8cf0d
case_143,05c22d1a5713466ea6c7bf63515a8690,roleplay,,https://huggingface.co/datasets/ZenMoore/RoleBench/tree/a57ed54f9613921e4a5f1b63601a558cd5acf971/rolebench-eng,rolebench_instruction-generalization_100_rolebench_instruction-generalization_101_rolebench_instruction-generalization_102_rolebench_instruction-generalization_103_rolebench_instruction-generalization_104_rolebench_instruction-generalization_105_rolebench_instruction-generalization_106_rolebench_instruction-generalization_107_rolebench_instruction-generalization_108_rolebench_instruction-generalization_109_rolebench_instruction-generalization_110_rolebench_instruction-generalization_111_rolebench_instruction-generalization_112_rolebench_instruction-generalization_113_rolebench_instruction-generalization_114_rolebench_instruction-generalization_115_rolebench_instruction-generalization_116_rolebench_instruction-generalization_117_rolebench_instruction-generalization_118_rolebench_instruction-generalization_119_rolebench_instruction-generalization_120_rolebench_instruction-generalization_121_rolebench_instruction-generalization_122_rolebench_instruction-generalization_123_rolebench_instruction-generalization_124_rolebench_instruction-generalization_125_rolebench_instruction-generalization_126_rolebench_instruction-generalization_127_rolebench_instruction-generalization_128_rolebench_instruction-generalization_129_rolebench_instruction-generalization_130_rolebench_instruction-generalization_131_rolebench_instruction-generalization_132_rolebench_instruction-generalization_133_rolebench_instruction-generalization_134_rolebench_instruction-generalization_135_rolebench_instruction-generalization_136_rolebench_instruction-generalization_137_rolebench_instruction-generalization_138_rolebench_instruction-generalization_139_rolebench_instruction-generalization_140_rolebench_instruction-generalization_141_rolebench_instruction-generalization_142_rolebench_instruction-generalization_143_rolebench_instruction-generalization_144_rolebench_instruction-generalization_145_rolebench_instruction-generalization_146_rolebench_instruction-generalization_147_rolebench_instruction-generalization_148_rolebench_instruction-generalization_149,,False,1,specdec_bench,built,300,0d52fd931abd15ed76ed2004ce884e51a2e3db7ea25d811668714975324f14f9
case_144,22f2c7dc2f7745e2857160543c2cf401,coding,,https://huggingface.co/datasets/bigcode/humanevalpack/tree/9a41762f73a8cb23bb5811b73d5aab164efcf378,Python/95,,False,1,parquet,built,231,94eb5b7f42c0dd2cd172209d5c647090a60cc28f0e15bb5b60554344c99d98ce
case_145,e36c236a0f9e4680b0c912df870c1337,humanities,Foremost Classical: Period Functions,https://huggingface.co/datasets/cais/hle/tree/021a3d71f516a7ac28ceb8d284969902edf1edeb,672bb9be168a1a30f1f92fcc,hard,False,1,specdec_bench,pending_hle_token,,
case_146,bf6f877c479e422eba87f0eeb4b856f3,math,Mathematics,https://huggingface.co/datasets/cais/hle/tree/021a3d71f516a7ac28ceb8d284969902edf1edeb,671746ad21eec7fde8de4026,hard,False,1,specdec_bench,pending_hle_token,,
case_147,e368f3118d984139b3c924b0a6446601,qa,,https://raw.githubusercontent.com/hemingkx/Spec-Bench/66230f10cb0a02aced5ef3ce1e85163c16160454/data/spec_bench/question.jsonl,spec_bench_253,,False,1,parquet,built,78,ecc722e1dadcd996820eca5d27df841da1be01b52bc5ea1b898f69ac25a23410
case_148,0c12db672870460582dd7fe4321bcc09,rag,extraction,https://raw.githubusercontent.com/hemingkx/Spec-Bench/66230f10cb0a02aced5ef3ce1e85163c16160454/data/spec_bench/question.jsonl,spec_bench_58,,True,2,parquet,built,213,675cdfa773505b92d9c328d46f8714af93f7913e5355cf837ca8572858c18898
case_149,8389ac2f20c74f62a2704a88fe36e297,reasoning,general,https://raw.githubusercontent.com/mtbench101/mt-bench-101/61bc4faa9535cf29a6549b3f9df5efbf7cdd5288/data/subjective/mtbench101.jsonl,mtbench_101_55,,True,1,specdec_bench,built,90,d98359e47f0362a281e24b3b2f97a1fd2be76e2f2908c41728f1d9a781b7a7bf
case_150,43f7fa142036413ea613472f14a21642,stem,,https://raw.githubusercontent.com/hemingkx/Spec-Bench/66230f10cb0a02aced5ef3ce1e85163c16160454/data/spec_bench/question.jsonl,spec_bench_68,medium,True,2,parquet,built,99,995c53c078b84153146fd44156107a4eb4f92af98f49f425aab0e034ec7dc6fe
case_151,b83b36147a354cf88d782ea28a935590,writing,Literature & Arts,https://raw.githubusercontent.com/X-PLUG/WritingBench/4701e81e10d0c45cd2f3114efa315c4662da348a/benchmark_query/benchmark_all.jsonl,writing_bench_535,,False,1,parquet,built,1431,98c4f95e9b58e4d327944121c77f4faee5e0d178864ee8626fa0cdd9a0aef04c
case_152,2f5322fd5c40448c9518cf04fdec0c31,multilingual,vi_math,https://github.com/RUCAIBox/MMATH/tree/3920f269764e4d3436105d89250833f3d7169c8d,mmath_317,,False,1,parquet,built,169,1bcbce2c8fd472f37701a39db58a184636827f1fd54a86ba89c96844f3002f9c
case_153,90caa54db3ae476aa22601501aeab007,summarization,,https://huggingface.co/datasets/abisee/cnn_dailymail/tree/96df5e686bee6baa90b8bee7c28b81fa3fa6223d,0ecd696601d5ab40984b515876b041d89983b1fe,,False,1,specdec_bench,built,356,58e36777c6479c4b20f629920d102672f7d81c1cb8198591d911b26121029ba1
case_154,d3a945cbf6e54513a837af6226da5a8d,roleplay,,https://raw.githubusercontent.com/hemingkx/Spec-Bench/66230f10cb0a02aced5ef3ce1e85163c16160454/data/spec_bench/question.jsonl,spec_bench_11,,True,2,parquet,built,115,69010725409326b82160490bfd98d500e8928875c2db89fbfdd341eb810bcee9
case_155,80156ace23984b74891e02065411ef87,coding,,https://huggingface.co/datasets/bigcode/humanevalpack/tree/9a41762f73a8cb23bb5811b73d5aab164efcf378,Rust/50,,False,1,parquet,built,446,5919dc94b36cfb7aeff8835f1ec21d05d8dfee05fa50c1fffaa780ffb24d03f9
case_156,c1cadb71190743d6aa36002687b6a652,humanities,,https://raw.githubusercontent.com/hemingkx/Spec-Bench/66230f10cb0a02aced5ef3ce1e85163c16160454/data/spec_bench/question.jsonl,spec_bench_78,medium,True,2,parquet,built,79,db6dbe9b5e2d8d174f4fdb9827a09ea51a364c9e57feb8d86668ad67f3f9f85c
case_157,2e78f12cf024427398b6a0b89fb85dee,math,Geometric Reasoning,https://huggingface.co/datasets/cais/hle/tree/021a3d71f516a7ac28ceb8d284969902edf1edeb,6709d59a03c4fbe8446679d9,hard,False,1,specdec_bench,pending_hle_token,,
case_158,54c09257d56d4602b71daad5ebc754df,qa,,https://raw.githubusercontent.com/hemingkx/Spec-Bench/66230f10cb0a02aced5ef3ce1e85163c16160454/data/spec_bench/question.jsonl,spec_bench_254,,False,1,parquet,built,76,8f30c90f852f61a6f925a75aabbeb8a7c67c2f51a4e447b31c33b42ec9d85215
case_159,547c6ca5b7d94c7db11797e2818ff03e,rag,rag,https://raw.githubusercontent.com/hemingkx/Spec-Bench/66230f10cb0a02aced5ef3ce1e85163c16160454/data/spec_bench/question.jsonl,spec_bench_426,,False,1,parquet,built,719,323e3c9778029335f35237f6ad92a2e88c2edaf1748fc7d5b7f24bb289bc8c96
case_160,f6e36904f2fd420ab76e2d1484425c7c,reasoning,mathematical,https://raw.githubusercontent.com/mtbench101/mt-bench-101/61bc4faa9535cf29a6549b3f9df5efbf7cdd5288/data/subjective/mtbench101.jsonl,mtbench_101_502,,True,1,specdec_bench,built,146,e1171076cf120e0bafb0a6d6fc2a93d350c757968d6d0dc3e11210d487ecbc78
case_161,79927e59ce2344c1ab0518e15a1af64e,stem,Physics,https://huggingface.co/datasets/cais/hle/tree/021a3d71f516a7ac28ceb8d284969902edf1edeb,67390df48dfa3346e87f711a,hard,False,1,specdec_bench,pending_hle_token,,
case_162,f5b2dfa399ba47608e53cbfacbdffeca,writing,Politics & Law,https://raw.githubusercontent.com/X-PLUG/WritingBench/4701e81e10d0c45cd2f3114efa315c4662da348a/benchmark_query/benchmark_all.jsonl,writing_bench_135,,False,1,parquet,built,387,6f77f4325444bc1778f7c34e2082d88066e76cd2ceaa464c7632dc856284acf9
case_163,b7695218960549dcab701b01d91f4f7d,multilingual,de-en,https://huggingface.co/datasets/Helsinki-NLP/opus-100/tree/805090dc28bf78897da9641cdf08b61287580df9,opus100_de-en_922,,False,1,specdec_bench,built,791,3d925772dd8e995d241d8f0ba1c6a4d3f13aa8576de5d3fcf1b8c58fab3a0e64
case_164,4d44b0869879494fa31a6cac17de52d1,summarization,,https://huggingface.co/datasets/abisee/cnn_dailymail/tree/96df5e686bee6baa90b8bee7c28b81fa3fa6223d,00200e794fa41d3f7ce92cbf43e9fd4cd652bb09,,False,1,specdec_bench,built,728,74e821c86234680a2b77c6041ae194caf68c9e6ceda859199437d04ef2b0887c
case_165,2c50cff8f70e4338bfcdfe71f164afd1,roleplay,,https://huggingface.co/datasets/Neph0s/CoSER/tree/7cc80430f92532cda85df45015a4aca8ecc068d0,coser_46,,False,1,specdec_bench,built,2000,789311ad918cc62f0bff87d307826757acebac66122ceef336cd21346fe6e7cb
case_166,60868b6276204b9ba3e59ad45067b7fd,coding,,https://raw.githubusercontent.com/hemingkx/Spec-Bench/66230f10cb0a02aced5ef3ce1e85163c16160454/data/spec_bench/question.jsonl,spec_bench_40,medium,True,2,parquet,built,93,7cd0bbf1af5dff9d18d015b03e5a2b9d7cc9879960a1fd154967a3fae8319400
case_167,7e9b625014474ddb9802f49d49d3c241,humanities,Linguistics,https://huggingface.co/datasets/cais/hle/tree/021a3d71f516a7ac28ceb8d284969902edf1edeb,673761e610c7e233967eef47,hard,False,1,specdec_bench,pending_hle_token,,
case_168,7c0591ad03564396891682194419ad5e,math,Mathematics,https://huggingface.co/datasets/cais/hle/tree/021a3d71f516a7ac28ceb8d284969902edf1edeb,66f02e237e0e9c9b46db0db3,hard,False,1,specdec_bench,pending_hle_token,,
case_169,f5e611a4ff9644afac933e79c6fe971c,qa,,https://raw.githubusercontent.com/hemingkx/Spec-Bench/66230f10cb0a02aced5ef3ce1e85163c16160454/data/spec_bench/question.jsonl,spec_bench_255,,False,1,parquet,built,79,84bfe868160586ebb3555e05ba4b7b03050ae8b84570dd393ca3edf7c8f5fa78
case_170,b99611be247d4cfab96244d42eb5f568,rag,rag,https://raw.githubusercontent.com/hemingkx/Spec-Bench/66230f10cb0a02aced5ef3ce1e85163c16160454/data/spec_bench/question.jsonl,spec_bench_479,,False,1,parquet,built,733,6572b2993fe661ae63a0ef4e29ed86ed833ce468881f566d512f6a6aa790489b
case_171,b29dc4bb22284c63a7f14b9675afa3ff,reasoning,history,https://huggingface.co/datasets/TIGER-Lab/MMLU-Pro/blob/30527804ea8854662078e457808040d872ecdf29/data/test-00000-of-00001.parquet,"mmlu_pro_(2445, 'history')",,False,2,specdec_bench,built,311,8e148bbea76741ef3d6df6cef3af96413ee673d7254381299c6b22b1d87ff12b
case_172,467cf40333434004b985cc9c2c939552,stem,Immunology,https://huggingface.co/datasets/cais/hle/tree/021a3d71f516a7ac28ceb8d284969902edf1edeb,66ef2a1b8829dedb61d5627a,hard,False,1,specdec_bench,pending_hle_token,,
case_173,1d2aaf5541b04cc59a12f23a5443d275,writing,Advertising & Marketing,https://raw.githubusercontent.com/X-PLUG/WritingBench/4701e81e10d0c45cd2f3114efa315c4662da348a/benchmark_query/benchmark_all.jsonl,writing_bench_453,,False,1,parquet,built,309,ae584580ccc6f10171473275aa298772c41b57b07b9d5349654e1bd2f2ddf6e7
case_174,20c9c6aea24643078bf18a2b8ddd2dff,multilingual,th_math,https://github.com/RUCAIBox/MMATH/tree/3920f269764e4d3436105d89250833f3d7169c8d,mmath_367,,False,1,parquet,built,141,2f719400b347bf36bdb66d3ae66a0b839f1764c433f74121b85e861a38d4a415
case_175,8e255899360d4369b01f9b3caf95ffce,summarization,,https://huggingface.co/datasets/abisee/cnn_dailymail/tree/96df5e686bee6baa90b8bee7c28b81fa3fa6223d,085af20f48c5d75a17694de011cf814bd44af1bd,,False,1,specdec_bench,built,384,de6a992738e1965deecf6ad526a651dc2f81ec75d5ea2307555d6178866046d6
case_176,02c8965f0cc54314829c25183822b645,roleplay,,https://raw.githubusercontent.com/hemingkx/Spec-Bench/66230f10cb0a02aced5ef3ce1e85163c16160454/data/spec_bench/question.jsonl,spec_bench_10,,True,2,parquet,built,98,74c306135a81d59a2230ecb2b8e5e49b5b2c0bab7e7e4acbfbeb3e71fafaf18f
case_177,cd4f5c325d534a3cb5e243c016f8f3b9,coding,,https://huggingface.co/datasets/bigcode/humanevalpack/tree/9a41762f73a8cb23bb5811b73d5aab164efcf378,JavaScript/124,,False,1,parquet,built,327,333a8983658449e10b91dc9059e39225c2947e3138d9c417423fe06b47f3364d
case_178,af288f0c78e44a44956c83b24e735a1c,humanities,History,https://huggingface.co/datasets/cais/hle/tree/021a3d71f516a7ac28ceb8d284969902edf1edeb,66fc8f1b8a73f859d8fa1608,hard,False,1,specdec_bench,pending_hle_token,,
case_179,52a56dfe319f4f74beb67271a9fc8936,math,Mathematics,https://huggingface.co/datasets/cais/hle/tree/021a3d71f516a7ac28ceb8d284969902edf1edeb,66f6c390489d30372dbc1816,hard,False,1,specdec_bench,pending_hle_token,,
case_180,892ca258e1324df1b3e940b463008b45,qa,,https://raw.githubusercontent.com/hemingkx/Spec-Bench/66230f10cb0a02aced5ef3ce1e85163c16160454/data/spec_bench/question.jsonl,spec_bench_256,,False,1,parquet,built,83,72af34e13d34bdb0f9ad895613c5ae055c6f6729c063c76e01b20664d48dc994
case_181,7f25eba0e7ca435b9b6072ef1945250a,rag,table_and_text_extraction,https://huggingface.co/datasets/nvidia/ChatRAG-Bench/tree/af6c7d420ddddf21f54f8ab3394bbf462aad2577/data,chatrag_bench_350,,False,1,specdec_bench,built,2770,262bbf3f9aade87937b2348ad02f0e37d19f41631b0c1f4fee8702d853bd02c8
case_182,d698a38be25a4323951af9d211049a3f,reasoning,general,https://raw.githubusercontent.com/mtbench101/mt-bench-101/61bc4faa9535cf29a6549b3f9df5efbf7cdd5288/data/subjective/mtbench101.jsonl,mtbench_101_53,,True,1,specdec_bench,built,83,3b7aac9df880b675b417a98508a7a081316c6775bb79183b5cab51298963b5b1
case_183,7cf9562dac1346eba6a0fdeaf0b1929e,stem,Medicine,https://huggingface.co/datasets/cais/hle/tree/021a3d71f516a7ac28ceb8d284969902edf1edeb,67249fe6d917564737255342,hard,False,1,specdec_bench,pending_hle_token,,
case_184,2572ab5ab5e0488cb41e2384c95d504d,writing,Finance & Business,https://raw.githubusercontent.com/X-PLUG/WritingBench/4701e81e10d0c45cd2f3114efa315c4662da348a/benchmark_query/benchmark_all.jsonl,writing_bench_101,,False,1,parquet,built,82,0f965ee9891eb744b5ef23f7817a5a735eb7552a11534eb9f9e0b9eadfbe5c38
case_185,0480238e40b944bbb4bc522bbf84dd94,multilingual,en-mg,https://huggingface.co/datasets/Helsinki-NLP/opus-100/tree/805090dc28bf78897da9641cdf08b61287580df9,opus100_en-mg_1502,,False,1,specdec_bench,built,288,f97d452432b11956340252f37a1b77d11ea22759d72f20bba6c4cea69ea4f4c7
case_186,1fb51d511414412081798fae4676b8ea,summarization,,https://huggingface.co/datasets/abisee/cnn_dailymail/tree/96df5e686bee6baa90b8bee7c28b81fa3fa6223d,9d7aa9f16127a5a4ef504b8bf1acff3eebeb9e2c,,False,1,specdec_bench,built,354,c20ebd464a9855be6be24354f93253b34ae775eee494af0b92d8aa283bf2926a
case_187,e9d8b95453c94017bb491adc695ffc19,roleplay,,https://huggingface.co/datasets/ZenMoore/RoleBench/tree/a57ed54f9613921e4a5f1b63601a558cd5acf971/rolebench-eng,rolebench_instruction-generalization_1250_rolebench_instruction-generalization_1251_rolebench_instruction-generalization_1252_rolebench_instruction-generalization_1253_rolebench_instruction-generalization_1254_rolebench_instruction-generalization_1255_rolebench_instruction-generalization_1256_rolebench_instruction-generalization_1257_rolebench_instruction-generalization_1258_rolebench_instruction-generalization_1259_rolebench_instruction-generalization_1260_rolebench_instruction-generalization_1261_rolebench_instruction-generalization_1262_rolebench_instruction-generalization_1263_rolebench_instruction-generalization_1264_rolebench_instruction-generalization_1265_rolebench_instruction-generalization_1266_rolebench_instruction-generalization_1267_rolebench_instruction-generalization_1268_rolebench_instruction-generalization_1269_rolebench_instruction-generalization_1270_rolebench_instruction-generalization_1271_rolebench_instruction-generalization_1272_rolebench_instruction-generalization_1273_rolebench_instruction-generalization_1274_rolebench_instruction-generalization_1275_rolebench_instruction-generalization_1276_rolebench_instruction-generalization_1277_rolebench_instruction-generalization_1278_rolebench_instruction-generalization_1279_rolebench_instruction-generalization_1280_rolebench_instruction-generalization_1281_rolebench_instruction-generalization_1282_rolebench_instruction-generalization_1283_rolebench_instruction-generalization_1284_rolebench_instruction-generalization_1285_rolebench_instruction-generalization_1286_rolebench_instruction-generalization_1287_rolebench_instruction-generalization_1288_rolebench_instruction-generalization_1289_rolebench_instruction-generalization_1290_rolebench_instruction-generalization_1291_rolebench_instruction-generalization_1292_rolebench_instruction-generalization_1293_rolebench_instruction-generalization_1294_rolebench_instruction-generalization_1295_rolebench_instruction-generalization_1296_rolebench_instruction-generalization_1297_rolebench_instruction-generalization_1298_rolebench_instruction-generalization_1299,,False,1,specdec_bench,built,223,e49906c9c37e2fd3c4d8a25c9089b6a5319b6daa5a286aac58b039e8abf6805d
case_188,4b328c08db884b959183f68428cc02cc,coding,,https://huggingface.co/datasets/bigcode/humanevalpack/tree/9a41762f73a8cb23bb5811b73d5aab164efcf378,Python/148,,False,1,parquet,built,273,63f25e90c4a31136f629a578eabea40995ba0014224de16de8fac39f33526d36
case_189,9708caa32e7745be8e02d9a60230070a,humanities,Russian Literature,https://huggingface.co/datasets/cais/hle/tree/021a3d71f516a7ac28ceb8d284969902edf1edeb,6735c6e5f8dc0a94c3a3ae8e,hard,False,1,specdec_bench,pending_hle_token,,
case_190,41932dee5763472881ab549878aeb51a,math,,https://raw.githubusercontent.com/hemingkx/Spec-Bench/66230f10cb0a02aced5ef3ce1e85163c16160454/data/spec_bench/question.jsonl,116,medium,True,2,parquet,built,88,db3f1c9124dbe5f451d6693e28c697aee487b9b0f6fee89979dbf467f25fa812
case_191,95eb5cd3b5384c3d81933ccedce643a4,qa,,https://raw.githubusercontent.com/hemingkx/Spec-Bench/66230f10cb0a02aced5ef3ce1e85163c16160454/data/spec_bench/question.jsonl,spec_bench_257,,False,1,parquet,built,78,7c712c09c1ed90c5b621de461c8a0d123ccc863c5ec0f3710883d12d24e442a4
case_192,abfc39f4c4fb448286ee4da9ab90bd43,rag,rag,https://raw.githubusercontent.com/hemingkx/Spec-Bench/66230f10cb0a02aced5ef3ce1e85163c16160454/data/spec_bench/question.jsonl,spec_bench_436,,False,1,parquet,built,683,aa8711d3b17bcc2c9b2738603eb5d745701950eb062a7e4f88d11ed472a6e149
case_193,6a2aa29548a54fc9979b903d178542ee,reasoning,mathematical,https://raw.githubusercontent.com/mtbench101/mt-bench-101/61bc4faa9535cf29a6549b3f9df5efbf7cdd5288/data/subjective/mtbench101.jsonl,mtbench_101_506,,True,1,specdec_bench,built,153,2d2f3614be94e87335007737eb4bbd5d3c39165146d889f590e01a9d28f583ab
case_194,fa0340c7981b4b51adb41672ee977929,stem,Health Sciences,https://huggingface.co/datasets/cais/hle/tree/021a3d71f516a7ac28ceb8d284969902edf1edeb,671bef23b55b44cbffbf0972,hard,False,1,specdec_bench,pending_hle_token,,
case_195,da81feabec7644328e6620c3a2695d87,writing,Education,https://raw.githubusercontent.com/X-PLUG/WritingBench/4701e81e10d0c45cd2f3114efa315c4662da348a/benchmark_query/benchmark_all.jsonl,writing_bench_995,,False,1,parquet,built,1778,c8b5c27312176826a6d43fd7a8e68a93cdccf1c4b36e844a60ba032a5db4721e
case_196,5aeda306dc5947e29e69be4cd795cfec,multilingual,ar_math,https://github.com/RUCAIBox/MMATH/tree/3920f269764e4d3436105d89250833f3d7169c8d,mmath_222,,False,1,parquet,built,98,96ab20fc4a279647212a32e572b5d29abcd195de8c3da251f81285b3b83f9f16
case_197,dcb2f52bc1c048fcadf3fd82e6c4092d,summarization,,https://huggingface.co/datasets/abisee/cnn_dailymail/tree/96df5e686bee6baa90b8bee7c28b81fa3fa6223d,ce6e520e98568c3f75a88150768c973a4eee8dbd,,False,1,specdec_bench,built,460,3280845be22c42bef2e74eb1261b724d861cd43330c88da24d95e57adfdfd4c2
case_198,5bcf105a3cbe452a84ab997c82e43eda,roleplay,,https://huggingface.co/datasets/ZenMoore/RoleBench/tree/a57ed54f9613921e4a5f1b63601a558cd5acf971/rolebench-eng,rolebench_instruction-generalization_2150_rolebench_instruction-generalization_2151_rolebench_instruction-generalization_2152_rolebench_instruction-generalization_2153_rolebench_instruction-generalization_2154_rolebench_instruction-generalization_2155_rolebench_instruction-generalization_2156_rolebench_instruction-generalization_2157_rolebench_instruction-generalization_2158_rolebench_instruction-generalization_2159_rolebench_instruction-generalization_2160_rolebench_instruction-generalization_2161_rolebench_instruction-generalization_2162_rolebench_instruction-generalization_2163_rolebench_instruction-generalization_2164_rolebench_instruction-generalization_2165_rolebench_instruction-generalization_2166_rolebench_instruction-generalization_2167_rolebench_instruction-generalization_2168_rolebench_instruction-generalization_2169_rolebench_instruction-generalization_2170_rolebench_instruction-generalization_2171_rolebench_instruction-generalization_2172_rolebench_instruction-generalization_2173_rolebench_instruction-generalization_2174_rolebench_instruction-generalization_2175_rolebench_instruction-generalization_2176_rolebench_instruction-generalization_2177_rolebench_instruction-generalization_2178_rolebench_instruction-generalization_2179_rolebench_instruction-generalization_2180_rolebench_instruction-generalization_2181_rolebench_instruction-generalization_2182_rolebench_instruction-generalization_2183_rolebench_instruction-generalization_2184_rolebench_instruction-generalization_2185_rolebench_instruction-generalization_2186_rolebench_instruction-generalization_2187_rolebench_instruction-generalization_2188_rolebench_instruction-generalization_2189_rolebench_instruction-generalization_2190_rolebench_instruction-generalization_2191_rolebench_instruction-generalization_2192_rolebench_instruction-generalization_2193_rolebench_instruction-generalization_2194_rolebench_instruction-generalization_2195_rolebench_instruction-generalization_2196_rolebench_instruction-generalization_2197_rolebench_instruction-generalization_2198_rolebench_instruction-generalization_2199,,False,1,specdec_bench,built,243,e2b2644b94c999f137a0c1afde7b0f456e0f01b25e302ead9ebe8c67a1630209
case_199,21a642e08bdc4040803897dae92c3b6e,coding,,https://raw.githubusercontent.com/hemingkx/Spec-Bench/66230f10cb0a02aced5ef3ce1e85163c16160454/data/spec_bench/question.jsonl,spec_bench_41,medium,True,2,parquet,built,81,92cc50ec658846ab9100d42fe0f2e2e3894debeb6c7fc184843db298268454c3
case_200,5491c23305b24c228345a1851f62abe6,humanities,Archaeology,https://huggingface.co/datasets/cais/hle/tree/021a3d71f516a7ac28ceb8d284969902edf1edeb,672365aa71fe0b446a1eb0a2,hard,False,1,specdec_bench,pending_hle_token,,
case_201,31de87f7550648da86e5147a1cc65b2c,math,Applied Mathematics,https://huggingface.co/datasets/cais/hle/tree/021a3d71f516a7ac28ceb8d284969902edf1edeb,670c447dd0306cd3ba94b47a,hard,False,1,specdec_bench,pending_hle_token,,
case_202,6f3dbc8404d9411ea298dd8fb7c34d5d,qa,,https://raw.githubusercontent.com/hemingkx/Spec-Bench/66230f10cb0a02aced5ef3ce1e85163c16160454/data/spec_bench/question.jsonl,spec_bench_258,,False,1,parquet,built,81,816a5352f71872b2fcb9612346242319e3175407da471edc6899841cb4684e3a
case_203,74444417b37d47efa666334700a1d687,rag,rag,https://raw.githubusercontent.com/hemingkx/Spec-Bench/66230f10cb0a02aced5ef3ce1e85163c16160454/data/spec_bench/question.jsonl,spec_bench_468,,False,1,parquet,built,796,ecf0c760e0803c260f301919b20e8ab06f488c47ea836ca6354e93d055d5ecba
case_204,fbd9b99ceedf4a70b02a3e6ed72b46fb,reasoning,general,https://raw.githubusercontent.com/mtbench101/mt-bench-101/61bc4faa9535cf29a6549b3f9df5efbf7cdd5288/data/subjective/mtbench101.jsonl,mtbench_101_68,,True,1,specdec_bench,built,97,b8b8abdc70250f5ccb98266ed51be4964efc6b07f1a902f254e6f52a85bed317
case_205,31d2a4e0c65f4f3bb931a6a62fa209ad,stem,Computer Science,https://huggingface.co/datasets/cais/hle/tree/021a3d71f516a7ac28ceb8d284969902edf1edeb,671fb4ddf2a13c812068cdd7,hard,False,1,specdec_bench,pending_hle_token,,
case_206,4855039f995f4e2a84ecc18d213754f8,writing,Politics & Law,https://raw.githubusercontent.com/X-PLUG/WritingBench/4701e81e10d0c45cd2f3114efa315c4662da348a/benchmark_query/benchmark_all.jsonl,writing_bench_139,,False,1,parquet,built,109,3fe9319c59ef0207dd66e49132117f4829169b94c7b43f58977d939cceb1173b
case_207,9e957177448d4e78a205142f195516a2,multilingual,en-nl,https://huggingface.co/datasets/Helsinki-NLP/opus-100/tree/805090dc28bf78897da9641cdf08b61287580df9,opus100_en-nl_1372,,False,1,specdec_bench,built,200,ad86ae014000aafc3a3a5570dcbb324583646beddcd711ec9a058c6259ff75e0
case_208,fa4ac434be6141598ce4063b4d0fe658,summarization,,https://huggingface.co/datasets/abisee/cnn_dailymail/tree/96df5e686bee6baa90b8bee7c28b81fa3fa6223d,0e964fb9a4f51c91c23125e78a1f6f95373c5ca9,,False,1,specdec_bench,built,327,2f3680a3b4059058c6a1d71568ba390120aca22359673a00c67bdeae8d5218bf
case_209,c940abe418904c2581ed3ff7d87cc4b1,roleplay,,https://huggingface.co/datasets/ZenMoore/RoleBench/tree/a57ed54f9613921e4a5f1b63601a558cd5acf971/rolebench-eng,rolebench_instruction-generalization_4400_rolebench_instruction-generalization_4401_rolebench_instruction-generalization_4402_rolebench_instruction-generalization_4403_rolebench_instruction-generalization_4404_rolebench_instruction-generalization_4405_rolebench_instruction-generalization_4406_rolebench_instruction-generalization_4407_rolebench_instruction-generalization_4408_rolebench_instruction-generalization_4409_rolebench_instruction-generalization_4410_rolebench_instruction-generalization_4411_rolebench_instruction-generalization_4412_rolebench_instruction-generalization_4413_rolebench_instruction-generalization_4414_rolebench_instruction-generalization_4415_rolebench_instruction-generalization_4416_rolebench_instruction-generalization_4417_rolebench_instruction-generalization_4418_rolebench_instruction-generalization_4419_rolebench_instruction-generalization_4420_rolebench_instruction-generalization_4421_rolebench_instruction-generalization_4422_rolebench_instruction-generalization_4423_rolebench_instruction-generalization_4424_rolebench_instruction-generalization_4425_rolebench_instruction-generalization_4426_rolebench_instruction-generalization_4427_rolebench_instruction-generalization_4428_rolebench_instruction-generalization_4429_rolebench_instruction-generalization_4430_rolebench_instruction-generalization_4431_rolebench_instruction-generalization_4432_rolebench_instruction-generalization_4433_rolebench_instruction-generalization_4434_rolebench_instruction-generalization_4435_rolebench_instruction-generalization_4436_rolebench_instruction-generalization_4437_rolebench_instruction-generalization_4438_rolebench_instruction-generalization_4439_rolebench_instruction-generalization_4440_rolebench_instruction-generalization_4441_rolebench_instruction-generalization_4442_rolebench_instruction-generalization_4443_rolebench_instruction-generalization_4444_rolebench_instruction-generalization_4445_rolebench_instruction-generalization_4446_rolebench_instruction-generalization_4447_rolebench_instruction-generalization_4448_rolebench_instruction-generalization_4449,,True,2,specdec_bench,built,280,851375e92720fc7fc84bce2c76bb1ee5a62a1c8e49f87ee15f59f552ae7febbf
case_210,7635d4e93e514bf6bce51b2416b2c1d9,coding,,https://huggingface.co/datasets/bigcode/humanevalpack/tree/9a41762f73a8cb23bb5811b73d5aab164efcf378,Python/140,,False,1,parquet,built,168,91bd7206ec84fd322bb0b95f58b53358a02a13e089eb60c2692069a60bcae851
case_211,7f06f76a0d9b44619dc88333ecf84804,humanities,,https://raw.githubusercontent.com/hemingkx/Spec-Bench/66230f10cb0a02aced5ef3ce1e85163c16160454/data/spec_bench/question.jsonl,spec_bench_75,medium,True,2,parquet,built,86,8b643df2ce3c333f14b1ccc5796a341c3e0f417c74f4c8a876729dcf79af5c39
case_212,b6648a442592439da879588e0e43bb57,math,,https://raw.githubusercontent.com/hemingkx/Spec-Bench/66230f10cb0a02aced5ef3ce1e85163c16160454/data/spec_bench/question.jsonl,437_438,easy,True,2,parquet,built,178,4b3121c33bdc5c8c3ff666b78f81536aef955cb873ab8f1fdca1f2075d4f2f31
case_213,a90682e761ad488cbade63c0b82d7d6a,qa,,https://raw.githubusercontent.com/hemingkx/Spec-Bench/66230f10cb0a02aced5ef3ce1e85163c16160454/data/spec_bench/question.jsonl,spec_bench_259,,False,1,parquet,built,78,3627bb25e096a95318eeebbc3dfe79ef92206302ec630b514b65290086285628
case_214,85667316b13046769a68805547c3b04a,rag,extraction,https://raw.githubusercontent.com/hemingkx/Spec-Bench/66230f10cb0a02aced5ef3ce1e85163c16160454/data/spec_bench/question.jsonl,spec_bench_59,,True,2,parquet,built,281,2ba2bd4e868f035cc50146e6d76db57ee913b1324ae0cfd83ce940d85644fd15
case_215,5fe103e8a3aa494a8856e93a59cd1eab,reasoning,mathematical,https://raw.githubusercontent.com/mtbench101/mt-bench-101/61bc4faa9535cf29a6549b3f9df5efbf7cdd5288/data/subjective/mtbench101.jsonl,mtbench_101_512,,True,1,specdec_bench,built,174,7ef78f478adba4533fb0cc3d870f4f978354926754c5875e8fa89b418f96e5eb
case_216,e1f686c45f1d4b1ebb6587aade523e2e,stem,,https://raw.githubusercontent.com/hemingkx/Spec-Bench/66230f10cb0a02aced5ef3ce1e85163c16160454/data/spec_bench/question.jsonl,spec_bench_64,medium,True,2,parquet,built,122,09deccafe454e6a6e98c51d8968211f28b979f6be4c4b9d20a8477858b5108d4
case_217,2c2852c41ff7405f8b90e88191dc6bb8,writing,Advertising & Marketing,https://raw.githubusercontent.com/X-PLUG/WritingBench/4701e81e10d0c45cd2f3114efa315c4662da348a/benchmark_query/benchmark_all.jsonl,writing_bench_646,,False,1,parquet,built,204,930ccc40a26f2047ab7c7c6a20e233034a5b38be0297dc578cf53c9b437083f5
case_218,5755f800b87943399edac4ed54b68060,multilingual,es_math,https://github.com/RUCAIBox/MMATH/tree/3920f269764e4d3436105d89250833f3d7169c8d,mmath_199,,False,1,parquet,built,101,af779e7692aa21be1e81477d8551db4d459d515a7ac206cee8b639327a02c346
case_219,b337255aced44d029eac97b2c27816a3,summarization,,https://huggingface.co/datasets/abisee/cnn_dailymail/tree/96df5e686bee6baa90b8bee7c28b81fa3fa6223d,1b37dbe792ecd725848ddbb424a89069b8db63cc,,False,1,specdec_bench,built,480,cc0028cb07a3c6ac7d710d623ea621f42921c17ac9fc4a5b78ff572f3ebc115c
case_220,7dc2cc90bf3347ddba3486865a6ee68b,roleplay,,https://huggingface.co/datasets/ZenMoore/RoleBench/tree/a57ed54f9613921e4a5f1b63601a558cd5acf971/rolebench-eng,rolebench_instruction-generalization_500_rolebench_instruction-generalization_501_rolebench_instruction-generalization_502_rolebench_instruction-generalization_503_rolebench_instruction-generalization_504_rolebench_instruction-generalization_505_rolebench_instruction-generalization_506_rolebench_instruction-generalization_507_rolebench_instruction-generalization_508_rolebench_instruction-generalization_509_rolebench_instruction-generalization_510_rolebench_instruction-generalization_511_rolebench_instruction-generalization_512_rolebench_instruction-generalization_513_rolebench_instruction-generalization_514_rolebench_instruction-generalization_515_rolebench_instruction-generalization_516_rolebench_instruction-generalization_517_rolebench_instruction-generalization_518_rolebench_instruction-generalization_519_rolebench_instruction-generalization_520_rolebench_instruction-generalization_521_rolebench_instruction-generalization_522_rolebench_instruction-generalization_523_rolebench_instruction-generalization_524_rolebench_instruction-generalization_525_rolebench_instruction-generalization_526_rolebench_instruction-generalization_527_rolebench_instruction-generalization_528_rolebench_instruction-generalization_529_rolebench_instruction-generalization_530_rolebench_instruction-generalization_531_rolebench_instruction-generalization_532_rolebench_instruction-generalization_533_rolebench_instruction-generalization_534_rolebench_instruction-generalization_535_rolebench_instruction-generalization_536_rolebench_instruction-generalization_537_rolebench_instruction-generalization_538_rolebench_instruction-generalization_539_rolebench_instruction-generalization_540_rolebench_instruction-generalization_541_rolebench_instruction-generalization_542_rolebench_instruction-generalization_543_rolebench_instruction-generalization_544_rolebench_instruction-generalization_545_rolebench_instruction-generalization_546_rolebench_instruction-generalization_547_rolebench_instruction-generalization_548_rolebench_instruction-generalization_549,,True,4,specdec_bench,built,249,06afc480cf708d0be36e0370075890be9aaa910c4b2490304a1fe606ef2f7c14
case_221,b9ec7a3ce76342ed80071dac82c09678,coding,,https://huggingface.co/datasets/bigcode/humanevalpack/tree/9a41762f73a8cb23bb5811b73d5aab164efcf378,Go/128,,False,1,parquet,built,185,649399b322073cb7965578ad2a062de25cee38d81ed19c2d676db940878701f6
case_222,c73c9f3c32904bd3a34abc810fc846b3,humanities,History,https://huggingface.co/datasets/cais/hle/tree/021a3d71f516a7ac28ceb8d284969902edf1edeb,671ebaf92a7c16b748fd2709,hard,False,1,specdec_bench,pending_hle_token,,
case_223,fa7b62014c7f401ab6f2dbe9e0fc943e,math,Statistics,https://huggingface.co/datasets/cais/hle/tree/021a3d71f516a7ac28ceb8d284969902edf1edeb,67407476202fdf7a5b5c6cc1,hard,False,1,specdec_bench,pending_hle_token,,
case_224,b0e1cd874a3847ae9aa54262954d62d7,qa,,https://raw.githubusercontent.com/hemingkx/Spec-Bench/66230f10cb0a02aced5ef3ce1e85163c16160454/data/spec_bench/question.jsonl,spec_bench_260,,False,1,parquet,built,81,4e2f468339dca873975a8988978957dd82d3358fb0fe0f2a7277b37f449ebaff
case_225,997bc561acff40b486c1ecb8830eb16a,rag,rag,https://raw.githubusercontent.com/hemingkx/Spec-Bench/66230f10cb0a02aced5ef3ce1e85163c16160454/data/spec_bench/question.jsonl,spec_bench_431,,False,1,parquet,built,781,939f335d191b88745c72e622438fd0a002ff08dbbb5bc9cf043e063dc2bd1191
case_226,b13cd37711d74b27b08787f1a626a2f8,reasoning,general,https://raw.githubusercontent.com/mtbench101/mt-bench-101/61bc4faa9535cf29a6549b3f9df5efbf7cdd5288/data/subjective/mtbench101.jsonl,mtbench_101_70,,True,1,specdec_bench,built,81,1870d8a7ff778858dc2b6e35058b993407265a675ebf911112dfabc5c7c522e9
case_227,8912ec8e3f6e474aa529b60b81cf46ad,stem,Computer Science,https://huggingface.co/datasets/cais/hle/tree/021a3d71f516a7ac28ceb8d284969902edf1edeb,67371c15d09c0e422ae36585,hard,False,1,specdec_bench,pending_hle_token,,
case_228,3a6a61dbe9f249e285fa630dc08bc950,writing,Politics & Law,https://raw.githubusercontent.com/X-PLUG/WritingBench/4701e81e10d0c45cd2f3114efa315c4662da348a/benchmark_query/benchmark_all.jsonl,writing_bench_144,,False,1,parquet,built,140,74100cb0d9b2793bd19d6e23ecd414d0bb85d07539e00de04ba8ed87e69982f7
case_229,47e40cc25b36400da67816d28e5179e1,multilingual,ar-ru,https://huggingface.co/datasets/Helsinki-NLP/opus-100/tree/805090dc28bf78897da9641cdf08b61287580df9,opus100_ar-ru_1128,,False,1,specdec_bench,built,323,17d07223d5616c88746075f4bed532b96ef6de911831c943ac33e127aba07c63
case_230,f45a2ab34a6c4b46b26eb3ef8b7eba54,summarization,,https://huggingface.co/datasets/abisee/cnn_dailymail/tree/96df5e686bee6baa90b8bee7c28b81fa3fa6223d,3190e13aaacedd14b89cff517da21651dbdc9488,,False,1,specdec_bench,built,251,af0f8545863621f6241f90dd1bd6ca020b5e3c76649919f58e7a1ef1cf8b780a
case_231,7c8d62496f654389ba48fb4d399d1701,roleplay,,https://huggingface.co/datasets/ZenMoore/RoleBench/tree/a57ed54f9613921e4a5f1b63601a558cd5acf971/rolebench-eng,rolebench_instruction-generalization_1900_rolebench_instruction-generalization_1901_rolebench_instruction-generalization_1902_rolebench_instruction-generalization_1903_rolebench_instruction-generalization_1904_rolebench_instruction-generalization_1905_rolebench_instruction-generalization_1906_rolebench_instruction-generalization_1907_rolebench_instruction-generalization_1908_rolebench_instruction-generalization_1909_rolebench_instruction-generalization_1910_rolebench_instruction-generalization_1911_rolebench_instruction-generalization_1912_rolebench_instruction-generalization_1913_rolebench_instruction-generalization_1914_rolebench_instruction-generalization_1915_rolebench_instruction-generalization_1916_rolebench_instruction-generalization_1917_rolebench_instruction-generalization_1918_rolebench_instruction-generalization_1919_rolebench_instruction-generalization_1920_rolebench_instruction-generalization_1921_rolebench_instruction-generalization_1922_rolebench_instruction-generalization_1923_rolebench_instruction-generalization_1924_rolebench_instruction-generalization_1925_rolebench_instruction-generalization_1926_rolebench_instruction-generalization_1927_rolebench_instruction-generalization_1928_rolebench_instruction-generalization_1929_rolebench_instruction-generalization_1930_rolebench_instruction-generalization_1931_rolebench_instruction-generalization_1932_rolebench_instruction-generalization_1933_rolebench_instruction-generalization_1934_rolebench_instruction-generalization_1935_rolebench_instruction-generalization_1936_rolebench_instruction-generalization_1937_rolebench_instruction-generalization_1938_rolebench_instruction-generalization_1939_rolebench_instruction-generalization_1940_rolebench_instruction-generalization_1941_rolebench_instruction-generalization_1942_rolebench_instruction-generalization_1943_rolebench_instruction-generalization_1944_rolebench_instruction-generalization_1945_rolebench_instruction-generalization_1946_rolebench_instruction-generalization_1947_rolebench_instruction-generalization_1948_rolebench_instruction-generalization_1949,,False,1,specdec_bench,built,252,e931ac29afbd6d04eed20b22c30072b897ce7603d00211d899bb30fc504e24fb
case_232,7ea2cb7770904ea3b78f43f466748b6c,coding,,https://huggingface.co/datasets/deepmind/code_contests/tree/802411c3010cb00d1b05bad57ca77365a3c699d6,1575_B. Building an Amusement Park,easy,False,1,specdec_bench,built,626,aaa6725716225e96daf14e331b94c5377fa70e2509e4e2cbe9eedf2daf034d12
case_233,f1913a826c9a49489a45c31de573bff0,humanities,Religious Studies,https://huggingface.co/datasets/cais/hle/tree/021a3d71f516a7ac28ceb8d284969902edf1edeb,671728a6382088970288d4c0,hard,False,1,specdec_bench,pending_hle_token,,
case_234,f89689087e784851bf5fc9720d82e689,math,Mathematics,https://huggingface.co/datasets/cais/hle/tree/021a3d71f516a7ac28ceb8d284969902edf1edeb,672f887789e556fe53c8af89,hard,False,1,specdec_bench,pending_hle_token,,
case_235,30d519a5268849f49ec5e3e45113b653,qa,,https://raw.githubusercontent.com/hemingkx/Spec-Bench/66230f10cb0a02aced5ef3ce1e85163c16160454/data/spec_bench/question.jsonl,spec_bench_261,,False,1,parquet,built,80,1216c1b5ce4f247966fc13cbd608610b4142e7c880dc147e6e478a6bfe8b3b4d
case_236,d505608d1fb84e08948c51b06b689226,rag,rag,https://raw.githubusercontent.com/hemingkx/Spec-Bench/66230f10cb0a02aced5ef3ce1e85163c16160454/data/spec_bench/question.jsonl,spec_bench_429,,False,1,parquet,built,852,08af8cf481db5d46d77434d4d4a142669d9a7246a55d3ee31eb40527d9354f24
case_237,697c90d5dc6b49c8b505bad4ddef4708,reasoning,general,https://raw.githubusercontent.com/mtbench101/mt-bench-101/61bc4faa9535cf29a6549b3f9df5efbf7cdd5288/data/subjective/mtbench101.jsonl,mtbench_101_63,,True,1,specdec_bench,built,85,6fdccd05c6f59179974c7ad61765d14cf6f6f3c81ce431807fd9eeaba3cdcf63
case_238,3233c7aab23b4d7c9c0d6bc6ca4606f4,stem,Biology,https://huggingface.co/datasets/cais/hle/tree/021a3d71f516a7ac28ceb8d284969902edf1edeb,67371fc1d4a812e865edf21c,hard,False,1,specdec_bench,pending_hle_token,,
case_239,8906c3002a1f461387c46af17a86c3b9,writing,Academic & Engineering,https://raw.githubusercontent.com/X-PLUG/WritingBench/4701e81e10d0c45cd2f3114efa315c4662da348a/benchmark_query/benchmark_all.jsonl,writing_bench_491,,False,1,parquet,built,2465,75e8613ada7ea55b99cbfa8789317f684c158ef0debf7e2d3750721b2007a0f3
case_240,9c0a1a37bc884b1e93c79dc145c23d51,multilingual,ko_math,https://github.com/RUCAIBox/MMATH/tree/3920f269764e4d3436105d89250833f3d7169c8d,mmath_198,,False,1,parquet,built,207,52ab7a6790e34f88db7f65d8c74d7fd5291c03364ecf83a61d947ae83714d5f5
case_241,91058e55249d496880af35e58c5e57be,summarization,,https://huggingface.co/datasets/abisee/cnn_dailymail/tree/96df5e686bee6baa90b8bee7c28b81fa3fa6223d,2b4eb5a283f51b54e1b0318936ae9bcfa70ce243,,False,1,specdec_bench,built,210,55973e9388d1733de6343e1a5c4a8f492077458dcf614270c14605199f245b4b
case_242,a67a52e961cc4ffe9f7f6162c5d51bb3,roleplay,,https://huggingface.co/datasets/Neph0s/CoSER/tree/7cc80430f92532cda85df45015a4aca8ecc068d0,coser_151,,False,1,specdec_bench,built,1548,0afb139f33e2a24d6b454263f5d70bcf8268356ad0e836d4ac1bc4420232abbf
case_243,8e3677237d6f4ba3b24298f75709dd0b,coding,,https://huggingface.co/datasets/bigcode/humanevalpack/tree/9a41762f73a8cb23bb5811b73d5aab164efcf378,CPP/11,,False,1,parquet,built,134,1b8075352dab0a485321fc7c2d59552fe15c1d421e575eecd55f5eac6fa33be6
case_244,d02988575e684bb49870395994b73cb7,humanities,Economics,https://huggingface.co/datasets/cais/hle/tree/021a3d71f516a7ac28ceb8d284969902edf1edeb,6722ac9945d2a9b39caeedd7,hard,False,1,specdec_bench,pending_hle_token,,
case_245,828d65d40f3a43c1b62a3aeb758bc849,math,,https://raw.githubusercontent.com/hemingkx/Spec-Bench/66230f10cb0a02aced5ef3ce1e85163c16160454/data/spec_bench/question.jsonl,417_418,easy,True,2,parquet,built,104,5459496dfc1736241486f18770087ae5d2aa851162f2213120d49444d618b970
case_246,99ebcf1d7bf2444ba694b35f3b03272d,qa,,https://raw.githubusercontent.com/hemingkx/Spec-Bench/66230f10cb0a02aced5ef3ce1e85163c16160454/data/spec_bench/question.jsonl,spec_bench_262,,False,1,parquet,built,79,a0445e21d1bb8b363e01fd4e0ee695aaf7726a377360ccb22e7bf9bd799c0e7f
case_247,bf1ff08bcc22452b8dde9636c150e3d3,rag,rag,https://raw.githubusercontent.com/hemingkx/Spec-Bench/66230f10cb0a02aced5ef3ce1e85163c16160454/data/spec_bench/question.jsonl,spec_bench_417,,False,1,parquet,built,805,218bf618c699495b96ad45f5c20017118b9f72f210a9feefd7ef33e26aa47afe
case_248,cbce698bb3a44cd882f7d9bcbe13175d,reasoning,psychology,https://huggingface.co/datasets/TIGER-Lab/MMLU-Pro/blob/30527804ea8854662078e457808040d872ecdf29/data/test-00000-of-00001.parquet,"mmlu_pro_(1256, 'psychology')",,False,2,specdec_bench,built,294,335da2a54e70c5b8bf06a3cf01cf58d8ef480cf5f4145c11ce2569c12a534570
case_249,0da0e35a8d8541b489f3b03333ec1e41,stem,Physics,https://huggingface.co/datasets/cais/hle/tree/021a3d71f516a7ac28ceb8d284969902edf1edeb,66fb417395a8e2fc57e479d7,hard,False,1,specdec_bench,pending_hle_token,,
case_250,f9b42254b76a41759ffbffea8d7e3417,writing,Education,https://raw.githubusercontent.com/X-PLUG/WritingBench/4701e81e10d0c45cd2f3114efa315c4662da348a/benchmark_query/benchmark_all.jsonl,writing_bench_228,,False,1,parquet,built,91,fbe22439df8ed3f312727cd42a47e121874cb6aedf02a146b40b00e07681b162
case_251,4b1cb30c6051425d81a78d9ebb27039b,multilingual,ru-zh,https://huggingface.co/datasets/Helsinki-NLP/opus-100/tree/805090dc28bf78897da9641cdf08b61287580df9,opus100_ru-zh_222,,False,1,specdec_bench,built,285,74a76534980112d63fe75fe9fb3c24fa80f0a3022f462658bea9d90e88fe0433
case_252,6f82af731c0948f1aa0efa2092f326a3,summarization,,https://huggingface.co/datasets/abisee/cnn_dailymail/tree/96df5e686bee6baa90b8bee7c28b81fa3fa6223d,826fc608fe8bba93f8e1b0742fcadfa343e1a1fc,,False,1,specdec_bench,built,1204,1d0a4ad5465ccca1d2e668e9d8a139c93cdb92970e6db417ad35726dcd56053f
case_253,ebf5ba12beb84e3c9ec4dde8e81d0b72,roleplay,,https://huggingface.co/datasets/ZenMoore/RoleBench/tree/a57ed54f9613921e4a5f1b63601a558cd5acf971/rolebench-eng,rolebench_instruction-generalization_1850_rolebench_instruction-generalization_1851_rolebench_instruction-generalization_1852_rolebench_instruction-generalization_1853_rolebench_instruction-generalization_1854_rolebench_instruction-generalization_1855_rolebench_instruction-generalization_1856_rolebench_instruction-generalization_1857_rolebench_instruction-generalization_1858_rolebench_instruction-generalization_1859_rolebench_instruction-generalization_1860_rolebench_instruction-generalization_1861_rolebench_instruction-generalization_1862_rolebench_instruction-generalization_1863_rolebench_instruction-generalization_1864_rolebench_instruction-generalization_1865_rolebench_instruction-generalization_1866_rolebench_instruction-generalization_1867_rolebench_instruction-generalization_1868_rolebench_instruction-generalization_1869_rolebench_instruction-generalization_1870_rolebench_instruction-generalization_1871_rolebench_instruction-generalization_1872_rolebench_instruction-generalization_1873_rolebench_instruction-generalization_1874_rolebench_instruction-generalization_1875_rolebench_instruction-generalization_1876_rolebench_instruction-generalization_1877_rolebench_instruction-generalization_1878_rolebench_instruction-generalization_1879_rolebench_instruction-generalization_1880_rolebench_instruction-generalization_1881_rolebench_instruction-generalization_1882_rolebench_instruction-generalization_1883_rolebench_instruction-generalization_1884_rolebench_instruction-generalization_1885_rolebench_instruction-generalization_1886_rolebench_instruction-generalization_1887_rolebench_instruction-generalization_1888_rolebench_instruction-generalization_1889_rolebench_instruction-generalization_1890_rolebench_instruction-generalization_1891_rolebench_instruction-generalization_1892_rolebench_instruction-generalization_1893_rolebench_instruction-generalization_1894_rolebench_instruction-generalization_1895_rolebench_instruction-generalization_1896_rolebench_instruction-generalization_1897_rolebench_instruction-generalization_1898_rolebench_instruction-generalization_1899,,True,2,specdec_bench,built,255,9404cddb8b8599e3926cfd32150cbde59479836144a8fe982140dd94f66d9098
case_254,f5bc6e1054a14617875475b0472fa018,coding,,https://huggingface.co/datasets/bigcode/humanevalpack/tree/9a41762f73a8cb23bb5811b73d5aab164efcf378,JavaScript/141,,False,1,parquet,built,278,4fd1398a5128bcde93589419fbe78d1c3867bc3f9d62492259f282e582ab911a
case_255,adb913eeb5554f28a3d351ae09dbd5c9,humanities,,https://raw.githubusercontent.com/hemingkx/Spec-Bench/66230f10cb0a02aced5ef3ce1e85163c16160454/data/spec_bench/question.jsonl,spec_bench_79,medium,True,2,parquet,built,83,b5308c24b79398c484df820e505c33b575b551dab7c59cfb54dc2efe4ea4d6a9
case_256,99f44333802041ada2a36fa30883ccb7,math,Mathematics,https://huggingface.co/datasets/cais/hle/tree/021a3d71f516a7ac28ceb8d284969902edf1edeb,67073b43de74df1472536be3,hard,False,1,specdec_bench,pending_hle_token,,
case_257,916b818f8f5f40a493db6477b77c3ea6,qa,,https://raw.githubusercontent.com/hemingkx/Spec-Bench/66230f10cb0a02aced5ef3ce1e85163c16160454/data/spec_bench/question.jsonl,spec_bench_263,,False,1,parquet,built,78,1b967a280468d58f6944342f7544a39f7c42256141343bd1e5fa69b5eeb5e13d
case_258,c3eeb459eff44169819720520d038586,rag,rag,https://raw.githubusercontent.com/hemingkx/Spec-Bench/66230f10cb0a02aced5ef3ce1e85163c16160454/data/spec_bench/question.jsonl,spec_bench_404,,False,1,parquet,built,735,eca8bfa98434f25884b98804ddbe73c665b79c7756f5624908fec7fb07037e99
case_259,597756b38ce1445b99a4de130f07a62c,reasoning,mathematical,https://raw.githubusercontent.com/mtbench101/mt-bench-101/61bc4faa9535cf29a6549b3f9df5efbf7cdd5288/data/subjective/mtbench101.jsonl,mtbench_101_527,,True,1,specdec_bench,built,149,32b14360a407598e7f6946fc9a49e7a99ae36b513d03411ae7fed2ee96c933de
case_260,b39665a5800247bbb2ac1826d50ae0cd,stem,,https://raw.githubusercontent.com/hemingkx/Spec-Bench/66230f10cb0a02aced5ef3ce1e85163c16160454/data/spec_bench/question.jsonl,spec_bench_67,medium,True,2,parquet,built,103,5339de84cd94a4bf0a9fac747cae20abf8f4c3e8822fe2c07fb43c94d3b128ea
case_261,cadac91230a14105b4679f8e5b7f2031,writing,romance,https://raw.githubusercontent.com/EQ-bench/creative-writing-bench/refs/heads/main/data/creative_writing_prompts_v3.json,creative_writing_v3_3,,False,1,parquet,built,271,3f35a93de13ebe4437fcc3d6b91361705455a931500d9e6cbe7d257966164764
case_262,fb6f658f9c01475a90aee3c2f767edaa,multilingual,th_math,https://github.com/RUCAIBox/MMATH/tree/3920f269764e4d3436105d89250833f3d7169c8d,mmath_111,,False,1,parquet,built,130,f7b9998b9991b02401ff678a158d6b80511d647b32433d0672a85b66a8254ae1
case_263,f8344e397ada406dabef6fa0f7476b98,summarization,,https://huggingface.co/datasets/abisee/cnn_dailymail/tree/96df5e686bee6baa90b8bee7c28b81fa3fa6223d,10bc54766c8de1b00769417a425345b2a46c1141,,False,1,specdec_bench,built,1196,f066d3d51becbc551eba431a7c64ddc397bc10e7a7b06653c502ccf6c95e82f8
case_264,feb85d4ad3b546dfa65544fde6c1d11b,roleplay,,https://huggingface.co/datasets/ZenMoore/RoleBench/tree/a57ed54f9613921e4a5f1b63601a558cd5acf971/rolebench-eng,rolebench_instruction-generalization_1800_rolebench_instruction-generalization_1801_rolebench_instruction-generalization_1802_rolebench_instruction-generalization_1803_rolebench_instruction-generalization_1804_rolebench_instruction-generalization_1805_rolebench_instruction-generalization_1806_rolebench_instruction-generalization_1807_rolebench_instruction-generalization_1808_rolebench_instruction-generalization_1809_rolebench_instruction-generalization_1810_rolebench_instruction-generalization_1811_rolebench_instruction-generalization_1812_rolebench_instruction-generalization_1813_rolebench_instruction-generalization_1814_rolebench_instruction-generalization_1815_rolebench_instruction-generalization_1816_rolebench_instruction-generalization_1817_rolebench_instruction-generalization_1818_rolebench_instruction-generalization_1819_rolebench_instruction-generalization_1820_rolebench_instruction-generalization_1821_rolebench_instruction-generalization_1822_rolebench_instruction-generalization_1823_rolebench_instruction-generalization_1824_rolebench_instruction-generalization_1825_rolebench_instruction-generalization_1826_rolebench_instruction-generalization_1827_rolebench_instruction-generalization_1828_rolebench_instruction-generalization_1829_rolebench_instruction-generalization_1830_rolebench_instruction-generalization_1831_rolebench_instruction-generalization_1832_rolebench_instruction-generalization_1833_rolebench_instruction-generalization_1834_rolebench_instruction-generalization_1835_rolebench_instruction-generalization_1836_rolebench_instruction-generalization_1837_rolebench_instruction-generalization_1838_rolebench_instruction-generalization_1839_rolebench_instruction-generalization_1840_rolebench_instruction-generalization_1841_rolebench_instruction-generalization_1842_rolebench_instruction-generalization_1843_rolebench_instruction-generalization_1844_rolebench_instruction-generalization_1845_rolebench_instruction-generalization_1846_rolebench_instruction-generalization_1847_rolebench_instruction-generalization_1848_rolebench_instruction-generalization_1849,,True,2,specdec_bench,built,261,7d3c80e863bca06d4867023ecef4391af54fbdf75ef9131053127d1417a4e35b
case_265,ecf92ab7acf1492da70e68fcddd9d0b7,coding,,https://huggingface.co/datasets/bigcode/humanevalpack/tree/9a41762f73a8cb23bb5811b73d5aab164efcf378,Python/129,,False,1,parquet,built,458,64e17bf8e4b14e0498a193a7eab7352cc2bc995c3b5ed6fe5a1f228d25cd15ae
case_266,603d30fac52c4b26a7ebc97f259492c8,humanities,Literature,https://huggingface.co/datasets/cais/hle/tree/021a3d71f516a7ac28ceb8d284969902edf1edeb,671f7eca4db66145d9e41f1e,hard,False,1,specdec_bench,pending_hle_token,,
case_267,0efb96219a4c46d5b42ebbb12fd51ce4,math,Mathematics,https://huggingface.co/datasets/cais/hle/tree/021a3d71f516a7ac28ceb8d284969902edf1edeb,66f1e0138e382acde4df9a95,hard,False,1,specdec_bench,pending_hle_token,,
case_268,e8feb75b28244ba0ae0511b10fa69c30,qa,,https://raw.githubusercontent.com/hemingkx/Spec-Bench/66230f10cb0a02aced5ef3ce1e85163c16160454/data/spec_bench/question.jsonl,spec_bench_264,,False,1,parquet,built,82,d91d4a3837b2baeac7901ae74dd59675ba8061bfbcf80cb3b281e709e1cf1da9
case_269,a0c7dfed9d6142bc91b3ce1fef2930ed,rag,rag,https://raw.githubusercontent.com/hemingkx/Spec-Bench/66230f10cb0a02aced5ef3ce1e85163c16160454/data/spec_bench/question.jsonl,spec_bench_450,,False,1,parquet,built,678,4f9c0c048b46b0ef166e95d08b97e3ecb5a427e5980e3f980af0fc55b25a4816
case_270,0af14f1626604fb78c17db8e076be523,reasoning,general,https://raw.githubusercontent.com/mtbench101/mt-bench-101/61bc4faa9535cf29a6549b3f9df5efbf7cdd5288/data/subjective/mtbench101.jsonl,mtbench_101_19,,True,1,specdec_bench,built,92,ec39d7e534d0cc2b34b81fcbb34f2535afe584825881ad99dc69ccc97728ecb2
case_271,f5558beb886b4936aaf3b1b6f4066e18,stem,Biology,https://huggingface.co/datasets/cais/hle/tree/021a3d71f516a7ac28ceb8d284969902edf1edeb,672ec55453f431bf8d3dc928,hard,False,1,specdec_bench,pending_hle_token,,
case_272,fd260fd4dbf6467c9c255c73dde29eee,writing,Academic & Engineering,https://raw.githubusercontent.com/X-PLUG/WritingBench/4701e81e10d0c45cd2f3114efa315c4662da348a/benchmark_query/benchmark_all.jsonl,writing_bench_38,,False,1,parquet,built,942,a7864c7f5cb9af138b2bffb0fe35964d0014353f3b6f233350c54285ee1a7c45
case_273,458e21cef03b4dd9b1b0c062d9639119,multilingual,en-gu,https://huggingface.co/datasets/Helsinki-NLP/opus-100/tree/805090dc28bf78897da9641cdf08b61287580df9,opus100_en-gu_579,,False,1,specdec_bench,built,310,dc6843a9d00308a7f0bc4efc73e33b81b7a9e51ce5fa92a421df77ef5e9224a1
case_274,477c0870c6a342dc9eef6a0636a0ac84,summarization,,https://huggingface.co/datasets/abisee/cnn_dailymail/tree/96df5e686bee6baa90b8bee7c28b81fa3fa6223d,d5dd94cb9006d0ba9d268be30d8563a329eac08c,,False,1,specdec_bench,built,271,0d70f71bd0044b9e7610cdb854921c9cb9413badbecc578d933e5bfe1a5b9230
case_275,0c6944cd7b734a298df4d65f97c2eb84,roleplay,,https://huggingface.co/datasets/ZenMoore/RoleBench/tree/a57ed54f9613921e4a5f1b63601a558cd5acf971/rolebench-eng,rolebench_instruction-generalization_1150_rolebench_instruction-generalization_1151_rolebench_instruction-generalization_1152_rolebench_instruction-generalization_1153_rolebench_instruction-generalization_1154_rolebench_instruction-generalization_1155_rolebench_instruction-generalization_1156_rolebench_instruction-generalization_1157_rolebench_instruction-generalization_1158_rolebench_instruction-generalization_1159_rolebench_instruction-generalization_1160_rolebench_instruction-generalization_1161_rolebench_instruction-generalization_1162_rolebench_instruction-generalization_1163_rolebench_instruction-generalization_1164_rolebench_instruction-generalization_1165_rolebench_instruction-generalization_1166_rolebench_instruction-generalization_1167_rolebench_instruction-generalization_1168_rolebench_instruction-generalization_1169_rolebench_instruction-generalization_1170_rolebench_instruction-generalization_1171_rolebench_instruction-generalization_1172_rolebench_instruction-generalization_1173_rolebench_instruction-generalization_1174_rolebench_instruction-generalization_1175_rolebench_instruction-generalization_1176_rolebench_instruction-generalization_1177_rolebench_instruction-generalization_1178_rolebench_instruction-generalization_1179_rolebench_instruction-generalization_1180_rolebench_instruction-generalization_1181_rolebench_instruction-generalization_1182_rolebench_instruction-generalization_1183_rolebench_instruction-generalization_1184_rolebench_instruction-generalization_1185_rolebench_instruction-generalization_1186_rolebench_instruction-generalization_1187_rolebench_instruction-generalization_1188_rolebench_instruction-generalization_1189_rolebench_instruction-generalization_1190_rolebench_instruction-generalization_1191_rolebench_instruction-generalization_1192_rolebench_instruction-generalization_1193_rolebench_instruction-generalization_1194_rolebench_instruction-generalization_1195_rolebench_instruction-generalization_1196_rolebench_instruction-generalization_1197_rolebench_instruction-generalization_1198_rolebench_instruction-generalization_1199,,True,4,specdec_bench,built,287,c0382d211cb2596e82215a0e252eefdf994cbeb6ec385b58615215ac24b4bbba
case_276,7df494fd138345ff93caadc693a0b1b0,coding,,https://huggingface.co/datasets/bigcode/humanevalpack/tree/9a41762f73a8cb23bb5811b73d5aab164efcf378,Python/1,,False,1,parquet,built,176,1d52bf75056630666ce9688962f17c67adbeddff35abf3a7843bf1306fa2e1c5
case_277,2e67f29f99014dac9506e8171e7a10b2,humanities,Law,https://huggingface.co/datasets/cais/hle/tree/021a3d71f516a7ac28ceb8d284969902edf1edeb,6736f7bc980211368f0f94eb,hard,False,1,specdec_bench,pending_hle_token,,
case_278,623eab8ad0d047fa957ec6307024718c,math,Mathematics,https://huggingface.co/datasets/cais/hle/tree/021a3d71f516a7ac28ceb8d284969902edf1edeb,671761abfdbddef7c5a1197e,hard,False,1,specdec_bench,pending_hle_token,,
case_279,53dba76f85cb43a685350b0aaea85527,qa,,https://raw.githubusercontent.com/hemingkx/Spec-Bench/66230f10cb0a02aced5ef3ce1e85163c16160454/data/spec_bench/question.jsonl,spec_bench_265,,False,1,parquet,built,76,2099bbdb42b9484a55de64375526645ed1fc580075de79718bd15ed7434c38e6
case_280,3dd2298c9478497db805c74862f9fa9a,rag,extraction,https://raw.githubusercontent.com/hemingkx/Spec-Bench/66230f10cb0a02aced5ef3ce1e85163c16160454/data/spec_bench/question.jsonl,spec_bench_56,,True,2,parquet,built,269,664bc2505f715d2139ef7fb16ce4adfb681c2f1bc6e5f85f4faa117e6e780618
case_281,b8948b102f4e441d8162073c8883007b,reasoning,mathematical,https://raw.githubusercontent.com/mtbench101/mt-bench-101/61bc4faa9535cf29a6549b3f9df5efbf7cdd5288/data/subjective/mtbench101.jsonl,mtbench_101_507,,True,1,specdec_bench,built,151,818befa8e0d136e40e1081be444b0127a301ea9579b1897068523c0a097884a5
case_282,5fd91d521bc74c36a1ba03e2015544fe,stem,Computer Science,https://huggingface.co/datasets/cais/hle/tree/021a3d71f516a7ac28ceb8d284969902edf1edeb,673b955f2ddd80745b6bd232,hard,False,1,specdec_bench,pending_hle_token,,
case_283,a513a13d4616426a828a798738ef9873,writing,Education,https://raw.githubusercontent.com/X-PLUG/WritingBench/4701e81e10d0c45cd2f3114efa315c4662da348a/benchmark_query/benchmark_all.jsonl,writing_bench_603,,False,1,parquet,built,2019,1dce991126523fcc82c408cd61cd1360ec5c3860d744e872daeef8ad25402279
case_284,e57f7da1586c4f5990db304a4121b66c,multilingual,ar_math,https://github.com/RUCAIBox/MMATH/tree/3920f269764e4d3436105d89250833f3d7169c8d,mmath_299,,False,1,parquet,built,103,cf5132612d6e22551cee1ebde8fc3684cef7c6f032b64e9812f94f6f0b1528cf
case_285,bf5bcd508ccc4fe89700b4bc69f716f9,summarization,,https://huggingface.co/datasets/abisee/cnn_dailymail/tree/96df5e686bee6baa90b8bee7c28b81fa3fa6223d,22e1394839f0ec18ee80df0cbf3f2d5ce22bff2b,,False,1,specdec_bench,built,1631,50df8ef3511f2996fc9034a945840d2d1e37e15e4814d5ef8f481feae3eb2c5d
case_286,c6d2c24631564ddf9e8565b5c949e82e,roleplay,,https://huggingface.co/datasets/ZenMoore/RoleBench/tree/a57ed54f9613921e4a5f1b63601a558cd5acf971/rolebench-eng,rolebench_instruction-generalization_1750_rolebench_instruction-generalization_1751_rolebench_instruction-generalization_1752_rolebench_instruction-generalization_1753_rolebench_instruction-generalization_1754_rolebench_instruction-generalization_1755_rolebench_instruction-generalization_1756_rolebench_instruction-generalization_1757_rolebench_instruction-generalization_1758_rolebench_instruction-generalization_1759_rolebench_instruction-generalization_1760_rolebench_instruction-generalization_1761_rolebench_instruction-generalization_1762_rolebench_instruction-generalization_1763_rolebench_instruction-generalization_1764_rolebench_instruction-generalization_1765_rolebench_instruction-generalization_1766_rolebench_instruction-generalization_1767_rolebench_instruction-generalization_1768_rolebench_instruction-generalization_1769_rolebench_instruction-generalization_1770_rolebench_instruction-generalization_1771_rolebench_instruction-generalization_1772_rolebench_instruction-generalization_1773_rolebench_instruction-generalization_1774_rolebench_instruction-generalization_1775_rolebench_instruction-generalization_1776_rolebench_instruction-generalization_1777_rolebench_instruction-generalization_1778_rolebench_instruction-generalization_1779_rolebench_instruction-generalization_1780_rolebench_instruction-generalization_1781_rolebench_instruction-generalization_1782_rolebench_instruction-generalization_1783_rolebench_instruction-generalization_1784_rolebench_instruction-generalization_1785_rolebench_instruction-generalization_1786_rolebench_instruction-generalization_1787_rolebench_instruction-generalization_1788_rolebench_instruction-generalization_1789_rolebench_instruction-generalization_1790_rolebench_instruction-generalization_1791_rolebench_instruction-generalization_1792_rolebench_instruction-generalization_1793_rolebench_instruction-generalization_1794_rolebench_instruction-generalization_1795_rolebench_instruction-generalization_1796_rolebench_instruction-generalization_1797_rolebench_instruction-generalization_1798_rolebench_instruction-generalization_1799,,True,4,specdec_bench,built,176,b871f06691c74ef471eda9538be2756c9f86825202c521909ec6ff5af40df274
case_287,97f49a2c2ad14e7d8cf106551b593c69,coding,,https://raw.githubusercontent.com/hemingkx/Spec-Bench/66230f10cb0a02aced5ef3ce1e85163c16160454/data/spec_bench/question.jsonl,spec_bench_44,medium,True,2,parquet,built,89,2d0c729f3d283a9e65b0203462dbcc83e2f7be387bd790c9b0907b81c80fdf66
case_288,c5a0f378314a48dba65d0fde859acc5b,humanities,Linguistics,https://huggingface.co/datasets/cais/hle/tree/021a3d71f516a7ac28ceb8d284969902edf1edeb,670a6b32b3f67b11c0799489,hard,False,1,specdec_bench,pending_hle_token,,
case_289,b9b5588862dc4c9080f77ec7aee6b769,math,,https://raw.githubusercontent.com/hemingkx/Spec-Bench/66230f10cb0a02aced5ef3ce1e85163c16160454/data/spec_bench/question.jsonl,413_414,easy,True,2,parquet,built,102,16c7d1c1d4ba610bcf17214511490a35c6f6ea6485ff2fea4373d40548d3e39d
case_290,da8ba3f679ef48fb8f47c2aa4a33412f,qa,,https://raw.githubusercontent.com/hemingkx/Spec-Bench/66230f10cb0a02aced5ef3ce1e85163c16160454/data/spec_bench/question.jsonl,spec_bench_266,,False,1,parquet,built,78,4a6c38c3cdd91c8c3c7b8660dbb6f19aa3828d02b63249a80b641ff066f889b8
case_291,805e8b2fdb8f4797bcbc797954451577,rag,table_and_text_extraction,https://huggingface.co/datasets/nvidia/ChatRAG-Bench/tree/af6c7d420ddddf21f54f8ab3394bbf462aad2577/data,chatrag_bench_465,,False,1,specdec_bench,built,996,b84f75da7cf25037616619b6c276a89ee5a282b4b701ed3db70af1b335b3a381
case_292,b13893f6d1dd4565ada93a7f35a00bdb,reasoning,general,https://raw.githubusercontent.com/mtbench101/mt-bench-101/61bc4faa9535cf29a6549b3f9df5efbf7cdd5288/data/subjective/mtbench101.jsonl,mtbench_101_67,,True,1,specdec_bench,built,88,777a85f0d18493a212e2fda4bc1f7e8a2194ddbb902eb5a780dd177cbadcc0b5
case_293,454ceb6d215646e8abec3fcbf80619f5,stem,Medicine,https://huggingface.co/datasets/cais/hle/tree/021a3d71f516a7ac28ceb8d284969902edf1edeb,671adbf8439b8a0eaec180d3,hard,False,1,specdec_bench,pending_hle_token,,
case_294,a4642be1cc8d457eaddbeb82f151b02f,writing,Literature & Arts,https://raw.githubusercontent.com/X-PLUG/WritingBench/4701e81e10d0c45cd2f3114efa315c4662da348a/benchmark_query/benchmark_all.jsonl,writing_bench_210,,False,1,parquet,built,134,d32005d7ea85e3cda210fb33772eccdfeb6959cc6856d8f0743f286fe543d985
case_295,3b09d5f4773c4598ac8de11db4ef39d3,multilingual,ar_math,https://github.com/RUCAIBox/MMATH/tree/3920f269764e4d3436105d89250833f3d7169c8d,mmath_263,,False,1,parquet,built,121,fc01fedb267ead50e5329c200bd66553154253d0981e910f9e8ac3f36fecd36f
case_296,7924bc3a20bc4e1189b209e53f584735,summarization,,https://huggingface.co/datasets/abisee/cnn_dailymail/tree/96df5e686bee6baa90b8bee7c28b81fa3fa6223d,6132176f8d61e108f8ae9f3b010f69d722e4152f,,False,1,specdec_bench,built,1097,e895564d40f8a6c5075e53afc776ba52fe152c4fdc546b065f17947c3738b60b
case_297,fa16a94c776e47efac17f72f23650b00,roleplay,,https://huggingface.co/datasets/ZenMoore/RoleBench/tree/a57ed54f9613921e4a5f1b63601a558cd5acf971/rolebench-eng,rolebench_instruction-generalization_650_rolebench_instruction-generalization_651_rolebench_instruction-generalization_652_rolebench_instruction-generalization_653_rolebench_instruction-generalization_654_rolebench_instruction-generalization_655_rolebench_instruction-generalization_656_rolebench_instruction-generalization_657_rolebench_instruction-generalization_658_rolebench_instruction-generalization_659_rolebench_instruction-generalization_660_rolebench_instruction-generalization_661_rolebench_instruction-generalization_662_rolebench_instruction-generalization_663_rolebench_instruction-generalization_664_rolebench_instruction-generalization_665_rolebench_instruction-generalization_666_rolebench_instruction-generalization_667_rolebench_instruction-generalization_668_rolebench_instruction-generalization_669_rolebench_instruction-generalization_670_rolebench_instruction-generalization_671_rolebench_instruction-generalization_672_rolebench_instruction-generalization_673_rolebench_instruction-generalization_674_rolebench_instruction-generalization_675_rolebench_instruction-generalization_676_rolebench_instruction-generalization_677_rolebench_instruction-generalization_678_rolebench_instruction-generalization_679_rolebench_instruction-generalization_680_rolebench_instruction-generalization_681_rolebench_instruction-generalization_682_rolebench_instruction-generalization_683_rolebench_instruction-generalization_684_rolebench_instruction-generalization_685_rolebench_instruction-generalization_686_rolebench_instruction-generalization_687_rolebench_instruction-generalization_688_rolebench_instruction-generalization_689_rolebench_instruction-generalization_690_rolebench_instruction-generalization_691_rolebench_instruction-generalization_692_rolebench_instruction-generalization_693_rolebench_instruction-generalization_694_rolebench_instruction-generalization_695_rolebench_instruction-generalization_696_rolebench_instruction-generalization_697_rolebench_instruction-generalization_698_rolebench_instruction-generalization_699,,False,1,specdec_bench,built,282,204603fd99f6e29c450b558e7a7a681e9cfa4f86591b43aa220b3c46ceac1c1d
case_298,22f088e74c284523b965617fa401840a,coding,,https://huggingface.co/datasets/bigcode/humanevalpack/tree/9a41762f73a8cb23bb5811b73d5aab164efcf378,Go/88,,False,1,parquet,built,266,00485eb1ffbe969b27f2ac8bab0e88d6480ba8f5f265e2176fd0f62cc80c9c80
case_299,97ace957a69d47ed9bf9975c6b771c38,humanities,Law,https://huggingface.co/datasets/cais/hle/tree/021a3d71f516a7ac28ceb8d284969902edf1edeb,66e70c75bbb9b1754c0869ce,hard,False,1,specdec_bench,pending_hle_token,,
case_300,1a732d5227b341c59a3728363879b8cb,math,Mathematics,https://huggingface.co/datasets/cais/hle/tree/021a3d71f516a7ac28ceb8d284969902edf1edeb,66f1d9a589b78acd31812b99,hard,False,1,specdec_bench,pending_hle_token,,
case_301,e4b9605669c44c9bad2448ea9d528a63,qa,,https://raw.githubusercontent.com/hemingkx/Spec-Bench/66230f10cb0a02aced5ef3ce1e85163c16160454/data/spec_bench/question.jsonl,spec_bench_267,,False,1,parquet,built,79,1f8c487a9c706afdbc4779b094209f6711477a3caa320b6390d97371e1db1039
case_302,6799f966c4e24422b7efdd705a5ab21c,rag,rag,https://raw.githubusercontent.com/hemingkx/Spec-Bench/66230f10cb0a02aced5ef3ce1e85163c16160454/data/spec_bench/question.jsonl,spec_bench_411,,False,1,parquet,built,805,682d5bb0dae84ca599d47f33503d2a77986442bcc29162e9281bb1db87c7d8bd
case_303,237d66a760e04c0f9717603002db502c,reasoning,mathematical,https://raw.githubusercontent.com/mtbench101/mt-bench-101/61bc4faa9535cf29a6549b3f9df5efbf7cdd5288/data/subjective/mtbench101.jsonl,mtbench_101_547,,True,1,specdec_bench,built,101,1ec7329f4124a4c3ab739331f9e883fa031fd035c0787c7c9569020dfa1053e6
case_304,8c0db71b04304a4797c64a87fae97d22,stem,Physics,https://huggingface.co/datasets/cais/hle/tree/021a3d71f516a7ac28ceb8d284969902edf1edeb,67381f0835f9616e390e737a,hard,False,1,specdec_bench,pending_hle_token,,
case_305,d8a97d79e4df4e209590bbba75796b6e,writing,Finance & Business,https://raw.githubusercontent.com/X-PLUG/WritingBench/4701e81e10d0c45cd2f3114efa315c4662da348a/benchmark_query/benchmark_all.jsonl,writing_bench_102,,False,1,parquet,built,426,343d1061f7bec3ec90cd01e89be9609e8ddd5fe1d09dbc8492b106119130c3ff
case_306,61528e7d09564903a7e6358ed3b3f4c6,multilingual,ja_math,https://github.com/RUCAIBox/MMATH/tree/3920f269764e4d3436105d89250833f3d7169c8d,mmath_207,,False,1,parquet,built,146,6a2e41e4eb44ed30c913b12fc488f1b1425d8803e846553dc986474198781710
case_307,8413f72e2daf41808c70c3c7e63fcea1,summarization,,https://huggingface.co/datasets/abisee/cnn_dailymail/tree/96df5e686bee6baa90b8bee7c28b81fa3fa6223d,4899ae9e2cbce1c4611de41ec9b93af330d23fb9,,False,1,specdec_bench,built,346,16b8a5ba9c516f3ff09d361998264a18eb3c93a0e949c89ae4b68141be4b1f3e
case_308,46c758fc50e54a04b85b29cdc3cb4fe5,roleplay,,https://huggingface.co/datasets/ZenMoore/RoleBench/tree/a57ed54f9613921e4a5f1b63601a558cd5acf971/rolebench-eng,rolebench_instruction-generalization_1050_rolebench_instruction-generalization_1051_rolebench_instruction-generalization_1052_rolebench_instruction-generalization_1053_rolebench_instruction-generalization_1054_rolebench_instruction-generalization_1055_rolebench_instruction-generalization_1056_rolebench_instruction-generalization_1057_rolebench_instruction-generalization_1058_rolebench_instruction-generalization_1059_rolebench_instruction-generalization_1060_rolebench_instruction-generalization_1061_rolebench_instruction-generalization_1062_rolebench_instruction-generalization_1063_rolebench_instruction-generalization_1064_rolebench_instruction-generalization_1065_rolebench_instruction-generalization_1066_rolebench_instruction-generalization_1067_rolebench_instruction-generalization_1068_rolebench_instruction-generalization_1069_rolebench_instruction-generalization_1070_rolebench_instruction-generalization_1071_rolebench_instruction-generalization_1072_rolebench_instruction-generalization_1073_rolebench_instruction-generalization_1074_rolebench_instruction-generalization_1075_rolebench_instruction-generalization_1076_rolebench_instruction-generalization_1077_rolebench_instruction-generalization_1078_rolebench_instruction-generalization_1079_rolebench_instruction-generalization_1080_rolebench_instruction-generalization_1081_rolebench_instruction-generalization_1082_rolebench_instruction-generalization_1083_rolebench_instruction-generalization_1084_rolebench_instruction-generalization_1085_rolebench_instruction-generalization_1086_rolebench_instruction-generalization_1087_rolebench_instruction-generalization_1088_rolebench_instruction-generalization_1089_rolebench_instruction-generalization_1090_rolebench_instruction-generalization_1091_rolebench_instruction-generalization_1092_rolebench_instruction-generalization_1093_rolebench_instruction-generalization_1094_rolebench_instruction-generalization_1095_rolebench_instruction-generalization_1096_rolebench_instruction-generalization_1097_rolebench_instruction-generalization_1098_rolebench_instruction-generalization_1099,,False,1,specdec_bench,built,254,020916aef744f655177a4f1edbdb309813a4b6680281db77f8671ff742d4f0bb
case_309,a6acc9365c464865ad61f02f8b2360aa,coding,,https://huggingface.co/datasets/deepmind/code_contests/tree/802411c3010cb00d1b05bad57ca77365a3c699d6,1580_E. Railway Construction,easy,False,1,specdec_bench,built,1043,0331f7e3aa4e4d994c474eaa4f33d4ce5562a72f0677c8964f9a8cb1f9a1feaf
case_310,c357f9ba56504b14bff0705fdd6ba6d8,humanities,,https://raw.githubusercontent.com/hemingkx/Spec-Bench/66230f10cb0a02aced5ef3ce1e85163c16160454/data/spec_bench/question.jsonl,spec_bench_73,medium,True,2,parquet,built,120,590f3bf201d28af716880c1c0300e9300c8631aebc6418c8592226467c2ee4ca
case_311,1332cc8dbe08499b92ff62a6d120ead7,math,,https://raw.githubusercontent.com/hemingkx/Spec-Bench/66230f10cb0a02aced5ef3ce1e85163c16160454/data/spec_bench/question.jsonl,433_434,easy,True,2,parquet,built,130,6f7598afbd48f16cd517c38e9183e32df56874f3d8104ead859208982c1e9c2c
case_312,cd8820a1e8424972844569e672ecd7d4,qa,,https://raw.githubusercontent.com/hemingkx/Spec-Bench/66230f10cb0a02aced5ef3ce1e85163c16160454/data/spec_bench/question.jsonl,spec_bench_268,,False,1,parquet,built,78,718d8b6cde459b0a816b2d90016af7421a5b745f9932d6c291b43c615ade0ecd
case_313,5f0a15a8bc854d5fba26751eee4dac03,rag,rag,https://raw.githubusercontent.com/hemingkx/Spec-Bench/66230f10cb0a02aced5ef3ce1e85163c16160454/data/spec_bench/question.jsonl,spec_bench_473,,False,1,parquet,built,721,1435006b8b868ac59cd31f1f7ec9951201b26ebd474519202f68cb2b8169726c
case_314,0042b6eb553f41398140f79a252210fb,reasoning,history,https://huggingface.co/datasets/TIGER-Lab/MMLU-Pro/blob/30527804ea8854662078e457808040d872ecdf29/data/test-00000-of-00001.parquet,"mmlu_pro_(2457, 'history')",,False,2,specdec_bench,built,274,6b7a367ca58b2586c577c414023d2637cc5f8c18235b334826a7528b815c1866
case_315,23fdd5d2491b4370a6a87e9fcb64b51f,stem,Wireless Communication,https://huggingface.co/datasets/cais/hle/tree/021a3d71f516a7ac28ceb8d284969902edf1edeb,6738cefd95e33e8ed213be70,hard,False,1,specdec_bench,pending_hle_token,,
case_316,68082716b22c4463bedf99a8b553a6e5,writing,Advertising & Marketing,https://raw.githubusercontent.com/X-PLUG/WritingBench/4701e81e10d0c45cd2f3114efa315c4662da348a/benchmark_query/benchmark_all.jsonl,writing_bench_241,,False,1,parquet,built,463,3005353bec78033fb064828b477685eef2b2442943518f57bc8ade8b4379de0c
case_317,f70af64e1f00450784178d30734ceb8d,multilingual,ar-ru,https://huggingface.co/datasets/Helsinki-NLP/opus-100/tree/805090dc28bf78897da9641cdf08b61287580df9,opus100_ar-ru_482,,False,1,specdec_bench,built,457,b98c47f7f9f8cc7b7c67679ff1887cbffff7cd80a2ed5f813fc694e831029291
case_318,6df52bf9e69b4d1da59cae467861e453,summarization,,https://huggingface.co/datasets/abisee/cnn_dailymail/tree/96df5e686bee6baa90b8bee7c28b81fa3fa6223d,7967d07272328507781eb829b6e0384b33d9e9ae,,False,1,specdec_bench,built,249,6d70a63c0f6883e06d27af5c13ec075f902dccb7c535a6f887dce614e22eb9d0
case_319,40aeea7dd21f4b5ebb8aae45a443e2f5,roleplay,,https://huggingface.co/datasets/Neph0s/CoSER/tree/7cc80430f92532cda85df45015a4aca8ecc068d0,coser_179,,False,1,specdec_bench,built,3475,dd474433d042ae7885ff49b67b05c81da881e65c55a4336d5ade93f4080eb981
case_320,c848ad5326ce4238bdc30b6ab0343b92,coding,,https://huggingface.co/datasets/bigcode/humanevalpack/tree/9a41762f73a8cb23bb5811b73d5aab164efcf378,Python/32,,False,1,parquet,built,321,d321229b15a873051b85cbde0cba4d8b7f2aa3fd272c97ad90423f51fedc0798
case_321,b04362512df1446380a50bb836eec67e,humanities,Linguistics,https://huggingface.co/datasets/cais/hle/tree/021a3d71f516a7ac28ceb8d284969902edf1edeb,67373446bb9a786bfe928d2c,hard,False,1,specdec_bench,pending_hle_token,,
case_322,7764656f3730496290cc821a6decd249,math,Mathematics,https://huggingface.co/datasets/cais/hle/tree/021a3d71f516a7ac28ceb8d284969902edf1edeb,672458e95f170d6ed834f340,hard,False,1,specdec_bench,pending_hle_token,,
case_323,f2e7462fc9c24681a859464564708692,qa,,https://raw.githubusercontent.com/hemingkx/Spec-Bench/66230f10cb0a02aced5ef3ce1e85163c16160454/data/spec_bench/question.jsonl,spec_bench_269,,False,1,parquet,built,80,c8db710dccb4edb9eb1132e1170c5167b10a5113eefbb9966a621d84cafccd17
case_324,33c807be61ab48e3865cf60ab4883b88,rag,rag,https://raw.githubusercontent.com/hemingkx/Spec-Bench/66230f10cb0a02aced5ef3ce1e85163c16160454/data/spec_bench/question.jsonl,spec_bench_433,,False,1,parquet,built,781,50d45091d427bbe96129ac4541ed04d54a2424064cac9b7e4c00157b20da4167
case_325,26f6de622e9c44cba7e732f0240065c2,reasoning,mathematical,https://raw.githubusercontent.com/mtbench101/mt-bench-101/61bc4faa9535cf29a6549b3f9df5efbf7cdd5288/data/subjective/mtbench101.jsonl,mtbench_101_453,,True,1,specdec_bench,built,179,1af053f3c86a04c2d65cd9d2939ca60e4ccdda6402052787085e35aff66d97dd
case_326,2b1d624a9878476b883e025d59edab28,stem,Chemistry,https://huggingface.co/datasets/cais/hle/tree/021a3d71f516a7ac28ceb8d284969902edf1edeb,66ea814c5544860edb5aa9fa,hard,False,1,specdec_bench,pending_hle_token,,
case_327,35560bbf930a45ff99ad8f44688ab0e8,writing,Literature & Arts,https://raw.githubusercontent.com/X-PLUG/WritingBench/4701e81e10d0c45cd2f3114efa315c4662da348a/benchmark_query/benchmark_all.jsonl,writing_bench_211,,False,1,parquet,built,339,19e61891f76c9993d273744fdc607f381cafd03f549a890f940d1dbf9b416abd
case_328,acc3998331f7450cbeebc19ee06dcfd9,multilingual,th_math,https://github.com/RUCAIBox/MMATH/tree/3920f269764e4d3436105d89250833f3d7169c8d,mmath_269,,False,1,parquet,built,109,73728c35f78e55e10c9b7da4d3d587f02648e4c12a16801186645a7ddbfff8c0
case_329,fcb05350b2974a9d8885db85bf049fcf,summarization,,https://huggingface.co/datasets/abisee/cnn_dailymail/tree/96df5e686bee6baa90b8bee7c28b81fa3fa6223d,4bfbd5c1eef674cbcc2c2b91b66769bfdc44c38a,,False,1,specdec_bench,built,1493,151fb31b190b8536c69e8532462d0554e3a713286259e88fafca105bf05f0ed3
case_330,81bab241b55044b99dbc017a7aa7c6d0,roleplay,,https://huggingface.co/datasets/ZenMoore/RoleBench/tree/a57ed54f9613921e4a5f1b63601a558cd5acf971/rolebench-eng,rolebench_instruction-generalization_50_rolebench_instruction-generalization_51_rolebench_instruction-generalization_52_rolebench_instruction-generalization_53_rolebench_instruction-generalization_54_rolebench_instruction-generalization_55_rolebench_instruction-generalization_56_rolebench_instruction-generalization_57_rolebench_instruction-generalization_58_rolebench_instruction-generalization_59_rolebench_instruction-generalization_60_rolebench_instruction-generalization_61_rolebench_instruction-generalization_62_rolebench_instruction-generalization_63_rolebench_instruction-generalization_64_rolebench_instruction-generalization_65_rolebench_instruction-generalization_66_rolebench_instruction-generalization_67_rolebench_instruction-generalization_68_rolebench_instruction-generalization_69_rolebench_instruction-generalization_70_rolebench_instruction-generalization_71_rolebench_instruction-generalization_72_rolebench_instruction-generalization_73_rolebench_instruction-generalization_74_rolebench_instruction-generalization_75_rolebench_instruction-generalization_76_rolebench_instruction-generalization_77_rolebench_instruction-generalization_78_rolebench_instruction-generalization_79_rolebench_instruction-generalization_80_rolebench_instruction-generalization_81_rolebench_instruction-generalization_82_rolebench_instruction-generalization_83_rolebench_instruction-generalization_84_rolebench_instruction-generalization_85_rolebench_instruction-generalization_86_rolebench_instruction-generalization_87_rolebench_instruction-generalization_88_rolebench_instruction-generalization_89_rolebench_instruction-generalization_90_rolebench_instruction-generalization_91_rolebench_instruction-generalization_92_rolebench_instruction-generalization_93_rolebench_instruction-generalization_94_rolebench_instruction-generalization_95_rolebench_instruction-generalization_96_rolebench_instruction-generalization_97_rolebench_instruction-generalization_98_rolebench_instruction-generalization_99,,True,3,specdec_bench,built,245,d56bdf5ba16da5da56b599ee52ffb1cd16e3494b090a66d50b339965ddb5093d
case_331,5126ccb16c2146b5876d6a7da63e9fc1,coding,,https://huggingface.co/datasets/bigcode/humanevalpack/tree/9a41762f73a8cb23bb5811b73d5aab164efcf378,Go/54,,False,1,parquet,built,189,1b465db93c936eaf1d3439a7df15d2161cc540bf77f36c23a87776237c72303d
case_332,0e3444a598024eb395c0d3ba4cb1f5a2,humanities,History,https://huggingface.co/datasets/cais/hle/tree/021a3d71f516a7ac28ceb8d284969902edf1edeb,6705b23880154ff607a205b5,hard,False,1,specdec_bench,pending_hle_token,,
case_333,3f4b10384fa74b1db40f0e338b385e9f,math,Applied Mathematics,https://huggingface.co/datasets/cais/hle/tree/021a3d71f516a7ac28ceb8d284969902edf1edeb,6721176ed9397a0c64dba826,hard,False,1,specdec_bench,pending_hle_token,,
case_334,5a555855c1214f5c9eac0d56568acb52,qa,,https://raw.githubusercontent.com/hemingkx/Spec-Bench/66230f10cb0a02aced5ef3ce1e85163c16160454/data/spec_bench/question.jsonl,spec_bench_270,,False,1,parquet,built,75,caa4f37912ea42e38c006c2e2d8785778b190f717ffc303004c2232a36f54cac
case_335,ddc4b91449a847c2bb855a38dc2a1433,rag,rag,https://raw.githubusercontent.com/hemingkx/Spec-Bench/66230f10cb0a02aced5ef3ce1e85163c16160454/data/spec_bench/question.jsonl,spec_bench_472,,False,1,parquet,built,672,78a1993aa58eee10a9cde32e5c94f61bf998fe06e1569094fc812e0cac402f1c
case_336,52059470a72041afb700ba289eb89d2e,reasoning,general,https://raw.githubusercontent.com/mtbench101/mt-bench-101/61bc4faa9535cf29a6549b3f9df5efbf7cdd5288/data/subjective/mtbench101.jsonl,mtbench_101_61,,True,1,specdec_bench,built,77,92db08dc15e79a19273114550026783e72e9d2a41397e289d18a7ea656654549
case_337,ae464da777c746c39f80295fb944825d,stem,Computer Science,https://huggingface.co/datasets/cais/hle/tree/021a3d71f516a7ac28ceb8d284969902edf1edeb,672f769a47d2f4c7ca9ff5f5,hard,False,1,specdec_bench,pending_hle_token,,
case_338,02ca690c74b14ccb82a44471d97e094e,writing,,https://raw.githubusercontent.com/hemingkx/Spec-Bench/66230f10cb0a02aced5ef3ce1e85163c16160454/data/spec_bench/question.jsonl,spec_bench_6,,True,2,parquet,built,99,271de25244ca950d49f9338502d349ca957095bacc6ad7f74d2a15f360ad8b31
case_339,c099247c36c74ae7a0a6ffef05d0b112,multilingual,de-en,https://huggingface.co/datasets/Helsinki-NLP/opus-100/tree/805090dc28bf78897da9641cdf08b61287580df9,opus100_de-en_1522,,False,1,specdec_bench,built,229,1d6e398e5cce346fac69c66900f2ff17ea40533f35e2355456b8657433285941
case_340,c9b78f878c994ef8a3eaca4cb053ea6e,summarization,,https://huggingface.co/datasets/abisee/cnn_dailymail/tree/96df5e686bee6baa90b8bee7c28b81fa3fa6223d,fd6bc93561e36fea7ca9a4785f2f4fe2b16828ab,,False,1,specdec_bench,built,221,074fb2bc47581a0e3b4269a5a7579cd6382a26a668335a84e94d0906533fbba2
case_341,dc5a4b2a18ca492da91ad92b5c04274b,roleplay,,https://huggingface.co/datasets/ZenMoore/RoleBench/tree/a57ed54f9613921e4a5f1b63601a558cd5acf971/rolebench-eng,rolebench_instruction-generalization_1200_rolebench_instruction-generalization_1201_rolebench_instruction-generalization_1202_rolebench_instruction-generalization_1203_rolebench_instruction-generalization_1204_rolebench_instruction-generalization_1205_rolebench_instruction-generalization_1206_rolebench_instruction-generalization_1207_rolebench_instruction-generalization_1208_rolebench_instruction-generalization_1209_rolebench_instruction-generalization_1210_rolebench_instruction-generalization_1211_rolebench_instruction-generalization_1212_rolebench_instruction-generalization_1213_rolebench_instruction-generalization_1214_rolebench_instruction-generalization_1215_rolebench_instruction-generalization_1216_rolebench_instruction-generalization_1217_rolebench_instruction-generalization_1218_rolebench_instruction-generalization_1219_rolebench_instruction-generalization_1220_rolebench_instruction-generalization_1221_rolebench_instruction-generalization_1222_rolebench_instruction-generalization_1223_rolebench_instruction-generalization_1224_rolebench_instruction-generalization_1225_rolebench_instruction-generalization_1226_rolebench_instruction-generalization_1227_rolebench_instruction-generalization_1228_rolebench_instruction-generalization_1229_rolebench_instruction-generalization_1230_rolebench_instruction-generalization_1231_rolebench_instruction-generalization_1232_rolebench_instruction-generalization_1233_rolebench_instruction-generalization_1234_rolebench_instruction-generalization_1235_rolebench_instruction-generalization_1236_rolebench_instruction-generalization_1237_rolebench_instruction-generalization_1238_rolebench_instruction-generalization_1239_rolebench_instruction-generalization_1240_rolebench_instruction-generalization_1241_rolebench_instruction-generalization_1242_rolebench_instruction-generalization_1243_rolebench_instruction-generalization_1244_rolebench_instruction-generalization_1245_rolebench_instruction-generalization_1246_rolebench_instruction-generalization_1247_rolebench_instruction-generalization_1248_rolebench_instruction-generalization_1249,,False,1,specdec_bench,built,211,21a139810b4b93bde451f080a30aba42a82d022c1c67bed85892689f6e932287
case_342,709706096071415b9f3bd1d558693d1f,coding,,https://huggingface.co/datasets/bigcode/humanevalpack/tree/9a41762f73a8cb23bb5811b73d5aab164efcf378,Python/156,,False,1,parquet,built,167,70d6d8a14762bd6d327cb5fae9ef1ba5d5b0dc7e847e9a0c7c860e6ce9fd0855
case_343,b92e85ccee204e2f87a7c45f2a423660,humanities,Cultural Studies,https://huggingface.co/datasets/cais/hle/tree/021a3d71f516a7ac28ceb8d284969902edf1edeb,6732839d5526e01108e12127,hard,False,1,specdec_bench,pending_hle_token,,
case_344,0c221341bf36432884031235ce2639fb,math,,https://raw.githubusercontent.com/hemingkx/Spec-Bench/66230f10cb0a02aced5ef3ce1e85163c16160454/data/spec_bench/question.jsonl,111,medium,True,2,parquet,built,102,a616b750dbf38194678e6432de2b710919e61ace31bbbb73f2b809ede5e7d959
case_345,d483ad52d357465e8724c2542ab76da4,qa,,https://raw.githubusercontent.com/hemingkx/Spec-Bench/66230f10cb0a02aced5ef3ce1e85163c16160454/data/spec_bench/question.jsonl,spec_bench_271,,False,1,parquet,built,78,715dc84ddf269348cf8d8206da6aa36f3fc224b007f4e00c99d8b662b16436fc
case_346,9807e96e75b64fa1ab39dd7f5753c126,rag,rag,https://raw.githubusercontent.com/hemingkx/Spec-Bench/66230f10cb0a02aced5ef3ce1e85163c16160454/data/spec_bench/question.jsonl,spec_bench_413,,False,1,parquet,built,852,68f385d55982f7d83f22a8eb3f546eab34d7e766725d92360a199e3271ef2a11
case_347,511fa197e1cc481984a9ae3b6aa5f984,reasoning,general,https://raw.githubusercontent.com/mtbench101/mt-bench-101/61bc4faa9535cf29a6549b3f9df5efbf7cdd5288/data/subjective/mtbench101.jsonl,mtbench_101_43,,True,1,specdec_bench,built,89,9c312e6d65463014a655f287bd0cd9ef3c102eafccff2cb5f53d9c4d65a70824
case_348,eb2d9f0e56ca4b12a0fe01cab1203056,stem,Computer Science,https://huggingface.co/datasets/cais/hle/tree/021a3d71f516a7ac28ceb8d284969902edf1edeb,672285d7e604c7c1efbd6af3,hard,False,1,specdec_bench,pending_hle_token,,
case_349,5dd205ad19154f179a4cb8e79da8deaf,writing,Finance & Business,https://raw.githubusercontent.com/X-PLUG/WritingBench/4701e81e10d0c45cd2f3114efa315c4662da348a/benchmark_query/benchmark_all.jsonl,writing_bench_838,,False,1,parquet,built,1246,eee650fcce629145e6308c33161a2c0aef1e3364ca03634bb36ba20b9d498c9e
case_350,d0521d12ee4f4cd09e34a213427692b7,multilingual,ar_math,https://github.com/RUCAIBox/MMATH/tree/3920f269764e4d3436105d89250833f3d7169c8d,mmath_317,,False,1,parquet,built,161,dcaf81046cc7cc5a40d6f2c68ba92111932036255c7b7f12d448015df408251e
case_351,d43699db597f490b958f65715aa98197,summarization,,https://huggingface.co/datasets/abisee/cnn_dailymail/tree/96df5e686bee6baa90b8bee7c28b81fa3fa6223d,c8456de43a2d502003185ed1da4328a6598cf315,,False,1,specdec_bench,built,1154,4a2272a2cf1b97e0da051e6ea8e2b1d425e96ce0d7b75341b5df90db22ecb84e
case_352,7865fde4fcbc4d7fb316849bd00c93f2,roleplay,,https://huggingface.co/datasets/Neph0s/CoSER/tree/7cc80430f92532cda85df45015a4aca8ecc068d0,coser_122,,False,1,specdec_bench,built,1899,52e88c18bf98bcc6856341a991127d6e86ab2522bf7e590e8f50adb6b4704633
case_353,b76c05c683154ddc867e4d85ec7dde3e,coding,,https://huggingface.co/datasets/bigcode/humanevalpack/tree/9a41762f73a8cb23bb5811b73d5aab164efcf378,JavaScript/153,,False,1,parquet,built,331,629027109978fd6c49c235e0004d574eda407c951603f21fb6d8d124ca6e6059
case_354,91ff40656d5b4634af4ed3c20efa3695,humanities,Economics,https://huggingface.co/datasets/cais/hle/tree/021a3d71f516a7ac28ceb8d284969902edf1edeb,6700a5676c339d61ecccb86d,hard,False,1,specdec_bench,pending_hle_token,,
case_355,7867496118734f088d6918f87c9fe3e1,math,Mathematics,https://huggingface.co/datasets/cais/hle/tree/021a3d71f516a7ac28ceb8d284969902edf1edeb,67161976e6487fdf13596bdc,hard,False,1,specdec_bench,pending_hle_token,,
case_356,e190dd6bff8d4054a178665fcf7e6f0c,qa,,https://raw.githubusercontent.com/hemingkx/Spec-Bench/66230f10cb0a02aced5ef3ce1e85163c16160454/data/spec_bench/question.jsonl,spec_bench_272,,False,1,parquet,built,78,e36b75dd6102f796d2847a7e9a2d32a8b358d48ece918a931b41c2602792401f
case_357,cf75757524b4492083ee5c257f517e7b,rag,table_and_text_extraction,https://huggingface.co/datasets/nvidia/ChatRAG-Bench/tree/af6c7d420ddddf21f54f8ab3394bbf462aad2577/data,chatrag_bench_1661,,False,1,specdec_bench,built,238,fe0481f2e17efcc8bfdb79fcc12552d54609198f743bd0a30d304a3e3d5b4584
case_358,3014f9a16b16444ab74a44c640334490,reasoning,general,https://raw.githubusercontent.com/mtbench101/mt-bench-101/61bc4faa9535cf29a6549b3f9df5efbf7cdd5288/data/subjective/mtbench101.jsonl,mtbench_101_58,,True,1,specdec_bench,built,97,1cb2b813f3f5d646e9c37ccbbf871bafb6ccbb92e9e8cde00323f7037caaf73b
case_359,3861557b5a6b4573afbe3e800e08da51,stem,Astronomy,https://huggingface.co/datasets/cais/hle/tree/021a3d71f516a7ac28ceb8d284969902edf1edeb,678dadfaa2acdbbe2a403cb7,hard,False,1,specdec_bench,pending_hle_token,,
case_360,30cfe8efe0ca429889c21b68ab9b0957,writing,Literature & Arts,https://raw.githubusercontent.com/X-PLUG/WritingBench/4701e81e10d0c45cd2f3114efa315c4662da348a/benchmark_query/benchmark_all.jsonl,writing_bench_197,,False,1,parquet,built,89,31e4421250e75dfcbd291d35f2027ae33d083ebe1d72afc4e7a72bfeb9a268ad
case_361,ecbcfa084ae14b33aade81eca89af6d4,multilingual,th_math,https://github.com/RUCAIBox/MMATH/tree/3920f269764e4d3436105d89250833f3d7169c8d,mmath_82,,False,1,parquet,built,122,29c77c67eee703e1d23e6141d1e1e5ab644f6d757a96c19aadf6b446a98d34ef
case_362,743357b2d28d40329d3fa319502ae5f9,summarization,,https://huggingface.co/datasets/abisee/cnn_dailymail/tree/96df5e686bee6baa90b8bee7c28b81fa3fa6223d,df75398e3550b228518e5300d6044426df629d3f,,False,1,specdec_bench,built,293,95816a314de46de05a6561aee5a6f080d325914045c4acb411819b9d2454fe47
case_363,0ccd4188bff14abd9fe6ce8c4f438129,roleplay,,https://huggingface.co/datasets/ZenMoore/RoleBench/tree/a57ed54f9613921e4a5f1b63601a558cd5acf971/rolebench-eng,rolebench_instruction-generalization_550_rolebench_instruction-generalization_551_rolebench_instruction-generalization_552_rolebench_instruction-generalization_553_rolebench_instruction-generalization_554_rolebench_instruction-generalization_555_rolebench_instruction-generalization_556_rolebench_instruction-generalization_557_rolebench_instruction-generalization_558_rolebench_instruction-generalization_559_rolebench_instruction-generalization_560_rolebench_instruction-generalization_561_rolebench_instruction-generalization_562_rolebench_instruction-generalization_563_rolebench_instruction-generalization_564_rolebench_instruction-generalization_565_rolebench_instruction-generalization_566_rolebench_instruction-generalization_567_rolebench_instruction-generalization_568_rolebench_instruction-generalization_569_rolebench_instruction-generalization_570_rolebench_instruction-generalization_571_rolebench_instruction-generalization_572_rolebench_instruction-generalization_573_rolebench_instruction-generalization_574_rolebench_instruction-generalization_575_rolebench_instruction-generalization_576_rolebench_instruction-generalization_577_rolebench_instruction-generalization_578_rolebench_instruction-generalization_579_rolebench_instruction-generalization_580_rolebench_instruction-generalization_581_rolebench_instruction-generalization_582_rolebench_instruction-generalization_583_rolebench_instruction-generalization_584_rolebench_instruction-generalization_585_rolebench_instruction-generalization_586_rolebench_instruction-generalization_587_rolebench_instruction-generalization_588_rolebench_instruction-generalization_589_rolebench_instruction-generalization_590_rolebench_instruction-generalization_591_rolebench_instruction-generalization_592_rolebench_instruction-generalization_593_rolebench_instruction-generalization_594_rolebench_instruction-generalization_595_rolebench_instruction-generalization_596_rolebench_instruction-generalization_597_rolebench_instruction-generalization_598_rolebench_instruction-generalization_599,,True,4,specdec_bench,built,282,cc7e2c3765e24d899577820739d0c9b1a9b250996e2a0a00ba3aa00db7133d28
case_364,dc8c14e68d7a4de59c48ad5d412e8bbb,coding,,https://huggingface.co/datasets/bigcode/humanevalpack/tree/9a41762f73a8cb23bb5811b73d5aab164efcf378,Python/39,,False,1,parquet,built,158,c08fdee44233c6e1132385a718492b8ef1a95386d36a7c519620914f88e243f9
case_365,edd7f64588494f5b80f58f5bbf4c84ef,humanities,History,https://huggingface.co/datasets/cais/hle/tree/021a3d71f516a7ac28ceb8d284969902edf1edeb,677fcb0487e03828c5c19bcd,hard,False,1,specdec_bench,pending_hle_token,,
case_366,c4f8043e377c42bb9b03ebfafdaf20d8,math,Mathematics,https://huggingface.co/datasets/cais/hle/tree/021a3d71f516a7ac28ceb8d284969902edf1edeb,66ef37d1e2195ad810081d37,hard,False,1,specdec_bench,pending_hle_token,,
case_367,b9a97c3055334bbd98287bd7651322d4,qa,,https://raw.githubusercontent.com/hemingkx/Spec-Bench/66230f10cb0a02aced5ef3ce1e85163c16160454/data/spec_bench/question.jsonl,spec_bench_273,,False,1,parquet,built,77,12fc6eb00c56ec3511f25eaa3e72cb875b4ea8251b6e30706e03f72caedc8eef
case_368,8227a9fd61ed49449776e2c8652247de,rag,rag,https://raw.githubusercontent.com/hemingkx/Spec-Bench/66230f10cb0a02aced5ef3ce1e85163c16160454/data/spec_bench/question.jsonl,spec_bench_462,,False,1,parquet,built,764,d09b9cbec5a733d8e879f739193566275f9d0f2b5b0d502d70aeebd1f78e443f
case_369,ac4685a7186d48f3abfe7441315a1f44,reasoning,chemistry,https://huggingface.co/datasets/TIGER-Lab/MMLU-Pro/blob/30527804ea8854662078e457808040d872ecdf29/data/test-00000-of-00001.parquet,"mmlu_pro_(2074, 'chemistry')",,False,2,specdec_bench,built,186,7afe4f5b10ea6e25e9c42ba90aaa4988faf8cb87a955eaa86238f46a02f95a22
case_370,497159584fba466885c459e6c06c23be,stem,Chemistry,https://huggingface.co/datasets/cais/hle/tree/021a3d71f516a7ac28ceb8d284969902edf1edeb,673cd3821cf7bd0b7cc91fe5,hard,False,1,specdec_bench,pending_hle_token,,
case_371,e084de6190b9492095b8bb4c999e0169,writing,Politics & Law,https://raw.githubusercontent.com/X-PLUG/WritingBench/4701e81e10d0c45cd2f3114efa315c4662da348a/benchmark_query/benchmark_all.jsonl,writing_bench_131,,False,1,parquet,built,1849,87fd9df4e8a1833b1b49184169099c57cb0da7c4e0acc4d9c36406b0fb6792f0
case_372,afc177a0949548b884c12290153fea23,multilingual,ja_math,https://github.com/RUCAIBox/MMATH/tree/3920f269764e4d3436105d89250833f3d7169c8d,mmath_270,,False,1,parquet,built,120,51eb9632c2807e824c4b76e5f68d84cee7dc8c1c1fef0b6c257f71ee8e31e214
case_373,fc4227f6f54440ddb0e9f475d7490f86,summarization,,https://huggingface.co/datasets/abisee/cnn_dailymail/tree/96df5e686bee6baa90b8bee7c28b81fa3fa6223d,28c4ff6e931522468e9f359ebad7b05e0c0bf162,,False,1,specdec_bench,built,466,f75a1634b468332e63803a42c2fd8928741022d6122793dcb4babacf122da8b0
case_374,ad5c9d7fa74b48ce90a0e688bfb81408,roleplay,,https://huggingface.co/datasets/ZenMoore/RoleBench/tree/a57ed54f9613921e4a5f1b63601a558cd5acf971/rolebench-eng,rolebench_instruction-generalization_2750_rolebench_instruction-generalization_2751_rolebench_instruction-generalization_2752_rolebench_instruction-generalization_2753_rolebench_instruction-generalization_2754_rolebench_instruction-generalization_2755_rolebench_instruction-generalization_2756_rolebench_instruction-generalization_2757_rolebench_instruction-generalization_2758_rolebench_instruction-generalization_2759_rolebench_instruction-generalization_2760_rolebench_instruction-generalization_2761_rolebench_instruction-generalization_2762_rolebench_instruction-generalization_2763_rolebench_instruction-generalization_2764_rolebench_instruction-generalization_2765_rolebench_instruction-generalization_2766_rolebench_instruction-generalization_2767_rolebench_instruction-generalization_2768_rolebench_instruction-generalization_2769_rolebench_instruction-generalization_2770_rolebench_instruction-generalization_2771_rolebench_instruction-generalization_2772_rolebench_instruction-generalization_2773_rolebench_instruction-generalization_2774_rolebench_instruction-generalization_2775_rolebench_instruction-generalization_2776_rolebench_instruction-generalization_2777_rolebench_instruction-generalization_2778_rolebench_instruction-generalization_2779_rolebench_instruction-generalization_2780_rolebench_instruction-generalization_2781_rolebench_instruction-generalization_2782_rolebench_instruction-generalization_2783_rolebench_instruction-generalization_2784_rolebench_instruction-generalization_2785_rolebench_instruction-generalization_2786_rolebench_instruction-generalization_2787_rolebench_instruction-generalization_2788_rolebench_instruction-generalization_2789_rolebench_instruction-generalization_2790_rolebench_instruction-generalization_2791_rolebench_instruction-generalization_2792_rolebench_instruction-generalization_2793_rolebench_instruction-generalization_2794_rolebench_instruction-generalization_2795_rolebench_instruction-generalization_2796_rolebench_instruction-generalization_2797_rolebench_instruction-generalization_2798_rolebench_instruction-generalization_2799,,True,3,specdec_bench,built,286,a3c6a77dc79d397cb267cebaf3a10cdb35349c921ad262cf74d502cf49437c30
case_375,90f41b6c201149f0846516c2221552a5,coding,,https://raw.githubusercontent.com/hemingkx/Spec-Bench/66230f10cb0a02aced5ef3ce1e85163c16160454/data/spec_bench/question.jsonl,spec_bench_46,medium,True,2,parquet,built,90,99072014051e49e9dddf6980f5e86a9146aa49749dfa244d24b0575b266848eb
case_376,b11aaab065b74ff4a1b9332531c0e7cf,humanities,Cultural Studies (General),https://huggingface.co/datasets/cais/hle/tree/021a3d71f516a7ac28ceb8d284969902edf1edeb,671f53490ac3c2f49e4fa4d5,hard,False,1,specdec_bench,pending_hle_token,,
case_377,36dd55922f7646e29617b5c9e7e8047e,math,,https://raw.githubusercontent.com/hemingkx/Spec-Bench/66230f10cb0a02aced5ef3ce1e85163c16160454/data/spec_bench/question.jsonl,445_446,easy,True,2,parquet,built,148,c292527fb1c779149db5b32c55e0f87a51991b6dc1867b6111db32db79bfe189
case_378,c66000d9ed434659959d302c93527ace,qa,,https://raw.githubusercontent.com/hemingkx/Spec-Bench/66230f10cb0a02aced5ef3ce1e85163c16160454/data/spec_bench/question.jsonl,spec_bench_274,,False,1,parquet,built,81,d18250fe50304ffddaeb9ff7d1ef35563826bd8bfc3a8098b89fe35f832815f7
case_379,1d3348678c684a69a3b33c7290894cb2,rag,rag,https://raw.githubusercontent.com/hemingkx/Spec-Bench/66230f10cb0a02aced5ef3ce1e85163c16160454/data/spec_bench/question.jsonl,spec_bench_406,,False,1,parquet,built,733,8943ca0706e1d5f61db3b06905d8a3a53fae99d8f26fe88de26dc74ee6261bcb
case_380,d1d4aa45b6a649fab79f9e36baf720e9,reasoning,mathematical,https://raw.githubusercontent.com/mtbench101/mt-bench-101/61bc4faa9535cf29a6549b3f9df5efbf7cdd5288/data/subjective/mtbench101.jsonl,mtbench_101_457,,True,1,specdec_bench,built,209,b35844fe6288c1ceff8b3a964de394f20f6fe0bb488e048982c01fc594c95f4f
case_381,8c022ddcc854470cb87aa5091ae79598,stem,Pattern Recognition,https://huggingface.co/datasets/cais/hle/tree/021a3d71f516a7ac28ceb8d284969902edf1edeb,6707b9264ea1e7c28b6169bc,hard,False,1,specdec_bench,pending_hle_token,,
case_382,da934ac93ef9469785b65b08af270d2b,writing,Politics & Law,https://raw.githubusercontent.com/X-PLUG/WritingBench/4701e81e10d0c45cd2f3114efa315c4662da348a/benchmark_query/benchmark_all.jsonl,writing_bench_153,,False,1,parquet,built,158,aa16c85a1181f1fa7ef10c02dee20546ea93942f4d715e4db21549f9edd6f144
case_383,f47d4f0823764c40a8109f271acef230,multilingual,en-nn,https://huggingface.co/datasets/Helsinki-NLP/opus-100/tree/805090dc28bf78897da9641cdf08b61287580df9,opus100_en-nn_1942,,False,1,specdec_bench,built,275,073c9c5b806ef9e48a1e28d0fa56ea78905700cebc758e499078da3c9bec9f72
case_384,99fc4d8762da442386b5a909bc405ecb,summarization,,https://huggingface.co/datasets/abisee/cnn_dailymail/tree/96df5e686bee6baa90b8bee7c28b81fa3fa6223d,294e2c8f96310edfbb7c95107d45ba84931bb550,,False,1,specdec_bench,built,1598,87b00c6e64e829da97c892ab7e64e555b4c8f5d46a18da820087a003ef41d51e
case_385,7d9578ff1d22498fa8784fa48a7f29bf,roleplay,,https://huggingface.co/datasets/ZenMoore/RoleBench/tree/a57ed54f9613921e4a5f1b63601a558cd5acf971/rolebench-eng,rolebench_instruction-generalization_3850_rolebench_instruction-generalization_3851_rolebench_instruction-generalization_3852_rolebench_instruction-generalization_3853_rolebench_instruction-generalization_3854_rolebench_instruction-generalization_3855_rolebench_instruction-generalization_3856_rolebench_instruction-generalization_3857_rolebench_instruction-generalization_3858_rolebench_instruction-generalization_3859_rolebench_instruction-generalization_3860_rolebench_instruction-generalization_3861_rolebench_instruction-generalization_3862_rolebench_instruction-generalization_3863_rolebench_instruction-generalization_3864_rolebench_instruction-generalization_3865_rolebench_instruction-generalization_3866_rolebench_instruction-generalization_3867_rolebench_instruction-generalization_3868_rolebench_instruction-generalization_3869_rolebench_instruction-generalization_3870_rolebench_instruction-generalization_3871_rolebench_instruction-generalization_3872_rolebench_instruction-generalization_3873_rolebench_instruction-generalization_3874_rolebench_instruction-generalization_3875_rolebench_instruction-generalization_3876_rolebench_instruction-generalization_3877_rolebench_instruction-generalization_3878_rolebench_instruction-generalization_3879_rolebench_instruction-generalization_3880_rolebench_instruction-generalization_3881_rolebench_instruction-generalization_3882_rolebench_instruction-generalization_3883_rolebench_instruction-generalization_3884_rolebench_instruction-generalization_3885_rolebench_instruction-generalization_3886_rolebench_instruction-generalization_3887_rolebench_instruction-generalization_3888_rolebench_instruction-generalization_3889_rolebench_instruction-generalization_3890_rolebench_instruction-generalization_3891_rolebench_instruction-generalization_3892_rolebench_instruction-generalization_3893_rolebench_instruction-generalization_3894_rolebench_instruction-generalization_3895_rolebench_instruction-generalization_3896_rolebench_instruction-generalization_3897_rolebench_instruction-generalization_3898_rolebench_instruction-generalization_3899,,True,3,specdec_bench,built,223,8f2ac526345c8a82512595311978e9002138f3c7b083e681bc0afa52a6e2ba6b
case_386,182e7a241cd64f309a013f89f2dde604,coding,,https://huggingface.co/datasets/bigcode/humanevalpack/tree/9a41762f73a8cb23bb5811b73d5aab164efcf378,Python/119,,False,1,parquet,built,227,952d1795e8d8c51894b69b25734eecd2150ebd9ee8f0b6bbc36c216c8ae54e51
case_387,eeea2b1adde64034a2e4fceb32cdb0f3,humanities,Linguistics,https://huggingface.co/datasets/cais/hle/tree/021a3d71f516a7ac28ceb8d284969902edf1edeb,66ed2cfeaa8b7a0620149264,hard,False,1,specdec_bench,pending_hle_token,,
case_388,6c2b2664fc9e48f981c86d984a4ad67f,math,Mathematics,https://huggingface.co/datasets/cais/hle/tree/021a3d71f516a7ac28ceb8d284969902edf1edeb,6742b72d714118dd43c25d12,hard,False,1,specdec_bench,pending_hle_token,,
case_389,5c953850b8cc4464bc074a1a4e8e594b,qa,,https://raw.githubusercontent.com/hemingkx/Spec-Bench/66230f10cb0a02aced5ef3ce1e85163c16160454/data/spec_bench/question.jsonl,spec_bench_275,,False,1,parquet,built,78,1f40c08003972ffa8a59c24f1fe81d2388fef90822983bc4253155ae59d03931
case_390,30aee928ad3c4e7d93e420545ec41f9b,rag,table_and_text_extraction,https://huggingface.co/datasets/nvidia/ChatRAG-Bench/tree/af6c7d420ddddf21f54f8ab3394bbf462aad2577/data,chatrag_bench_165,,False,1,specdec_bench,built,3181,dd784a4fce35b65f1d444a688ad83d6571beb8cd121d8edc3f221a4118a7b12e
case_391,43469ada6ab74746b90f43b4b986cdf1,reasoning,,https://raw.githubusercontent.com/hemingkx/Spec-Bench/66230f10cb0a02aced5ef3ce1e85163c16160454/data/spec_bench/question.jsonl,spec_bench_21,,True,2,parquet,built,103,ad2a8c78dd786a5b86195195bfc56f6a3b7cd9618afebe91f4bece774f92e23a
case_392,9d9d53db038e41cdb22671a1946b6463,stem,Computational Biology,https://huggingface.co/datasets/cais/hle/tree/021a3d71f516a7ac28ceb8d284969902edf1edeb,66fefa971ca108e6e888e9a1,hard,False,1,specdec_bench,pending_hle_token,,
case_393,d7d4940031be4ce99d6668d5739b3866,writing,Literature & Arts,https://raw.githubusercontent.com/X-PLUG/WritingBench/4701e81e10d0c45cd2f3114efa315c4662da348a/benchmark_query/benchmark_all.jsonl,writing_bench_990,,False,1,parquet,built,2326,a92588c3aa2ac71b436ec5a0b4b1f3a979fe708435fda1fc26f244d4d3e86dab
case_394,1b2b2f912a1c4ee2849845fdbce89c61,multilingual,ar_math,https://github.com/RUCAIBox/MMATH/tree/3920f269764e4d3436105d89250833f3d7169c8d,mmath_141,,False,1,parquet,built,99,858430a23d18d3c9f7e949a0cebd9c1dd881a160e2a82050f8a9cbfd61f86799
case_395,7e6d70a4a43a4387bf4f56e1a8ce36ff,summarization,,https://huggingface.co/datasets/abisee/cnn_dailymail/tree/96df5e686bee6baa90b8bee7c28b81fa3fa6223d,fe4ab1f83fa064dffdc3ea480f70ed145421756e,,False,1,specdec_bench,built,644,b474ff0c8caa463eabde66e504743f764443ce031c946ca71044f576f44bd549
case_396,36e8f9d5cd024f4ba05c3d652eac3f2f,roleplay,,https://huggingface.co/datasets/ZenMoore/RoleBench/tree/a57ed54f9613921e4a5f1b63601a558cd5acf971/rolebench-eng,rolebench_instruction-generalization_2350_rolebench_instruction-generalization_2351_rolebench_instruction-generalization_2352_rolebench_instruction-generalization_2353_rolebench_instruction-generalization_2354_rolebench_instruction-generalization_2355_rolebench_instruction-generalization_2356_rolebench_instruction-generalization_2357_rolebench_instruction-generalization_2358_rolebench_instruction-generalization_2359_rolebench_instruction-generalization_2360_rolebench_instruction-generalization_2361_rolebench_instruction-generalization_2362_rolebench_instruction-generalization_2363_rolebench_instruction-generalization_2364_rolebench_instruction-generalization_2365_rolebench_instruction-generalization_2366_rolebench_instruction-generalization_2367_rolebench_instruction-generalization_2368_rolebench_instruction-generalization_2369_rolebench_instruction-generalization_2370_rolebench_instruction-generalization_2371_rolebench_instruction-generalization_2372_rolebench_instruction-generalization_2373_rolebench_instruction-generalization_2374_rolebench_instruction-generalization_2375_rolebench_instruction-generalization_2376_rolebench_instruction-generalization_2377_rolebench_instruction-generalization_2378_rolebench_instruction-generalization_2379_rolebench_instruction-generalization_2380_rolebench_instruction-generalization_2381_rolebench_instruction-generalization_2382_rolebench_instruction-generalization_2383_rolebench_instruction-generalization_2384_rolebench_instruction-generalization_2385_rolebench_instruction-generalization_2386_rolebench_instruction-generalization_2387_rolebench_instruction-generalization_2388_rolebench_instruction-generalization_2389_rolebench_instruction-generalization_2390_rolebench_instruction-generalization_2391_rolebench_instruction-generalization_2392_rolebench_instruction-generalization_2393_rolebench_instruction-generalization_2394_rolebench_instruction-generalization_2395_rolebench_instruction-generalization_2396_rolebench_instruction-generalization_2397_rolebench_instruction-generalization_2398_rolebench_instruction-generalization_2399,,True,2,specdec_bench,built,212,f558adeee3a9800326bb8d8b1a033da02bd414f9b4538e8ced82f11975451582
case_397,a58f4fb5e86543e9862b62598fa4913b,coding,,https://huggingface.co/datasets/deepmind/code_contests/tree/802411c3010cb00d1b05bad57ca77365a3c699d6,1613_C. Poisoned Dagger,easy,False,1,specdec_bench,built,810,dc8676efca3e1121dcd6bfbeb7e6005e6e126c3f72c55c39a97c497d48901f2f
case_398,3400c61bdf344c1ab4c6487808ef0a86,humanities,Classics,https://huggingface.co/datasets/cais/hle/tree/021a3d71f516a7ac28ceb8d284969902edf1edeb,673fd5bcf7f86aa772591883,hard,False,1,specdec_bench,pending_hle_token,,
case_399,749a8cbad2b84d989cbda0e5067b6f77,math,Mathematics,https://huggingface.co/datasets/cais/hle/tree/021a3d71f516a7ac28ceb8d284969902edf1edeb,672c3c98d6f6f7a9e29fc6e2,hard,False,1,specdec_bench,pending_hle_token,,
case_400,7806bad94c8f4fe48d5101000ce8d12f,qa,,https://raw.githubusercontent.com/hemingkx/Spec-Bench/66230f10cb0a02aced5ef3ce1e85163c16160454/data/spec_bench/question.jsonl,spec_bench_276,,False,1,parquet,built,76,7b0684ba7a3abbc905322ba9c8fb531bb2998b6c09220ffa8b42462f6b21349f
case_401,665a282e8278486ea3c204fd2e12ed1b,rag,rag,https://raw.githubusercontent.com/hemingkx/Spec-Bench/66230f10cb0a02aced5ef3ce1e85163c16160454/data/spec_bench/question.jsonl,spec_bench_416,,False,1,parquet,built,743,8d95adf5cb2e6edc35db43bd8089feb7f66850934bd4b1ed0d8955023cc3bff7
case_402,9c5a534971d74e6b8f3e3ed1805316a5,reasoning,biology,https://huggingface.co/datasets/TIGER-Lab/MMLU-Pro/blob/30527804ea8854662078e457808040d872ecdf29/data/test-00000-of-00001.parquet,"mmlu_pro_(1428, 'biology')",,False,2,specdec_bench,built,452,cddedace15f66a6acc39754e3ee71b851e4e296fb3d91547fc7b6fef6ce56893
case_403,1e7fbf8c83c444b583995afbc9b90aa1,stem,Medicine,https://huggingface.co/datasets/cais/hle/tree/021a3d71f516a7ac28ceb8d284969902edf1edeb,672562d698350d726c7c9463,hard,False,1,specdec_bench,pending_hle_token,,
case_404,6ce4d69d8a8843e99d85c4760afb457c,writing,Finance & Business,https://raw.githubusercontent.com/X-PLUG/WritingBench/4701e81e10d0c45cd2f3114efa315c4662da348a/benchmark_query/benchmark_all.jsonl,writing_bench_113,,False,1,parquet,built,205,f4a4b8502805494eee06d28c109916247bb805afdc8045d6f6f68132e8254184
case_405,74e19c9d28224982b75e9c82c56ba9e6,multilingual,es_math,https://github.com/RUCAIBox/MMATH/tree/3920f269764e4d3436105d89250833f3d7169c8d,mmath_163,,False,1,parquet,built,146,f19ca3c843b3c618834b14a639eda4b5e1c5ba6f158a6f9b5c0760c5ccf0bc25
case_406,3adad8818521477aa6058495a3ce4e8e,summarization,,https://huggingface.co/datasets/abisee/cnn_dailymail/tree/96df5e686bee6baa90b8bee7c28b81fa3fa6223d,d71e9a0213b10081afe70fa288f6fd351d942468,,False,1,specdec_bench,built,232,34ef6ec6afdcce31b3401589020c46431e0a8b8034c573346765c9b9b4785f20
case_407,64dec9f872be4906b7f15b159ed6a08c,roleplay,,https://huggingface.co/datasets/Neph0s/CoSER/tree/7cc80430f92532cda85df45015a4aca8ecc068d0,coser_152,,False,1,specdec_bench,built,777,c1df1659096568250d57cc7e38c26225095f98cf97968fd47c47a99d64b2a833
case_408,de6fabc20e3b4e1db4b039330d57e641,coding,,https://huggingface.co/datasets/bigcode/humanevalpack/tree/9a41762f73a8cb23bb5811b73d5aab164efcf378,JavaScript/93,,False,1,parquet,built,173,91613404949893d917056124695c2a581e9edd5af1d5912c672fa099c2e7ac2d
case_409,aae8375e3db1404d8def0fbbdaef518c,humanities,Law,https://huggingface.co/datasets/cais/hle/tree/021a3d71f516a7ac28ceb8d284969902edf1edeb,67247cd2f18f2cb41cef4269,hard,False,1,specdec_bench,pending_hle_token,,
case_410,30f201e7329a49e989edea2ed3d740a8,math,,https://raw.githubusercontent.com/hemingkx/Spec-Bench/66230f10cb0a02aced5ef3ce1e85163c16160454/data/spec_bench/question.jsonl,115,medium,True,2,parquet,built,142,ef334cd68b98a81ab3ed88ae617ff5328945943a60b1bc7e1be6f4cf0f492a92
case_411,ab96316b809843ffb3dee5d509499c3f,qa,,https://raw.githubusercontent.com/hemingkx/Spec-Bench/66230f10cb0a02aced5ef3ce1e85163c16160454/data/spec_bench/question.jsonl,spec_bench_277,,False,1,parquet,built,78,326fa5f449b047904757d10293fd6f096d51074472d984a51e16d63bff6c0f12
case_412,9748ad0778ab435187d0049e6f6de1b7,rag,rag,https://raw.githubusercontent.com/hemingkx/Spec-Bench/66230f10cb0a02aced5ef3ce1e85163c16160454/data/spec_bench/question.jsonl,spec_bench_475,,False,1,parquet,built,727,7313ef96963a3ebc9c2965c715019fa94919036e34c45f7f8718c256fe2d4596
case_413,e262112bee894c1398f42eb4f4ad8950,reasoning,mathematical,https://raw.githubusercontent.com/mtbench101/mt-bench-101/61bc4faa9535cf29a6549b3f9df5efbf7cdd5288/data/subjective/mtbench101.jsonl,mtbench_101_510,,True,1,specdec_bench,built,184,30fa44a7b67cc964d6d51b9c22dce5662c86b3187e9f3187f06788376175999e
case_414,0bce5094ae47482faa036ee2d263933b,stem,Computer Science,https://huggingface.co/datasets/cais/hle/tree/021a3d71f516a7ac28ceb8d284969902edf1edeb,6723cdf07a517fb44dd35e47,hard,False,1,specdec_bench,pending_hle_token,,
case_415,db2655d27ead40c79457c0bb21cf0360,writing,Finance & Business,https://raw.githubusercontent.com/X-PLUG/WritingBench/4701e81e10d0c45cd2f3114efa315c4662da348a/benchmark_query/benchmark_all.jsonl,writing_bench_61,,False,1,parquet,built,613,c56c11c06f74a7ab379c2e30a2232bad007e99f5f522411e11f883859ccab3c5
case_416,87ed53a16dec49fd918382cacd3eef93,multilingual,ar-de,https://huggingface.co/datasets/Helsinki-NLP/opus-100/tree/805090dc28bf78897da9641cdf08b61287580df9,opus100_ar-de_1721,,False,1,specdec_bench,built,229,f9463495d9d37773c10a3f922fd016ec5a59cfd9753fdaf8d8509e8b39fd59ff
case_417,86ffebddbfa4407c893b924e46a3bd06,summarization,,https://huggingface.co/datasets/abisee/cnn_dailymail/tree/96df5e686bee6baa90b8bee7c28b81fa3fa6223d,8e2d5d414428d83376061261255a55b4fd9baf85,,False,1,specdec_bench,built,449,4856b1c12aa1bd950be99662e201d6463f18e93ec5231beed1a283ea26d758e2
case_418,35491440456f4d66b6cb007542b2ef65,roleplay,,https://huggingface.co/datasets/ZenMoore/RoleBench/tree/a57ed54f9613921e4a5f1b63601a558cd5acf971/rolebench-eng,rolebench_instruction-generalization_700_rolebench_instruction-generalization_701_rolebench_instruction-generalization_702_rolebench_instruction-generalization_703_rolebench_instruction-generalization_704_rolebench_instruction-generalization_705_rolebench_instruction-generalization_706_rolebench_instruction-generalization_707_rolebench_instruction-generalization_708_rolebench_instruction-generalization_709_rolebench_instruction-generalization_710_rolebench_instruction-generalization_711_rolebench_instruction-generalization_712_rolebench_instruction-generalization_713_rolebench_instruction-generalization_714_rolebench_instruction-generalization_715_rolebench_instruction-generalization_716_rolebench_instruction-generalization_717_rolebench_instruction-generalization_718_rolebench_instruction-generalization_719_rolebench_instruction-generalization_720_rolebench_instruction-generalization_721_rolebench_instruction-generalization_722_rolebench_instruction-generalization_723_rolebench_instruction-generalization_724_rolebench_instruction-generalization_725_rolebench_instruction-generalization_726_rolebench_instruction-generalization_727_rolebench_instruction-generalization_728_rolebench_instruction-generalization_729_rolebench_instruction-generalization_730_rolebench_instruction-generalization_731_rolebench_instruction-generalization_732_rolebench_instruction-generalization_733_rolebench_instruction-generalization_734_rolebench_instruction-generalization_735_rolebench_instruction-generalization_736_rolebench_instruction-generalization_737_rolebench_instruction-generalization_738_rolebench_instruction-generalization_739_rolebench_instruction-generalization_740_rolebench_instruction-generalization_741_rolebench_instruction-generalization_742_rolebench_instruction-generalization_743_rolebench_instruction-generalization_744_rolebench_instruction-generalization_745_rolebench_instruction-generalization_746_rolebench_instruction-generalization_747_rolebench_instruction-generalization_748_rolebench_instruction-generalization_749,,False,1,specdec_bench,built,296,82ed660cdceafb8b92045f0dd83ac4faff4ccc0d7d1e9007ea93cbb79b8bf83e
case_419,76dfa9e332124de5a5403fcf51e61050,coding,,https://huggingface.co/datasets/bigcode/humanevalpack/tree/9a41762f73a8cb23bb5811b73d5aab164efcf378,Go/4,,False,1,parquet,built,172,55ba084bdc82343fde10a444e6076d90db7365d6164743fb44e408105f0fe33a
case_420,a1c61c51df7d49709a2c75dd1c715469,humanities,Economics,https://huggingface.co/datasets/cais/hle/tree/021a3d71f516a7ac28ceb8d284969902edf1edeb,66eae4e351a34eec5d943952,hard,False,1,specdec_bench,pending_hle_token,,
case_421,e30bd068509844fe8df187a0960a861d,math,Mathematics,https://huggingface.co/datasets/cais/hle/tree/021a3d71f516a7ac28ceb8d284969902edf1edeb,66eed40a01d60ceefc5e586c,hard,False,1,specdec_bench,pending_hle_token,,
case_422,121692a7e45246b189cd46616d399253,qa,,https://raw.githubusercontent.com/hemingkx/Spec-Bench/66230f10cb0a02aced5ef3ce1e85163c16160454/data/spec_bench/question.jsonl,spec_bench_278,,False,1,parquet,built,78,8e0ce3e36af1a4042ec83150d3edd6ce35d58952cd2022a59a6ba0178d7cce3e
case_423,a66255bdfc904a1e82a95d29a9db13d1,rag,rag,https://raw.githubusercontent.com/hemingkx/Spec-Bench/66230f10cb0a02aced5ef3ce1e85163c16160454/data/spec_bench/question.jsonl,spec_bench_467,,False,1,parquet,built,706,d797afc7f543a7fc5a6b8eaae57e281f4a21d4435e1076c3d54a8c5068ef8e96
case_424,6ad38f254dfc46f6927fcd9f2627f72e,reasoning,mathematical,https://raw.githubusercontent.com/mtbench101/mt-bench-101/61bc4faa9535cf29a6549b3f9df5efbf7cdd5288/data/subjective/mtbench101.jsonl,mtbench_101_493,,True,1,specdec_bench,built,103,7113d85521ce42712408ead287c24df93a9c6bae669cc450cc14f13a574ecd51
case_425,b8139de45ea6434ca0841b76c955db31,stem,Pharmacy,https://huggingface.co/datasets/cais/hle/tree/021a3d71f516a7ac28ceb8d284969902edf1edeb,66fee6c39e4f456a6d2941b5,hard,False,1,specdec_bench,pending_hle_token,,
case_426,25edce98bf6b4d0c9297a4b317213fb4,writing,Literature & Arts,https://raw.githubusercontent.com/X-PLUG/WritingBench/4701e81e10d0c45cd2f3114efa315c4662da348a/benchmark_query/benchmark_all.jsonl,writing_bench_203,,False,1,parquet,built,92,37395d6a9e502bdc47c799ef9ba1fbedc705eabd9bb4a260e4cb12545c71386b
case_427,5d08adc123c24c0c9c348e7db0a84b90,multilingual,pt_math,https://github.com/RUCAIBox/MMATH/tree/3920f269764e4d3436105d89250833f3d7169c8d,mmath_149,,False,1,parquet,built,118,402882c3e429bed5919b9cf0d7226f1b8aef28b5205341a7489d967b221a2ae0
case_428,72ff0d207a4e48c2b94e44318e868c9f,summarization,,https://huggingface.co/datasets/abisee/cnn_dailymail/tree/96df5e686bee6baa90b8bee7c28b81fa3fa6223d,b5683ef8342056b17b068e0d59bdbe87e3fe44ea,,False,1,specdec_bench,built,313,0b94e7f745fe86378602f26c4994479f7cf5f3a5af7de5521a7bb0f812285b3f
case_429,1e02f6e3621e452d8f352b62e3460623,roleplay,,https://huggingface.co/datasets/ZenMoore/RoleBench/tree/a57ed54f9613921e4a5f1b63601a558cd5acf971/rolebench-eng,rolebench_instruction-generalization_850_rolebench_instruction-generalization_851_rolebench_instruction-generalization_852_rolebench_instruction-generalization_853_rolebench_instruction-generalization_854_rolebench_instruction-generalization_855_rolebench_instruction-generalization_856_rolebench_instruction-generalization_857_rolebench_instruction-generalization_858_rolebench_instruction-generalization_859_rolebench_instruction-generalization_860_rolebench_instruction-generalization_861_rolebench_instruction-generalization_862_rolebench_instruction-generalization_863_rolebench_instruction-generalization_864_rolebench_instruction-generalization_865_rolebench_instruction-generalization_866_rolebench_instruction-generalization_867_rolebench_instruction-generalization_868_rolebench_instruction-generalization_869_rolebench_instruction-generalization_870_rolebench_instruction-generalization_871_rolebench_instruction-generalization_872_rolebench_instruction-generalization_873_rolebench_instruction-generalization_874_rolebench_instruction-generalization_875_rolebench_instruction-generalization_876_rolebench_instruction-generalization_877_rolebench_instruction-generalization_878_rolebench_instruction-generalization_879_rolebench_instruction-generalization_880_rolebench_instruction-generalization_881_rolebench_instruction-generalization_882_rolebench_instruction-generalization_883_rolebench_instruction-generalization_884_rolebench_instruction-generalization_885_rolebench_instruction-generalization_886_rolebench_instruction-generalization_887_rolebench_instruction-generalization_888_rolebench_instruction-generalization_889_rolebench_instruction-generalization_890_rolebench_instruction-generalization_891_rolebench_instruction-generalization_892_rolebench_instruction-generalization_893_rolebench_instruction-generalization_894_rolebench_instruction-generalization_895_rolebench_instruction-generalization_896_rolebench_instruction-generalization_897_rolebench_instruction-generalization_898_rolebench_instruction-generalization_899,,True,2,specdec_bench,built,251,d6c0962f94c879d013e538265bc32648d10bf5c5c4e0d98efac5809c5f530d66
case_430,f2bf4c564d0d42a39241e98a4e6c493f,coding,,https://huggingface.co/datasets/bigcode/humanevalpack/tree/9a41762f73a8cb23bb5811b73d5aab164efcf378,CPP/10,,False,1,parquet,built,222,92b95224655ed29ee1e404984ff766768c91dbe832738b269f1d8208d92e8574
case_431,04c2d712762d4e62860763ceda33c092,humanities,English Literature,https://huggingface.co/datasets/cais/hle/tree/021a3d71f516a7ac28ceb8d284969902edf1edeb,67396b6ad7c193febc65bb8e,hard,False,1,specdec_bench,pending_hle_token,,
case_432,d50a0698769e4c68951f982f35489fed,math,Mathematics,https://huggingface.co/datasets/cais/hle/tree/021a3d71f516a7ac28ceb8d284969902edf1edeb,66eef273278112bed8e1d96b,hard,False,1,specdec_bench,pending_hle_token,,
case_433,a679342425df4cf4ab6929f024d8603e,qa,,https://raw.githubusercontent.com/hemingkx/Spec-Bench/66230f10cb0a02aced5ef3ce1e85163c16160454/data/spec_bench/question.jsonl,spec_bench_279,,False,1,parquet,built,79,e8532ad1f35709c01b1547ced0b52a11dd56f70769222cfb40618eab1fc09e25
case_434,6455672462d84e8c8287d32679c71a3e,rag,table_and_text_extraction,https://huggingface.co/datasets/nvidia/ChatRAG-Bench/tree/af6c7d420ddddf21f54f8ab3394bbf462aad2577/data,chatrag_bench_1963,,True,1,specdec_bench,built,648,3b0e289ad7926af8ed00097c5cb189451bf0c1b8cfe805cfffbd0bdc5c448b4c
case_435,9a3ede14175948b282974d2803fff0d2,reasoning,general,https://raw.githubusercontent.com/mtbench101/mt-bench-101/61bc4faa9535cf29a6549b3f9df5efbf7cdd5288/data/subjective/mtbench101.jsonl,mtbench_101_59,,True,1,specdec_bench,built,82,a6d0e8ef86888bf02f963f56751f3be4dfcc4f14b597dfab80840dc812af3e95
case_436,a04a812d59bc44369c2ef5fb5b3ca696,stem,Electrical Engineering,https://huggingface.co/datasets/cais/hle/tree/021a3d71f516a7ac28ceb8d284969902edf1edeb,671d6502b996cf9936d1afd0,hard,False,1,specdec_bench,pending_hle_token,,
case_437,449673b3764947cd96776f2bca09c7c3,writing,Literature & Arts,https://raw.githubusercontent.com/X-PLUG/WritingBench/4701e81e10d0c45cd2f3114efa315c4662da348a/benchmark_query/benchmark_all.jsonl,writing_bench_695,,False,1,parquet,built,741,3648157a9c671e67cc6d0320d28c9ce79982eb5ff2775b044f77e886ccc5267d
case_438,f568ea39deed41239e8aa961122205c5,multilingual,it_summarization,https://huggingface.co/datasets/FBK-MT/MCIF/blob/cd45ce049f80a73f089f2f0c8bbf85b753584911/long_mixedprompt/test-00000-of-00001.parquet,SUM_80,,False,1,parquet,built,849,0a000447efb653f7e6f1dfdf3b06ddaae625ad0495458f8211f24199ebcdcd26
case_439,7e628056aaea4ca2b74e233cbafc36d1,summarization,,https://huggingface.co/datasets/abisee/cnn_dailymail/tree/96df5e686bee6baa90b8bee7c28b81fa3fa6223d,ee7ff3a7d5e6c82f70b21508d8f2009b7ae37d71,,False,1,specdec_bench,built,350,7ca5b5e7e46c6b5135e3d2962ded4c54a14c6b0ee7d0e69da3b894b5516c98b0
case_440,ad9ae2f31a524ad29a465fbbfde0afc4,roleplay,,https://huggingface.co/datasets/ZenMoore/RoleBench/tree/a57ed54f9613921e4a5f1b63601a558cd5acf971/rolebench-eng,rolebench_instruction-generalization_3200_rolebench_instruction-generalization_3201_rolebench_instruction-generalization_3202_rolebench_instruction-generalization_3203_rolebench_instruction-generalization_3204_rolebench_instruction-generalization_3205_rolebench_instruction-generalization_3206_rolebench_instruction-generalization_3207_rolebench_instruction-generalization_3208_rolebench_instruction-generalization_3209_rolebench_instruction-generalization_3210_rolebench_instruction-generalization_3211_rolebench_instruction-generalization_3212_rolebench_instruction-generalization_3213_rolebench_instruction-generalization_3214_rolebench_instruction-generalization_3215_rolebench_instruction-generalization_3216_rolebench_instruction-generalization_3217_rolebench_instruction-generalization_3218_rolebench_instruction-generalization_3219_rolebench_instruction-generalization_3220_rolebench_instruction-generalization_3221_rolebench_instruction-generalization_3222_rolebench_instruction-generalization_3223_rolebench_instruction-generalization_3224_rolebench_instruction-generalization_3225_rolebench_instruction-generalization_3226_rolebench_instruction-generalization_3227_rolebench_instruction-generalization_3228_rolebench_instruction-generalization_3229_rolebench_instruction-generalization_3230_rolebench_instruction-generalization_3231_rolebench_instruction-generalization_3232_rolebench_instruction-generalization_3233_rolebench_instruction-generalization_3234_rolebench_instruction-generalization_3235_rolebench_instruction-generalization_3236_rolebench_instruction-generalization_3237_rolebench_instruction-generalization_3238_rolebench_instruction-generalization_3239_rolebench_instruction-generalization_3240_rolebench_instruction-generalization_3241_rolebench_instruction-generalization_3242_rolebench_instruction-generalization_3243_rolebench_instruction-generalization_3244_rolebench_instruction-generalization_3245_rolebench_instruction-generalization_3246_rolebench_instruction-generalization_3247_rolebench_instruction-generalization_3248_rolebench_instruction-generalization_3249,,False,1,specdec_bench,built,294,0bb4bb7e0e880da68f4f1691b2b3fcefd65882ba9939a5350d6a229a8997d031
case_441,38603327dbd2472a93a652ce7706ef78,coding,,https://huggingface.co/datasets/bigcode/humanevalpack/tree/9a41762f73a8cb23bb5811b73d5aab164efcf378,Python/141,,False,1,parquet,built,276,d09dda70d90d9122fedf6ae1ebc5eeeac500537827c93ade93df909936399d7b
case_442,249cebba509e4795a30e63eb1aaa6cf2,humanities,Linguistics,https://huggingface.co/datasets/cais/hle/tree/021a3d71f516a7ac28ceb8d284969902edf1edeb,670477044580e464f8bff2a3,hard,False,1,specdec_bench,pending_hle_token,,
case_443,8bc49b74f8fc40c5ab4ce9b0ca21e4cf,math,Applied Mathematics,https://huggingface.co/datasets/cais/hle/tree/021a3d71f516a7ac28ceb8d284969902edf1edeb,6724cdd55ae9c8186f31f920,hard,False,1,specdec_bench,pending_hle_token,,
case_444,5486a5ac3f42451d8b471a0147fa2d3b,qa,,https://raw.githubusercontent.com/hemingkx/Spec-Bench/66230f10cb0a02aced5ef3ce1e85163c16160454/data/spec_bench/question.jsonl,spec_bench_280,,False,1,parquet,built,84,51b325363213a0af811d62dc6a46d7adea211df5a6a3f25a3ea011d15270b385
case_445,4ee80ea583d144cba410406a4b2c9077,rag,rag,https://raw.githubusercontent.com/hemingkx/Spec-Bench/66230f10cb0a02aced5ef3ce1e85163c16160454/data/spec_bench/question.jsonl,spec_bench_435,,False,1,parquet,built,724,2398208fe9345421c702443740b9cd6ed32dbee695c304009d2d4decf5663815
case_446,b888d611264747c1832326d6674f5dea,reasoning,general,https://raw.githubusercontent.com/mtbench101/mt-bench-101/61bc4faa9535cf29a6549b3f9df5efbf7cdd5288/data/subjective/mtbench101.jsonl,mtbench_101_28,,True,1,specdec_bench,built,108,2a4892699bbe2346aa73c123fda0031d5ea488166ec31d15cec74a6261760aa2
case_447,8a06d5ad95894b38847470fcda13dfe8,stem,Chemistry,https://huggingface.co/datasets/cais/hle/tree/021a3d71f516a7ac28ceb8d284969902edf1edeb,67001b2537deff035b73927b,hard,False,1,specdec_bench,pending_hle_token,,
case_448,54b194233aef449c95c343da3256495c,writing,Finance & Business,https://raw.githubusercontent.com/X-PLUG/WritingBench/4701e81e10d0c45cd2f3114efa315c4662da348a/benchmark_query/benchmark_all.jsonl,writing_bench_91,,False,1,parquet,built,94,48fd0ee8188f2a812f1f42e1715229c09efd020f07e984c77fe27ee7ecea2cf7
case_449,7f620504bc24438db937b6bcaa91ec6f,multilingual,th_math,https://github.com/RUCAIBox/MMATH/tree/3920f269764e4d3436105d89250833f3d7169c8d,mmath_15,,False,1,parquet,built,195,6f1d8ac5f029ebfa8771171ff214368dadf7c0145e0c9cb811e4acd71c144a38
case_450,8525af1f0d5b42a8aaa9c9028da29a46,summarization,,https://huggingface.co/datasets/abisee/cnn_dailymail/tree/96df5e686bee6baa90b8bee7c28b81fa3fa6223d,6ca2eb35a570b51945096c18fa37aaf405d159d6,,False,1,specdec_bench,built,954,7e49b60278acdaaa9eba0c3ec55debfe29be44b0da65180722ce43bf7a411c93
case_451,c8ba010e205445d194a09e452d4229c3,roleplay,,https://huggingface.co/datasets/ZenMoore/RoleBench/tree/a57ed54f9613921e4a5f1b63601a558cd5acf971/rolebench-eng,rolebench_instruction-generalization_2400_rolebench_instruction-generalization_2401_rolebench_instruction-generalization_2402_rolebench_instruction-generalization_2403_rolebench_instruction-generalization_2404_rolebench_instruction-generalization_2405_rolebench_instruction-generalization_2406_rolebench_instruction-generalization_2407_rolebench_instruction-generalization_2408_rolebench_instruction-generalization_2409_rolebench_instruction-generalization_2410_rolebench_instruction-generalization_2411_rolebench_instruction-generalization_2412_rolebench_instruction-generalization_2413_rolebench_instruction-generalization_2414_rolebench_instruction-generalization_2415_rolebench_instruction-generalization_2416_rolebench_instruction-generalization_2417_rolebench_instruction-generalization_2418_rolebench_instruction-generalization_2419_rolebench_instruction-generalization_2420_rolebench_instruction-generalization_2421_rolebench_instruction-generalization_2422_rolebench_instruction-generalization_2423_rolebench_instruction-generalization_2424_rolebench_instruction-generalization_2425_rolebench_instruction-generalization_2426_rolebench_instruction-generalization_2427_rolebench_instruction-generalization_2428_rolebench_instruction-generalization_2429_rolebench_instruction-generalization_2430_rolebench_instruction-generalization_2431_rolebench_instruction-generalization_2432_rolebench_instruction-generalization_2433_rolebench_instruction-generalization_2434_rolebench_instruction-generalization_2435_rolebench_instruction-generalization_2436_rolebench_instruction-generalization_2437_rolebench_instruction-generalization_2438_rolebench_instruction-generalization_2439_rolebench_instruction-generalization_2440_rolebench_instruction-generalization_2441_rolebench_instruction-generalization_2442_rolebench_instruction-generalization_2443_rolebench_instruction-generalization_2444_rolebench_instruction-generalization_2445_rolebench_instruction-generalization_2446_rolebench_instruction-generalization_2447_rolebench_instruction-generalization_2448_rolebench_instruction-generalization_2449,,True,3,specdec_bench,built,311,f7adccff503a0fb1c84ad726a8d4c489409ab7228a7a4c292c8685196f2a6677
case_452,08a5bcca5621439cb1b93a663843d75c,coding,,https://huggingface.co/datasets/livecodebench/code_generation_lite/tree/0fe84c3912ea0c4d4a78037083943e8f0c4dd505,abc370_d,medium,False,1,specdec_bench,built,1060,7ead4bba683610e7859a3923899c3c5a7b41e9f1dac18179bb61d32fae28e236
case_453,62bc739ee6a347929da2589a6c60e72a,humanities,History,https://huggingface.co/datasets/cais/hle/tree/021a3d71f516a7ac28ceb8d284969902edf1edeb,66f03563a291f119cd841967,hard,False,1,specdec_bench,pending_hle_token,,
case_454,1817ff34804f46b29d6fe10a08053f28,math,,https://raw.githubusercontent.com/hemingkx/Spec-Bench/66230f10cb0a02aced5ef3ce1e85163c16160454/data/spec_bench/question.jsonl,113,medium,True,2,parquet,built,132,f17fa591467bceff46f93723e6f14e61fa698ee8862f7375dc92af647e8091d9
case_455,51e8dae347994759bf1053cbd5bc7909,qa,,https://raw.githubusercontent.com/hemingkx/Spec-Bench/66230f10cb0a02aced5ef3ce1e85163c16160454/data/spec_bench/question.jsonl,spec_bench_281,,False,1,parquet,built,80,38480ea53bb997901b3863c1fc1749305d8d19c8f7e533e0e768c8dffb526c7f
case_456,8547409ccb0742f1bf6678ea09defa96,rag,rag,https://raw.githubusercontent.com/hemingkx/Spec-Bench/66230f10cb0a02aced5ef3ce1e85163c16160454/data/spec_bench/question.jsonl,spec_bench_421,,False,1,parquet,built,697,929319676a98d0d68b64e46fc2ad8a654354825791ae220f48a2d8edacad0e48
case_457,4c9931a13ffa44d38bfc9648b07308f9,reasoning,mathematical,https://raw.githubusercontent.com/mtbench101/mt-bench-101/61bc4faa9535cf29a6549b3f9df5efbf7cdd5288/data/subjective/mtbench101.jsonl,mtbench_101_550,,True,1,specdec_bench,built,116,2fee7e48b4787a74dc3ab43650e0cc7ead0e1c16a34fac866032ee4491befe8f
case_458,8b68108c5636475a81587c1fb0b37f8b,stem,Genetics,https://huggingface.co/datasets/cais/hle/tree/021a3d71f516a7ac28ceb8d284969902edf1edeb,66f3117acff7b10052fe1e3d,hard,False,1,specdec_bench,pending_hle_token,,
case_459,4e8c5aa454df487abb11cbdd55e2d3f3,writing,historical fiction,https://raw.githubusercontent.com/EQ-bench/creative-writing-bench/refs/heads/main/data/creative_writing_prompts_v3.json,creative_writing_v3_1,,False,1,parquet,built,184,542062c72c2097aa69a0cde137e3772b8b016455e706a6c15482cfbf54530bf5
case_460,c6f62d0db4f0462689f14d17c39e6544,multilingual,ar-en,https://huggingface.co/datasets/Helsinki-NLP/opus-100/tree/805090dc28bf78897da9641cdf08b61287580df9,opus100_ar-en_1003,,False,1,specdec_bench,built,410,a6bf0b68f198aef618a867c74951adb23db9fd6bebc41ecd27fcd30d6c5d875f
case_461,fa4b04e071f0469792c6ab2666dc5c2b,summarization,,https://huggingface.co/datasets/abisee/cnn_dailymail/tree/96df5e686bee6baa90b8bee7c28b81fa3fa6223d,ef15b8dee53283f504d231fbbeb722b03462f3ab,,False,1,specdec_bench,built,782,b7ec4c82b2e9033b13e75d9d8a4e72138ce15a0cd594a20c53d4cfbbd16e5b38
case_462,7f03694f465042129059f661ad34b2be,roleplay,,https://huggingface.co/datasets/ZenMoore/RoleBench/tree/a57ed54f9613921e4a5f1b63601a558cd5acf971/rolebench-eng,rolebench_instruction-generalization_900_rolebench_instruction-generalization_901_rolebench_instruction-generalization_902_rolebench_instruction-generalization_903_rolebench_instruction-generalization_904_rolebench_instruction-generalization_905_rolebench_instruction-generalization_906_rolebench_instruction-generalization_907_rolebench_instruction-generalization_908_rolebench_instruction-generalization_909_rolebench_instruction-generalization_910_rolebench_instruction-generalization_911_rolebench_instruction-generalization_912_rolebench_instruction-generalization_913_rolebench_instruction-generalization_914_rolebench_instruction-generalization_915_rolebench_instruction-generalization_916_rolebench_instruction-generalization_917_rolebench_instruction-generalization_918_rolebench_instruction-generalization_919_rolebench_instruction-generalization_920_rolebench_instruction-generalization_921_rolebench_instruction-generalization_922_rolebench_instruction-generalization_923_rolebench_instruction-generalization_924_rolebench_instruction-generalization_925_rolebench_instruction-generalization_926_rolebench_instruction-generalization_927_rolebench_instruction-generalization_928_rolebench_instruction-generalization_929_rolebench_instruction-generalization_930_rolebench_instruction-generalization_931_rolebench_instruction-generalization_932_rolebench_instruction-generalization_933_rolebench_instruction-generalization_934_rolebench_instruction-generalization_935_rolebench_instruction-generalization_936_rolebench_instruction-generalization_937_rolebench_instruction-generalization_938_rolebench_instruction-generalization_939_rolebench_instruction-generalization_940_rolebench_instruction-generalization_941_rolebench_instruction-generalization_942_rolebench_instruction-generalization_943_rolebench_instruction-generalization_944_rolebench_instruction-generalization_945_rolebench_instruction-generalization_946_rolebench_instruction-generalization_947_rolebench_instruction-generalization_948_rolebench_instruction-generalization_949,,False,1,specdec_bench,built,219,8b07095798e197dd43e5b1353df4408e4d01f603482791821d09c1dcd229aef7
case_463,42c1487f04e648fdaeb04aed702d05ea,coding,,https://huggingface.co/datasets/bigcode/humanevalpack/tree/9a41762f73a8cb23bb5811b73d5aab164efcf378,Java/114,,False,1,parquet,built,172,e03c1e2b84e5acc6e49b11d57cc4588330eaab6522d38d5ffb61e2277c19b230
case_464,c9349198f0ab457abed1d3d3aa385300,humanities,Philosophy,https://huggingface.co/datasets/cais/hle/tree/021a3d71f516a7ac28ceb8d284969902edf1edeb,673eb1cfadce15d9254eb2ac,hard,False,1,specdec_bench,pending_hle_token,,
case_465,3efc6992406f4e08bbb4c562dd668a2c,math,Applied Mathematics,https://huggingface.co/datasets/cais/hle/tree/021a3d71f516a7ac28ceb8d284969902edf1edeb,6723755c2e0b21bf390c5a30,hard,False,1,specdec_bench,pending_hle_token,,
case_466,feaece4949104cf1a98636d67d1dd8b5,qa,,https://raw.githubusercontent.com/hemingkx/Spec-Bench/66230f10cb0a02aced5ef3ce1e85163c16160454/data/spec_bench/question.jsonl,spec_bench_282,,False,1,parquet,built,80,5702c99d46a49a65ece4132b85fcf39375d071ca2dea4074e0704e59261b94be
case_467,afcac885694e44a88d6b28a5d46999c5,rag,rag,https://raw.githubusercontent.com/hemingkx/Spec-Bench/66230f10cb0a02aced5ef3ce1e85163c16160454/data/spec_bench/question.jsonl,spec_bench_455,,False,1,parquet,built,716,36e0a2cccc773eb688894a62b364d3a53e598e723da0621de3416e1c801ff18f
case_468,b02f239a7d984743a8168280aafa329b,reasoning,mathematical,https://raw.githubusercontent.com/mtbench101/mt-bench-101/61bc4faa9535cf29a6549b3f9df5efbf7cdd5288/data/subjective/mtbench101.jsonl,mtbench_101_497,,True,1,specdec_bench,built,207,11920b9f2115725da54f581e46a7012a1e210bcdb0e57b7eaf5602936930344f
case_469,5a373bcd3496460188d7bd876259acfa,stem,Medicine,https://huggingface.co/datasets/cais/hle/tree/021a3d71f516a7ac28ceb8d284969902edf1edeb,66fce79d5dc8a9560304265b,hard,False,1,specdec_bench,pending_hle_token,,
case_470,69a7bffab30948888f629fa4c1692985,writing,Education,https://raw.githubusercontent.com/X-PLUG/WritingBench/4701e81e10d0c45cd2f3114efa315c4662da348a/benchmark_query/benchmark_all.jsonl,writing_bench_218,,False,1,parquet,built,991,7f1a6e668f03a9e9520ce85945dda5be673122df28aef0f0f16d9b1d4ed99a49
case_471,6d84570923b74cae9004df6217c508ed,multilingual,ko_math,https://github.com/RUCAIBox/MMATH/tree/3920f269764e4d3436105d89250833f3d7169c8d,mmath_360,,False,1,parquet,built,153,5297ca21b45d615303408b72f9d2f923dd399038bf6290213943f93d3f570bd1
case_472,3c9c857925d943da91d9d33e3fabcaf0,summarization,,https://huggingface.co/datasets/abisee/cnn_dailymail/tree/96df5e686bee6baa90b8bee7c28b81fa3fa6223d,f35c44125649a9ebc18d1807d9d26753a53394f7,,False,1,specdec_bench,built,352,18944130a044880346ab834e4454b2b01ae16ce479a4f9ba6d340786b0f22219
case_473,0f65d3d8f4e6482e8421584ef2aa88d0,roleplay,,https://huggingface.co/datasets/ZenMoore/RoleBench/tree/a57ed54f9613921e4a5f1b63601a558cd5acf971/rolebench-eng,rolebench_instruction-generalization_300_rolebench_instruction-generalization_301_rolebench_instruction-generalization_302_rolebench_instruction-generalization_303_rolebench_instruction-generalization_304_rolebench_instruction-generalization_305_rolebench_instruction-generalization_306_rolebench_instruction-generalization_307_rolebench_instruction-generalization_308_rolebench_instruction-generalization_309_rolebench_instruction-generalization_310_rolebench_instruction-generalization_311_rolebench_instruction-generalization_312_rolebench_instruction-generalization_313_rolebench_instruction-generalization_314_rolebench_instruction-generalization_315_rolebench_instruction-generalization_316_rolebench_instruction-generalization_317_rolebench_instruction-generalization_318_rolebench_instruction-generalization_319_rolebench_instruction-generalization_320_rolebench_instruction-generalization_321_rolebench_instruction-generalization_322_rolebench_instruction-generalization_323_rolebench_instruction-generalization_324_rolebench_instruction-generalization_325_rolebench_instruction-generalization_326_rolebench_instruction-generalization_327_rolebench_instruction-generalization_328_rolebench_instruction-generalization_329_rolebench_instruction-generalization_330_rolebench_instruction-generalization_331_rolebench_instruction-generalization_332_rolebench_instruction-generalization_333_rolebench_instruction-generalization_334_rolebench_instruction-generalization_335_rolebench_instruction-generalization_336_rolebench_instruction-generalization_337_rolebench_instruction-generalization_338_rolebench_instruction-generalization_339_rolebench_instruction-generalization_340_rolebench_instruction-generalization_341_rolebench_instruction-generalization_342_rolebench_instruction-generalization_343_rolebench_instruction-generalization_344_rolebench_instruction-generalization_345_rolebench_instruction-generalization_346_rolebench_instruction-generalization_347_rolebench_instruction-generalization_348_rolebench_instruction-generalization_349,,True,3,specdec_bench,built,250,43bc07fc71de77e13a5e8dfa24f6970b7472de4eb58cf318f7f1b1b77934dafb
case_474,0e608dd6d8794d0aa40b1a1b2748b699,coding,,https://huggingface.co/datasets/bigcode/humanevalpack/tree/9a41762f73a8cb23bb5811b73d5aab164efcf378,JavaScript/1,,False,1,parquet,built,166,255816d1c688f370fd3fbe100494924f0fb6b965b9b2f5e615302c50c6bcd0d4
case_475,e4eaa7ecec01471aad13e693b5ca0ff8,humanities,Linguistics,https://huggingface.co/datasets/cais/hle/tree/021a3d71f516a7ac28ceb8d284969902edf1edeb,66e9c038d2d1c2dec1f6978e,hard,False,1,specdec_bench,pending_hle_token,,
case_476,4a8cb21927ed423aab156e0bf9db9a38,math,Mathematics,https://huggingface.co/datasets/cais/hle/tree/021a3d71f516a7ac28ceb8d284969902edf1edeb,672e4d316ee63a5d94bf863a,hard,False,1,specdec_bench,pending_hle_token,,
case_477,787f7ae3d85d4e6e9f055b8547a608a7,qa,,https://raw.githubusercontent.com/hemingkx/Spec-Bench/66230f10cb0a02aced5ef3ce1e85163c16160454/data/spec_bench/question.jsonl,spec_bench_283,,False,1,parquet,built,77,0fdc1d76118f35b0169dc06d97f713ec53ea18ef616bfa5c090960b2db863652
case_478,dfd1569351a543239a8ee12497863f84,rag,rag,https://raw.githubusercontent.com/hemingkx/Spec-Bench/66230f10cb0a02aced5ef3ce1e85163c16160454/data/spec_bench/question.jsonl,spec_bench_474,,False,1,parquet,built,750,6aab9423a7e2f74bb6388ba6ca7602383797812961b77390a6f982c0d9686cbd
case_479,7b37f555e73547ce9fcd0f9fa1ace96e,reasoning,general,https://raw.githubusercontent.com/mtbench101/mt-bench-101/61bc4faa9535cf29a6549b3f9df5efbf7cdd5288/data/subjective/mtbench101.jsonl,mtbench_101_10,,True,1,specdec_bench,built,99,0e59b0b1197da47aeee66ee16c38fa12752917c0266d1187edbe93118895bcc1
case_480,47510092ba9542f2bd2b252e219b937e,stem,Theoretical Computer Science,https://huggingface.co/datasets/cais/hle/tree/021a3d71f516a7ac28ceb8d284969902edf1edeb,6737b03e324a519fe6eaca58,hard,False,1,specdec_bench,pending_hle_token,,
case_481,8e98ae76854e427b83f39aa9f68fa517,writing,Advertising & Marketing,https://raw.githubusercontent.com/X-PLUG/WritingBench/4701e81e10d0c45cd2f3114efa315c4662da348a/benchmark_query/benchmark_all.jsonl,writing_bench_552,,False,1,parquet,built,2667,f49b00db273d601d90c23b49f124b875a876fbb9fa910fc72c1e2c936f79aece
case_482,648baf3e0c21439994e6903390a8bc08,multilingual,en-gd,https://huggingface.co/datasets/Helsinki-NLP/opus-100/tree/805090dc28bf78897da9641cdf08b61287580df9,opus100_en-gd_892,,False,1,specdec_bench,built,220,90db05432c7e84a1908f3b04e0580a9f51cb8b4bda2be942239a1f99147a52a6
case_483,3d2e77d34dcf4cde940a2d7779b29729,summarization,,https://huggingface.co/datasets/abisee/cnn_dailymail/tree/96df5e686bee6baa90b8bee7c28b81fa3fa6223d,71581e86a4aaee76558b55ea20ec5cd08e4bf11a,,False,1,specdec_bench,built,2276,73d2f1e087dd1cd6ee84ebf12d3b5290d89fe94ff08f64f34cc827772f70cf41
case_484,ca8ab5a12ab94645a67d419a92e6281d,roleplay,,https://huggingface.co/datasets/ZenMoore/RoleBench/tree/a57ed54f9613921e4a5f1b63601a558cd5acf971/rolebench-eng,rolebench_instruction-generalization_4450_rolebench_instruction-generalization_4451_rolebench_instruction-generalization_4452_rolebench_instruction-generalization_4453_rolebench_instruction-generalization_4454_rolebench_instruction-generalization_4455_rolebench_instruction-generalization_4456_rolebench_instruction-generalization_4457_rolebench_instruction-generalization_4458_rolebench_instruction-generalization_4459_rolebench_instruction-generalization_4460_rolebench_instruction-generalization_4461_rolebench_instruction-generalization_4462_rolebench_instruction-generalization_4463_rolebench_instruction-generalization_4464_rolebench_instruction-generalization_4465_rolebench_instruction-generalization_4466_rolebench_instruction-generalization_4467_rolebench_instruction-generalization_4468_rolebench_instruction-generalization_4469_rolebench_instruction-generalization_4470_rolebench_instruction-generalization_4471_rolebench_instruction-generalization_4472_rolebench_instruction-generalization_4473_rolebench_instruction-generalization_4474_rolebench_instruction-generalization_4475_rolebench_instruction-generalization_4476_rolebench_instruction-generalization_4477_rolebench_instruction-generalization_4478_rolebench_instruction-generalization_4479_rolebench_instruction-generalization_4480_rolebench_instruction-generalization_4481_rolebench_instruction-generalization_4482_rolebench_instruction-generalization_4483_rolebench_instruction-generalization_4484_rolebench_instruction-generalization_4485_rolebench_instruction-generalization_4486_rolebench_instruction-generalization_4487_rolebench_instruction-generalization_4488_rolebench_instruction-generalization_4489_rolebench_instruction-generalization_4490_rolebench_instruction-generalization_4491_rolebench_instruction-generalization_4492_rolebench_instruction-generalization_4493_rolebench_instruction-generalization_4494_rolebench_instruction-generalization_4495_rolebench_instruction-generalization_4496_rolebench_instruction-generalization_4497_rolebench_instruction-generalization_4498_rolebench_instruction-generalization_4499,,True,3,specdec_bench,built,228,df6c502f6454a2a84053948171a83d7000c6cfcc4311da5aa985c4f7dd739898
case_485,bba6da07402a44e59a444de6f6b672d4,coding,,https://huggingface.co/datasets/bigcode/humanevalpack/tree/9a41762f73a8cb23bb5811b73d5aab164efcf378,Go/118,,False,1,parquet,built,207,47aefcb1cc76814b977b1170c09f368ccf3fca3bfca914c8c4358ce85606ddf3
case_486,622debd5a1214c4dbc5de12fcda92ba9,humanities,Law,https://huggingface.co/datasets/cais/hle/tree/021a3d71f516a7ac28ceb8d284969902edf1edeb,671dfacd16b873a455cbd5e0,hard,False,1,specdec_bench,pending_hle_token,,
case_487,cee4837deb3b4f95bc4b556a1c289911,math,Applied Mathematics,https://huggingface.co/datasets/cais/hle/tree/021a3d71f516a7ac28ceb8d284969902edf1edeb,672a5b4eefd96b7e660d8ea4,hard,False,1,specdec_bench,pending_hle_token,,
case_488,90f1c495485642e7ad513deb1988bd9c,qa,,https://raw.githubusercontent.com/hemingkx/Spec-Bench/66230f10cb0a02aced5ef3ce1e85163c16160454/data/spec_bench/question.jsonl,spec_bench_284,,False,1,parquet,built,77,a12dbab6c71a10a31221bbbf04223580560743d85d45718cd2630faecede28b9
case_489,85c384e4142e4e54b32fb5ffeb8acf97,rag,rag,https://raw.githubusercontent.com/hemingkx/Spec-Bench/66230f10cb0a02aced5ef3ce1e85163c16160454/data/spec_bench/question.jsonl,spec_bench_456,,False,1,parquet,built,735,191deede60555fa0361e04242f825222342616090d32dfb2f4bd8e0cc703db26
case_490,bf1b0b44d4de4a3c8af566ce9a053318,reasoning,history,https://huggingface.co/datasets/TIGER-Lab/MMLU-Pro/blob/30527804ea8854662078e457808040d872ecdf29/data/test-00000-of-00001.parquet,"mmlu_pro_(2307, 'history')",,False,2,specdec_bench,built,253,3007ccc8f33ad1669609eaa6e4591b1162b49d82f180e96c87ea4c1d25149f83
case_491,6ba4093e4f8c4eb5b5651ea86b43de31,stem,Physics,https://huggingface.co/datasets/cais/hle/tree/021a3d71f516a7ac28ceb8d284969902edf1edeb,672de9b9ed6de72b75b8c802,hard,False,1,specdec_bench,pending_hle_token,,
case_492,82e07d182d284df885e0b12558d032b6,writing,Literature & Arts,https://raw.githubusercontent.com/X-PLUG/WritingBench/4701e81e10d0c45cd2f3114efa315c4662da348a/benchmark_query/benchmark_all.jsonl,writing_bench_212,,False,1,parquet,built,843,147d0b28b1d8f5c7de42911f4436cac4bbddf3437208d3c165cc7d8072e3e2f0
case_493,bb5086d34e8c4b03aef38c340932e573,multilingual,ar_math,https://github.com/RUCAIBox/MMATH/tree/3920f269764e4d3436105d89250833f3d7169c8d,mmath_294,,False,1,parquet,built,105,3e34fe2b3696a14f8d0dcae63de310fc44adf4192ef0f5d2cd4a6aa5c4145aa1
case_494,d4c971a1d0414186bed24bb726e984a3,summarization,,https://huggingface.co/datasets/abisee/cnn_dailymail/tree/96df5e686bee6baa90b8bee7c28b81fa3fa6223d,7bf02e3c3cb51e853f8d67400622681f86da6e4d,,False,1,specdec_bench,built,584,75284710d5e7c0bc0d9d54d0aeb1d2a8edb2e385e1f1e0a23c7ad47154b1b526
case_495,f1850e535eba4bbf92fb791780fbf574,roleplay,,https://huggingface.co/datasets/ZenMoore/RoleBench/tree/a57ed54f9613921e4a5f1b63601a558cd5acf971/rolebench-eng,rolebench_instruction-generalization_3800_rolebench_instruction-generalization_3801_rolebench_instruction-generalization_3802_rolebench_instruction-generalization_3803_rolebench_instruction-generalization_3804_rolebench_instruction-generalization_3805_rolebench_instruction-generalization_3806_rolebench_instruction-generalization_3807_rolebench_instruction-generalization_3808_rolebench_instruction-generalization_3809_rolebench_instruction-generalization_3810_rolebench_instruction-generalization_3811_rolebench_instruction-generalization_3812_rolebench_instruction-generalization_3813_rolebench_instruction-generalization_3814_rolebench_instruction-generalization_3815_rolebench_instruction-generalization_3816_rolebench_instruction-generalization_3817_rolebench_instruction-generalization_3818_rolebench_instruction-generalization_3819_rolebench_instruction-generalization_3820_rolebench_instruction-generalization_3821_rolebench_instruction-generalization_3822_rolebench_instruction-generalization_3823_rolebench_instruction-generalization_3824_rolebench_instruction-generalization_3825_rolebench_instruction-generalization_3826_rolebench_instruction-generalization_3827_rolebench_instruction-generalization_3828_rolebench_instruction-generalization_3829_rolebench_instruction-generalization_3830_rolebench_instruction-generalization_3831_rolebench_instruction-generalization_3832_rolebench_instruction-generalization_3833_rolebench_instruction-generalization_3834_rolebench_instruction-generalization_3835_rolebench_instruction-generalization_3836_rolebench_instruction-generalization_3837_rolebench_instruction-generalization_3838_rolebench_instruction-generalization_3839_rolebench_instruction-generalization_3840_rolebench_instruction-generalization_3841_rolebench_instruction-generalization_3842_rolebench_instruction-generalization_3843_rolebench_instruction-generalization_3844_rolebench_instruction-generalization_3845_rolebench_instruction-generalization_3846_rolebench_instruction-generalization_3847_rolebench_instruction-generalization_3848_rolebench_instruction-generalization_3849,,True,4,specdec_bench,built,327,6dc9c83f7f0225afe68808b156f705ee784e82c337f48935e9af1a128dab82f1
case_496,18c06caa12064698a1f7377225b37aa2,coding,,https://huggingface.co/datasets/bigcode/humanevalpack/tree/9a41762f73a8cb23bb5811b73d5aab164efcf378,Python/59,,False,1,parquet,built,125,0246d1536cf15a13a4f048a124541f2634d4e9301c9818ffa75c3624bb4438cc
case_497,a06319eb76da4f31b5031b3a88225dbd,humanities,Economics,https://huggingface.co/datasets/cais/hle/tree/021a3d71f516a7ac28ceb8d284969902edf1edeb,6736f62aafbcf9397103d22f,hard,False,1,specdec_bench,pending_hle_token,,
case_498,573e688d1bf84af4b3c7be620c912c39,math,Mathematics,https://huggingface.co/datasets/cais/hle/tree/021a3d71f516a7ac28ceb8d284969902edf1edeb,66e8a23d15c60c2c32f2ba55,hard,False,1,specdec_bench,pending_hle_token,,
case_499,efc7e5af1fc04eec8820ff2b47fdfa6a,qa,,https://raw.githubusercontent.com/hemingkx/Spec-Bench/66230f10cb0a02aced5ef3ce1e85163c16160454/data/spec_bench/question.jsonl,spec_bench_285,,False,1,parquet,built,76,f465e69da7e7930ecf5ee9bb1762c1acdd7d283c2dcbec9a622c46981ae9a507
case_500,74cd8d6deab5419cbda3d5cadba49763,rag,rag,https://raw.githubusercontent.com/hemingkx/Spec-Bench/66230f10cb0a02aced5ef3ce1e85163c16160454/data/spec_bench/question.jsonl,spec_bench_457,,False,1,parquet,built,732,79400bf1c3ac7a1bcaa22462fea348ea48e8c2d6b1f9b71d119c8145b7ee6fb6
case_501,b465c2ad15a74f91bd512fde379d491e,reasoning,mathematical,https://raw.githubusercontent.com/mtbench101/mt-bench-101/61bc4faa9535cf29a6549b3f9df5efbf7cdd5288/data/subjective/mtbench101.jsonl,mtbench_101_452,,True,1,specdec_bench,built,142,72fdfa8bca20f5518abfb6ef4629333dd21bd34ecf6dac0237f5f7fbab962d41
case_502,fb0ba83291bf4d76ba39c251190b1021,stem,Physics,https://huggingface.co/datasets/cais/hle/tree/021a3d71f516a7ac28ceb8d284969902edf1edeb,66f28cc8b866ea3f1f4e95f5,hard,False,1,specdec_bench,pending_hle_token,,
case_503,adc7fcea6f5b473c8f2b29967dd0946d,writing,Academic & Engineering,https://raw.githubusercontent.com/X-PLUG/WritingBench/4701e81e10d0c45cd2f3114efa315c4662da348a/benchmark_query/benchmark_all.jsonl,writing_bench_486,,False,1,parquet,built,891,497989781e74264a7b760ba1e01d4e3b0e5a4b7a85bd4619f2dab04d2844cf4e
case_504,a5fece73b7d74a55a4b23addb2a07858,multilingual,en-fr,https://huggingface.co/datasets/Helsinki-NLP/opus-100/tree/805090dc28bf78897da9641cdf08b61287580df9,opus100_en-fr_1735,,False,1,specdec_bench,built,204,cb7e3cb58cf2d6fa095c9b4515e4ef05410d6b26c711edd22ce8704e79f46d61
case_505,b4921bee57bc4f01b7ed4f6b25029f13,summarization,,https://huggingface.co/datasets/abisee/cnn_dailymail/tree/96df5e686bee6baa90b8bee7c28b81fa3fa6223d,9ffd9f943b756951a31e1158c1822291f2b0c5d2,,False,1,specdec_bench,built,318,1d4842265849cb962fa622aac3f8ebff9069fa9ab05b00f2508e2ea28640e1e3
case_506,d4d67c54891641b9ac5163513e857ba0,roleplay,,https://huggingface.co/datasets/Neph0s/CoSER/tree/7cc80430f92532cda85df45015a4aca8ecc068d0,coser_40,,False,1,specdec_bench,built,922,0d276e4523ffdd5563eeb6568cc5498e7fa0769b46e8f7cf2cf21cc7f68e4b28
case_507,e967915d991c4cfe96e56cddc8acbc8e,coding,,https://huggingface.co/datasets/bigcode/humanevalpack/tree/9a41762f73a8cb23bb5811b73d5aab164efcf378,JavaScript/112,,False,1,parquet,built,229,f983ad8b246a6cae855a9dc561606a151110eb4c1aa5608b675a013e87a7812a
case_508,ccbbb8c5a0714f9d895acb62822ef44c,humanities,History,https://huggingface.co/datasets/cais/hle/tree/021a3d71f516a7ac28ceb8d284969902edf1edeb,670944a7da01179cfbd24ef8,hard,False,1,specdec_bench,pending_hle_token,,
case_509,8efa1ea752e74352be0cee85731b6ba7,math,,https://raw.githubusercontent.com/hemingkx/Spec-Bench/66230f10cb0a02aced5ef3ce1e85163c16160454/data/spec_bench/question.jsonl,431_432,easy,True,2,parquet,built,104,cbc6ab63e868cd6d56d7ba45879b9ff74b54c6a67f3384b39519fad51c5128f7
case_510,5a3467ed8eaf4df8a640332288dfa924,qa,,https://raw.githubusercontent.com/hemingkx/Spec-Bench/66230f10cb0a02aced5ef3ce1e85163c16160454/data/spec_bench/question.jsonl,spec_bench_286,,False,1,parquet,built,76,ca89a031bff2a32ec11f4a623730b66606b94ebae7753244a0597f518021f2df
case_511,517a61ec86ab4c4cb511574e3f1806b5,rag,extraction,https://raw.githubusercontent.com/hemingkx/Spec-Bench/66230f10cb0a02aced5ef3ce1e85163c16160454/data/spec_bench/question.jsonl,spec_bench_53,,True,2,parquet,built,254,adf0cbf4985e636ebb6f3309f4d7b9300bd74c869fec81217ef4c20f5eacd9fb
case_512,71a2947fa75f490aba088eb9f16037c8,reasoning,general,https://raw.githubusercontent.com/mtbench101/mt-bench-101/61bc4faa9535cf29a6549b3f9df5efbf7cdd5288/data/subjective/mtbench101.jsonl,mtbench_101_60,,True,1,specdec_bench,built,81,5c2e5424328cdcf79770fe4cd91a903fb7a5b3365d1595ec3a74b66802ba7d2c
case_513,61ffc7a36261431d8b782f50c0a65eb8,stem,,https://raw.githubusercontent.com/hemingkx/Spec-Bench/66230f10cb0a02aced5ef3ce1e85163c16160454/data/spec_bench/question.jsonl,spec_bench_69,medium,True,2,parquet,built,86,4da1136761b3b1d1e0ee8187ecff1afcf47ebf89d6f8cf35d0612f453aa6b6e6
case_514,b406d7fe469e4de78154e07627522624,writing,Advertising & Marketing,https://raw.githubusercontent.com/X-PLUG/WritingBench/4701e81e10d0c45cd2f3114efa315c4662da348a/benchmark_query/benchmark_all.jsonl,writing_bench_429,,False,1,parquet,built,188,dee2f532b3ba6bf78675ed35be7e140f89780753b4b18eaad096a8f969da82f1
case_515,55389be511694cd6a04570c8fa178c2e,multilingual,ru-zh,https://huggingface.co/datasets/Helsinki-NLP/opus-100/tree/805090dc28bf78897da9641cdf08b61287580df9,opus100_ru-zh_875,,False,1,specdec_bench,built,275,9a6d6df599117f03f772bfc567df3e91103dbcb7a4cc33618286695e8bcaa748
case_516,6f2e092145244cf8b63611da1db994bd,summarization,,https://huggingface.co/datasets/abisee/cnn_dailymail/tree/96df5e686bee6baa90b8bee7c28b81fa3fa6223d,db5e9b892d3f024366010d91a3b3094638b758b7,,False,1,specdec_bench,built,858,d3c9ff6581647eb7d4c1fad22b6bbeebf329846858998c159f00cd8c73628c04
case_517,f38d28752a534e96bba4a5bf62cf78f0,roleplay,,https://huggingface.co/datasets/Neph0s/CoSER/tree/7cc80430f92532cda85df45015a4aca8ecc068d0,coser_144,,False,1,specdec_bench,built,1292,8e71edd07519a7f285527b4845b4780c75a84af0697c07149be8e21813f2a5bc
case_518,72556488e2be47fe9980caa01e3fef35,coding,,https://huggingface.co/datasets/livecodebench/code_generation_lite/tree/0fe84c3912ea0c4d4a78037083943e8f0c4dd505,abc397_a,easy,False,1,specdec_bench,built,484,587ef03cefa3f582dd3a99b7d06c06f6b4b09e22b7b008179afdb5b54797aecf
case_519,3c945fde276046cc88de06dc392f2db9,humanities,,https://raw.githubusercontent.com/hemingkx/Spec-Bench/66230f10cb0a02aced5ef3ce1e85163c16160454/data/spec_bench/question.jsonl,spec_bench_76,medium,True,2,parquet,built,79,291e163d341b91aee4543cb1ce5a94fe6195625b27ac5c9a4bef5c3914070169
case_520,e4fdfe1b81ae41b2b3a8028ccd330710,math,Mathematics,https://huggingface.co/datasets/cais/hle/tree/021a3d71f516a7ac28ceb8d284969902edf1edeb,672f54bf8e66d0d6f864f6ec,hard,False,1,specdec_bench,pending_hle_token,,
case_521,7c7a32e1b09e4fceaac9e86ddaff9b49,qa,,https://raw.githubusercontent.com/hemingkx/Spec-Bench/66230f10cb0a02aced5ef3ce1e85163c16160454/data/spec_bench/question.jsonl,spec_bench_287,,False,1,parquet,built,77,d1c16e2733bcc49b478e3b623aa29e27a6818d9a0c6a23fd61650a137ad18d65
case_522,025ad33d686a4b14ad6021cc041a400c,rag,rag,https://raw.githubusercontent.com/hemingkx/Spec-Bench/66230f10cb0a02aced5ef3ce1e85163c16160454/data/spec_bench/question.jsonl,spec_bench_465,,False,1,parquet,built,754,6e2b697294b6d25e2b603cdc1c53a1ffdca5404415db0559dd9ac28f8ccd1044
case_523,fb9a529e53bb4c0684f8fa4bf0979bf5,reasoning,mathematical,https://raw.githubusercontent.com/mtbench101/mt-bench-101/61bc4faa9535cf29a6549b3f9df5efbf7cdd5288/data/subjective/mtbench101.jsonl,mtbench_101_515,,True,1,specdec_bench,built,119,56df6ee5ac5fa181ad6b0396f8281d0def2b6030b73de900ac9abc971b99c0e7
case_524,809cd8ce44404b3faa74ed6673bfa253,stem,Computer Science,https://huggingface.co/datasets/cais/hle/tree/021a3d71f516a7ac28ceb8d284969902edf1edeb,67621c9152d4856784239c35,hard,False,1,specdec_bench,pending_hle_token,,
case_525,046f05feedfe413cb872cb5c638f5ea7,writing,Academic & Engineering,https://raw.githubusercontent.com/X-PLUG/WritingBench/4701e81e10d0c45cd2f3114efa315c4662da348a/benchmark_query/benchmark_all.jsonl,writing_bench_257,,False,1,parquet,built,236,56ab24d0425952454755768895b0eb27a037d497f1f209acac0fbb8a3ab4f6fb
case_526,1bfe2f153ca0465d950ca963fae666ee,multilingual,en-es,https://huggingface.co/datasets/Helsinki-NLP/opus-100/tree/805090dc28bf78897da9641cdf08b61287580df9,opus100_en-es_1137,,False,1,specdec_bench,built,432,14505b3c3ea1a66195c9f678ca8163eb4210f16b6771ef15aeb3fb0f0a6e4c24
case_527,698a068d8ec5447db92cc9358e8172ac,summarization,,https://huggingface.co/datasets/abisee/cnn_dailymail/tree/96df5e686bee6baa90b8bee7c28b81fa3fa6223d,d105487b1329280104fcbd7309d87d9b630ecefa,,False,1,specdec_bench,built,1267,9b033eb8b4756291d99a90358fe309b632b6298745c99f55c877ff1d740828cd
case_528,223da671423c456f874f62bccf348f65,roleplay,,https://huggingface.co/datasets/ZenMoore/RoleBench/tree/a57ed54f9613921e4a5f1b63601a558cd5acf971/rolebench-eng,rolebench_instruction-generalization_3950_rolebench_instruction-generalization_3951_rolebench_instruction-generalization_3952_rolebench_instruction-generalization_3953_rolebench_instruction-generalization_3954_rolebench_instruction-generalization_3955_rolebench_instruction-generalization_3956_rolebench_instruction-generalization_3957_rolebench_instruction-generalization_3958_rolebench_instruction-generalization_3959_rolebench_instruction-generalization_3960_rolebench_instruction-generalization_3961_rolebench_instruction-generalization_3962_rolebench_instruction-generalization_3963_rolebench_instruction-generalization_3964_rolebench_instruction-generalization_3965_rolebench_instruction-generalization_3966_rolebench_instruction-generalization_3967_rolebench_instruction-generalization_3968_rolebench_instruction-generalization_3969_rolebench_instruction-generalization_3970_rolebench_instruction-generalization_3971_rolebench_instruction-generalization_3972_rolebench_instruction-generalization_3973_rolebench_instruction-generalization_3974_rolebench_instruction-generalization_3975_rolebench_instruction-generalization_3976_rolebench_instruction-generalization_3977_rolebench_instruction-generalization_3978_rolebench_instruction-generalization_3979_rolebench_instruction-generalization_3980_rolebench_instruction-generalization_3981_rolebench_instruction-generalization_3982_rolebench_instruction-generalization_3983_rolebench_instruction-generalization_3984_rolebench_instruction-generalization_3985_rolebench_instruction-generalization_3986_rolebench_instruction-generalization_3987_rolebench_instruction-generalization_3988_rolebench_instruction-generalization_3989_rolebench_instruction-generalization_3990_rolebench_instruction-generalization_3991_rolebench_instruction-generalization_3992_rolebench_instruction-generalization_3993_rolebench_instruction-generalization_3994_rolebench_instruction-generalization_3995_rolebench_instruction-generalization_3996_rolebench_instruction-generalization_3997_rolebench_instruction-generalization_3998_rolebench_instruction-generalization_3999,,True,2,specdec_bench,built,322,e730a85212abd209ca8b672fe41753e68fe9d176b0aa77c065aba74fb1e86684
case_529,eaa1ffd6d1b04beb91923a028c426db3,coding,,https://huggingface.co/datasets/bigcode/humanevalpack/tree/9a41762f73a8cb23bb5811b73d5aab164efcf378,Go/140,,False,1,parquet,built,161,54d0514fe8a6608e6cfbb83b00605ecf7f4f46740d6fe84621db60bc45066657
case_530,1febf8ed22dc4a21b845c53b4c91b91f,humanities,Chinese Literature,https://huggingface.co/datasets/cais/hle/tree/021a3d71f516a7ac28ceb8d284969902edf1edeb,67cb7986f45c0cc9422617ec,hard,False,1,specdec_bench,pending_hle_token,,
case_531,a263497e25f04d3a8a77ddc58eff255c,math,Mathematics,https://huggingface.co/datasets/cais/hle/tree/021a3d71f516a7ac28ceb8d284969902edf1edeb,67225e48f657c5888f075dad,hard,False,1,specdec_bench,pending_hle_token,,
case_532,b5079f0f7b6f4e1cb836376c2de02245,qa,,https://raw.githubusercontent.com/hemingkx/Spec-Bench/66230f10cb0a02aced5ef3ce1e85163c16160454/data/spec_bench/question.jsonl,spec_bench_288,,False,1,parquet,built,79,5f95cff7db5fa353d17ef910d35208f1eab1b9ced82f0f1e9b203119ea4d10ca
case_533,217c9418ae674ad9bcc4b236fdaf8801,rag,rag,https://raw.githubusercontent.com/hemingkx/Spec-Bench/66230f10cb0a02aced5ef3ce1e85163c16160454/data/spec_bench/question.jsonl,spec_bench_412,,False,1,parquet,built,784,8280f8657fdf5b55692cfac20135b765e28272fa1869377aac41272a0dd54e6f
case_534,ed0fbb11a00e42b3afa399c9c3a343a4,reasoning,general,https://raw.githubusercontent.com/mtbench101/mt-bench-101/61bc4faa9535cf29a6549b3f9df5efbf7cdd5288/data/subjective/mtbench101.jsonl,mtbench_101_25,,True,1,specdec_bench,built,94,91b6b2528ffe086cc5b873f21e9b9e1af3d6f5de985bba882bf2fcac837dcc2e
case_535,e200130aadf94053809ac10b76ab45f2,stem,Physics,https://huggingface.co/datasets/cais/hle/tree/021a3d71f516a7ac28ceb8d284969902edf1edeb,673f8ff088d617494f21e0d2,hard,False,1,specdec_bench,pending_hle_token,,
case_536,f3a5910cbdc742e78fea77d2de4e71f7,writing,Finance & Business,https://raw.githubusercontent.com/X-PLUG/WritingBench/4701e81e10d0c45cd2f3114efa315c4662da348a/benchmark_query/benchmark_all.jsonl,writing_bench_69,,False,1,parquet,built,417,bdd6fa8280348e1c5c9b4008b609bf3c22d4d281c6fe08d79f588f0e995e45b9
case_537,217189a6bc624591bc41ddc3789d696e,multilingual,en-mg,https://huggingface.co/datasets/Helsinki-NLP/opus-100/tree/805090dc28bf78897da9641cdf08b61287580df9,opus100_en-mg_1915,,False,1,specdec_bench,built,243,0e0568f7bd9badea5eff393a9a50119dfb4e7456cc884af8b53bf5cd77d89f90
case_538,dd2ce65ebb36429a802a23c1e15aa5fd,summarization,,https://huggingface.co/datasets/abisee/cnn_dailymail/tree/96df5e686bee6baa90b8bee7c28b81fa3fa6223d,2aa8694af6153e761ac608f96dd7ef90139ce13b,,False,1,specdec_bench,built,474,7933923c30e330d4cd1fbe54498be1ac8707abbfa60aa26728c1e8285abe09d9
case_539,c3d0934f196846c5a5e838c95dc6a053,roleplay,,https://huggingface.co/datasets/ZenMoore/RoleBench/tree/a57ed54f9613921e4a5f1b63601a558cd5acf971/rolebench-eng,rolebench_instruction-generalization_4250_rolebench_instruction-generalization_4251_rolebench_instruction-generalization_4252_rolebench_instruction-generalization_4253_rolebench_instruction-generalization_4254_rolebench_instruction-generalization_4255_rolebench_instruction-generalization_4256_rolebench_instruction-generalization_4257_rolebench_instruction-generalization_4258_rolebench_instruction-generalization_4259_rolebench_instruction-generalization_4260_rolebench_instruction-generalization_4261_rolebench_instruction-generalization_4262_rolebench_instruction-generalization_4263_rolebench_instruction-generalization_4264_rolebench_instruction-generalization_4265_rolebench_instruction-generalization_4266_rolebench_instruction-generalization_4267_rolebench_instruction-generalization_4268_rolebench_instruction-generalization_4269_rolebench_instruction-generalization_4270_rolebench_instruction-generalization_4271_rolebench_instruction-generalization_4272_rolebench_instruction-generalization_4273_rolebench_instruction-generalization_4274_rolebench_instruction-generalization_4275_rolebench_instruction-generalization_4276_rolebench_instruction-generalization_4277_rolebench_instruction-generalization_4278_rolebench_instruction-generalization_4279_rolebench_instruction-generalization_4280_rolebench_instruction-generalization_4281_rolebench_instruction-generalization_4282_rolebench_instruction-generalization_4283_rolebench_instruction-generalization_4284_rolebench_instruction-generalization_4285_rolebench_instruction-generalization_4286_rolebench_instruction-generalization_4287_rolebench_instruction-generalization_4288_rolebench_instruction-generalization_4289_rolebench_instruction-generalization_4290_rolebench_instruction-generalization_4291_rolebench_instruction-generalization_4292_rolebench_instruction-generalization_4293_rolebench_instruction-generalization_4294_rolebench_instruction-generalization_4295_rolebench_instruction-generalization_4296_rolebench_instruction-generalization_4297_rolebench_instruction-generalization_4298_rolebench_instruction-generalization_4299,,True,2,specdec_bench,built,248,d48b7f58dbc50bfe8b563e2fb1b11961baa986e46e52eb77112ad828f0e4ee7b
case_540,08f4c31730b4427f90e8146fef066c4c,coding,,https://huggingface.co/datasets/bigcode/humanevalpack/tree/9a41762f73a8cb23bb5811b73d5aab164efcf378,Python/20,,False,1,parquet,built,229,e3764758d8d6c2431485f01e454c0b7a790f0a3cea74ec4a3ea2a59cee8335e7
case_541,993d9dea949a4044a10831ab7b87afc1,humanities,Literature,https://huggingface.co/datasets/cais/hle/tree/021a3d71f516a7ac28ceb8d284969902edf1edeb,673296e70ee3440316a64763,hard,False,1,specdec_bench,pending_hle_token,,
case_542,bd5b0d9763bd449c9be2d7aaebbc8237,math,,https://raw.githubusercontent.com/hemingkx/Spec-Bench/66230f10cb0a02aced5ef3ce1e85163c16160454/data/spec_bench/question.jsonl,421_422,easy,True,2,parquet,built,106,ee5606661b8642654a211ee1c5e104c97c5f827694a853f0b7d4490e1bee0246
case_543,69ce786604c14ab68fffc1e9ad723508,qa,,https://raw.githubusercontent.com/hemingkx/Spec-Bench/66230f10cb0a02aced5ef3ce1e85163c16160454/data/spec_bench/question.jsonl,spec_bench_289,,False,1,parquet,built,77,0fcfa3a57e482c79477d7a4b0549b662cc648abec81f925f584741c6b4baa5c7
case_544,b3ddda1eca8043e0a5a0116eb1377a2a,rag,rag,https://raw.githubusercontent.com/hemingkx/Spec-Bench/66230f10cb0a02aced5ef3ce1e85163c16160454/data/spec_bench/question.jsonl,spec_bench_464,,False,1,parquet,built,816,c233757d8473c5c13d8ed58ff5f3b982b4f0542db0620c1b30557c47abf36510
case_545,c1c4e3b172c24c79b69a56a7c7fb057c,reasoning,history,https://huggingface.co/datasets/TIGER-Lab/MMLU-Pro/blob/30527804ea8854662078e457808040d872ecdf29/data/test-00000-of-00001.parquet,"mmlu_pro_(2310, 'history')",,False,2,specdec_bench,built,316,1e42a9f8b3dbc38c06c5570331c259c70012e1accf989b33912ace729d142ff4
case_546,be34ee995564455da0795118f118eedb,stem,Computer Science,https://huggingface.co/datasets/cais/hle/tree/021a3d71f516a7ac28ceb8d284969902edf1edeb,67372563fb093fc159cc7912,hard,False,1,specdec_bench,pending_hle_token,,
case_547,4450948de1964c38b1afcbaeeba27d0f,writing,Literature & Arts,https://raw.githubusercontent.com/X-PLUG/WritingBench/4701e81e10d0c45cd2f3114efa315c4662da348a/benchmark_query/benchmark_all.jsonl,writing_bench_924,,False,1,parquet,built,1904,c871b18ad71bca8446ee8ab91f8b07ed541a54215ff58d054710d0027ffc24b9
case_548,0399d9edccc54efe8a183f992d20d619,multilingual,da-en,https://huggingface.co/datasets/Helsinki-NLP/opus-100/tree/805090dc28bf78897da9641cdf08b61287580df9,opus100_da-en_915,,False,1,specdec_bench,built,211,06de910265a0c38936e112180d9b4db09773faae628a7abc29097cef69b1a220
case_549,7b0c6493cdaf4aaa86809f9e43b710a2,summarization,,https://huggingface.co/datasets/abisee/cnn_dailymail/tree/96df5e686bee6baa90b8bee7c28b81fa3fa6223d,ac5f7eb411c744562e9ff10c537288b3a125610c,,False,1,specdec_bench,built,286,c82117b8ae604f76bec7ecc76e99e5e217e08c4dae0cea232557cf7113c7a82f
case_550,5695bc1cdc3e472d9e4e5b13c10ff9e9,roleplay,,https://huggingface.co/datasets/ZenMoore/RoleBench/tree/a57ed54f9613921e4a5f1b63601a558cd5acf971/rolebench-eng,rolebench_instruction-generalization_350_rolebench_instruction-generalization_351_rolebench_instruction-generalization_352_rolebench_instruction-generalization_353_rolebench_instruction-generalization_354_rolebench_instruction-generalization_355_rolebench_instruction-generalization_356_rolebench_instruction-generalization_357_rolebench_instruction-generalization_358_rolebench_instruction-generalization_359_rolebench_instruction-generalization_360_rolebench_instruction-generalization_361_rolebench_instruction-generalization_362_rolebench_instruction-generalization_363_rolebench_instruction-generalization_364_rolebench_instruction-generalization_365_rolebench_instruction-generalization_366_rolebench_instruction-generalization_367_rolebench_instruction-generalization_368_rolebench_instruction-generalization_369_rolebench_instruction-generalization_370_rolebench_instruction-generalization_371_rolebench_instruction-generalization_372_rolebench_instruction-generalization_373_rolebench_instruction-generalization_374_rolebench_instruction-generalization_375_rolebench_instruction-generalization_376_rolebench_instruction-generalization_377_rolebench_instruction-generalization_378_rolebench_instruction-generalization_379_rolebench_instruction-generalization_380_rolebench_instruction-generalization_381_rolebench_instruction-generalization_382_rolebench_instruction-generalization_383_rolebench_instruction-generalization_384_rolebench_instruction-generalization_385_rolebench_instruction-generalization_386_rolebench_instruction-generalization_387_rolebench_instruction-generalization_388_rolebench_instruction-generalization_389_rolebench_instruction-generalization_390_rolebench_instruction-generalization_391_rolebench_instruction-generalization_392_rolebench_instruction-generalization_393_rolebench_instruction-generalization_394_rolebench_instruction-generalization_395_rolebench_instruction-generalization_396_rolebench_instruction-generalization_397_rolebench_instruction-generalization_398_rolebench_instruction-generalization_399,,False,1,specdec_bench,built,290,755205a994535f50e8f7c634e750031e1c9095409419d9e25e57f19081166c7b
case_551,2c3dda5236e14337b8a5cca80754f0a2,coding,,https://huggingface.co/datasets/bigcode/humanevalpack/tree/9a41762f73a8cb23bb5811b73d5aab164efcf378,Java/124,,False,1,parquet,built,339,d26b862712634d7194fed32063b787e0df05223d8b51fe1cbdaea0d232983239
case_552,36e4b2b1560d41e6b82783279b7a5b0b,humanities,Education,https://huggingface.co/datasets/cais/hle/tree/021a3d71f516a7ac28ceb8d284969902edf1edeb,67368bceaea0de6b58ec346a,hard,False,1,specdec_bench,pending_hle_token,,
case_553,843497a1304c4a8984afcec085246405,math,Mathematics,https://huggingface.co/datasets/cais/hle/tree/021a3d71f516a7ac28ceb8d284969902edf1edeb,673db2b5cafd05346e5ea4b8,hard,False,1,specdec_bench,pending_hle_token,,
case_554,6ecaec61fd41475eb29cff0d6277829c,qa,,https://raw.githubusercontent.com/hemingkx/Spec-Bench/66230f10cb0a02aced5ef3ce1e85163c16160454/data/spec_bench/question.jsonl,spec_bench_290,,False,1,parquet,built,78,02f6d253853fcb0ecdfd287b757abb1f9ddd7acfac6543ea7544c6392c707853
case_555,2c58e4b8296046c38a82d462e39a0b7b,rag,rag,https://raw.githubusercontent.com/hemingkx/Spec-Bench/66230f10cb0a02aced5ef3ce1e85163c16160454/data/spec_bench/question.jsonl,spec_bench_471,,False,1,parquet,built,692,ac4ab261644984a772a34d70b9bcf7baa90a3e141057bc4d8e62ce8b72de8baf
case_556,36f3f8eddede4926bde631d0b5739751,reasoning,mathematical,https://raw.githubusercontent.com/mtbench101/mt-bench-101/61bc4faa9535cf29a6549b3f9df5efbf7cdd5288/data/subjective/mtbench101.jsonl,mtbench_101_537,,True,1,specdec_bench,built,138,b93da663549409afac6248bf16adf17953f0111c21bca8313f8937ba99865239
case_557,60d411949d2f4c9db8ff65d0bcb398e9,stem,Chemistry,https://huggingface.co/datasets/cais/hle/tree/021a3d71f516a7ac28ceb8d284969902edf1edeb,6725b2ba569cf0c62da64cd1,hard,False,1,specdec_bench,pending_hle_token,,
case_558,c41e6c6c820d4db5b3157296bb872d36,writing,surreal horror,https://raw.githubusercontent.com/EQ-bench/creative-writing-bench/refs/heads/main/data/creative_writing_prompts_v3.json,creative_writing_v3_5,,False,1,parquet,built,779,9741d14da4149afb59ccada998fb62714c2c0bf9bf473bef8b686f23c6fcdbf2
case_559,d0b50d89c64b47c5ae3daf1bbd2cea25,multilingual,ar_math,https://github.com/RUCAIBox/MMATH/tree/3920f269764e4d3436105d89250833f3d7169c8d,mmath_367,,False,1,parquet,built,117,0251b7a5ea544baaa4507f196243a548b04b9d24139505e2e0776bc559df62ab
case_560,23802b227ecf4c52b5346e17018fca83,summarization,,https://huggingface.co/datasets/abisee/cnn_dailymail/tree/96df5e686bee6baa90b8bee7c28b81fa3fa6223d,1c32ef1cb8669fe1d7d47c2b40e601e0c688ea79,,False,1,specdec_bench,built,1223,388e31adaf8444718e7b0a97bf4dcc63cc5f9a89afa0ea2a8f483bc5564022cd
case_561,d09225d3671a4caf93429aca07fb72a2,roleplay,,https://huggingface.co/datasets/ZenMoore/RoleBench/tree/a57ed54f9613921e4a5f1b63601a558cd5acf971/rolebench-eng,rolebench_instruction-generalization_3750_rolebench_instruction-generalization_3751_rolebench_instruction-generalization_3752_rolebench_instruction-generalization_3753_rolebench_instruction-generalization_3754_rolebench_instruction-generalization_3755_rolebench_instruction-generalization_3756_rolebench_instruction-generalization_3757_rolebench_instruction-generalization_3758_rolebench_instruction-generalization_3759_rolebench_instruction-generalization_3760_rolebench_instruction-generalization_3761_rolebench_instruction-generalization_3762_rolebench_instruction-generalization_3763_rolebench_instruction-generalization_3764_rolebench_instruction-generalization_3765_rolebench_instruction-generalization_3766_rolebench_instruction-generalization_3767_rolebench_instruction-generalization_3768_rolebench_instruction-generalization_3769_rolebench_instruction-generalization_3770_rolebench_instruction-generalization_3771_rolebench_instruction-generalization_3772_rolebench_instruction-generalization_3773_rolebench_instruction-generalization_3774_rolebench_instruction-generalization_3775_rolebench_instruction-generalization_3776_rolebench_instruction-generalization_3777_rolebench_instruction-generalization_3778_rolebench_instruction-generalization_3779_rolebench_instruction-generalization_3780_rolebench_instruction-generalization_3781_rolebench_instruction-generalization_3782_rolebench_instruction-generalization_3783_rolebench_instruction-generalization_3784_rolebench_instruction-generalization_3785_rolebench_instruction-generalization_3786_rolebench_instruction-generalization_3787_rolebench_instruction-generalization_3788_rolebench_instruction-generalization_3789_rolebench_instruction-generalization_3790_rolebench_instruction-generalization_3791_rolebench_instruction-generalization_3792_rolebench_instruction-generalization_3793_rolebench_instruction-generalization_3794_rolebench_instruction-generalization_3795_rolebench_instruction-generalization_3796_rolebench_instruction-generalization_3797_rolebench_instruction-generalization_3798_rolebench_instruction-generalization_3799,,True,3,specdec_bench,built,238,7ccdda5552b09b35fc48ee5a59af554a29a7bd395fcd7ebeceb6f4910320fc71
case_562,11713dbc6908422a8fb942ec607cb850,coding,,https://huggingface.co/datasets/bigcode/humanevalpack/tree/9a41762f73a8cb23bb5811b73d5aab164efcf378,JavaScript/160,,False,1,parquet,built,272,03aca7496455be730816316c29c063b972748325af9d31476a87b14389181348
case_563,103461985f0d4571b9f9408660bc1c21,humanities,Cultural Studies (General),https://huggingface.co/datasets/cais/hle/tree/021a3d71f516a7ac28ceb8d284969902edf1edeb,674b61061dca4e97573fa31e,hard,False,1,specdec_bench,pending_hle_token,,
case_564,23470a8261194e41a8379e07be2b35a5,math,Mathematics,https://huggingface.co/datasets/cais/hle/tree/021a3d71f516a7ac28ceb8d284969902edf1edeb,67047b0e4580e464f8bff2aa,hard,False,1,specdec_bench,pending_hle_token,,
case_565,3ec172d4dcfa4bc7bb39cc03e8f1c90c,qa,,https://raw.githubusercontent.com/hemingkx/Spec-Bench/66230f10cb0a02aced5ef3ce1e85163c16160454/data/spec_bench/question.jsonl,spec_bench_291,,False,1,parquet,built,78,e744f8c1fb185734cce2843a34aa1d48ff66ff28e0baa4d997c9e91035cc6ae7
case_566,01fa8e8862984a30bc598b65bd77ca95,rag,rag,https://raw.githubusercontent.com/hemingkx/Spec-Bench/66230f10cb0a02aced5ef3ce1e85163c16160454/data/spec_bench/question.jsonl,spec_bench_434,,False,1,parquet,built,765,75394060eb6dbe9407cf512b4e9c7de66360f71cb41cf9646c69b43008d4c107
case_567,ccdfebcaaffe4d8e849e1f03d683bab1,reasoning,engineering,https://huggingface.co/datasets/TIGER-Lab/MMLU-Pro/blob/30527804ea8854662078e457808040d872ecdf29/data/test-00000-of-00001.parquet,"mmlu_pro_(5542, 'engineering')",,False,2,specdec_bench,built,161,4bfe12992334935f0e15142de6a6ae35c44f48ff4985f1f3a708390852ea85b0
case_568,6d7f3d40ee584ef5b46a9bf53ce0c560,stem,Computer Science,https://huggingface.co/datasets/cais/hle/tree/021a3d71f516a7ac28ceb8d284969902edf1edeb,67258d077991f4a7cd4c359c,hard,False,1,specdec_bench,pending_hle_token,,
case_569,89b03c4663d14915878d3e6b0ddb4798,writing,Education,https://raw.githubusercontent.com/X-PLUG/WritingBench/4701e81e10d0c45cd2f3114efa315c4662da348a/benchmark_query/benchmark_all.jsonl,writing_bench_409,,False,1,parquet,built,421,af59eb8cdc4939a50a8731d145c073c5767b47ccfd2ec406f6a432b4765d9be2
case_570,9d86ddeaf1a648dd9df4c084612ed56f,multilingual,ar_math,https://github.com/RUCAIBox/MMATH/tree/3920f269764e4d3436105d89250833f3d7169c8d,mmath_177,,False,1,parquet,built,114,21f4d0806e441608ac466237d9a0c5d0f7a96d08365d6ccd4e3b8dedec94af71
case_571,0cc2d06cc57441db894ca5ffdd416f7b,summarization,,https://huggingface.co/datasets/abisee/cnn_dailymail/tree/96df5e686bee6baa90b8bee7c28b81fa3fa6223d,46380367325d6c4b179f17eecea006138d2fa9bd,,False,1,specdec_bench,built,276,c8e2d23448760ad8aa12a378b4fcf749148c9963610f78ee8ed960f9aeb065f1
case_572,8e65f2c939d24ee999a79f4b66aa47f4,roleplay,,https://huggingface.co/datasets/ZenMoore/RoleBench/tree/a57ed54f9613921e4a5f1b63601a558cd5acf971/rolebench-eng,rolebench_instruction-generalization_1450_rolebench_instruction-generalization_1451_rolebench_instruction-generalization_1452_rolebench_instruction-generalization_1453_rolebench_instruction-generalization_1454_rolebench_instruction-generalization_1455_rolebench_instruction-generalization_1456_rolebench_instruction-generalization_1457_rolebench_instruction-generalization_1458_rolebench_instruction-generalization_1459_rolebench_instruction-generalization_1460_rolebench_instruction-generalization_1461_rolebench_instruction-generalization_1462_rolebench_instruction-generalization_1463_rolebench_instruction-generalization_1464_rolebench_instruction-generalization_1465_rolebench_instruction-generalization_1466_rolebench_instruction-generalization_1467_rolebench_instruction-generalization_1468_rolebench_instruction-generalization_1469_rolebench_instruction-generalization_1470_rolebench_instruction-generalization_1471_rolebench_instruction-generalization_1472_rolebench_instruction-generalization_1473_rolebench_instruction-generalization_1474_rolebench_instruction-generalization_1475_rolebench_instruction-generalization_1476_rolebench_instruction-generalization_1477_rolebench_instruction-generalization_1478_rolebench_instruction-generalization_1479_rolebench_instruction-generalization_1480_rolebench_instruction-generalization_1481_rolebench_instruction-generalization_1482_rolebench_instruction-generalization_1483_rolebench_instruction-generalization_1484_rolebench_instruction-generalization_1485_rolebench_instruction-generalization_1486_rolebench_instruction-generalization_1487_rolebench_instruction-generalization_1488_rolebench_instruction-generalization_1489_rolebench_instruction-generalization_1490_rolebench_instruction-generalization_1491_rolebench_instruction-generalization_1492_rolebench_instruction-generalization_1493_rolebench_instruction-generalization_1494_rolebench_instruction-generalization_1495_rolebench_instruction-generalization_1496_rolebench_instruction-generalization_1497_rolebench_instruction-generalization_1498_rolebench_instruction-generalization_1499,,True,2,specdec_bench,built,191,54e977b275a0affa9dab940f6f345e66e996fec60ac640f14dbd38208aafc1ac
case_573,bca053d2f77e4f918fe652c195402919,coding,,https://huggingface.co/datasets/bigcode/humanevalpack/tree/9a41762f73a8cb23bb5811b73d5aab164efcf378,Python/143,,False,1,parquet,built,209,84e8c776fcc40c2d520dfb2401d31d424c04a5f780ea5ec3f5e674859d13f274
case_574,8a23d167221b439680731869814bd2b7,humanities,,https://raw.githubusercontent.com/hemingkx/Spec-Bench/66230f10cb0a02aced5ef3ce1e85163c16160454/data/spec_bench/question.jsonl,spec_bench_74,medium,True,2,parquet,built,88,1b5f6d32c2994509ee6d57caa26784db547ea9fd5d648909965a3f344b163a4d
case_575,1f6a9f62e4344ab2bac87d75d6b5f0f4,math,Mathematics,https://huggingface.co/datasets/cais/hle/tree/021a3d71f516a7ac28ceb8d284969902edf1edeb,66edc256d0ce7f9082f8d744,hard,False,1,specdec_bench,pending_hle_token,,
case_576,bdde54e51f5a46b4abe61a701deac70d,qa,,https://raw.githubusercontent.com/hemingkx/Spec-Bench/66230f10cb0a02aced5ef3ce1e85163c16160454/data/spec_bench/question.jsonl,spec_bench_292,,False,1,parquet,built,76,afda848a1f3f6a50c784cc45bc8f5c03ae5b2737ecdb0a06af509735b0e8c061
case_577,af25231644bf42989a21f89e900bc50e,rag,rag,https://raw.githubusercontent.com/hemingkx/Spec-Bench/66230f10cb0a02aced5ef3ce1e85163c16160454/data/spec_bench/question.jsonl,spec_bench_448,,False,1,parquet,built,750,d6b40591f3cd571d05acbc34e92792479da8629ddda36cc177a140665d7705ff
case_578,c150ae92a5ba4183817c7a78adfdc94d,reasoning,general,https://raw.githubusercontent.com/mtbench101/mt-bench-101/61bc4faa9535cf29a6549b3f9df5efbf7cdd5288/data/subjective/mtbench101.jsonl,mtbench_101_69,,True,1,specdec_bench,built,95,fd3a76aa62f93d96c590db27bf1ddca8e3f2ebb885c3cdc5b4ff3e0e5779d354
case_579,5348f5d392ab43f7be64c34f575f9344,stem,Electrical Engineering,https://huggingface.co/datasets/cais/hle/tree/021a3d71f516a7ac28ceb8d284969902edf1edeb,673bd7048229809fa3ec5653,hard,False,1,specdec_bench,pending_hle_token,,
case_580,268ada90e4e449d49b9a411868b1bdfc,writing,Education,https://raw.githubusercontent.com/X-PLUG/WritingBench/4701e81e10d0c45cd2f3114efa315c4662da348a/benchmark_query/benchmark_all.jsonl,writing_bench_643,,False,1,parquet,built,964,9c061c0c3756f0de3625976c3891f69b8bf30230aeea13a11981994b6eee0787
case_581,6ee6d59c971e493f844b2c9f7cf726eb,multilingual,en-mk,https://huggingface.co/datasets/Helsinki-NLP/opus-100/tree/805090dc28bf78897da9641cdf08b61287580df9,opus100_en-mk_1500,,False,1,specdec_bench,built,244,f711c982a8d028baadc4034a3779c9ccb9a20f0c7c7ecf9bf1cf6216605452e1
case_582,4f056606b669457084990a70268ef8fe,summarization,,https://huggingface.co/datasets/abisee/cnn_dailymail/tree/96df5e686bee6baa90b8bee7c28b81fa3fa6223d,bff83ed707bc5db55bb29fa942f77711667f1f1a,,False,1,specdec_bench,built,371,d496f21f12f21b2c394f6679ce1db18fb1e73ea79e0ef20b9b2e3a9b9cef23d4
case_583,09114ee2c7f34625ba0722f0b18d8881,roleplay,,https://huggingface.co/datasets/Neph0s/CoSER/tree/7cc80430f92532cda85df45015a4aca8ecc068d0,coser_189,,False,1,specdec_bench,built,1969,8338b439318e749abd240908dc4f06e30fc33e69ce8ca29fa492d3880c1e5a25
case_584,c486d8856c1544af9e673cc9ee53c8b5,coding,,https://huggingface.co/datasets/bigcode/humanevalpack/tree/9a41762f73a8cb23bb5811b73d5aab164efcf378,Rust/38,,False,1,parquet,built,347,3329c628d5a8dbc32aa1a99d1cecf1a0a2cd75c024ceb6ba6563dc8a315e58a6
case_585,56293840be0343cea95fbf14b47f9869,humanities,Linguistics,https://huggingface.co/datasets/cais/hle/tree/021a3d71f516a7ac28ceb8d284969902edf1edeb,672bf0d1e9ebfc8b093c1309,hard,False,1,specdec_bench,pending_hle_token,,
case_586,0766855ff16949e29efb17729184984b,math,Mathematics,https://huggingface.co/datasets/cais/hle/tree/021a3d71f516a7ac28ceb8d284969902edf1edeb,6717766dea5b46ff20362222,hard,False,1,specdec_bench,pending_hle_token,,
case_587,f6a2a8f72990473780eb77903d2f33ac,qa,,https://raw.githubusercontent.com/hemingkx/Spec-Bench/66230f10cb0a02aced5ef3ce1e85163c16160454/data/spec_bench/question.jsonl,spec_bench_293,,False,1,parquet,built,77,905ffb6aff8161be333e2ac3fecb0ed00a7eabe9dd5a3a62d770fa8001b73b20
case_588,884b8de7bc174800abedd9c87f24038f,rag,table_and_text_extraction,https://huggingface.co/datasets/nvidia/ChatRAG-Bench/tree/af6c7d420ddddf21f54f8ab3394bbf462aad2577/data,chatrag_bench_1951,,False,1,specdec_bench,built,544,851cc2e25613c309a1f25fe18b859429ce7fbc2a83ee7225ff474947459ac00f
case_589,195331b751c443ce834a63743fcff239,reasoning,history,https://huggingface.co/datasets/TIGER-Lab/MMLU-Pro/blob/30527804ea8854662078e457808040d872ecdf29/data/test-00000-of-00001.parquet,"mmlu_pro_(2379, 'history')",,False,2,specdec_bench,built,254,25deae47f281ffe90935a5664379dfbb7da983d98730004e1688507ec1161132
case_590,f6e63ee7d1bf49b58f68dd665c03d0c0,stem,,https://raw.githubusercontent.com/hemingkx/Spec-Bench/66230f10cb0a02aced5ef3ce1e85163c16160454/data/spec_bench/question.jsonl,spec_bench_62,medium,True,2,parquet,built,109,c15a46af93507862f9725ad052fe236be07166b5a0da891f840c8c5b601ff66f
case_591,3c3d6b88e1b54c59b94f211671d785aa,writing,Politics & Law,https://raw.githubusercontent.com/X-PLUG/WritingBench/4701e81e10d0c45cd2f3114efa315c4662da348a/benchmark_query/benchmark_all.jsonl,writing_bench_127,,False,1,parquet,built,1297,f9bd4dd9cacd9cdd1e8dca999974605eca27eca24cd99638b7e711b9d7e23f65
case_592,e26ead48bc0243e4863228712d27a169,multilingual,th_math,https://github.com/RUCAIBox/MMATH/tree/3920f269764e4d3436105d89250833f3d7169c8d,mmath_42,,False,1,parquet,built,203,13aaedc7cd1c9fc6b013c0fafc46e15e0b2481d9a0b6a970c689751987924179
case_593,3a94754278be465092eed0113f3a7727,summarization,,https://huggingface.co/datasets/abisee/cnn_dailymail/tree/96df5e686bee6baa90b8bee7c28b81fa3fa6223d,0d15ae93797da2e49e9ea28caf54e3a8f6078bf4,,False,1,specdec_bench,built,1259,6516068a442a2e6751a80fffa15d34689c0175b14e0a50e8f46089df4301bf77
case_594,8ed6e12656454fe0bbcdfe7a49484dbc,roleplay,,https://huggingface.co/datasets/ZenMoore/RoleBench/tree/a57ed54f9613921e4a5f1b63601a558cd5acf971/rolebench-eng,rolebench_instruction-generalization_1550_rolebench_instruction-generalization_1551_rolebench_instruction-generalization_1552_rolebench_instruction-generalization_1553_rolebench_instruction-generalization_1554_rolebench_instruction-generalization_1555_rolebench_instruction-generalization_1556_rolebench_instruction-generalization_1557_rolebench_instruction-generalization_1558_rolebench_instruction-generalization_1559_rolebench_instruction-generalization_1560_rolebench_instruction-generalization_1561_rolebench_instruction-generalization_1562_rolebench_instruction-generalization_1563_rolebench_instruction-generalization_1564_rolebench_instruction-generalization_1565_rolebench_instruction-generalization_1566_rolebench_instruction-generalization_1567_rolebench_instruction-generalization_1568_rolebench_instruction-generalization_1569_rolebench_instruction-generalization_1570_rolebench_instruction-generalization_1571_rolebench_instruction-generalization_1572_rolebench_instruction-generalization_1573_rolebench_instruction-generalization_1574_rolebench_instruction-generalization_1575_rolebench_instruction-generalization_1576_rolebench_instruction-generalization_1577_rolebench_instruction-generalization_1578_rolebench_instruction-generalization_1579_rolebench_instruction-generalization_1580_rolebench_instruction-generalization_1581_rolebench_instruction-generalization_1582_rolebench_instruction-generalization_1583_rolebench_instruction-generalization_1584_rolebench_instruction-generalization_1585_rolebench_instruction-generalization_1586_rolebench_instruction-generalization_1587_rolebench_instruction-generalization_1588_rolebench_instruction-generalization_1589_rolebench_instruction-generalization_1590_rolebench_instruction-generalization_1591_rolebench_instruction-generalization_1592_rolebench_instruction-generalization_1593_rolebench_instruction-generalization_1594_rolebench_instruction-generalization_1595_rolebench_instruction-generalization_1596_rolebench_instruction-generalization_1597_rolebench_instruction-generalization_1598_rolebench_instruction-generalization_1599,,True,3,specdec_bench,built,268,45e1828bf51279e999c72d167d9c081b863c6497f1b9da3efcd4463f09ab9bd8
case_595,fa27803acfbf4e55ae341d7624b515f7,coding,,https://huggingface.co/datasets/deepmind/code_contests/tree/802411c3010cb00d1b05bad57ca77365a3c699d6,1586_H. Omkar and Tours,easy,False,1,specdec_bench,built,1501,ebcab7812dca3c2d0328ec7b1c48540ee8da425d81305dd71a7b830c3c248756
case_596,2d938d5a4da349809af3e91e44acb026,humanities,Paleography,https://huggingface.co/datasets/cais/hle/tree/021a3d71f516a7ac28ceb8d284969902edf1edeb,672c0f1d76fec97ec7555a3a,hard,False,1,specdec_bench,pending_hle_token,,
case_597,56befc28d0634f6c821403fe8535cec2,math,,https://raw.githubusercontent.com/hemingkx/Spec-Bench/66230f10cb0a02aced5ef3ce1e85163c16160454/data/spec_bench/question.jsonl,112,medium,True,2,parquet,built,112,bef5be692addb4316047c53e4a0bb22d4a6d7dcf7179f58d3f3de43475bc7a31
case_598,7f463a3e532b49b88b5cffccdc680e05,qa,,https://raw.githubusercontent.com/hemingkx/Spec-Bench/66230f10cb0a02aced5ef3ce1e85163c16160454/data/spec_bench/question.jsonl,spec_bench_294,,False,1,parquet,built,77,89bd4068b42dbba3fdaa99155f36a84fcdf7ace64c4c1eab8eb77d5e8b2f4296
case_599,e7fd1bab38f84bed934068f00755f85e,rag,rag,https://raw.githubusercontent.com/hemingkx/Spec-Bench/66230f10cb0a02aced5ef3ce1e85163c16160454/data/spec_bench/question.jsonl,spec_bench_422,,False,1,parquet,built,664,07be07646eed38a2fdbe7c5946d6ab356cac62859faaacb10a84e3695f16ba09
case_600,8a6440a42b874d999caf35903e36d9ca,reasoning,mathematical,https://raw.githubusercontent.com/mtbench101/mt-bench-101/61bc4faa9535cf29a6549b3f9df5efbf7cdd5288/data/subjective/mtbench101.jsonl,mtbench_101_455,,True,1,specdec_bench,built,125,7b22b0d8091b3edd86922ae3ea02213ef13583474a495b9dbfb11f09d58ac9e2
case_601,dec93811778141e49e34ad34a33821f4,stem,Bioinformatics,https://huggingface.co/datasets/cais/hle/tree/021a3d71f516a7ac28ceb8d284969902edf1edeb,66e8add1650a03361a14c6f8,hard,False,1,specdec_bench,pending_hle_token,,
case_602,ea9178c2bf4f41e0ae2421308cbc4d11,writing,Literature & Arts,https://raw.githubusercontent.com/X-PLUG/WritingBench/4701e81e10d0c45cd2f3114efa315c4662da348a/benchmark_query/benchmark_all.jsonl,writing_bench_191,,False,1,parquet,built,96,984c66ad6bd8cd9bf89acb93a8cbdecec86a9472f949308948dfea15c64f12c3
case_603,a90fbb3335cf4925966b80c25edcbe3c,multilingual,pt_math,https://github.com/RUCAIBox/MMATH/tree/3920f269764e4d3436105d89250833f3d7169c8d,mmath_218,,False,1,parquet,built,108,1852a1156372f8a62d95f15c71cfd96485adf9e419568163445a6f160236c3e5
case_604,7ea7171837074c67ab2b3b217d365c77,summarization,,https://huggingface.co/datasets/abisee/cnn_dailymail/tree/96df5e686bee6baa90b8bee7c28b81fa3fa6223d,17050447856348cf9d1b5f4ee11589bf9b6b5d25,,False,1,specdec_bench,built,730,5b5230238dbd5b5c4838be5d7ea39b86190a468b08e32d2e537553f8796a5d04
case_605,e16bc96b50a248ae9adf4d2780cd514e,roleplay,,https://huggingface.co/datasets/ZenMoore/RoleBench/tree/a57ed54f9613921e4a5f1b63601a558cd5acf971/rolebench-eng,rolebench_instruction-generalization_3700_rolebench_instruction-generalization_3701_rolebench_instruction-generalization_3702_rolebench_instruction-generalization_3703_rolebench_instruction-generalization_3704_rolebench_instruction-generalization_3705_rolebench_instruction-generalization_3706_rolebench_instruction-generalization_3707_rolebench_instruction-generalization_3708_rolebench_instruction-generalization_3709_rolebench_instruction-generalization_3710_rolebench_instruction-generalization_3711_rolebench_instruction-generalization_3712_rolebench_instruction-generalization_3713_rolebench_instruction-generalization_3714_rolebench_instruction-generalization_3715_rolebench_instruction-generalization_3716_rolebench_instruction-generalization_3717_rolebench_instruction-generalization_3718_rolebench_instruction-generalization_3719_rolebench_instruction-generalization_3720_rolebench_instruction-generalization_3721_rolebench_instruction-generalization_3722_rolebench_instruction-generalization_3723_rolebench_instruction-generalization_3724_rolebench_instruction-generalization_3725_rolebench_instruction-generalization_3726_rolebench_instruction-generalization_3727_rolebench_instruction-generalization_3728_rolebench_instruction-generalization_3729_rolebench_instruction-generalization_3730_rolebench_instruction-generalization_3731_rolebench_instruction-generalization_3732_rolebench_instruction-generalization_3733_rolebench_instruction-generalization_3734_rolebench_instruction-generalization_3735_rolebench_instruction-generalization_3736_rolebench_instruction-generalization_3737_rolebench_instruction-generalization_3738_rolebench_instruction-generalization_3739_rolebench_instruction-generalization_3740_rolebench_instruction-generalization_3741_rolebench_instruction-generalization_3742_rolebench_instruction-generalization_3743_rolebench_instruction-generalization_3744_rolebench_instruction-generalization_3745_rolebench_instruction-generalization_3746_rolebench_instruction-generalization_3747_rolebench_instruction-generalization_3748_rolebench_instruction-generalization_3749,,False,1,specdec_bench,built,193,0c9e021b8c577f9a2a3cd1cb655f2a6a7a8868ce622f657c59da5126ecd20430
case_606,1dad57f7698846fdb28cf2ba7631f181,coding,,https://huggingface.co/datasets/bigcode/humanevalpack/tree/9a41762f73a8cb23bb5811b73d5aab164efcf378,Go/87,,False,1,parquet,built,322,0829d74ef1d1a5455ccdfd4f8dd21d3849cf123cf4629f263d4f1a57c1bbcc0d
case_607,770f1aa84d6540c8b2a65d068a6604c3,humanities,English Literature,https://huggingface.co/datasets/cais/hle/tree/021a3d71f516a7ac28ceb8d284969902edf1edeb,67414401f5fbbfac5c273a0d,hard,False,1,specdec_bench,pending_hle_token,,
case_608,ddd46664ca574850a2b369922495df2d,math,Mathematical Physics: Pdes,https://huggingface.co/datasets/cais/hle/tree/021a3d71f516a7ac28ceb8d284969902edf1edeb,67339e9c25c864e84bf1a351,hard,False,1,specdec_bench,pending_hle_token,,
case_609,85e93a7be81e443ca0167b0d32adfa6f,qa,,https://raw.githubusercontent.com/hemingkx/Spec-Bench/66230f10cb0a02aced5ef3ce1e85163c16160454/data/spec_bench/question.jsonl,spec_bench_295,,False,1,parquet,built,81,500a849484fc78e495e443d07ee730f1898285bc6948b8190cf46fa27c8298cc
case_610,24984241d4164639a65fd876f07946a0,rag,table_and_text_extraction,https://huggingface.co/datasets/nvidia/ChatRAG-Bench/tree/af6c7d420ddddf21f54f8ab3394bbf462aad2577/data,chatrag_bench_135,,False,1,specdec_bench,built,3604,28aae6246612dae335875cd5af9c18cb2e7db8caf8ac43be70839a2d63530427
case_611,cefd018f39284d0b9e31e2da0867ebf6,reasoning,mathematical,https://raw.githubusercontent.com/mtbench101/mt-bench-101/61bc4faa9535cf29a6549b3f9df5efbf7cdd5288/data/subjective/mtbench101.jsonl,mtbench_101_523,,True,1,specdec_bench,built,158,d1fd006fa0f23130245812d8ba2beb7e641e777a0bf8c7d56ceb62f03ef5741a
case_612,264679df5d0c4ab0ac89f501217e7268,stem,Chemistry,https://huggingface.co/datasets/cais/hle/tree/021a3d71f516a7ac28ceb8d284969902edf1edeb,671aaa82786568f1e1c39e88,hard,False,1,specdec_bench,pending_hle_token,,
case_613,892eda701b0f4cbb8636548f7d97a50f,writing,Advertising & Marketing,https://raw.githubusercontent.com/X-PLUG/WritingBench/4701e81e10d0c45cd2f3114efa315c4662da348a/benchmark_query/benchmark_all.jsonl,writing_bench_711,,False,1,parquet,built,392,e37a25d3ac10c1f4cbd40d545af112e4cea32c8d13a026f31ed90eb29afcb5de
case_614,9f3e1cac69114092a3ba08611c188bf3,multilingual,de-en,https://huggingface.co/datasets/Helsinki-NLP/opus-100/tree/805090dc28bf78897da9641cdf08b61287580df9,opus100_de-en_1691,,False,1,specdec_bench,built,219,73b5809635714a50de1eb446b5adf1c9ecadf8386e2667747eec28ba9c8020e3
case_615,56454061357646d3a576a9c86655e7c8,summarization,,https://huggingface.co/datasets/abisee/cnn_dailymail/tree/96df5e686bee6baa90b8bee7c28b81fa3fa6223d,c71b08cede3b6edb662a2f2c95f8b543fa65e405,,False,1,specdec_bench,built,436,58e07991b412d64d2b55040c2c4bf4d958b66f75a2fd38b783fe5cd613cafceb
case_616,e3284b2cabc44e659a9d6f0fbe8e092f,roleplay,,https://huggingface.co/datasets/ZenMoore/RoleBench/tree/a57ed54f9613921e4a5f1b63601a558cd5acf971/rolebench-eng,rolebench_instruction-generalization_2100_rolebench_instruction-generalization_2101_rolebench_instruction-generalization_2102_rolebench_instruction-generalization_2103_rolebench_instruction-generalization_2104_rolebench_instruction-generalization_2105_rolebench_instruction-generalization_2106_rolebench_instruction-generalization_2107_rolebench_instruction-generalization_2108_rolebench_instruction-generalization_2109_rolebench_instruction-generalization_2110_rolebench_instruction-generalization_2111_rolebench_instruction-generalization_2112_rolebench_instruction-generalization_2113_rolebench_instruction-generalization_2114_rolebench_instruction-generalization_2115_rolebench_instruction-generalization_2116_rolebench_instruction-generalization_2117_rolebench_instruction-generalization_2118_rolebench_instruction-generalization_2119_rolebench_instruction-generalization_2120_rolebench_instruction-generalization_2121_rolebench_instruction-generalization_2122_rolebench_instruction-generalization_2123_rolebench_instruction-generalization_2124_rolebench_instruction-generalization_2125_rolebench_instruction-generalization_2126_rolebench_instruction-generalization_2127_rolebench_instruction-generalization_2128_rolebench_instruction-generalization_2129_rolebench_instruction-generalization_2130_rolebench_instruction-generalization_2131_rolebench_instruction-generalization_2132_rolebench_instruction-generalization_2133_rolebench_instruction-generalization_2134_rolebench_instruction-generalization_2135_rolebench_instruction-generalization_2136_rolebench_instruction-generalization_2137_rolebench_instruction-generalization_2138_rolebench_instruction-generalization_2139_rolebench_instruction-generalization_2140_rolebench_instruction-generalization_2141_rolebench_instruction-generalization_2142_rolebench_instruction-generalization_2143_rolebench_instruction-generalization_2144_rolebench_instruction-generalization_2145_rolebench_instruction-generalization_2146_rolebench_instruction-generalization_2147_rolebench_instruction-generalization_2148_rolebench_instruction-generalization_2149,,False,1,specdec_bench,built,270,7597caf03a81a05b1342fd4cf83d9c97581655b5c20e668411ca9ea5d9424123
case_617,c72329fe893f4158b58d9fb6576c19ef,coding,,https://huggingface.co/datasets/bigcode/humanevalpack/tree/9a41762f73a8cb23bb5811b73d5aab164efcf378,JavaScript/95,,False,1,parquet,built,233,a5c92a2fe7136a651f5c490d24c74d30bd95fb2e4c8b35ad881919f9b7843d48
case_618,b956e284892c4ec49a7393002cdc28dd,humanities,Political Science,https://huggingface.co/datasets/cais/hle/tree/021a3d71f516a7ac28ceb8d284969902edf1edeb,66e8a1833aa94517d4573b0d,hard,False,1,specdec_bench,pending_hle_token,,
case_619,f4387010eadf460da9502171acaf4d85,math,Mathematics,https://huggingface.co/datasets/cais/hle/tree/021a3d71f516a7ac28ceb8d284969902edf1edeb,66ed80da7c4ab15ec9270e94,hard,False,1,specdec_bench,pending_hle_token,,
case_620,851ea8d297ac4a468c6c1e6d239f304f,qa,,https://raw.githubusercontent.com/hemingkx/Spec-Bench/66230f10cb0a02aced5ef3ce1e85163c16160454/data/spec_bench/question.jsonl,spec_bench_296,,False,1,parquet,built,75,c872163ceb116b9ce8d1606839facf8942783605ff734653cde51005bcd0910e
case_621,330006df2dab4792b8c48c97b22dbdf9,rag,rag,https://raw.githubusercontent.com/hemingkx/Spec-Bench/66230f10cb0a02aced5ef3ce1e85163c16160454/data/spec_bench/question.jsonl,spec_bench_477,,False,1,parquet,built,716,0ab3adb1609299e12aee4c66d55d92968b4fefd2f80f69ab07b898e106d76043
case_622,35e47de267b840c680bf7de8a7a9a291,reasoning,,https://raw.githubusercontent.com/hemingkx/Spec-Bench/66230f10cb0a02aced5ef3ce1e85163c16160454/data/spec_bench/question.jsonl,spec_bench_27,,True,2,parquet,built,85,ba31aa75ada74e085881e3b4ac635e7cd0f2d84a43c53036ad2811bc8ff86971
case_623,c3e52c99f7754dd78b5d7d03deb8864a,stem,Physics,https://huggingface.co/datasets/cais/hle/tree/021a3d71f516a7ac28ceb8d284969902edf1edeb,67208aa0563d776c82113daa,hard,False,1,specdec_bench,pending_hle_token,,
case_624,200467e1ca3b4cf2ae72f0be35533df8,writing,fantasy-humour,https://raw.githubusercontent.com/EQ-bench/creative-writing-bench/refs/heads/main/data/creative_writing_prompts_v3.json,creative_writing_v3_16,,False,1,parquet,built,208,9543c71587a685613f87430e0957f64cbbd4d5b1f6c4645078c8dae784a9150b
case_625,2e74678ef6344de584bf6f2480e75866,multilingual,th_math,https://github.com/RUCAIBox/MMATH/tree/3920f269764e4d3436105d89250833f3d7169c8d,mmath_125,,False,1,parquet,built,106,00438dd08ad481bd481b15765cbc12a47997960016b5aeaa0fd79608e9068df7
case_626,50dd34bf722b47c3b7e7a92a93ffc375,summarization,,https://huggingface.co/datasets/abisee/cnn_dailymail/tree/96df5e686bee6baa90b8bee7c28b81fa3fa6223d,7bb9b99722b6022f591bedf7be8c9b7230d61fc3,,False,1,specdec_bench,built,292,32a01061e2360b35d1b46ce488d47490b3646f7201c8304bfd7f3abc0b7b38f0
case_627,869ad289e7864c32a3a476273c14dbfc,roleplay,,https://huggingface.co/datasets/ZenMoore/RoleBench/tree/a57ed54f9613921e4a5f1b63601a558cd5acf971/rolebench-eng,rolebench_instruction-generalization_1000_rolebench_instruction-generalization_1001_rolebench_instruction-generalization_1002_rolebench_instruction-generalization_1003_rolebench_instruction-generalization_1004_rolebench_instruction-generalization_1005_rolebench_instruction-generalization_1006_rolebench_instruction-generalization_1007_rolebench_instruction-generalization_1008_rolebench_instruction-generalization_1009_rolebench_instruction-generalization_1010_rolebench_instruction-generalization_1011_rolebench_instruction-generalization_1012_rolebench_instruction-generalization_1013_rolebench_instruction-generalization_1014_rolebench_instruction-generalization_1015_rolebench_instruction-generalization_1016_rolebench_instruction-generalization_1017_rolebench_instruction-generalization_1018_rolebench_instruction-generalization_1019_rolebench_instruction-generalization_1020_rolebench_instruction-generalization_1021_rolebench_instruction-generalization_1022_rolebench_instruction-generalization_1023_rolebench_instruction-generalization_1024_rolebench_instruction-generalization_1025_rolebench_instruction-generalization_1026_rolebench_instruction-generalization_1027_rolebench_instruction-generalization_1028_rolebench_instruction-generalization_1029_rolebench_instruction-generalization_1030_rolebench_instruction-generalization_1031_rolebench_instruction-generalization_1032_rolebench_instruction-generalization_1033_rolebench_instruction-generalization_1034_rolebench_instruction-generalization_1035_rolebench_instruction-generalization_1036_rolebench_instruction-generalization_1037_rolebench_instruction-generalization_1038_rolebench_instruction-generalization_1039_rolebench_instruction-generalization_1040_rolebench_instruction-generalization_1041_rolebench_instruction-generalization_1042_rolebench_instruction-generalization_1043_rolebench_instruction-generalization_1044_rolebench_instruction-generalization_1045_rolebench_instruction-generalization_1046_rolebench_instruction-generalization_1047_rolebench_instruction-generalization_1048_rolebench_instruction-generalization_1049,,True,3,specdec_bench,built,269,0a96b9d5cb16c24c820a686529d031e1a3fd7d09c44b560596c3ae97159814d2
case_628,c49bd7aa449844da8c67a1bb6797314e,coding,,https://huggingface.co/datasets/bigcode/humanevalpack/tree/9a41762f73a8cb23bb5811b73d5aab164efcf378,Python/81,,False,1,parquet,built,332,67f2b8b9bd35aa80bb7517082a9447cd5db1b1654c15b302bfee62fceed21aac
case_629,607c9958ffe14ae292370d946cc56b41,humanities,Finance,https://huggingface.co/datasets/cais/hle/tree/021a3d71f516a7ac28ceb8d284969902edf1edeb,670ca1456731aa001b9ba021,hard,False,1,specdec_bench,pending_hle_token,,
case_630,54e9d000b0d04ff6aff461551f3a4fbe,math,Mathematics,https://huggingface.co/datasets/cais/hle/tree/021a3d71f516a7ac28ceb8d284969902edf1edeb,66efc68bd7d1b7b37f6e1681,hard,False,1,specdec_bench,pending_hle_token,,
case_631,91d6fee8c0fa40bbb5db5acf07b95fbe,qa,,https://raw.githubusercontent.com/hemingkx/Spec-Bench/66230f10cb0a02aced5ef3ce1e85163c16160454/data/spec_bench/question.jsonl,spec_bench_297,,False,1,parquet,built,77,1e622a660b2246198a007a0ed9b4af4c58596f21e14788c56ddff6e54f8ea62a
case_632,bf804731358c47e8888dae6144b9311f,rag,rag,https://raw.githubusercontent.com/hemingkx/Spec-Bench/66230f10cb0a02aced5ef3ce1e85163c16160454/data/spec_bench/question.jsonl,spec_bench_430,,False,1,parquet,built,750,2c2fc043b56cfd4b80acabef9f54e5ed8186e7dcd8a4ddd08a6004851c6764b9
case_633,150f42512f514ee6b63b2723fc2a69ff,reasoning,general,https://raw.githubusercontent.com/mtbench101/mt-bench-101/61bc4faa9535cf29a6549b3f9df5efbf7cdd5288/data/subjective/mtbench101.jsonl,mtbench_101_38,,True,1,specdec_bench,built,87,53f1c5bf0eb05ba0a726965528b5d7e62ae64c7f7cb2c8253e981467848b94cd
case_634,1978a58390d646e18464a11342e69a2c,stem,Computer Science,https://huggingface.co/datasets/cais/hle/tree/021a3d71f516a7ac28ceb8d284969902edf1edeb,671bbb559a1f658e2a088aa8,hard,False,1,specdec_bench,pending_hle_token,,
case_635,02cdc14782c5405da93af16c2156e493,writing,Academic & Engineering,https://raw.githubusercontent.com/X-PLUG/WritingBench/4701e81e10d0c45cd2f3114efa315c4662da348a/benchmark_query/benchmark_all.jsonl,writing_bench_951,,False,1,parquet,built,1482,439dc70977d41ef332e71423e1a1f0932dd00acbe1220d54a70a2c63d4834f4c
case_636,37507e6abb1f4176a4b8262f81e597a0,multilingual,th_math,https://github.com/RUCAIBox/MMATH/tree/3920f269764e4d3436105d89250833f3d7169c8d,mmath_312,,False,1,parquet,built,141,7fe335b6450118ae5c0c398528e3e3301056256a56a2301f2dbfe88412b717e9
case_637,7f6a174db4aa445895f754f756d4af64,summarization,,https://huggingface.co/datasets/abisee/cnn_dailymail/tree/96df5e686bee6baa90b8bee7c28b81fa3fa6223d,92258c751cea2255373fce285bba4047858c85ee,,False,1,specdec_bench,built,1587,21fdea3b078441dd2e0154e498cf80b7b3786d0fb8a513b9273aba73bf3b5313
case_638,374976f3d8c94c1c8ecb4700af292b08,roleplay,,https://huggingface.co/datasets/Neph0s/CoSER/tree/7cc80430f92532cda85df45015a4aca8ecc068d0,coser_119,,False,1,specdec_bench,built,1889,794aa590e84259731c9756c0b1a07f93f99245f3cab4b8c634f3d1e102f9a9bb
case_639,9df42173e2c54dcdb6e241fcc2e3f186,coding,,https://raw.githubusercontent.com/hemingkx/Spec-Bench/66230f10cb0a02aced5ef3ce1e85163c16160454/data/spec_bench/question.jsonl,spec_bench_48,medium,True,2,parquet,built,99,8738875af30e4c6e430839493ab35944e4705fe56e2e53905e0e0868ddaaad8c
case_640,5e5fdfdf5e034dd3a39fde4ef578af1a,humanities,Linguistics,https://huggingface.co/datasets/cais/hle/tree/021a3d71f516a7ac28ceb8d284969902edf1edeb,6720450234e68233152e2cf8,hard,False,1,specdec_bench,pending_hle_token,,
case_641,c975ce4e34074b0f95d4f5e07db6b72a,math,Mathematics,https://huggingface.co/datasets/cais/hle/tree/021a3d71f516a7ac28ceb8d284969902edf1edeb,6717aef5a5c8a6a9392b1b39,hard,False,1,specdec_bench,pending_hle_token,,
case_642,cdffc005539d40de9d901b8140eeff8c,qa,,https://raw.githubusercontent.com/hemingkx/Spec-Bench/66230f10cb0a02aced5ef3ce1e85163c16160454/data/spec_bench/question.jsonl,spec_bench_298,,False,1,parquet,built,76,7958a7148cfcf58b7f0b5d88c273b08e9c2ed457a3c4f93924b7b2cb816093fc
case_643,ace0ce03c1654f3bb5ddb5fbd8c059df,rag,rag,https://raw.githubusercontent.com/hemingkx/Spec-Bench/66230f10cb0a02aced5ef3ce1e85163c16160454/data/spec_bench/question.jsonl,spec_bench_461,,False,1,parquet,built,728,f603f878555ac61315bcb5e456e27db08b478795e85797310f6da6ff6a1633ff
case_644,28ef4c206f79443aa5337b33db4080c0,reasoning,mathematical,https://raw.githubusercontent.com/mtbench101/mt-bench-101/61bc4faa9535cf29a6549b3f9df5efbf7cdd5288/data/subjective/mtbench101.jsonl,mtbench_101_529,,True,1,specdec_bench,built,158,329801932e271df8010dc05a2021997d07101c38626f3d0e152f7f18e7f83c05
case_645,a5ad1f30a87c4ba49033564b0f37c1aa,stem,Medicine,https://huggingface.co/datasets/cais/hle/tree/021a3d71f516a7ac28ceb8d284969902edf1edeb,671aa91f6a8e7c23ccbf902b,hard,False,1,specdec_bench,pending_hle_token,,
case_646,6e817df322634bb8bf9c93a69b584c72,writing,Politics & Law,https://raw.githubusercontent.com/X-PLUG/WritingBench/4701e81e10d0c45cd2f3114efa315c4662da348a/benchmark_query/benchmark_all.jsonl,writing_bench_356,,False,1,parquet,built,586,9a4d5b87ed77eed4ccb1b79b5ee5a62cbfc96dd28a46f1baf4e5e864a0615252
case_647,9b5e916b7e17497f924f2fc806d0e635,multilingual,bn-en,https://huggingface.co/datasets/Helsinki-NLP/opus-100/tree/805090dc28bf78897da9641cdf08b61287580df9,opus100_bn-en_1631,,False,1,specdec_bench,built,274,300296ef742df0be6543c58cfcdbddedc14898f0a10f0f912075fe4841017bd4
case_648,bf9a29c79ae84c58a90e99ce50775319,summarization,,https://huggingface.co/datasets/abisee/cnn_dailymail/tree/96df5e686bee6baa90b8bee7c28b81fa3fa6223d,79dbea6c16e523d30359a6c30427bdd0d01b754a,,False,1,specdec_bench,built,281,886c33b6a12621f1203a7b9e8b34a2e9e5f5a3cbb4ddd93f1879e2dd23fe7c94
case_649,8ae19017dc994cada379d127a641513e,roleplay,,https://huggingface.co/datasets/ZenMoore/RoleBench/tree/a57ed54f9613921e4a5f1b63601a558cd5acf971/rolebench-eng,rolebench_instruction-generalization_3350_rolebench_instruction-generalization_3351_rolebench_instruction-generalization_3352_rolebench_instruction-generalization_3353_rolebench_instruction-generalization_3354_rolebench_instruction-generalization_3355_rolebench_instruction-generalization_3356_rolebench_instruction-generalization_3357_rolebench_instruction-generalization_3358_rolebench_instruction-generalization_3359_rolebench_instruction-generalization_3360_rolebench_instruction-generalization_3361_rolebench_instruction-generalization_3362_rolebench_instruction-generalization_3363_rolebench_instruction-generalization_3364_rolebench_instruction-generalization_3365_rolebench_instruction-generalization_3366_rolebench_instruction-generalization_3367_rolebench_instruction-generalization_3368_rolebench_instruction-generalization_3369_rolebench_instruction-generalization_3370_rolebench_instruction-generalization_3371_rolebench_instruction-generalization_3372_rolebench_instruction-generalization_3373_rolebench_instruction-generalization_3374_rolebench_instruction-generalization_3375_rolebench_instruction-generalization_3376_rolebench_instruction-generalization_3377_rolebench_instruction-generalization_3378_rolebench_instruction-generalization_3379_rolebench_instruction-generalization_3380_rolebench_instruction-generalization_3381_rolebench_instruction-generalization_3382_rolebench_instruction-generalization_3383_rolebench_instruction-generalization_3384_rolebench_instruction-generalization_3385_rolebench_instruction-generalization_3386_rolebench_instruction-generalization_3387_rolebench_instruction-generalization_3388_rolebench_instruction-generalization_3389_rolebench_instruction-generalization_3390_rolebench_instruction-generalization_3391_rolebench_instruction-generalization_3392_rolebench_instruction-generalization_3393_rolebench_instruction-generalization_3394_rolebench_instruction-generalization_3395_rolebench_instruction-generalization_3396_rolebench_instruction-generalization_3397_rolebench_instruction-generalization_3398_rolebench_instruction-generalization_3399,,True,3,specdec_bench,built,266,cafa572ef978cb6a94f3ccef38bd53c8680e025b1deed4501145dc6a9d27d09d
case_650,6be05541db3a4c8f8e82169353ed6aa2,coding,,https://huggingface.co/datasets/bigcode/humanevalpack/tree/9a41762f73a8cb23bb5811b73d5aab164efcf378,Go/11,,False,1,parquet,built,131,065ad10fe2d7d829f5dc897fa890805fe61c67e32e8572196cad062d1b2e3776
case_651,d6596f0d56084c2eb2ca545f2a0c9bd1,humanities,Classics,https://huggingface.co/datasets/cais/hle/tree/021a3d71f516a7ac28ceb8d284969902edf1edeb,673fce92f7f86aa77259187a,hard,False,1,specdec_bench,pending_hle_token,,
case_652,8b6d50a2fba949f1890557a860ad9972,math,Mathematics,https://huggingface.co/datasets/cais/hle/tree/021a3d71f516a7ac28ceb8d284969902edf1edeb,66eb1d84ca5fb5434978190f,hard,False,1,specdec_bench,pending_hle_token,,
case_653,2b9de4e51059411c90b916f7fb551aef,qa,,https://raw.githubusercontent.com/hemingkx/Spec-Bench/66230f10cb0a02aced5ef3ce1e85163c16160454/data/spec_bench/question.jsonl,spec_bench_299,,False,1,parquet,built,80,567aacb93241ac3d742c4d48597fe4e138f221ec00a155de1a911210f7063db4
case_654,43c54b3d1e324131adb2187da5e6691a,rag,table_and_text_extraction,https://huggingface.co/datasets/nvidia/ChatRAG-Bench/tree/af6c7d420ddddf21f54f8ab3394bbf462aad2577/data,chatrag_bench_1230,,True,1,specdec_bench,built,559,df0b35b7bfaab2b685387bd8e62868180d0486c38e5c49fd713e1a20f503dac4
case_655,d8399e70c5564e3a87afb7585a4b3396,reasoning,general,https://raw.githubusercontent.com/mtbench101/mt-bench-101/61bc4faa9535cf29a6549b3f9df5efbf7cdd5288/data/subjective/mtbench101.jsonl,mtbench_101_65,,True,1,specdec_bench,built,88,a61dd2390dcc0312060b9935bfbc98e37f947e0142020e4a4e9e677f9f46ea4f
case_656,00842277fae448d495f50d9abd63510e,stem,Physics,https://huggingface.co/datasets/cais/hle/tree/021a3d71f516a7ac28ceb8d284969902edf1edeb,672fadd93c2722c42adabef3,hard,False,1,specdec_bench,pending_hle_token,,
case_657,b51d2e57615d49248a1910c4afdc54f6,writing,historical fiction,https://raw.githubusercontent.com/EQ-bench/creative-writing-bench/refs/heads/main/data/creative_writing_prompts_v3.json,creative_writing_v3_1,,False,1,parquet,built,188,1d75c578e9b96cc1f552228bb07b2d4a249f46021327aaad9e1c41c07485027b
case_658,8b54e2ebf5ca4d5c988f3a23ecda505d,multilingual,th_math,https://github.com/RUCAIBox/MMATH/tree/3920f269764e4d3436105d89250833f3d7169c8d,mmath_69,,False,1,parquet,built,113,9760f92b30fccf2d1246b98d28007599a1f0d95f0802205da4f9deedf391b65e
case_659,fce3565d07b84d3fa8d8ad4c43eda835,summarization,,https://huggingface.co/datasets/abisee/cnn_dailymail/tree/96df5e686bee6baa90b8bee7c28b81fa3fa6223d,03c0089924efd758408bf6044ccb87ddcc1ad02c,,False,1,specdec_bench,built,802,c8c47ca471c684deb6a3941934b9c4cd6f78bc578eb7008a888ebfda247db04b
case_660,5384172790464297a713c9ffb4d4ffbe,roleplay,,https://huggingface.co/datasets/Neph0s/CoSER/tree/7cc80430f92532cda85df45015a4aca8ecc068d0,coser_72,,False,1,specdec_bench,built,1669,df3203a3333243862f9442e15abcdcf174f4c93d457d53198590d550c88751e3
case_661,94188a5a701c4394aabfb2214a6572b9,coding,,https://huggingface.co/datasets/livecodebench/code_generation_lite/tree/0fe84c3912ea0c4d4a78037083943e8f0c4dd505,abc314_a,easy,False,1,specdec_bench,built,450,fa64100ce5730338d2a6bde34f46688e7ab88099fd4e2a57f34b707bcb0c3714
case_662,552dc297eb864b1b87ec612a442ca3f2,humanities,English Literature,https://huggingface.co/datasets/cais/hle/tree/021a3d71f516a7ac28ceb8d284969902edf1edeb,66e95faf8451a9b41f307932,hard,False,1,specdec_bench,pending_hle_token,,
case_663,790d88a17d904190bef98eef9be43006,math,Mathematics,https://huggingface.co/datasets/cais/hle/tree/021a3d71f516a7ac28ceb8d284969902edf1edeb,67392014a87cc4cf423a73e2,hard,False,1,specdec_bench,pending_hle_token,,
case_664,6688448dc9dc409095af2ba569e7e3bc,qa,,https://raw.githubusercontent.com/hemingkx/Spec-Bench/66230f10cb0a02aced5ef3ce1e85163c16160454/data/spec_bench/question.jsonl,spec_bench_300,,False,1,parquet,built,77,c612d7fd3fdadabd3fe6819519e8f407799019084c0f6e098e5556e68a2f06ce
case_665,8e4d92f78d17492f8f86b2459cfb3c87,rag,rag,https://raw.githubusercontent.com/hemingkx/Spec-Bench/66230f10cb0a02aced5ef3ce1e85163c16160454/data/spec_bench/question.jsonl,spec_bench_466,,False,1,parquet,built,779,d4c3975ac7ac63e4ced83132a1785dcef3c43f962b899896242970070b242258
case_666,dc707b3e22d44b9fb91fe4dbaa0579fd,reasoning,general,https://raw.githubusercontent.com/mtbench101/mt-bench-101/61bc4faa9535cf29a6549b3f9df5efbf7cdd5288/data/subjective/mtbench101.jsonl,mtbench_101_16,,True,1,specdec_bench,built,81,1870d8a7ff778858dc2b6e35058b993407265a675ebf911112dfabc5c7c522e9
case_667,74e076747ca649a9b9f51ee2251fe8ef,stem,Computer Science,https://huggingface.co/datasets/cais/hle/tree/021a3d71f516a7ac28ceb8d284969902edf1edeb,677ad03c307d6c1c47c4e41e,hard,False,1,specdec_bench,pending_hle_token,,
case_668,c0e0c43ce4f8432ab84c2096cc336ecf,writing,Academic & Engineering,https://raw.githubusercontent.com/X-PLUG/WritingBench/4701e81e10d0c45cd2f3114efa315c4662da348a/benchmark_query/benchmark_all.jsonl,writing_bench_21,,False,1,parquet,built,218,974be89d5847b8d44ba576d6678c61eb6732c5a7bdb7ddf499a90831a774085b
case_669,6aebfdd4784f4cce9c493132f0062407,multilingual,ar-zh,https://huggingface.co/datasets/Helsinki-NLP/opus-100/tree/805090dc28bf78897da9641cdf08b61287580df9,opus100_ar-zh_227,,False,1,specdec_bench,built,423,3ee3ea69c5fa6fa2bf3f8b61bf77659a0409ba44ab5217f48ba486a4be11f367
case_670,2468860c81604925b8f2e1251b2ee316,summarization,,https://huggingface.co/datasets/abisee/cnn_dailymail/tree/96df5e686bee6baa90b8bee7c28b81fa3fa6223d,f001ec5c4704938247d27a44948eebb37ae98d01,,False,1,specdec_bench,built,774,9e7eb2ab27994e054bf586480c199724ad9b89f8b6d6a412f562c52bcf3fdf9d
case_671,e5314d6b101f420fa6d3bce92b8051db,roleplay,,https://huggingface.co/datasets/ZenMoore/RoleBench/tree/a57ed54f9613921e4a5f1b63601a558cd5acf971/rolebench-eng,rolebench_role-generalization_1782_rolebench_role-generalization_1783_rolebench_role-generalization_1784_rolebench_role-generalization_1785_rolebench_role-generalization_1786_rolebench_role-generalization_1787_rolebench_role-generalization_1788_rolebench_role-generalization_1789_rolebench_role-generalization_1790_rolebench_role-generalization_1791_rolebench_role-generalization_1792_rolebench_role-generalization_1793_rolebench_role-generalization_1794_rolebench_role-generalization_1795_rolebench_role-generalization_1796_rolebench_role-generalization_1797_rolebench_role-generalization_1798_rolebench_role-generalization_1799_rolebench_role-generalization_1800_rolebench_role-generalization_1801_rolebench_role-generalization_1802_rolebench_role-generalization_1803_rolebench_role-generalization_1804_rolebench_role-generalization_1805_rolebench_role-generalization_1806_rolebench_role-generalization_1807_rolebench_role-generalization_1808_rolebench_role-generalization_1809_rolebench_role-generalization_1810_rolebench_role-generalization_1811_rolebench_role-generalization_1812_rolebench_role-generalization_1813_rolebench_role-generalization_1814_rolebench_role-generalization_1815_rolebench_role-generalization_1816_rolebench_role-generalization_1817_rolebench_role-generalization_1818_rolebench_role-generalization_1819_rolebench_role-generalization_1820_rolebench_role-generalization_1821_rolebench_role-generalization_1822_rolebench_role-generalization_1823_rolebench_role-generalization_1824_rolebench_role-generalization_1825_rolebench_role-generalization_1826_rolebench_role-generalization_1827_rolebench_role-generalization_1828_rolebench_role-generalization_1829_rolebench_role-generalization_1830_rolebench_role-generalization_1831_rolebench_role-generalization_1832_rolebench_role-generalization_1833_rolebench_role-generalization_1834_rolebench_role-generalization_1835_rolebench_role-generalization_1836_rolebench_role-generalization_1837_rolebench_role-generalization_1838_rolebench_role-generalization_1839_rolebench_role-generalization_1840_rolebench_role-generalization_1841_rolebench_role-generalization_1842_rolebench_role-generalization_1843_rolebench_role-generalization_1844_rolebench_role-generalization_1845_rolebench_role-generalization_1846_rolebench_role-generalization_1847_rolebench_role-generalization_1848_rolebench_role-generalization_1849_rolebench_role-generalization_1850_rolebench_role-generalization_1851_rolebench_role-generalization_1852_rolebench_role-generalization_1853_rolebench_role-generalization_1854_rolebench_role-generalization_1855_rolebench_role-generalization_1856_rolebench_role-generalization_1857_rolebench_role-generalization_1858_rolebench_role-generalization_1859_rolebench_role-generalization_1860_rolebench_role-generalization_1861_rolebench_role-generalization_1862_rolebench_role-generalization_1863_rolebench_role-generalization_1864_rolebench_role-generalization_1865_rolebench_role-generalization_1866_rolebench_role-generalization_1867_rolebench_role-generalization_1868_rolebench_role-generalization_1869_rolebench_role-generalization_1870_rolebench_role-generalization_1871_rolebench_role-generalization_1872_rolebench_role-generalization_1873_rolebench_role-generalization_1874_rolebench_role-generalization_1875_rolebench_role-generalization_1876_rolebench_role-generalization_1877_rolebench_role-generalization_1878_rolebench_role-generalization_1879_rolebench_role-generalization_1880_rolebench_role-generalization_1881_rolebench_role-generalization_1882_rolebench_role-generalization_1883_rolebench_role-generalization_1884_rolebench_role-generalization_1885_rolebench_role-generalization_1886_rolebench_role-generalization_1887_rolebench_role-generalization_1888_rolebench_role-generalization_1889_rolebench_role-generalization_1890_rolebench_role-generalization_1891_rolebench_role-generalization_1892_rolebench_role-generalization_1893_rolebench_role-generalization_1894_rolebench_role-generalization_1895_rolebench_role-generalization_1896_rolebench_role-generalization_1897_rolebench_role-generalization_1898_rolebench_role-generalization_1899_rolebench_role-generalization_1900_rolebench_role-generalization_1901_rolebench_role-generalization_1902_rolebench_role-generalization_1903_rolebench_role-generalization_1904_rolebench_role-generalization_1905_rolebench_role-generalization_1906_rolebench_role-generalization_1907_rolebench_role-generalization_1908_rolebench_role-generalization_1909_rolebench_role-generalization_1910_rolebench_role-generalization_1911_rolebench_role-generalization_1912_rolebench_role-generalization_1913_rolebench_role-generalization_1914_rolebench_role-generalization_1915_rolebench_role-generalization_1916_rolebench_role-generalization_1917_rolebench_role-generalization_1918_rolebench_role-generalization_1919_rolebench_role-generalization_1920_rolebench_role-generalization_1921_rolebench_role-generalization_1922_rolebench_role-generalization_1923_rolebench_role-generalization_1924_rolebench_role-generalization_1925_rolebench_role-generalization_1926_rolebench_role-generalization_1927_rolebench_role-generalization_1928_rolebench_role-generalization_1929_rolebench_role-generalization_1930_rolebench_role-generalization_1931_rolebench_role-generalization_1932_rolebench_role-generalization_1933_rolebench_role-generalization_1934_rolebench_role-generalization_1935_rolebench_role-generalization_1936_rolebench_role-generalization_1937_rolebench_role-generalization_1938_rolebench_role-generalization_1939_rolebench_role-generalization_1940_rolebench_role-generalization_1941_rolebench_role-generalization_1942_rolebench_role-generalization_1943_rolebench_role-generalization_1944_rolebench_role-generalization_1945_rolebench_role-generalization_1946_rolebench_role-generalization_1947_rolebench_role-generalization_1948_rolebench_role-generalization_1949_rolebench_role-generalization_1950_rolebench_role-generalization_1951_rolebench_role-generalization_1952_rolebench_role-generalization_1953_rolebench_role-generalization_1954_rolebench_role-generalization_1955_rolebench_role-generalization_1956_rolebench_role-generalization_1957_rolebench_role-generalization_1958_rolebench_role-generalization_1959_rolebench_role-generalization_1960_rolebench_role-generalization_1961_rolebench_role-generalization_1962_rolebench_role-generalization_1963_rolebench_role-generalization_1964_rolebench_role-generalization_1965_rolebench_role-generalization_1966_rolebench_role-generalization_1967_rolebench_role-generalization_1968_rolebench_role-generalization_1969_rolebench_role-generalization_1970_rolebench_role-generalization_1971_rolebench_role-generalization_1972_rolebench_role-generalization_1973_rolebench_role-generalization_1974_rolebench_role-generalization_1975_rolebench_role-generalization_1976_rolebench_role-generalization_1977_rolebench_role-generalization_1978_rolebench_role-generalization_1979_rolebench_role-generalization_1980_rolebench_role-generalization_1981_rolebench_role-generalization_1982_rolebench_role-generalization_1983_rolebench_role-generalization_1984_rolebench_role-generalization_1985_rolebench_role-generalization_1986_rolebench_role-generalization_1987_rolebench_role-generalization_1988_rolebench_role-generalization_1989_rolebench_role-generalization_1990_rolebench_role-generalization_1991_rolebench_role-generalization_1992_rolebench_role-generalization_1993_rolebench_role-generalization_1994_rolebench_role-generalization_1995_rolebench_role-generalization_1996_rolebench_role-generalization_1997_rolebench_role-generalization_1998_rolebench_role-generalization_1999_rolebench_role-generalization_2000_rolebench_role-generalization_2001_rolebench_role-generalization_2002_rolebench_role-generalization_2003_rolebench_role-generalization_2004_rolebench_role-generalization_2005_rolebench_role-generalization_2006_rolebench_role-generalization_2007_rolebench_role-generalization_2008_rolebench_role-generalization_2009_rolebench_role-generalization_2010_rolebench_role-generalization_2011_rolebench_role-generalization_2012_rolebench_role-generalization_2013_rolebench_role-generalization_2014_rolebench_role-generalization_2015_rolebench_role-generalization_2016_rolebench_role-generalization_2017_rolebench_role-generalization_2018_rolebench_role-generalization_2019_rolebench_role-generalization_2020_rolebench_role-generalization_2021_rolebench_role-generalization_2022_rolebench_role-generalization_2023_rolebench_role-generalization_2024_rolebench_role-generalization_2025_rolebench_role-generalization_2026_rolebench_role-generalization_2027_rolebench_role-generalization_2028_rolebench_role-generalization_2029_rolebench_role-generalization_2030_rolebench_role-generalization_2031_rolebench_role-generalization_2032_rolebench_role-generalization_2033_rolebench_role-generalization_2484_rolebench_role-generalization_2485_rolebench_role-generalization_2486_rolebench_role-generalization_2487_rolebench_role-generalization_2488_rolebench_role-generalization_2489_rolebench_role-generalization_2490_rolebench_role-generalization_2491_rolebench_role-generalization_2492_rolebench_role-generalization_2493_rolebench_role-generalization_2494_rolebench_role-generalization_2495_rolebench_role-generalization_2496_rolebench_role-generalization_2497_rolebench_role-generalization_2498_rolebench_role-generalization_2499_rolebench_role-generalization_2500_rolebench_role-generalization_2501_rolebench_role-generalization_2502_rolebench_role-generalization_2503_rolebench_role-generalization_2504_rolebench_role-generalization_2505_rolebench_role-generalization_2506_rolebench_role-generalization_2507_rolebench_role-generalization_2508_rolebench_role-generalization_2509_rolebench_role-generalization_2510_rolebench_role-generalization_2511_rolebench_role-generalization_2512_rolebench_role-generalization_2513_rolebench_role-generalization_2514_rolebench_role-generalization_2515_rolebench_role-generalization_2516_rolebench_role-generalization_2517_rolebench_role-generalization_2518_rolebench_role-generalization_2519_rolebench_role-generalization_2520_rolebench_role-generalization_2521_rolebench_role-generalization_2522_rolebench_role-generalization_2523_rolebench_role-generalization_2524_rolebench_role-generalization_2525_rolebench_role-generalization_2526_rolebench_role-generalization_2527_rolebench_role-generalization_2528_rolebench_role-generalization_2529_rolebench_role-generalization_2530_rolebench_role-generalization_2531_rolebench_role-generalization_2532_rolebench_role-generalization_2533,,True,4,specdec_bench,built,226,10e2c8fae6a5263559cb7bcaa4e9e534fb73d20d8926286ff80509059fea9442
case_672,74f48ed284614abda4e67c724e4d6af7,coding,,https://huggingface.co/datasets/bigcode/humanevalpack/tree/9a41762f73a8cb23bb5811b73d5aab164efcf378,CPP/124,,False,1,parquet,built,318,b613941d04707269e874403b24efc28621a6f86f02115fbe9ddc52a8ad743fab
case_673,06a2b184a8864774aa03b38edd7a42a1,humanities,Economics,https://huggingface.co/datasets/cais/hle/tree/021a3d71f516a7ac28ceb8d284969902edf1edeb,67099b940109535a956a14ab,hard,False,1,specdec_bench,pending_hle_token,,
case_674,14afaf182ede4796b2c5ad7df0ad26b4,math,,https://raw.githubusercontent.com/hemingkx/Spec-Bench/66230f10cb0a02aced5ef3ce1e85163c16160454/data/spec_bench/question.jsonl,457_458,easy,True,2,parquet,built,167,e1f24525c0c9ee68e8f669a2523d1d533540dcb7a43f9e89b0a5ccf6fb9fc795
case_675,1bfd1c5614334177befddace53cd7007,qa,,https://raw.githubusercontent.com/hemingkx/Spec-Bench/66230f10cb0a02aced5ef3ce1e85163c16160454/data/spec_bench/question.jsonl,spec_bench_301,,False,1,parquet,built,79,6b44ecbc09a2877c6b03bd4e18c20d9291c26ee55cada441e2e5bd749053cde7
case_676,325eb186c7f242d2a6431faa2b161157,rag,rag,https://raw.githubusercontent.com/hemingkx/Spec-Bench/66230f10cb0a02aced5ef3ce1e85163c16160454/data/spec_bench/question.jsonl,spec_bench_418,,False,1,parquet,built,802,0beeebd9e37541fdd93e082dfd22928c7924518e7c19ba98ce96b2a2b51a8f82
case_677,cc1858924edd451cbf924ea047a8992f,reasoning,chemistry,https://huggingface.co/datasets/TIGER-Lab/MMLU-Pro/blob/30527804ea8854662078e457808040d872ecdf29/data/test-00000-of-00001.parquet,"mmlu_pro_(2194, 'chemistry')",,False,2,specdec_bench,built,224,eb333457b5f7fa9b8471eb8ccc7b4af9fc3dd0cfae6f272ef11d7f3583292570
case_678,675eebfbee6e4073a092a10270e30f05,stem,Neuroscience,https://huggingface.co/datasets/cais/hle/tree/021a3d71f516a7ac28ceb8d284969902edf1edeb,66f6743f2db0dfd3e0b594e7,hard,False,1,specdec_bench,pending_hle_token,,
case_679,4b74fb9e1f9049679c91052d3a998fcb,writing,Finance & Business,https://raw.githubusercontent.com/X-PLUG/WritingBench/4701e81e10d0c45cd2f3114efa315c4662da348a/benchmark_query/benchmark_all.jsonl,writing_bench_90,,False,1,parquet,built,535,c51d7c2541e4c33e68b2cfff5cc1f1a57fd39b00b69892f2f8b0693880e7d2b5
case_680,a9c2e0682b9d4bf08652bed14edbbc28,multilingual,es_math,https://github.com/RUCAIBox/MMATH/tree/3920f269764e4d3436105d89250833f3d7169c8d,mmath_197,,False,1,parquet,built,141,7e15ae7d9ba9deadcd028b567320a3600324e422c2f1c84e7c8f353deb38db65
case_681,c940fdcb94544f71a46c7c7fa8601135,summarization,,https://huggingface.co/datasets/abisee/cnn_dailymail/tree/96df5e686bee6baa90b8bee7c28b81fa3fa6223d,4b80562c3fcf91b514ad3d84e1a68e70a25de704,,False,1,specdec_bench,built,377,425690135eb4f131c9cdded83a25c8b1546c773890ba0d85aeb07496284295d2
case_682,b269779872e34105862b11e244991b2a,roleplay,,https://huggingface.co/datasets/ZenMoore/RoleBench/tree/a57ed54f9613921e4a5f1b63601a558cd5acf971/rolebench-eng,rolebench_instruction-generalization_1650_rolebench_instruction-generalization_1651_rolebench_instruction-generalization_1652_rolebench_instruction-generalization_1653_rolebench_instruction-generalization_1654_rolebench_instruction-generalization_1655_rolebench_instruction-generalization_1656_rolebench_instruction-generalization_1657_rolebench_instruction-generalization_1658_rolebench_instruction-generalization_1659_rolebench_instruction-generalization_1660_rolebench_instruction-generalization_1661_rolebench_instruction-generalization_1662_rolebench_instruction-generalization_1663_rolebench_instruction-generalization_1664_rolebench_instruction-generalization_1665_rolebench_instruction-generalization_1666_rolebench_instruction-generalization_1667_rolebench_instruction-generalization_1668_rolebench_instruction-generalization_1669_rolebench_instruction-generalization_1670_rolebench_instruction-generalization_1671_rolebench_instruction-generalization_1672_rolebench_instruction-generalization_1673_rolebench_instruction-generalization_1674_rolebench_instruction-generalization_1675_rolebench_instruction-generalization_1676_rolebench_instruction-generalization_1677_rolebench_instruction-generalization_1678_rolebench_instruction-generalization_1679_rolebench_instruction-generalization_1680_rolebench_instruction-generalization_1681_rolebench_instruction-generalization_1682_rolebench_instruction-generalization_1683_rolebench_instruction-generalization_1684_rolebench_instruction-generalization_1685_rolebench_instruction-generalization_1686_rolebench_instruction-generalization_1687_rolebench_instruction-generalization_1688_rolebench_instruction-generalization_1689_rolebench_instruction-generalization_1690_rolebench_instruction-generalization_1691_rolebench_instruction-generalization_1692_rolebench_instruction-generalization_1693_rolebench_instruction-generalization_1694_rolebench_instruction-generalization_1695_rolebench_instruction-generalization_1696_rolebench_instruction-generalization_1697_rolebench_instruction-generalization_1698_rolebench_instruction-generalization_1699,,True,4,specdec_bench,built,202,39649f4ebb23a3533c2b83eedf3263ca7e70e451a94a9048a401a7663b79aa06
case_683,4ca88202f05d4923b0fa2dcb3b6b637a,coding,,https://huggingface.co/datasets/bigcode/humanevalpack/tree/9a41762f73a8cb23bb5811b73d5aab164efcf378,JavaScript/39,,False,1,parquet,built,151,f1931dee897a3984c0cb5bdf8c0fae7cbb95311e28d71201884e81c09f9f12a4
case_684,3e919c3be6ec47449da08474872b327d,humanities,,https://raw.githubusercontent.com/hemingkx/Spec-Bench/66230f10cb0a02aced5ef3ce1e85163c16160454/data/spec_bench/question.jsonl,spec_bench_72,medium,True,2,parquet,built,93,4e86ebd3f584a95dfbe86de36632f57d9da62c98ea1a5d74ba18a2ed904f00d5
case_685,43c22ce01b0f4992a3749257c79bd565,math,Applied Mathematics,https://huggingface.co/datasets/cais/hle/tree/021a3d71f516a7ac28ceb8d284969902edf1edeb,67371dc7fb093fc159cc78e8,hard,False,1,specdec_bench,pending_hle_token,,
case_686,8670c5f4c62e4f278732a56377127090,qa,,https://raw.githubusercontent.com/hemingkx/Spec-Bench/66230f10cb0a02aced5ef3ce1e85163c16160454/data/spec_bench/question.jsonl,spec_bench_302,,False,1,parquet,built,79,0172ed0daf76218f9fd65a0b8b1fb79597a62034ca32a7f19889ef75c29ece96
case_687,8a4f1370bc814d65b7127cd265574067,rag,rag,https://raw.githubusercontent.com/hemingkx/Spec-Bench/66230f10cb0a02aced5ef3ce1e85163c16160454/data/spec_bench/question.jsonl,spec_bench_447,,False,1,parquet,built,741,622a0fb53686a829fb6f69f1e25bed11dbc185c10519071e7d69634df92c2260
case_688,378bbbfce1394cc195be68576a11733a,reasoning,other,https://huggingface.co/datasets/TIGER-Lab/MMLU-Pro/blob/30527804ea8854662078e457808040d872ecdf29/data/test-00000-of-00001.parquet,"mmlu_pro_(2711, 'other')",,False,2,specdec_bench,built,388,accd10126bcdec1e2d5bc414b985ef7a03dac129805f2312284663792e88676a
case_689,5659e06b30f34f19ad8c178d4c368efb,stem,Computer Science,https://huggingface.co/datasets/cais/hle/tree/021a3d71f516a7ac28ceb8d284969902edf1edeb,676625d01ac4d6b20625ea51,hard,False,1,specdec_bench,pending_hle_token,,
case_690,66b5ac7bf5d64e22825335ae0a6d4716,writing,Literature & Arts,https://raw.githubusercontent.com/X-PLUG/WritingBench/4701e81e10d0c45cd2f3114efa315c4662da348a/benchmark_query/benchmark_all.jsonl,writing_bench_984,,False,1,parquet,built,2219,2eab85db12411e44c6d668750d1138ea7d405ac7ccac1a0155dc72ca63ed3c66
case_691,a619715abcde49f6948c682f1c3e0b0b,multilingual,cs-en,https://huggingface.co/datasets/Helsinki-NLP/opus-100/tree/805090dc28bf78897da9641cdf08b61287580df9,opus100_cs-en_1919,,False,1,specdec_bench,built,322,5cf975623933cedc9e70da131925ad83288c9f3d846f09b5111e2fd6aefaf4b0
case_692,fd821dd0415f484b98125d723b94480d,summarization,,https://huggingface.co/datasets/abisee/cnn_dailymail/tree/96df5e686bee6baa90b8bee7c28b81fa3fa6223d,3f7e6dff496f872ffdd2663c0226f5c7fff21348,,False,1,specdec_bench,built,626,d215c497b7278a3da36b5f20a83d5f62ee252ca9ba6e432ecb6fb3fcedfc9084
case_693,d4adce94e54b499c82edee3da0dd77b4,roleplay,,https://huggingface.co/datasets/ZenMoore/RoleBench/tree/a57ed54f9613921e4a5f1b63601a558cd5acf971/rolebench-eng,rolebench_instruction-generalization_2900_rolebench_instruction-generalization_2901_rolebench_instruction-generalization_2902_rolebench_instruction-generalization_2903_rolebench_instruction-generalization_2904_rolebench_instruction-generalization_2905_rolebench_instruction-generalization_2906_rolebench_instruction-generalization_2907_rolebench_instruction-generalization_2908_rolebench_instruction-generalization_2909_rolebench_instruction-generalization_2910_rolebench_instruction-generalization_2911_rolebench_instruction-generalization_2912_rolebench_instruction-generalization_2913_rolebench_instruction-generalization_2914_rolebench_instruction-generalization_2915_rolebench_instruction-generalization_2916_rolebench_instruction-generalization_2917_rolebench_instruction-generalization_2918_rolebench_instruction-generalization_2919_rolebench_instruction-generalization_2920_rolebench_instruction-generalization_2921_rolebench_instruction-generalization_2922_rolebench_instruction-generalization_2923_rolebench_instruction-generalization_2924_rolebench_instruction-generalization_2925_rolebench_instruction-generalization_2926_rolebench_instruction-generalization_2927_rolebench_instruction-generalization_2928_rolebench_instruction-generalization_2929_rolebench_instruction-generalization_2930_rolebench_instruction-generalization_2931_rolebench_instruction-generalization_2932_rolebench_instruction-generalization_2933_rolebench_instruction-generalization_2934_rolebench_instruction-generalization_2935_rolebench_instruction-generalization_2936_rolebench_instruction-generalization_2937_rolebench_instruction-generalization_2938_rolebench_instruction-generalization_2939_rolebench_instruction-generalization_2940_rolebench_instruction-generalization_2941_rolebench_instruction-generalization_2942_rolebench_instruction-generalization_2943_rolebench_instruction-generalization_2944_rolebench_instruction-generalization_2945_rolebench_instruction-generalization_2946_rolebench_instruction-generalization_2947_rolebench_instruction-generalization_2948_rolebench_instruction-generalization_2949,,True,2,specdec_bench,built,247,87b403675b6b2c5ea260b8a2e059f444630cccff79042647f60f696b97623a11
case_694,eaad9dbf75df4d2a90e328b155fcc978,coding,,https://huggingface.co/datasets/bigcode/humanevalpack/tree/9a41762f73a8cb23bb5811b73d5aab164efcf378,Java/27,,False,1,parquet,built,120,6000537867b0830253254370e4376cd6ff66c0499a1ca1c88eda2c9f79a1a1db
case_695,1662d26367bc402fbfe14001d3d23ea6,humanities,Cultural Studies (General),https://huggingface.co/datasets/cais/hle/tree/021a3d71f516a7ac28ceb8d284969902edf1edeb,671f5bf4258a6646ea2f86b3,hard,False,1,specdec_bench,pending_hle_token,,
case_696,a87d22e12d4c4b6795323ec85c1f6457,math,Applied Mathematics,https://huggingface.co/datasets/cais/hle/tree/021a3d71f516a7ac28ceb8d284969902edf1edeb,672dde1a9a1f996a161fbd05,hard,False,1,specdec_bench,pending_hle_token,,
case_697,b2d9ab1ab4d34417a06ab8688e005307,qa,,https://raw.githubusercontent.com/hemingkx/Spec-Bench/66230f10cb0a02aced5ef3ce1e85163c16160454/data/spec_bench/question.jsonl,spec_bench_303,,False,1,parquet,built,81,b0adc5488fa7939ecc8efd3aca3883da35e3a0fb4c21872fb6769291c5c462d9
case_698,f369ce3acfc94c80b00343500e364cb0,rag,extraction,https://raw.githubusercontent.com/hemingkx/Spec-Bench/66230f10cb0a02aced5ef3ce1e85163c16160454/data/spec_bench/question.jsonl,spec_bench_54,,True,2,parquet,built,214,859f1902f6cab67497a378fb2f918dea2e99077080d12f42912b101328d01a71
case_699,3ecbec93945546e3adc260536ef6602d,reasoning,mathematical,https://raw.githubusercontent.com/mtbench101/mt-bench-101/61bc4faa9535cf29a6549b3f9df5efbf7cdd5288/data/subjective/mtbench101.jsonl,mtbench_101_498,,True,1,specdec_bench,built,182,c0f4b8d8c43112db6bba1bc16f5b32465b96cdddc7b0566fc6792b67351e6adc
case_700,1059658605c1432e9f0437ec2ec6acb8,stem,Cryptography,https://huggingface.co/datasets/cais/hle/tree/021a3d71f516a7ac28ceb8d284969902edf1edeb,67330386bda81b2106f720dc,hard,False,1,specdec_bench,pending_hle_token,,
case_701,ab4d9010e2cf4596a1b6355832d38c9d,writing,Education,https://raw.githubusercontent.com/X-PLUG/WritingBench/4701e81e10d0c45cd2f3114efa315c4662da348a/benchmark_query/benchmark_all.jsonl,writing_bench_411,,False,1,parquet,built,373,7d727b10bb5075f909dd4e64f07438266d8a2441067600a3b7fd41dd64a85cd3
case_702,d44a6862770a44309ba39dc6eac72634,multilingual,ja_math,https://github.com/RUCAIBox/MMATH/tree/3920f269764e4d3436105d89250833f3d7169c8d,mmath_78,,False,1,parquet,built,167,e0dca632dce3c0d497170b6cca77a029a27a6dea2eeda533a41d23891713410c
case_703,f518fcb451954e35a24f6f2233ef8197,summarization,,https://huggingface.co/datasets/abisee/cnn_dailymail/tree/96df5e686bee6baa90b8bee7c28b81fa3fa6223d,72df456684b62acd43db2ac9bb23f509b9b53942,,False,1,specdec_bench,built,1617,33c6b7aa0695a608fd6f3690b7decd9d92a74f679a0263b082a2283a2ec72a9f
case_704,de121de3b5d444b6939cf7540e6d5529,roleplay,,https://huggingface.co/datasets/ZenMoore/RoleBench/tree/a57ed54f9613921e4a5f1b63601a558cd5acf971/rolebench-eng,rolebench_instruction-generalization_3500_rolebench_instruction-generalization_3501_rolebench_instruction-generalization_3502_rolebench_instruction-generalization_3503_rolebench_instruction-generalization_3504_rolebench_instruction-generalization_3505_rolebench_instruction-generalization_3506_rolebench_instruction-generalization_3507_rolebench_instruction-generalization_3508_rolebench_instruction-generalization_3509_rolebench_instruction-generalization_3510_rolebench_instruction-generalization_3511_rolebench_instruction-generalization_3512_rolebench_instruction-generalization_3513_rolebench_instruction-generalization_3514_rolebench_instruction-generalization_3515_rolebench_instruction-generalization_3516_rolebench_instruction-generalization_3517_rolebench_instruction-generalization_3518_rolebench_instruction-generalization_3519_rolebench_instruction-generalization_3520_rolebench_instruction-generalization_3521_rolebench_instruction-generalization_3522_rolebench_instruction-generalization_3523_rolebench_instruction-generalization_3524_rolebench_instruction-generalization_3525_rolebench_instruction-generalization_3526_rolebench_instruction-generalization_3527_rolebench_instruction-generalization_3528_rolebench_instruction-generalization_3529_rolebench_instruction-generalization_3530_rolebench_instruction-generalization_3531_rolebench_instruction-generalization_3532_rolebench_instruction-generalization_3533_rolebench_instruction-generalization_3534_rolebench_instruction-generalization_3535_rolebench_instruction-generalization_3536_rolebench_instruction-generalization_3537_rolebench_instruction-generalization_3538_rolebench_instruction-generalization_3539_rolebench_instruction-generalization_3540_rolebench_instruction-generalization_3541_rolebench_instruction-generalization_3542_rolebench_instruction-generalization_3543_rolebench_instruction-generalization_3544_rolebench_instruction-generalization_3545_rolebench_instruction-generalization_3546_rolebench_instruction-generalization_3547_rolebench_instruction-generalization_3548_rolebench_instruction-generalization_3549,,False,1,specdec_bench,built,288,ab64c22db00dff794b9a741c79ff80c8b52fab1e1d819d778dcd098c5f66f055
case_705,4ded8a39d0e64298848d673579638960,coding,,https://huggingface.co/datasets/livecodebench/code_generation_lite/tree/0fe84c3912ea0c4d4a78037083943e8f0c4dd505,2857,easy,False,1,specdec_bench,built,475,6ae77d32f83d96d8e517d67c856a5d22f508216d9b7ebe04a9c40a82550f9ac9
case_706,53f4b2efa2d6499f9cfeb2cd7e0400c1,humanities,Religious Studies,https://huggingface.co/datasets/cais/hle/tree/021a3d71f516a7ac28ceb8d284969902edf1edeb,671776667bd7b6b75ba31922,hard,False,1,specdec_bench,pending_hle_token,,
case_707,a766cbba2c64440db2999dc421834861,math,Mathematics,https://huggingface.co/datasets/cais/hle/tree/021a3d71f516a7ac28ceb8d284969902edf1edeb,66fb8135483861eb2d0252a3,hard,False,1,specdec_bench,pending_hle_token,,
case_708,b9ba803e36444d06a1a0fe9c8a3c212e,qa,,https://raw.githubusercontent.com/hemingkx/Spec-Bench/66230f10cb0a02aced5ef3ce1e85163c16160454/data/spec_bench/question.jsonl,spec_bench_304,,False,1,parquet,built,77,e171740906c137f255bff5df2cf10d95e070b0967ccc7589056d733f807d5791
case_709,7ddae1ad89d246d7aeac324973523fef,rag,rag,https://raw.githubusercontent.com/hemingkx/Spec-Bench/66230f10cb0a02aced5ef3ce1e85163c16160454/data/spec_bench/question.jsonl,spec_bench_451,,False,1,parquet,built,771,17ce7dee5838642877d994abb3dcf7b866ca3207942147fbdf9f2af0b46dc847
case_710,7a9f9338da464e73ad62de6f34688ca4,reasoning,,https://raw.githubusercontent.com/hemingkx/Spec-Bench/66230f10cb0a02aced5ef3ce1e85163c16160454/data/spec_bench/question.jsonl,spec_bench_23,,True,2,parquet,built,86,06b4db25e6c00ca14e39c3d97a221272995e5bf18a0c8eed5513fecb0447c914
case_711,b5c283da9ff0473a83d6df72a7db9e6a,stem,Electrical Engineering,https://huggingface.co/datasets/cais/hle/tree/021a3d71f516a7ac28ceb8d284969902edf1edeb,673a24cae2c1660fd4a8ab7f,hard,False,1,specdec_bench,pending_hle_token,,
case_712,69d64c0b26004e209e614b335debe3e3,writing,Academic & Engineering,https://raw.githubusercontent.com/X-PLUG/WritingBench/4701e81e10d0c45cd2f3114efa315c4662da348a/benchmark_query/benchmark_all.jsonl,writing_bench_25,,False,1,parquet,built,115,ec8b241e928fdbb333918de7fc97ef662994af77a29b5a7e6c85605a2f099925
case_713,47aafc3e7566455f9680ae9a34e32c1e,multilingual,ar-ru,https://huggingface.co/datasets/Helsinki-NLP/opus-100/tree/805090dc28bf78897da9641cdf08b61287580df9,opus100_ar-ru_869,,False,1,specdec_bench,built,277,8c831e5005340296c73fcae458276cd5910768e19f74c21fc29c3df55eee623a
case_714,af98c0afce0749a49226373efa057137,summarization,,https://huggingface.co/datasets/abisee/cnn_dailymail/tree/96df5e686bee6baa90b8bee7c28b81fa3fa6223d,edff2c0d575707fd0ea8a140311f3f494692ea2f,,False,1,specdec_bench,built,407,6bf1bf07b2de75a4761a3cf6a380b6ea5bf3e651eefec312f6c2081ca0cf1418
case_715,9a50c7c38d2a43bc903b607267df39ba,roleplay,,https://huggingface.co/datasets/Neph0s/CoSER/tree/7cc80430f92532cda85df45015a4aca8ecc068d0,coser_163,,False,1,specdec_bench,built,1109,0bd0390073c185d843a87b2fc7eef44de0a0fe7eaca321069bbb0f3a6facd413
case_716,126235195ce847b09b1dab1507421e64,coding,,https://huggingface.co/datasets/bigcode/humanevalpack/tree/9a41762f73a8cb23bb5811b73d5aab164efcf378,Python/132,,False,1,parquet,built,195,3384d21ec4d34b4a0c733002c606f3c82d88a93bce73587cb6776db927d10361
case_717,b114e73446bc43649ae46cbde3cc4e3d,humanities,Linguistics,https://huggingface.co/datasets/cais/hle/tree/021a3d71f516a7ac28ceb8d284969902edf1edeb,672045da452d0bd5546e11e6,hard,False,1,specdec_bench,pending_hle_token,,
case_718,ff44c6c365af46b7905b7321da5997a7,math,Mathematics,https://huggingface.co/datasets/cais/hle/tree/021a3d71f516a7ac28ceb8d284969902edf1edeb,66f531b3383872bf2182c10a,hard,False,1,specdec_bench,pending_hle_token,,
case_719,b3c61ad852ab43ebb0c26975cdfb3fca,qa,,https://raw.githubusercontent.com/hemingkx/Spec-Bench/66230f10cb0a02aced5ef3ce1e85163c16160454/data/spec_bench/question.jsonl,spec_bench_305,,False,1,parquet,built,77,9112af932f8f14bd9d190a786a3b8f17743679199f47816e1592b313934755be
case_720,8b08c14b779e4eefa06849a15cbf6bf4,rag,table_and_text_extraction,https://huggingface.co/datasets/nvidia/ChatRAG-Bench/tree/af6c7d420ddddf21f54f8ab3394bbf462aad2577/data,chatrag_bench_1693,,False,1,specdec_bench,built,378,457813b6a785ea4d861505d0d19ea13f67c1463ae764cec1442c22cef78115c0
case_721,2edc2280761049d2ae2a705ec48e8547,reasoning,law,https://huggingface.co/datasets/TIGER-Lab/MMLU-Pro/blob/30527804ea8854662078e457808040d872ecdf29/data/test-00000-of-00001.parquet,"mmlu_pro_(790, 'law')",,False,2,specdec_bench,built,334,852f53bdb98a7f0276465d92177bbd51b70c0d884d64f0c070681a4429bd05eb
case_722,69358599fc0a428e9aa011e73d3b5539,stem,Physics,https://huggingface.co/datasets/cais/hle/tree/021a3d71f516a7ac28ceb8d284969902edf1edeb,6720449622c03e062e242dd2,hard,False,1,specdec_bench,pending_hle_token,,
case_723,770d87ecff044cadb4eb18f930e25a77,writing,Advertising & Marketing,https://raw.githubusercontent.com/X-PLUG/WritingBench/4701e81e10d0c45cd2f3114efa315c4662da348a/benchmark_query/benchmark_all.jsonl,writing_bench_475,,False,1,parquet,built,257,584474a205468f668889a36d99073c0171074cde654a224326d0791760d5bbb7
case_724,54ba95b82ed0460bb4fe57e3b6043fc5,multilingual,de-zh,https://huggingface.co/datasets/Helsinki-NLP/opus-100/tree/805090dc28bf78897da9641cdf08b61287580df9,opus100_de-zh_417,,False,1,specdec_bench,built,247,c1e8d4067bc0482054ff86102984c3a62a70e08bd52e9e4284b35f247bc2fb79
case_725,e9b64887c86844ab84d2cbd65f9bd1ff,summarization,,https://huggingface.co/datasets/abisee/cnn_dailymail/tree/96df5e686bee6baa90b8bee7c28b81fa3fa6223d,062f78c2922d4050190dbba10f5d65eeff25e1ed,,False,1,specdec_bench,built,231,a781cb446a85391767ac5456aa1b8c80ba770e3ce035478c09fdbd83086f626c
case_726,aaea968b553047d68af8be49e8456c6a,roleplay,,https://huggingface.co/datasets/ZenMoore/RoleBench/tree/a57ed54f9613921e4a5f1b63601a558cd5acf971/rolebench-eng,rolebench_instruction-generalization_1600_rolebench_instruction-generalization_1601_rolebench_instruction-generalization_1602_rolebench_instruction-generalization_1603_rolebench_instruction-generalization_1604_rolebench_instruction-generalization_1605_rolebench_instruction-generalization_1606_rolebench_instruction-generalization_1607_rolebench_instruction-generalization_1608_rolebench_instruction-generalization_1609_rolebench_instruction-generalization_1610_rolebench_instruction-generalization_1611_rolebench_instruction-generalization_1612_rolebench_instruction-generalization_1613_rolebench_instruction-generalization_1614_rolebench_instruction-generalization_1615_rolebench_instruction-generalization_1616_rolebench_instruction-generalization_1617_rolebench_instruction-generalization_1618_rolebench_instruction-generalization_1619_rolebench_instruction-generalization_1620_rolebench_instruction-generalization_1621_rolebench_instruction-generalization_1622_rolebench_instruction-generalization_1623_rolebench_instruction-generalization_1624_rolebench_instruction-generalization_1625_rolebench_instruction-generalization_1626_rolebench_instruction-generalization_1627_rolebench_instruction-generalization_1628_rolebench_instruction-generalization_1629_rolebench_instruction-generalization_1630_rolebench_instruction-generalization_1631_rolebench_instruction-generalization_1632_rolebench_instruction-generalization_1633_rolebench_instruction-generalization_1634_rolebench_instruction-generalization_1635_rolebench_instruction-generalization_1636_rolebench_instruction-generalization_1637_rolebench_instruction-generalization_1638_rolebench_instruction-generalization_1639_rolebench_instruction-generalization_1640_rolebench_instruction-generalization_1641_rolebench_instruction-generalization_1642_rolebench_instruction-generalization_1643_rolebench_instruction-generalization_1644_rolebench_instruction-generalization_1645_rolebench_instruction-generalization_1646_rolebench_instruction-generalization_1647_rolebench_instruction-generalization_1648_rolebench_instruction-generalization_1649,,False,1,specdec_bench,built,222,96c8e3a9d8a348212891af2ff41188a6709f6fcddd7e69f1417b675981e9eba7
case_727,73c564f6e702456fa85e903de4824d3c,coding,,https://raw.githubusercontent.com/hemingkx/Spec-Bench/66230f10cb0a02aced5ef3ce1e85163c16160454/data/spec_bench/question.jsonl,spec_bench_49,medium,True,2,parquet,built,85,7d4748c5075ae8b9457ae67c578c017b67da5f42ffe925cb5f99909c58984ff0
case_728,6f68f767a7974fa7b93e9c4ae02ad205,humanities,Political Science,https://huggingface.co/datasets/cais/hle/tree/021a3d71f516a7ac28ceb8d284969902edf1edeb,66e9580bc845662f61f3664b,hard,False,1,specdec_bench,pending_hle_token,,
case_729,126c70bd6d2240958e92dd1c75b95eeb,math,Mathematics,https://huggingface.co/datasets/cais/hle/tree/021a3d71f516a7ac28ceb8d284969902edf1edeb,6722889086cf6075e69b96a7,hard,False,1,specdec_bench,pending_hle_token,,
case_730,1428f429a5b241baac49b0bfd128dfa1,qa,,https://raw.githubusercontent.com/hemingkx/Spec-Bench/66230f10cb0a02aced5ef3ce1e85163c16160454/data/spec_bench/question.jsonl,spec_bench_306,,False,1,parquet,built,80,e9519aa1e609c264f94ce22c446c743047a67c98b3f940f43904d770e15e3b2d
case_731,dfcfc5138c654f90b827014cd10fbd49,rag,rag,https://raw.githubusercontent.com/hemingkx/Spec-Bench/66230f10cb0a02aced5ef3ce1e85163c16160454/data/spec_bench/question.jsonl,spec_bench_476,,False,1,parquet,built,806,374ad3d79207817d5ea3995d6b4022f51a6cadf5084d1554379184a4fab27d3f
case_732,9d3de33149ca44a3a81009faa3060b0c,reasoning,general,https://raw.githubusercontent.com/mtbench101/mt-bench-101/61bc4faa9535cf29a6549b3f9df5efbf7cdd5288/data/subjective/mtbench101.jsonl,mtbench_101_23,,True,1,specdec_bench,built,102,22a62c70a2d6207393e5eec634295749bbab9d4b49dcf9a93e5416d5b3783742
case_733,d1ee6bc6f1384e298f5a42e922bbebbb,stem,Chemistry,https://huggingface.co/datasets/cais/hle/tree/021a3d71f516a7ac28ceb8d284969902edf1edeb,670880520ed68fbdc467064e,hard,False,1,specdec_bench,pending_hle_token,,
case_734,4c50f2e1abac419fbc6b77ad454b5652,writing,fanfic-crossover,https://raw.githubusercontent.com/EQ-bench/creative-writing-bench/refs/heads/main/data/creative_writing_prompts_v3.json,creative_writing_v3_20,,False,1,parquet,built,445,8d58de7f00ec1ed51cf393ca239bd428f3dd5ecd2c68bd3b72fbc1721c22311d
case_735,c67c25dcf5154836ac8f1fbad7729d1f,multilingual,ko_math,https://github.com/RUCAIBox/MMATH/tree/3920f269764e4d3436105d89250833f3d7169c8d,mmath_303,,False,1,parquet,built,174,f7fdfe867f565aaff599b1a0eac3874e31fa5051ab16447a6112e40d5ab92a33
case_736,3f135fc3c6544d9486b2279821dc8fda,summarization,,https://huggingface.co/datasets/abisee/cnn_dailymail/tree/96df5e686bee6baa90b8bee7c28b81fa3fa6223d,33a43f66836eaafe031d9188982638d6f586ba0d,,False,1,specdec_bench,built,1117,8c75c76d62ca398126e1e72090dfbb332a88a5769839ac9ced7c9b8fb1c580a7
case_737,fc17b343c86e429caddbc3e323a0a7e9,roleplay,,https://huggingface.co/datasets/Neph0s/CoSER/tree/7cc80430f92532cda85df45015a4aca8ecc068d0,coser_197,,False,1,specdec_bench,built,2611,643d1872d401732f5f819b852dbcfa87ea467fce890aa695fedd88f0f30ee112
case_738,5de62efe068247c4bb29dd5b37b21d80,coding,,https://huggingface.co/datasets/bigcode/humanevalpack/tree/9a41762f73a8cb23bb5811b73d5aab164efcf378,Go/89,,False,1,parquet,built,171,f68d3e5b83c85a8ce7afbd60f9c2233c98c62789d75a37931d97f25126912865
case_739,099ee93beb784a0381dfaaf54c0b838f,humanities,Literature,https://huggingface.co/datasets/cais/hle/tree/021a3d71f516a7ac28ceb8d284969902edf1edeb,67447514819b2c9d18ad5210,hard,False,1,specdec_bench,pending_hle_token,,
case_740,f1eee8a8cd814a7e9dc0abb8533700c9,math,Applied Mathematics,https://huggingface.co/datasets/cais/hle/tree/021a3d71f516a7ac28ceb8d284969902edf1edeb,6705b7c94ae9f2994dfaca33,hard,False,1,specdec_bench,pending_hle_token,,
case_741,6c8d4ad833c94ef6aa1097ee8adfc9d7,qa,,https://raw.githubusercontent.com/hemingkx/Spec-Bench/66230f10cb0a02aced5ef3ce1e85163c16160454/data/spec_bench/question.jsonl,spec_bench_307,,False,1,parquet,built,80,48777e59e9ffdf1fc67d45f5234065769c56da9d14758d9afb8d2338a1ac5ef2
case_742,e546b2d9f6724cf78d24a3ca80c8d005,rag,rag,https://raw.githubusercontent.com/hemingkx/Spec-Bench/66230f10cb0a02aced5ef3ce1e85163c16160454/data/spec_bench/question.jsonl,spec_bench_437,,False,1,parquet,built,758,455a823f23bfe230e5c6b19655c17d41f9f6fb462b6ec46983ac053771ef5447
case_743,2170cc31c6bd4a54a9a46569008b1664,reasoning,mathematical,https://raw.githubusercontent.com/mtbench101/mt-bench-101/61bc4faa9535cf29a6549b3f9df5efbf7cdd5288/data/subjective/mtbench101.jsonl,mtbench_101_522,,True,1,specdec_bench,built,174,830d5c307e2216c508c2be54c0911ee14db0f09f9137e9a724f41572202bdc72
case_744,8624cf28b65a43a1ba252072d92bd831,stem,,https://raw.githubusercontent.com/hemingkx/Spec-Bench/66230f10cb0a02aced5ef3ce1e85163c16160454/data/spec_bench/question.jsonl,spec_bench_66,medium,True,2,parquet,built,129,2c044394c59a97aef852c1a47b1b3a0dbbc8b7f3a650bd3042e101669424e413
case_745,f695b5b0659d418a80521611ffb8f977,writing,Politics & Law,https://raw.githubusercontent.com/X-PLUG/WritingBench/4701e81e10d0c45cd2f3114efa315c4662da348a/benchmark_query/benchmark_all.jsonl,writing_bench_340,,False,1,parquet,built,785,c089a42e0dc03a5df25d18a7534d7d0f350f17ca3da8b56f0700de4743ba732c
case_746,82cfc8b895e741098c724f6118859f3a,multilingual,th_math,https://github.com/RUCAIBox/MMATH/tree/3920f269764e4d3436105d89250833f3d7169c8d,mmath_371,,False,1,parquet,built,285,6662574a2cbb5deaa1305619ccda3d062b87d15184642293d45e17bc55c8611d
case_747,f38b6d082bea4952a97ed3de0d83b3ec,summarization,,https://huggingface.co/datasets/abisee/cnn_dailymail/tree/96df5e686bee6baa90b8bee7c28b81fa3fa6223d,1fcfa327a33c2da11400f295c2071071349bc9bf,,False,1,specdec_bench,built,753,0fa52eec922d973baf1306b26745ec04abd2d52232f6ce052ad8899a5b49bf89
case_748,0d5fd96e88f149a287de3186091eef30,roleplay,,https://huggingface.co/datasets/ZenMoore/RoleBench/tree/a57ed54f9613921e4a5f1b63601a558cd5acf971/rolebench-eng,rolebench_instruction-generalization_1100_rolebench_instruction-generalization_1101_rolebench_instruction-generalization_1102_rolebench_instruction-generalization_1103_rolebench_instruction-generalization_1104_rolebench_instruction-generalization_1105_rolebench_instruction-generalization_1106_rolebench_instruction-generalization_1107_rolebench_instruction-generalization_1108_rolebench_instruction-generalization_1109_rolebench_instruction-generalization_1110_rolebench_instruction-generalization_1111_rolebench_instruction-generalization_1112_rolebench_instruction-generalization_1113_rolebench_instruction-generalization_1114_rolebench_instruction-generalization_1115_rolebench_instruction-generalization_1116_rolebench_instruction-generalization_1117_rolebench_instruction-generalization_1118_rolebench_instruction-generalization_1119_rolebench_instruction-generalization_1120_rolebench_instruction-generalization_1121_rolebench_instruction-generalization_1122_rolebench_instruction-generalization_1123_rolebench_instruction-generalization_1124_rolebench_instruction-generalization_1125_rolebench_instruction-generalization_1126_rolebench_instruction-generalization_1127_rolebench_instruction-generalization_1128_rolebench_instruction-generalization_1129_rolebench_instruction-generalization_1130_rolebench_instruction-generalization_1131_rolebench_instruction-generalization_1132_rolebench_instruction-generalization_1133_rolebench_instruction-generalization_1134_rolebench_instruction-generalization_1135_rolebench_instruction-generalization_1136_rolebench_instruction-generalization_1137_rolebench_instruction-generalization_1138_rolebench_instruction-generalization_1139_rolebench_instruction-generalization_1140_rolebench_instruction-generalization_1141_rolebench_instruction-generalization_1142_rolebench_instruction-generalization_1143_rolebench_instruction-generalization_1144_rolebench_instruction-generalization_1145_rolebench_instruction-generalization_1146_rolebench_instruction-generalization_1147_rolebench_instruction-generalization_1148_rolebench_instruction-generalization_1149,,False,1,specdec_bench,built,306,f042c6b935daf54e8bee4e017b55cadf104c31f86857cf8e325993637eb24b06
case_749,2afb354c2f2d428e84a21770ef617b4f,coding,,https://huggingface.co/datasets/bigcode/humanevalpack/tree/9a41762f73a8cb23bb5811b73d5aab164efcf378,CPP/153,,False,1,parquet,built,335,b164b272836dacdbe60dd111e70254aa11a699af7ecf3ec0e41b084f0171a5fd
case_750,5478926013a4460e83766c23182b8558,humanities,Economics,https://huggingface.co/datasets/cais/hle/tree/021a3d71f516a7ac28ceb8d284969902edf1edeb,66fc23cfa7be4edbe85cf177,hard,False,1,specdec_bench,pending_hle_token,,
case_751,4b193822abd64ea5922f52dd9862b147,math,,https://raw.githubusercontent.com/hemingkx/Spec-Bench/66230f10cb0a02aced5ef3ce1e85163c16160454/data/spec_bench/question.jsonl,451_452,easy,True,2,parquet,built,139,21cb888d3b8cfd1eef8ff9f133ee3f15375cf4a03231905afeecf88b313ecac4
case_752,043446326ad2464ba2e229e5da57f6d0,qa,,https://raw.githubusercontent.com/hemingkx/Spec-Bench/66230f10cb0a02aced5ef3ce1e85163c16160454/data/spec_bench/question.jsonl,spec_bench_308,,False,1,parquet,built,81,710dcfc6efab56cf844abc465717719c96f4cbdfdaadf2f5c8581493fcd1ac83
case_753,2934786458e74085ab0a5cbb3f025d41,rag,table_and_text_extraction,https://huggingface.co/datasets/nvidia/ChatRAG-Bench/tree/af6c7d420ddddf21f54f8ab3394bbf462aad2577/data,chatrag_bench_494,,True,1,specdec_bench,built,4434,1e069bcc982533bddcbd91d521335ed07c7668ddbc1943ada398dad68eebb2b6
case_754,6a7cbf994f134f4fa1be5e11670b9c67,reasoning,history,https://huggingface.co/datasets/TIGER-Lab/MMLU-Pro/blob/30527804ea8854662078e457808040d872ecdf29/data/test-00000-of-00001.parquet,"mmlu_pro_(2309, 'history')",,False,2,specdec_bench,built,315,72b333dea67907676ec095efbb82f05f6d496cfe7ad2bd0db2695761e61c6994
case_755,a2d05f1cb660400ea91653c79b266bbe,stem,Computer Science,https://huggingface.co/datasets/cais/hle/tree/021a3d71f516a7ac28ceb8d284969902edf1edeb,66fbc8ca51f7e5e714c6c4b1,hard,False,1,specdec_bench,pending_hle_token,,
case_756,2e3d370fc8894a1daf2b538cb2af059d,writing,romance,https://raw.githubusercontent.com/EQ-bench/creative-writing-bench/refs/heads/main/data/creative_writing_prompts_v3.json,creative_writing_v3_3,,False,1,parquet,built,261,98bc7ba35f3ca8b8ef37ef66942a0f40e089d8b1616da71e08494bc9fbe26446
case_757,4d5c5607856340368426ee9c3cde53d6,multilingual,it_summarization,https://huggingface.co/datasets/FBK-MT/MCIF/blob/cd45ce049f80a73f089f2f0c8bbf85b753584911/long_mixedprompt/test-00000-of-00001.parquet,SUM_65,,False,1,parquet,built,847,75c5c9890037c15160bb54e8e5d614353d60bd80598aaf6c0c6c3c50d6e96dba
case_758,4ce3a51a65944bd5945604e0c34aebdf,summarization,,https://huggingface.co/datasets/abisee/cnn_dailymail/tree/96df5e686bee6baa90b8bee7c28b81fa3fa6223d,b3506f2df5559e4a5469a5be78fee17ee7423cbc,,False,1,specdec_bench,built,607,5197a446187580c7f32823e99638a79541ea9962353cf7703d1f8b325bf3bbc9
case_759,50a8e717c6d248ada3c9597859a523cd,roleplay,,https://huggingface.co/datasets/ZenMoore/RoleBench/tree/a57ed54f9613921e4a5f1b63601a558cd5acf971/rolebench-eng,rolebench_instruction-generalization_2050_rolebench_instruction-generalization_2051_rolebench_instruction-generalization_2052_rolebench_instruction-generalization_2053_rolebench_instruction-generalization_2054_rolebench_instruction-generalization_2055_rolebench_instruction-generalization_2056_rolebench_instruction-generalization_2057_rolebench_instruction-generalization_2058_rolebench_instruction-generalization_2059_rolebench_instruction-generalization_2060_rolebench_instruction-generalization_2061_rolebench_instruction-generalization_2062_rolebench_instruction-generalization_2063_rolebench_instruction-generalization_2064_rolebench_instruction-generalization_2065_rolebench_instruction-generalization_2066_rolebench_instruction-generalization_2067_rolebench_instruction-generalization_2068_rolebench_instruction-generalization_2069_rolebench_instruction-generalization_2070_rolebench_instruction-generalization_2071_rolebench_instruction-generalization_2072_rolebench_instruction-generalization_2073_rolebench_instruction-generalization_2074_rolebench_instruction-generalization_2075_rolebench_instruction-generalization_2076_rolebench_instruction-generalization_2077_rolebench_instruction-generalization_2078_rolebench_instruction-generalization_2079_rolebench_instruction-generalization_2080_rolebench_instruction-generalization_2081_rolebench_instruction-generalization_2082_rolebench_instruction-generalization_2083_rolebench_instruction-generalization_2084_rolebench_instruction-generalization_2085_rolebench_instruction-generalization_2086_rolebench_instruction-generalization_2087_rolebench_instruction-generalization_2088_rolebench_instruction-generalization_2089_rolebench_instruction-generalization_2090_rolebench_instruction-generalization_2091_rolebench_instruction-generalization_2092_rolebench_instruction-generalization_2093_rolebench_instruction-generalization_2094_rolebench_instruction-generalization_2095_rolebench_instruction-generalization_2096_rolebench_instruction-generalization_2097_rolebench_instruction-generalization_2098_rolebench_instruction-generalization_2099,,True,3,specdec_bench,built,195,b1b6a4f06146f7424fc6c2d9e4d2d6888b5abbac6457fd188e587045d36f9221
case_760,8fbbe76d4116423dae03ecd9e61b90d5,coding,,https://huggingface.co/datasets/deepmind/code_contests/tree/802411c3010cb00d1b05bad57ca77365a3c699d6,1580_C. Train Maintenance,easy,False,1,specdec_bench,built,661,6a2be8aeffcf663d75b153659fa848111f76d2a477ab67fbfec21d0e603e7119
case_761,afa5bca3af454a7cb09462034e6d282b,humanities,Linguistics,https://huggingface.co/datasets/cais/hle/tree/021a3d71f516a7ac28ceb8d284969902edf1edeb,66ea36e7aa2256fb4c995faf,hard,False,1,specdec_bench,pending_hle_token,,
case_762,1194419af28e4f30a9c10b8dc8147781,math,Mathematics,https://huggingface.co/datasets/cais/hle/tree/021a3d71f516a7ac28ceb8d284969902edf1edeb,6737b54897dbabee150254d9,hard,False,1,specdec_bench,pending_hle_token,,
case_763,baeb957a50ef4b3eb36f1e57203e4bcc,qa,,https://raw.githubusercontent.com/hemingkx/Spec-Bench/66230f10cb0a02aced5ef3ce1e85163c16160454/data/spec_bench/question.jsonl,spec_bench_309,,False,1,parquet,built,76,9737f267e3c4195482bfc244adcde37c554c32bd12b15197fc422e2702182cbd
case_764,25249f1532d54c36b4b52c9c553a8fb4,rag,table_and_text_extraction,https://huggingface.co/datasets/nvidia/ChatRAG-Bench/tree/af6c7d420ddddf21f54f8ab3394bbf462aad2577/data,chatrag_bench_3829,,True,1,specdec_bench,built,800,f426f3684f3f85d68386117ae96adbd9a802c0402555619145dc5165fb3d18b3
case_765,13027a52cab44af49105732cab0fa27b,reasoning,general,https://raw.githubusercontent.com/mtbench101/mt-bench-101/61bc4faa9535cf29a6549b3f9df5efbf7cdd5288/data/subjective/mtbench101.jsonl,mtbench_101_11,,True,1,specdec_bench,built,100,d210cd9c38e0eaa0c9b9feec0c297d546c5f7d3ff66c7957ebc328a862378fbf
case_766,1efebd4a5d4f4ddfb115de00f8ba772a,stem,Molecular Biology,https://huggingface.co/datasets/cais/hle/tree/021a3d71f516a7ac28ceb8d284969902edf1edeb,67375e6f8b1cc52c211f95ce,hard,False,1,specdec_bench,pending_hle_token,,
case_767,413474a25ae9489da1fae6782e807245,writing,Finance & Business,https://raw.githubusercontent.com/X-PLUG/WritingBench/4701e81e10d0c45cd2f3114efa315c4662da348a/benchmark_query/benchmark_all.jsonl,writing_bench_667,,False,1,parquet,built,2263,8343126c8588ecd8b855669d602e40ba86f6e317c4600755d6da2db5f2f9cf4a
case_768,b5138291518b4dbfa26f094d90938d66,multilingual,vi_math,https://github.com/RUCAIBox/MMATH/tree/3920f269764e4d3436105d89250833f3d7169c8d,mmath_15,,False,1,parquet,built,189,7f7bc9d2c6c92d43276f37418afcdd0f3fa93dccd111dfb67757d3cf241e3a32
case_769,8f430d98b2444fc5af867f9a1a511913,summarization,,https://huggingface.co/datasets/abisee/cnn_dailymail/tree/96df5e686bee6baa90b8bee7c28b81fa3fa6223d,b82a38debf2b780a4c642932af4daff0b4e46004,,False,1,specdec_bench,built,1061,a7b90ba0efb4bc333e7498a4ccadfe95d835617e22c1149f1ab137d603a1c215
case_770,41d928e4236a4f28934cc35698c8531a,roleplay,,https://huggingface.co/datasets/ZenMoore/RoleBench/tree/a57ed54f9613921e4a5f1b63601a558cd5acf971/rolebench-eng,rolebench_instruction-generalization_1350_rolebench_instruction-generalization_1351_rolebench_instruction-generalization_1352_rolebench_instruction-generalization_1353_rolebench_instruction-generalization_1354_rolebench_instruction-generalization_1355_rolebench_instruction-generalization_1356_rolebench_instruction-generalization_1357_rolebench_instruction-generalization_1358_rolebench_instruction-generalization_1359_rolebench_instruction-generalization_1360_rolebench_instruction-generalization_1361_rolebench_instruction-generalization_1362_rolebench_instruction-generalization_1363_rolebench_instruction-generalization_1364_rolebench_instruction-generalization_1365_rolebench_instruction-generalization_1366_rolebench_instruction-generalization_1367_rolebench_instruction-generalization_1368_rolebench_instruction-generalization_1369_rolebench_instruction-generalization_1370_rolebench_instruction-generalization_1371_rolebench_instruction-generalization_1372_rolebench_instruction-generalization_1373_rolebench_instruction-generalization_1374_rolebench_instruction-generalization_1375_rolebench_instruction-generalization_1376_rolebench_instruction-generalization_1377_rolebench_instruction-generalization_1378_rolebench_instruction-generalization_1379_rolebench_instruction-generalization_1380_rolebench_instruction-generalization_1381_rolebench_instruction-generalization_1382_rolebench_instruction-generalization_1383_rolebench_instruction-generalization_1384_rolebench_instruction-generalization_1385_rolebench_instruction-generalization_1386_rolebench_instruction-generalization_1387_rolebench_instruction-generalization_1388_rolebench_instruction-generalization_1389_rolebench_instruction-generalization_1390_rolebench_instruction-generalization_1391_rolebench_instruction-generalization_1392_rolebench_instruction-generalization_1393_rolebench_instruction-generalization_1394_rolebench_instruction-generalization_1395_rolebench_instruction-generalization_1396_rolebench_instruction-generalization_1397_rolebench_instruction-generalization_1398_rolebench_instruction-generalization_1399,,True,4,specdec_bench,built,232,688e9f77df49e7f732ab3e40155da7d1e8f5de3b1ceb6906d3432e1beefece74
case_771,d21f707273ae4e16b80365e6c5394df4,coding,,https://huggingface.co/datasets/bigcode/humanevalpack/tree/9a41762f73a8cb23bb5811b73d5aab164efcf378,JavaScript/134,,False,1,parquet,built,200,e98001b039cc899f248b5fd594a0cdfcec0e34b1b5620728d394e623638e3398
case_772,ee33b4e809e84757afb898c91e3f2eff,humanities,Philosophy,https://huggingface.co/datasets/cais/hle/tree/021a3d71f516a7ac28ceb8d284969902edf1edeb,673a8f8f4e2e35b51a27fb03,hard,False,1,specdec_bench,pending_hle_token,,
case_773,ce03d5987b2a48ad8d20178109dd69a0,math,Applied Mathematics,https://huggingface.co/datasets/cais/hle/tree/021a3d71f516a7ac28ceb8d284969902edf1edeb,672cfee1db7c79384524d9b2,hard,False,1,specdec_bench,pending_hle_token,,
case_774,adc5ed5fc2854c94b115dcd34d0459a5,qa,,https://raw.githubusercontent.com/hemingkx/Spec-Bench/66230f10cb0a02aced5ef3ce1e85163c16160454/data/spec_bench/question.jsonl,spec_bench_310,,False,1,parquet,built,76,6b0f5418dbe9ffbab0e88afcfcbe01dc673024028e492cb82b8d1e76401710dc
case_775,04dbbad1651540119148d95967058c11,rag,rag,https://raw.githubusercontent.com/hemingkx/Spec-Bench/66230f10cb0a02aced5ef3ce1e85163c16160454/data/spec_bench/question.jsonl,spec_bench_402,,False,1,parquet,built,766,7814d8e0f0b27d80dcb4a32e4cbdf7760468a0a83ec8da53b131e92863902769
case_776,62c8e7dfdf7b401b9d57ba662b48b27b,reasoning,mathematical,https://raw.githubusercontent.com/mtbench101/mt-bench-101/61bc4faa9535cf29a6549b3f9df5efbf7cdd5288/data/subjective/mtbench101.jsonl,mtbench_101_485,,True,1,specdec_bench,built,102,6de82c78025186a5486d401e3687c2190b7ecae1b6f7e47599c086c95fb36edd
case_777,dade029da0b246e5901ebfcc74d2cc9e,stem,Spatial Recognition,https://huggingface.co/datasets/cais/hle/tree/021a3d71f516a7ac28ceb8d284969902edf1edeb,673a97d7414ad0600dc7819e,hard,False,1,specdec_bench,pending_hle_token,,
case_778,1574e7b555934e60b662de65184269cc,writing,Academic & Engineering,https://raw.githubusercontent.com/X-PLUG/WritingBench/4701e81e10d0c45cd2f3114efa315c4662da348a/benchmark_query/benchmark_all.jsonl,writing_bench_3,,False,1,parquet,built,92,0274810d87fc9efb9655e7504dd1d480ce5ade13b26d0a1d4777b8f373219e59
case_779,876afcc0586941ecb65606e7a46d560d,multilingual,ar-fr,https://huggingface.co/datasets/Helsinki-NLP/opus-100/tree/805090dc28bf78897da9641cdf08b61287580df9,opus100_ar-fr_1410,,False,1,specdec_bench,built,341,125e22223fabcae402e7d00cc5bf237248b7e4aa10cd98844a46875d12d705d5
case_780,96f6c3df25ea48829a1030508396ddd2,summarization,,https://huggingface.co/datasets/abisee/cnn_dailymail/tree/96df5e686bee6baa90b8bee7c28b81fa3fa6223d,20b57f9c6495ac96f5da064133f57ce6cf390751,,False,1,specdec_bench,built,490,53f06e8e5cbe46703e1f9c2007dbe3b2365bddc8f5c5f947ed34cab1379aed78
case_781,2ea3c574049b416d92129fe48273e34c,roleplay,,https://huggingface.co/datasets/ZenMoore/RoleBench/tree/a57ed54f9613921e4a5f1b63601a558cd5acf971/rolebench-eng,rolebench_instruction-generalization_1300_rolebench_instruction-generalization_1301_rolebench_instruction-generalization_1302_rolebench_instruction-generalization_1303_rolebench_instruction-generalization_1304_rolebench_instruction-generalization_1305_rolebench_instruction-generalization_1306_rolebench_instruction-generalization_1307_rolebench_instruction-generalization_1308_rolebench_instruction-generalization_1309_rolebench_instruction-generalization_1310_rolebench_instruction-generalization_1311_rolebench_instruction-generalization_1312_rolebench_instruction-generalization_1313_rolebench_instruction-generalization_1314_rolebench_instruction-generalization_1315_rolebench_instruction-generalization_1316_rolebench_instruction-generalization_1317_rolebench_instruction-generalization_1318_rolebench_instruction-generalization_1319_rolebench_instruction-generalization_1320_rolebench_instruction-generalization_1321_rolebench_instruction-generalization_1322_rolebench_instruction-generalization_1323_rolebench_instruction-generalization_1324_rolebench_instruction-generalization_1325_rolebench_instruction-generalization_1326_rolebench_instruction-generalization_1327_rolebench_instruction-generalization_1328_rolebench_instruction-generalization_1329_rolebench_instruction-generalization_1330_rolebench_instruction-generalization_1331_rolebench_instruction-generalization_1332_rolebench_instruction-generalization_1333_rolebench_instruction-generalization_1334_rolebench_instruction-generalization_1335_rolebench_instruction-generalization_1336_rolebench_instruction-generalization_1337_rolebench_instruction-generalization_1338_rolebench_instruction-generalization_1339_rolebench_instruction-generalization_1340_rolebench_instruction-generalization_1341_rolebench_instruction-generalization_1342_rolebench_instruction-generalization_1343_rolebench_instruction-generalization_1344_rolebench_instruction-generalization_1345_rolebench_instruction-generalization_1346_rolebench_instruction-generalization_1347_rolebench_instruction-generalization_1348_rolebench_instruction-generalization_1349,,True,4,specdec_bench,built,285,0eff8bbc4c0bf245e0dab35053aa8c758acccbdf1fef1dd28072fb1220a3250d
case_782,84924e6ca98b4dfda5c32c335dc24324,coding,,https://huggingface.co/datasets/bigcode/humanevalpack/tree/9a41762f73a8cb23bb5811b73d5aab164efcf378,Go/148,,False,1,parquet,built,266,581e44840873d9e86d2035d2d351631676edbb3db98987a1e46a22b574a1cd33
case_783,e7eb0a40ddab49408874cba105c05135,humanities,Economics,https://huggingface.co/datasets/cais/hle/tree/021a3d71f516a7ac28ceb8d284969902edf1edeb,6710f26eaa2039046e5aea6e,hard,False,1,specdec_bench,pending_hle_token,,
case_784,66dba8079e7649ad942f7d5c54d14aac,math,Mathematics,https://huggingface.co/datasets/cais/hle/tree/021a3d71f516a7ac28ceb8d284969902edf1edeb,672db430e9b58e3b2e97b67a,hard,False,1,specdec_bench,pending_hle_token,,
case_785,a23b9f605f654b48b33bf848a212ba66,qa,,https://raw.githubusercontent.com/hemingkx/Spec-Bench/66230f10cb0a02aced5ef3ce1e85163c16160454/data/spec_bench/question.jsonl,spec_bench_311,,False,1,parquet,built,78,59d26dcefb90d9df90bc32921514b833facb7d6ed04dcd55e03abb31864e09d9
case_786,0d41a1be06fe428b951b07bd08c0c4c3,rag,extraction,https://raw.githubusercontent.com/hemingkx/Spec-Bench/66230f10cb0a02aced5ef3ce1e85163c16160454/data/spec_bench/question.jsonl,spec_bench_57,,True,2,parquet,built,392,799fe4c5e6e27268b1fb02a558745388d1a6ef280e95b63f3c115620bd138e9d
case_787,392d8332895e4d70b3e86341a0aa6569,reasoning,biology,https://huggingface.co/datasets/TIGER-Lab/MMLU-Pro/blob/30527804ea8854662078e457808040d872ecdf29/data/test-00000-of-00001.parquet,"mmlu_pro_(1521, 'biology')",,False,2,specdec_bench,built,502,1cc42dd8ac5bbb712926ab7d91514d246e1bf7866d3465c46cae7cb1c911ac3e
case_788,1e8fc0242a114a879666e59acccfeabd,stem,Ecology,https://huggingface.co/datasets/cais/hle/tree/021a3d71f516a7ac28ceb8d284969902edf1edeb,66f052e814be84cc1edd3fbd,hard,False,1,specdec_bench,pending_hle_token,,
case_789,848baa0bc31747c7b0a745e7525527e9,writing,Politics & Law,https://raw.githubusercontent.com/X-PLUG/WritingBench/4701e81e10d0c45cd2f3114efa315c4662da348a/benchmark_query/benchmark_all.jsonl,writing_bench_737,,False,1,parquet,built,766,9863626bef2d23c72c0adab730407511d8ba69599f641ef9c92e0dd1ba9e9fe1
case_790,4bf9866b9cb74ec58152b129037630ce,multilingual,en-nn,https://huggingface.co/datasets/Helsinki-NLP/opus-100/tree/805090dc28bf78897da9641cdf08b61287580df9,opus100_en-nn_256,,False,1,specdec_bench,built,304,864da3fa47b2e7fe3af638417b1153e54daeb2189c2291f0e3bc0f93af2c6801
case_791,90815691746e4d77a0cc318c5d4d850f,summarization,,https://huggingface.co/datasets/abisee/cnn_dailymail/tree/96df5e686bee6baa90b8bee7c28b81fa3fa6223d,74fda2f87d6f4bcac184c248d3a4755c32e7af6e,,False,1,specdec_bench,built,969,1150d30d2ffe7719e58f7afd767faae7c41b043a8f4b79249ceab4551bc0425c
case_792,70a50d2167824f7cbb86fe15889547d6,roleplay,,https://huggingface.co/datasets/ZenMoore/RoleBench/tree/a57ed54f9613921e4a5f1b63601a558cd5acf971/rolebench-eng,rolebench_instruction-generalization_3000_rolebench_instruction-generalization_3001_rolebench_instruction-generalization_3002_rolebench_instruction-generalization_3003_rolebench_instruction-generalization_3004_rolebench_instruction-generalization_3005_rolebench_instruction-generalization_3006_rolebench_instruction-generalization_3007_rolebench_instruction-generalization_3008_rolebench_instruction-generalization_3009_rolebench_instruction-generalization_3010_rolebench_instruction-generalization_3011_rolebench_instruction-generalization_3012_rolebench_instruction-generalization_3013_rolebench_instruction-generalization_3014_rolebench_instruction-generalization_3015_rolebench_instruction-generalization_3016_rolebench_instruction-generalization_3017_rolebench_instruction-generalization_3018_rolebench_instruction-generalization_3019_rolebench_instruction-generalization_3020_rolebench_instruction-generalization_3021_rolebench_instruction-generalization_3022_rolebench_instruction-generalization_3023_rolebench_instruction-generalization_3024_rolebench_instruction-generalization_3025_rolebench_instruction-generalization_3026_rolebench_instruction-generalization_3027_rolebench_instruction-generalization_3028_rolebench_instruction-generalization_3029_rolebench_instruction-generalization_3030_rolebench_instruction-generalization_3031_rolebench_instruction-generalization_3032_rolebench_instruction-generalization_3033_rolebench_instruction-generalization_3034_rolebench_instruction-generalization_3035_rolebench_instruction-generalization_3036_rolebench_instruction-generalization_3037_rolebench_instruction-generalization_3038_rolebench_instruction-generalization_3039_rolebench_instruction-generalization_3040_rolebench_instruction-generalization_3041_rolebench_instruction-generalization_3042_rolebench_instruction-generalization_3043_rolebench_instruction-generalization_3044_rolebench_instruction-generalization_3045_rolebench_instruction-generalization_3046_rolebench_instruction-generalization_3047_rolebench_instruction-generalization_3048_rolebench_instruction-generalization_3049,,True,2,specdec_bench,built,288,d022ab9c6709c461d87c16cbf53b22155a5a1e2f8d512c3908c46159e901088b
case_793,a1fa94f6735545c4821bec31321ab404,coding,,https://huggingface.co/datasets/bigcode/humanevalpack/tree/9a41762f73a8cb23bb5811b73d5aab164efcf378,Python/75,,False,1,parquet,built,143,c93582d626a9c55707b22f108093480d2dc843805fa9499424d1ae99999f3cd8
case_794,757458aa46b247a9846276810a21155c,humanities,Linguistics,https://huggingface.co/datasets/cais/hle/tree/021a3d71f516a7ac28ceb8d284969902edf1edeb,67376e4bedff89681fe75590,hard,False,1,specdec_bench,pending_hle_token,,
case_795,3ff8588681a24a38bfb1dbe87f19a5ff,math,Mathematics,https://huggingface.co/datasets/cais/hle/tree/021a3d71f516a7ac28ceb8d284969902edf1edeb,6737c6ff3b2291333fbb48a4,hard,False,1,specdec_bench,pending_hle_token,,
case_796,cbc6240bc636468a8f1d6f36bff29e7a,qa,,https://raw.githubusercontent.com/hemingkx/Spec-Bench/66230f10cb0a02aced5ef3ce1e85163c16160454/data/spec_bench/question.jsonl,spec_bench_312,,False,1,parquet,built,79,ff195b2318d39505d4717cd79fa44925cce7448a9a53682db6d80cc509987bf2
case_797,2fa028fff27842b99328af080320349c,rag,table_and_text_extraction,https://huggingface.co/datasets/nvidia/ChatRAG-Bench/tree/af6c7d420ddddf21f54f8ab3394bbf462aad2577/data,chatrag_bench_543,,False,1,specdec_bench,built,2729,917e175997ffe5e64d25fdc19844f9fb3c39a00d9326dbe8df97277efe2ed1aa
case_798,faa4b8af57494a5686780d41a703cc7b,reasoning,mathematical,https://raw.githubusercontent.com/mtbench101/mt-bench-101/61bc4faa9535cf29a6549b3f9df5efbf7cdd5288/data/subjective/mtbench101.jsonl,mtbench_101_533,,True,1,specdec_bench,built,140,813a594c3a3f44f63c4f3ba218739695fed4a3579231315318746789ac340c15
case_799,029701fe32dc47bfb57ada3721595874,stem,Chemistry,https://huggingface.co/datasets/cais/hle/tree/021a3d71f516a7ac28ceb8d284969902edf1edeb,671d999f18a4da3122fd2118,hard,False,1,specdec_bench,pending_hle_token,,
case_800,fcb17f13e3cc43fd845e06b1de1c0fea,writing,Academic & Engineering,https://raw.githubusercontent.com/X-PLUG/WritingBench/4701e81e10d0c45cd2f3114efa315c4662da348a/benchmark_query/benchmark_all.jsonl,writing_bench_962,,False,1,parquet,built,1454,65f91cc98d970e7fe0f7e5dd3f45de2ea9303b7df4cb2fa7c12bb4c465bf07c4
case_801,82c276a9b0574984b99798c32f3f61f6,multilingual,ja_math,https://github.com/RUCAIBox/MMATH/tree/3920f269764e4d3436105d89250833f3d7169c8d,mmath_367,,False,1,parquet,built,123,0dc41ec1afefd2ebc3e6013559aba76dcc9df795d753500dd43e94c947d8e075
case_802,440177f1477f4b9bb1404e112d54cc58,summarization,,https://huggingface.co/datasets/abisee/cnn_dailymail/tree/96df5e686bee6baa90b8bee7c28b81fa3fa6223d,b26f67ea97a275e5de9d48efafb85f7c23390419,,False,1,specdec_bench,built,785,49a0ceeff8d1e2df53faeb8cbcb9e221353f5422dd6f95c65f4a5f6c9a975d69
case_803,ad2488477c5d48b7b31214ff086c57c3,roleplay,,https://huggingface.co/datasets/ZenMoore/RoleBench/tree/a57ed54f9613921e4a5f1b63601a558cd5acf971/rolebench-eng,rolebench_instruction-generalization_1950_rolebench_instruction-generalization_1951_rolebench_instruction-generalization_1952_rolebench_instruction-generalization_1953_rolebench_instruction-generalization_1954_rolebench_instruction-generalization_1955_rolebench_instruction-generalization_1956_rolebench_instruction-generalization_1957_rolebench_instruction-generalization_1958_rolebench_instruction-generalization_1959_rolebench_instruction-generalization_1960_rolebench_instruction-generalization_1961_rolebench_instruction-generalization_1962_rolebench_instruction-generalization_1963_rolebench_instruction-generalization_1964_rolebench_instruction-generalization_1965_rolebench_instruction-generalization_1966_rolebench_instruction-generalization_1967_rolebench_instruction-generalization_1968_rolebench_instruction-generalization_1969_rolebench_instruction-generalization_1970_rolebench_instruction-generalization_1971_rolebench_instruction-generalization_1972_rolebench_instruction-generalization_1973_rolebench_instruction-generalization_1974_rolebench_instruction-generalization_1975_rolebench_instruction-generalization_1976_rolebench_instruction-generalization_1977_rolebench_instruction-generalization_1978_rolebench_instruction-generalization_1979_rolebench_instruction-generalization_1980_rolebench_instruction-generalization_1981_rolebench_instruction-generalization_1982_rolebench_instruction-generalization_1983_rolebench_instruction-generalization_1984_rolebench_instruction-generalization_1985_rolebench_instruction-generalization_1986_rolebench_instruction-generalization_1987_rolebench_instruction-generalization_1988_rolebench_instruction-generalization_1989_rolebench_instruction-generalization_1990_rolebench_instruction-generalization_1991_rolebench_instruction-generalization_1992_rolebench_instruction-generalization_1993_rolebench_instruction-generalization_1994_rolebench_instruction-generalization_1995_rolebench_instruction-generalization_1996_rolebench_instruction-generalization_1997_rolebench_instruction-generalization_1998_rolebench_instruction-generalization_1999,,True,3,specdec_bench,built,190,7a7a720c2af809c6bf969069e78ca87adb167a43d65351c260f6ce47b875ccc0
case_804,0a7a83477d19422db773738a353b2795,coding,,https://huggingface.co/datasets/bigcode/humanevalpack/tree/9a41762f73a8cb23bb5811b73d5aab164efcf378,Java/4,,False,1,parquet,built,186,82068507f563e2344beff7122e3fc5bd737a96b2cd5d7e28704e3d0d58f50700
case_805,e9f9d5948f7247f2bb96c7ad27373695,humanities,History,https://huggingface.co/datasets/cais/hle/tree/021a3d71f516a7ac28ceb8d284969902edf1edeb,66eaf77aec7a1adc61bbb13e,hard,False,1,specdec_bench,pending_hle_token,,
case_806,6f0b49dec7d44a09b21255712867b15c,math,Mathematics,https://huggingface.co/datasets/cais/hle/tree/021a3d71f516a7ac28ceb8d284969902edf1edeb,66ef2b318829dedb61d5627e,hard,False,1,specdec_bench,pending_hle_token,,
case_807,d85b0594cf55419c9413e8f01b8d4d53,qa,,https://raw.githubusercontent.com/hemingkx/Spec-Bench/66230f10cb0a02aced5ef3ce1e85163c16160454/data/spec_bench/question.jsonl,spec_bench_313,,False,1,parquet,built,78,74814f5df1d928580d9be6fc86b4849d6b7a5f59cda22171bd0875fc933560bd
case_808,a747d4aa3bd44a31be83b31e6f8551fd,rag,rag,https://raw.githubusercontent.com/hemingkx/Spec-Bench/66230f10cb0a02aced5ef3ce1e85163c16160454/data/spec_bench/question.jsonl,spec_bench_438,,False,1,parquet,built,830,9004136d312bbcb5331e59eb3c63d17ddda25d5cedc82bbc34c9aebaa8e0ea5b
case_809,fd444d3bd311408c9d70ea39adc9eb87,reasoning,general,https://raw.githubusercontent.com/mtbench101/mt-bench-101/61bc4faa9535cf29a6549b3f9df5efbf7cdd5288/data/subjective/mtbench101.jsonl,mtbench_101_14,,True,1,specdec_bench,built,103,c62eaa4765078ef267b41427b68f8f7e21e52da27840b14fa88bdb99e580e89c
case_810,f9254bd1ccc74ebf98f857dcd8a39b36,stem,Robotics,https://huggingface.co/datasets/cais/hle/tree/021a3d71f516a7ac28ceb8d284969902edf1edeb,670d51eaa783dd0bc83b1da7,hard,False,1,specdec_bench,pending_hle_token,,
case_811,519c7e1102f846a69400e1b6151aa8ec,writing,historical fiction,https://raw.githubusercontent.com/EQ-bench/creative-writing-bench/refs/heads/main/data/creative_writing_prompts_v3.json,creative_writing_v3_1,,False,1,parquet,built,187,625f3b1d9443e8031a432c8e5b07e8ea1b57b0393cf3ba48ea1c5d0e21e09a64
case_812,4cd848f83b2d4e73bebb8f75ad190553,multilingual,ar-en,https://huggingface.co/datasets/Helsinki-NLP/opus-100/tree/805090dc28bf78897da9641cdf08b61287580df9,opus100_ar-en_339,,False,1,specdec_bench,built,216,e9842c9a65219157940dbf2663e7481a55073e1f97cbdef5d52ff39198d88d5f
case_813,d11b0f5e0b4d4c7c81d687149ec67a45,summarization,,https://huggingface.co/datasets/abisee/cnn_dailymail/tree/96df5e686bee6baa90b8bee7c28b81fa3fa6223d,34b8521a6a7b5ec280c5b09c5c4ede42183335ba,,False,1,specdec_bench,built,439,06e3aa95f4d46a77212f545da65ee93498a4540ab5b041989948258af9ba6708
case_814,8b54894ac0cf4d2490511326eb1812c6,roleplay,,https://huggingface.co/datasets/ZenMoore/RoleBench/tree/a57ed54f9613921e4a5f1b63601a558cd5acf971/rolebench-eng,rolebench_instruction-generalization_4000_rolebench_instruction-generalization_4001_rolebench_instruction-generalization_4002_rolebench_instruction-generalization_4003_rolebench_instruction-generalization_4004_rolebench_instruction-generalization_4005_rolebench_instruction-generalization_4006_rolebench_instruction-generalization_4007_rolebench_instruction-generalization_4008_rolebench_instruction-generalization_4009_rolebench_instruction-generalization_4010_rolebench_instruction-generalization_4011_rolebench_instruction-generalization_4012_rolebench_instruction-generalization_4013_rolebench_instruction-generalization_4014_rolebench_instruction-generalization_4015_rolebench_instruction-generalization_4016_rolebench_instruction-generalization_4017_rolebench_instruction-generalization_4018_rolebench_instruction-generalization_4019_rolebench_instruction-generalization_4020_rolebench_instruction-generalization_4021_rolebench_instruction-generalization_4022_rolebench_instruction-generalization_4023_rolebench_instruction-generalization_4024_rolebench_instruction-generalization_4025_rolebench_instruction-generalization_4026_rolebench_instruction-generalization_4027_rolebench_instruction-generalization_4028_rolebench_instruction-generalization_4029_rolebench_instruction-generalization_4030_rolebench_instruction-generalization_4031_rolebench_instruction-generalization_4032_rolebench_instruction-generalization_4033_rolebench_instruction-generalization_4034_rolebench_instruction-generalization_4035_rolebench_instruction-generalization_4036_rolebench_instruction-generalization_4037_rolebench_instruction-generalization_4038_rolebench_instruction-generalization_4039_rolebench_instruction-generalization_4040_rolebench_instruction-generalization_4041_rolebench_instruction-generalization_4042_rolebench_instruction-generalization_4043_rolebench_instruction-generalization_4044_rolebench_instruction-generalization_4045_rolebench_instruction-generalization_4046_rolebench_instruction-generalization_4047_rolebench_instruction-generalization_4048_rolebench_instruction-generalization_4049,,True,2,specdec_bench,built,227,bdedb0940c270ef0e448e158f51ff7625e41ced7141d61bb20298ea300527119
case_815,68a3c3535f404350a2ece3e8c62211b5,coding,,https://huggingface.co/datasets/bigcode/humanevalpack/tree/9a41762f73a8cb23bb5811b73d5aab164efcf378,Rust/95,,False,1,parquet,built,193,cbc290d80e39f061cf9f07e84a82144b7f60345dec6e7ef7b3882d42b97403e9
case_816,f4ec8f581c594d39b15da7adeaac5f70,humanities,Communications,https://huggingface.co/datasets/cais/hle/tree/021a3d71f516a7ac28ceb8d284969902edf1edeb,670620323fd82754d2f4cc7c,hard,False,1,specdec_bench,pending_hle_token,,
case_817,145cfa1348e749c5908f6cd18f586688,math,Mathematics,https://huggingface.co/datasets/cais/hle/tree/021a3d71f516a7ac28ceb8d284969902edf1edeb,670dab3f29ad02fff2ae1d9a,hard,False,1,specdec_bench,pending_hle_token,,
case_818,e5b733600f8f45c7bb586027e65236f8,qa,,https://raw.githubusercontent.com/hemingkx/Spec-Bench/66230f10cb0a02aced5ef3ce1e85163c16160454/data/spec_bench/question.jsonl,spec_bench_314,,False,1,parquet,built,76,6bbc7b0f19ada1f7fe0dfcbbb935a80fd7cb482ae73596a2f1f5e4f5b40511dc
case_819,7704487c48cc4bcf85c112a3c8fe3a38,rag,,https://huggingface.co/datasets/FBK-MT/MCIF/blob/cd45ce049f80a73f089f2f0c8bbf85b753584911/long_mixedprompt/test-00000-of-00001.parquet,QA_17_168_QA_17_172_QA_17_177_QA_17_178_QA_17_175_QA_17_173_QA_17_174_QA_17_171_QA_17_176_QA_17_170_QA_17_169,,True,5,parquet,built,834,97f97544acd1ccf8b0e5f57b3bb5ec671dfedb49039bfe248ab6b6c29ef18270
case_820,f6a2344dc2c44fe7b93be358ee1eafd1,reasoning,,https://raw.githubusercontent.com/hemingkx/Spec-Bench/66230f10cb0a02aced5ef3ce1e85163c16160454/data/spec_bench/question.jsonl,spec_bench_28,,True,2,parquet,built,119,89079d21d509d936834234eb945349c47a63108253f11f684dce6679b0fed0ef
case_821,a52b365bece549a789bc9d27b9dbece9,stem,Physics,https://huggingface.co/datasets/cais/hle/tree/021a3d71f516a7ac28ceb8d284969902edf1edeb,6720fda3febecf1a8b9b083d,hard,False,1,specdec_bench,pending_hle_token,,
case_822,33ecf63ce2d94e96923b18100259d043,writing,,https://raw.githubusercontent.com/hemingkx/Spec-Bench/66230f10cb0a02aced5ef3ce1e85163c16160454/data/spec_bench/question.jsonl,spec_bench_1,,True,2,parquet,built,113,a824a5476bff2928a24b0d3bee76ceec20ea6654e85504dea1dea08f5f31c676
case_823,5711ea4cd27a4559b22b0141d51bfdf3,multilingual,fr-ru,https://huggingface.co/datasets/Helsinki-NLP/opus-100/tree/805090dc28bf78897da9641cdf08b61287580df9,opus100_fr-ru_1343,,False,1,specdec_bench,built,228,55f64d7719a0232bc609b216466ca6060d146f0a27b165fd9160c9344cea65e9
case_824,127ba38b163d49009fa41677a99dbbea,summarization,,https://huggingface.co/datasets/abisee/cnn_dailymail/tree/96df5e686bee6baa90b8bee7c28b81fa3fa6223d,02b7cd5b0d1e192f1dcb9da18d21c1a2bec00562,,False,1,specdec_bench,built,409,257b0a1f0c89128ff9ee471d0b3d28321181580be927e8a4c3ec358761dbaa93
case_825,552974440153459a9a56c3b94f6c0dd2,roleplay,,https://huggingface.co/datasets/Neph0s/CoSER/tree/7cc80430f92532cda85df45015a4aca8ecc068d0,coser_149,,False,1,specdec_bench,built,2600,0811590b3c3a9ac1679d33b1c35e9ae5d529e57ebf03e62bf1f6e77fa66940eb
case_826,9bb734657ad7475589f27e94941aad68,coding,,https://huggingface.co/datasets/bigcode/humanevalpack/tree/9a41762f73a8cb23bb5811b73d5aab164efcf378,CPP/101,,False,1,parquet,built,186,bae1e5ffe3e7bd4466ff3f0436a2c1573fc456341d82a4f450b069a068115fe1
case_827,33c7e741d6754d85b7999adf26b437f4,humanities,Classics,https://huggingface.co/datasets/cais/hle/tree/021a3d71f516a7ac28ceb8d284969902edf1edeb,66ff63baefbb8fab439cda6d,hard,False,1,specdec_bench,pending_hle_token,,
case_828,c6d8fb41e00c44f383a76e6f2756b85f,math,,https://raw.githubusercontent.com/hemingkx/Spec-Bench/66230f10cb0a02aced5ef3ce1e85163c16160454/data/spec_bench/question.jsonl,403_404,easy,True,2,parquet,built,104,9e07bf51cd69424fb06f553930205bdb2718789c71d063668cd9cefa27f5766c
case_829,ed48fd5da7a947b595e732580e2c5650,qa,,https://raw.githubusercontent.com/hemingkx/Spec-Bench/66230f10cb0a02aced5ef3ce1e85163c16160454/data/spec_bench/question.jsonl,spec_bench_315,,False,1,parquet,built,76,4b03dc373d60e705bf4071bfbbe917f6c810f20fc82c55ecdfb49e16ce8c9d5f
case_830,0d330b147a83455ba51e6433c4af0e00,rag,rag,https://raw.githubusercontent.com/hemingkx/Spec-Bench/66230f10cb0a02aced5ef3ce1e85163c16160454/data/spec_bench/question.jsonl,spec_bench_408,,False,1,parquet,built,757,e33f24648ade505fdf7deef3dd67866bdaa7e04d5205706ca5617168e867097d
case_831,7005890acb72418886a03079a0fdce94,reasoning,biology,https://huggingface.co/datasets/TIGER-Lab/MMLU-Pro/blob/30527804ea8854662078e457808040d872ecdf29/data/test-00000-of-00001.parquet,"mmlu_pro_(1398, 'biology')",,False,2,specdec_bench,built,147,18b830e867ccd61d18fe7408992c909ae7794be1f42611ec3e977a56a2ebea14
case_832,02832781df114e4f99719032ef0695fd,stem,Biology,https://huggingface.co/datasets/cais/hle/tree/021a3d71f516a7ac28ceb8d284969902edf1edeb,671689ae68b8747c96268936,hard,False,1,specdec_bench,pending_hle_token,,
case_833,ac32c5404d994060877464b2ceb89e72,writing,Finance & Business,https://raw.githubusercontent.com/X-PLUG/WritingBench/4701e81e10d0c45cd2f3114efa315c4662da348a/benchmark_query/benchmark_all.jsonl,writing_bench_68,,False,1,parquet,built,501,8ffab903d869a7292da69d7c220e878d5c12a843c98d97a9f7a0c96492b03840
case_834,0f64ec4115c74bbbb8933b7b065e3b70,multilingual,es_math,https://github.com/RUCAIBox/MMATH/tree/3920f269764e4d3436105d89250833f3d7169c8d,mmath_169,,False,1,parquet,built,101,bf3b7d73f454a97a1667b47a49e64850ffeb248d20eb39e788f3645a6d779306
case_835,155ca955f1aa40f6a46720275e25e14e,summarization,,https://huggingface.co/datasets/abisee/cnn_dailymail/tree/96df5e686bee6baa90b8bee7c28b81fa3fa6223d,3f450f3cb034319e8e398e1b9d64399565a7b60a,,False,1,specdec_bench,built,459,8afff323ee78f2996b55b8bfe091379611173ca58605ecb156c7b733c9d9de28
case_836,8c7be26abc8f401090f5ab60a0e15eac,roleplay,,https://huggingface.co/datasets/ZenMoore/RoleBench/tree/a57ed54f9613921e4a5f1b63601a558cd5acf971/rolebench-eng,rolebench_instruction-generalization_3900_rolebench_instruction-generalization_3901_rolebench_instruction-generalization_3902_rolebench_instruction-generalization_3903_rolebench_instruction-generalization_3904_rolebench_instruction-generalization_3905_rolebench_instruction-generalization_3906_rolebench_instruction-generalization_3907_rolebench_instruction-generalization_3908_rolebench_instruction-generalization_3909_rolebench_instruction-generalization_3910_rolebench_instruction-generalization_3911_rolebench_instruction-generalization_3912_rolebench_instruction-generalization_3913_rolebench_instruction-generalization_3914_rolebench_instruction-generalization_3915_rolebench_instruction-generalization_3916_rolebench_instruction-generalization_3917_rolebench_instruction-generalization_3918_rolebench_instruction-generalization_3919_rolebench_instruction-generalization_3920_rolebench_instruction-generalization_3921_rolebench_instruction-generalization_3922_rolebench_instruction-generalization_3923_rolebench_instruction-generalization_3924_rolebench_instruction-generalization_3925_rolebench_instruction-generalization_3926_rolebench_instruction-generalization_3927_rolebench_instruction-generalization_3928_rolebench_instruction-generalization_3929_rolebench_instruction-generalization_3930_rolebench_instruction-generalization_3931_rolebench_instruction-generalization_3932_rolebench_instruction-generalization_3933_rolebench_instruction-generalization_3934_rolebench_instruction-generalization_3935_rolebench_instruction-generalization_3936_rolebench_instruction-generalization_3937_rolebench_instruction-generalization_3938_rolebench_instruction-generalization_3939_rolebench_instruction-generalization_3940_rolebench_instruction-generalization_3941_rolebench_instruction-generalization_3942_rolebench_instruction-generalization_3943_rolebench_instruction-generalization_3944_rolebench_instruction-generalization_3945_rolebench_instruction-generalization_3946_rolebench_instruction-generalization_3947_rolebench_instruction-generalization_3948_rolebench_instruction-generalization_3949,,False,1,specdec_bench,built,262,7a13712303868e5d2fd93715326886430a15c82c37749222fdca9e62e18a77b1
case_837,278ebab0c4934903a93d6eb1e213f6cc,coding,,https://huggingface.co/datasets/bigcode/humanevalpack/tree/9a41762f73a8cb23bb5811b73d5aab164efcf378,Go/106,,False,1,parquet,built,183,fb043240411db8bf5590781bb8df09b0a14322afc3884a4aea5dd89be96b1251
case_838,051ee8b0529e4406962b514a13bb653c,humanities,Economics,https://huggingface.co/datasets/cais/hle/tree/021a3d71f516a7ac28ceb8d284969902edf1edeb,67259a64572ac41765175909,hard,False,1,specdec_bench,pending_hle_token,,
case_839,1e0e4ffd12524f2f8c5c4886db4c9768,math,,https://raw.githubusercontent.com/hemingkx/Spec-Bench/66230f10cb0a02aced5ef3ce1e85163c16160454/data/spec_bench/question.jsonl,471_472,easy,True,2,parquet,built,126,e1b4b86209a68a0d96b4ee524859a66b8f786ceee94fa711b3b3f1960c209f65
case_840,93effafaba524472851b7662632eacac,qa,,https://raw.githubusercontent.com/hemingkx/Spec-Bench/66230f10cb0a02aced5ef3ce1e85163c16160454/data/spec_bench/question.jsonl,spec_bench_316,,False,1,parquet,built,76,9b224ea0ba9bf3289a9d3335723793dda81ffab36f5a6ca76b0d6f0d7dfcc4ce
case_841,48877593fb044393946bc2189c257844,rag,table_and_text_extraction,https://huggingface.co/datasets/nvidia/ChatRAG-Bench/tree/af6c7d420ddddf21f54f8ab3394bbf462aad2577/data,chatrag_bench_1982,,False,1,specdec_bench,built,356,b38be106e6d927573208163cbae89e0bc390d563c2451c5fd7d1811c33fe13f0
case_842,60b60fb5a46c4662b0c9d7551be59904,reasoning,mathematical,https://raw.githubusercontent.com/mtbench101/mt-bench-101/61bc4faa9535cf29a6549b3f9df5efbf7cdd5288/data/subjective/mtbench101.jsonl,mtbench_101_542,,True,1,specdec_bench,built,129,81a456a4fe1fc55140ec57e313f7a8474c4e8494fec12b04c14f898414647cc0
case_843,dde335ee4a7948e2a03dcd46194b7a62,stem,Materials Science,https://huggingface.co/datasets/cais/hle/tree/021a3d71f516a7ac28ceb8d284969902edf1edeb,6738243f9b3842b348242430,hard,False,1,specdec_bench,pending_hle_token,,
case_844,564fdbb54fa14913ba5c0a0ad6c7e2da,writing,Literature & Arts,https://raw.githubusercontent.com/X-PLUG/WritingBench/4701e81e10d0c45cd2f3114efa315c4662da348a/benchmark_query/benchmark_all.jsonl,writing_bench_379,,False,1,parquet,built,983,4ff31444005cb1fe3d2edba46411cb7326af104167a361d9a4fb70dac79aba66
case_845,85edd9347a094fab87a1a16562b924ca,multilingual,th_math,https://github.com/RUCAIBox/MMATH/tree/3920f269764e4d3436105d89250833f3d7169c8d,mmath_207,,False,1,parquet,built,158,f9cc4164373d59ebee20f5a49b2e4fc874fc6511a422f48b1a28514b837f8701
case_846,c391b65995c34356968d491bd19c6378,summarization,,https://huggingface.co/datasets/abisee/cnn_dailymail/tree/96df5e686bee6baa90b8bee7c28b81fa3fa6223d,88e20201580d4e6026a7fecc9cece3f0aa8bcd52,,False,1,specdec_bench,built,309,85b90652c52f9482817677b88a87253e533885b1a5446820b63c9c3aee3ff1df
case_847,ee51619e422e4cf1a7a5c5b3e6b9296b,roleplay,,https://huggingface.co/datasets/ZenMoore/RoleBench/tree/a57ed54f9613921e4a5f1b63601a558cd5acf971/rolebench-eng,rolebench_role-generalization_236_rolebench_role-generalization_237_rolebench_role-generalization_238_rolebench_role-generalization_239_rolebench_role-generalization_240_rolebench_role-generalization_241_rolebench_role-generalization_242_rolebench_role-generalization_243_rolebench_role-generalization_244_rolebench_role-generalization_245_rolebench_role-generalization_246_rolebench_role-generalization_247_rolebench_role-generalization_248_rolebench_role-generalization_249_rolebench_role-generalization_250_rolebench_role-generalization_251_rolebench_role-generalization_252_rolebench_role-generalization_253_rolebench_role-generalization_254_rolebench_role-generalization_255_rolebench_role-generalization_256_rolebench_role-generalization_257_rolebench_role-generalization_258_rolebench_role-generalization_259_rolebench_role-generalization_260_rolebench_role-generalization_261_rolebench_role-generalization_262_rolebench_role-generalization_263_rolebench_role-generalization_264_rolebench_role-generalization_265_rolebench_role-generalization_266_rolebench_role-generalization_267_rolebench_role-generalization_268_rolebench_role-generalization_269_rolebench_role-generalization_270_rolebench_role-generalization_271_rolebench_role-generalization_272_rolebench_role-generalization_273_rolebench_role-generalization_274_rolebench_role-generalization_275_rolebench_role-generalization_276_rolebench_role-generalization_277_rolebench_role-generalization_278_rolebench_role-generalization_279_rolebench_role-generalization_280_rolebench_role-generalization_281_rolebench_role-generalization_282_rolebench_role-generalization_283_rolebench_role-generalization_284_rolebench_role-generalization_285_rolebench_role-generalization_286_rolebench_role-generalization_287_rolebench_role-generalization_288_rolebench_role-generalization_289_rolebench_role-generalization_290_rolebench_role-generalization_291_rolebench_role-generalization_292_rolebench_role-generalization_293_rolebench_role-generalization_294_rolebench_role-generalization_295_rolebench_role-generalization_296_rolebench_role-generalization_297_rolebench_role-generalization_298_rolebench_role-generalization_299_rolebench_role-generalization_300_rolebench_role-generalization_301_rolebench_role-generalization_302_rolebench_role-generalization_303_rolebench_role-generalization_304_rolebench_role-generalization_305_rolebench_role-generalization_306_rolebench_role-generalization_307_rolebench_role-generalization_308_rolebench_role-generalization_309_rolebench_role-generalization_310_rolebench_role-generalization_311_rolebench_role-generalization_312_rolebench_role-generalization_313_rolebench_role-generalization_314_rolebench_role-generalization_315_rolebench_role-generalization_316_rolebench_role-generalization_317_rolebench_role-generalization_318_rolebench_role-generalization_319_rolebench_role-generalization_320_rolebench_role-generalization_321_rolebench_role-generalization_322_rolebench_role-generalization_323_rolebench_role-generalization_324_rolebench_role-generalization_325_rolebench_role-generalization_326_rolebench_role-generalization_327_rolebench_role-generalization_328_rolebench_role-generalization_329_rolebench_role-generalization_330_rolebench_role-generalization_331_rolebench_role-generalization_332_rolebench_role-generalization_333_rolebench_role-generalization_334_rolebench_role-generalization_335_rolebench_role-generalization_336_rolebench_role-generalization_337_rolebench_role-generalization_338_rolebench_role-generalization_339_rolebench_role-generalization_340_rolebench_role-generalization_341_rolebench_role-generalization_342_rolebench_role-generalization_343_rolebench_role-generalization_344_rolebench_role-generalization_345_rolebench_role-generalization_346_rolebench_role-generalization_347_rolebench_role-generalization_348_rolebench_role-generalization_349_rolebench_role-generalization_350_rolebench_role-generalization_351_rolebench_role-generalization_352_rolebench_role-generalization_353_rolebench_role-generalization_354_rolebench_role-generalization_355_rolebench_role-generalization_356_rolebench_role-generalization_357_rolebench_role-generalization_358_rolebench_role-generalization_359_rolebench_role-generalization_360_rolebench_role-generalization_361_rolebench_role-generalization_362_rolebench_role-generalization_363_rolebench_role-generalization_364_rolebench_role-generalization_365_rolebench_role-generalization_366_rolebench_role-generalization_367_rolebench_role-generalization_368_rolebench_role-generalization_369_rolebench_role-generalization_370_rolebench_role-generalization_371_rolebench_role-generalization_372_rolebench_role-generalization_373_rolebench_role-generalization_374_rolebench_role-generalization_375_rolebench_role-generalization_376_rolebench_role-generalization_377_rolebench_role-generalization_378_rolebench_role-generalization_379_rolebench_role-generalization_380_rolebench_role-generalization_381_rolebench_role-generalization_382_rolebench_role-generalization_383_rolebench_role-generalization_384_rolebench_role-generalization_385_rolebench_role-generalization_386_rolebench_role-generalization_387_rolebench_role-generalization_388_rolebench_role-generalization_389_rolebench_role-generalization_390_rolebench_role-generalization_391_rolebench_role-generalization_392_rolebench_role-generalization_393_rolebench_role-generalization_394_rolebench_role-generalization_395_rolebench_role-generalization_396_rolebench_role-generalization_397_rolebench_role-generalization_398_rolebench_role-generalization_399_rolebench_role-generalization_400_rolebench_role-generalization_401_rolebench_role-generalization_402_rolebench_role-generalization_403_rolebench_role-generalization_404_rolebench_role-generalization_405_rolebench_role-generalization_406_rolebench_role-generalization_407_rolebench_role-generalization_408_rolebench_role-generalization_409_rolebench_role-generalization_410_rolebench_role-generalization_411_rolebench_role-generalization_412_rolebench_role-generalization_413_rolebench_role-generalization_414_rolebench_role-generalization_415_rolebench_role-generalization_416_rolebench_role-generalization_417_rolebench_role-generalization_418_rolebench_role-generalization_419_rolebench_role-generalization_420_rolebench_role-generalization_421_rolebench_role-generalization_422_rolebench_role-generalization_423_rolebench_role-generalization_424_rolebench_role-generalization_425_rolebench_role-generalization_426_rolebench_role-generalization_427_rolebench_role-generalization_428_rolebench_role-generalization_429_rolebench_role-generalization_430_rolebench_role-generalization_431_rolebench_role-generalization_432_rolebench_role-generalization_433_rolebench_role-generalization_434_rolebench_role-generalization_435_rolebench_role-generalization_436_rolebench_role-generalization_437_rolebench_role-generalization_438_rolebench_role-generalization_439_rolebench_role-generalization_440_rolebench_role-generalization_441_rolebench_role-generalization_442_rolebench_role-generalization_443_rolebench_role-generalization_444_rolebench_role-generalization_445_rolebench_role-generalization_446_rolebench_role-generalization_447_rolebench_role-generalization_448_rolebench_role-generalization_449_rolebench_role-generalization_450_rolebench_role-generalization_451_rolebench_role-generalization_452_rolebench_role-generalization_453_rolebench_role-generalization_454_rolebench_role-generalization_455_rolebench_role-generalization_456_rolebench_role-generalization_457_rolebench_role-generalization_458_rolebench_role-generalization_459_rolebench_role-generalization_460_rolebench_role-generalization_461_rolebench_role-generalization_462_rolebench_role-generalization_463_rolebench_role-generalization_464_rolebench_role-generalization_465_rolebench_role-generalization_466_rolebench_role-generalization_2084_rolebench_role-generalization_2085_rolebench_role-generalization_2086_rolebench_role-generalization_2087_rolebench_role-generalization_2088_rolebench_role-generalization_2089_rolebench_role-generalization_2090_rolebench_role-generalization_2091_rolebench_role-generalization_2092_rolebench_role-generalization_2093_rolebench_role-generalization_2094_rolebench_role-generalization_2095_rolebench_role-generalization_2096_rolebench_role-generalization_2097_rolebench_role-generalization_2098_rolebench_role-generalization_2099_rolebench_role-generalization_2100_rolebench_role-generalization_2101_rolebench_role-generalization_2102_rolebench_role-generalization_2103_rolebench_role-generalization_2104_rolebench_role-generalization_2105_rolebench_role-generalization_2106_rolebench_role-generalization_2107_rolebench_role-generalization_2108_rolebench_role-generalization_2109_rolebench_role-generalization_2110_rolebench_role-generalization_2111_rolebench_role-generalization_2112_rolebench_role-generalization_2113_rolebench_role-generalization_2114_rolebench_role-generalization_2115_rolebench_role-generalization_2116_rolebench_role-generalization_2117_rolebench_role-generalization_2118_rolebench_role-generalization_2119_rolebench_role-generalization_2120_rolebench_role-generalization_2121_rolebench_role-generalization_2122_rolebench_role-generalization_2123_rolebench_role-generalization_2124_rolebench_role-generalization_2125_rolebench_role-generalization_2126_rolebench_role-generalization_2127_rolebench_role-generalization_2128_rolebench_role-generalization_2129_rolebench_role-generalization_2130_rolebench_role-generalization_2131_rolebench_role-generalization_2132_rolebench_role-generalization_2133,,False,1,specdec_bench,built,263,e30c6e3dd866c460911faafa6735f8ed43436a73bbd6b787eac019b6c36fd35e
case_848,230db901c3d94ac4adfc7716753ea7e5,coding,,https://huggingface.co/datasets/livecodebench/code_generation_lite/tree/0fe84c3912ea0c4d4a78037083943e8f0c4dd505,abc305_a,easy,False,1,specdec_bench,built,460,da745b9f527b31cf01ee70f2372c054d82beda57618daae6c6837d25dfac1030
case_849,ed2e6229f77b4746932a8c3665ebeb58,humanities,Law,https://huggingface.co/datasets/cais/hle/tree/021a3d71f516a7ac28ceb8d284969902edf1edeb,672e6e4a85ed85778c0fb28e,hard,False,1,specdec_bench,pending_hle_token,,
case_850,3a59ccd8bdff4b1398478222cf0e360b,math,Mathematics,https://huggingface.co/datasets/cais/hle/tree/021a3d71f516a7ac28ceb8d284969902edf1edeb,66fc3273b7405dff90941955,hard,False,1,specdec_bench,pending_hle_token,,
case_851,ebfaccf5647e40ae866ec574dbd4d945,qa,,https://raw.githubusercontent.com/hemingkx/Spec-Bench/66230f10cb0a02aced5ef3ce1e85163c16160454/data/spec_bench/question.jsonl,spec_bench_317,,False,1,parquet,built,78,86f787cfebd2eb47ef0c54f6aa6d87a44f3c46de0c0a40d28e699cb17409ce9d
case_852,5d5828017de64529a00f69210aa2e735,rag,rag,https://raw.githubusercontent.com/hemingkx/Spec-Bench/66230f10cb0a02aced5ef3ce1e85163c16160454/data/spec_bench/question.jsonl,spec_bench_400,,False,1,parquet,built,686,8c6622017339e971f7dfe595323474c0e143f399daebd125eb4558c198723c15
case_853,8878064a509c4c3f9f5be20eac79fa73,reasoning,biology,https://huggingface.co/datasets/TIGER-Lab/MMLU-Pro/blob/30527804ea8854662078e457808040d872ecdf29/data/test-00000-of-00001.parquet,"mmlu_pro_(1598, 'biology')",,False,2,specdec_bench,built,669,e93fd7f31e0419eabf54afbf443e9c3f3d4bcf4425cb1a366fcae5972fa0011a
case_854,96f0831b31e44e989304e54bd2bfb5ac,stem,Computer Science,https://huggingface.co/datasets/cais/hle/tree/021a3d71f516a7ac28ceb8d284969902edf1edeb,66ff31e8c604a3a87b0cdf62,hard,False,1,specdec_bench,pending_hle_token,,
case_855,dad1d8e31bc34ae6bf0d1201718dc4c2,writing,fantasy-humour,https://raw.githubusercontent.com/EQ-bench/creative-writing-bench/refs/heads/main/data/creative_writing_prompts_v3.json,creative_writing_v3_16,,False,1,parquet,built,208,834582205a760a271037315eb34d2a782fc598ce76bce1f78153d4ee6380e726
case_856,60afcedeb4b44f38a39ff6a09d7bf429,multilingual,es_math,https://github.com/RUCAIBox/MMATH/tree/3920f269764e4d3436105d89250833f3d7169c8d,mmath_173,,False,1,parquet,built,107,546fffc9c18d1976786d674996b3728be3d709fce790480ed476ca80ca968330
case_857,2b31a18eca914b98b820b086580a2a2a,summarization,,https://huggingface.co/datasets/abisee/cnn_dailymail/tree/96df5e686bee6baa90b8bee7c28b81fa3fa6223d,427875bea0dcdd140678e99f5927566b996ac9ee,,False,1,specdec_bench,built,671,022a992e8d3ddcd31662f506c8e1ece4aa318e61f08a2731e4e952a58ceb96bf
case_858,6d567be1958b43ae9a830a13c5a90ccc,roleplay,,https://huggingface.co/datasets/ZenMoore/RoleBench/tree/a57ed54f9613921e4a5f1b63601a558cd5acf971/rolebench-eng,rolebench_instruction-generalization_4600_rolebench_instruction-generalization_4601_rolebench_instruction-generalization_4602_rolebench_instruction-generalization_4603_rolebench_instruction-generalization_4604_rolebench_instruction-generalization_4605_rolebench_instruction-generalization_4606_rolebench_instruction-generalization_4607_rolebench_instruction-generalization_4608_rolebench_instruction-generalization_4609_rolebench_instruction-generalization_4610_rolebench_instruction-generalization_4611_rolebench_instruction-generalization_4612_rolebench_instruction-generalization_4613_rolebench_instruction-generalization_4614_rolebench_instruction-generalization_4615_rolebench_instruction-generalization_4616_rolebench_instruction-generalization_4617_rolebench_instruction-generalization_4618_rolebench_instruction-generalization_4619_rolebench_instruction-generalization_4620_rolebench_instruction-generalization_4621_rolebench_instruction-generalization_4622_rolebench_instruction-generalization_4623_rolebench_instruction-generalization_4624_rolebench_instruction-generalization_4625_rolebench_instruction-generalization_4626_rolebench_instruction-generalization_4627_rolebench_instruction-generalization_4628_rolebench_instruction-generalization_4629_rolebench_instruction-generalization_4630_rolebench_instruction-generalization_4631_rolebench_instruction-generalization_4632_rolebench_instruction-generalization_4633_rolebench_instruction-generalization_4634_rolebench_instruction-generalization_4635_rolebench_instruction-generalization_4636_rolebench_instruction-generalization_4637_rolebench_instruction-generalization_4638_rolebench_instruction-generalization_4639_rolebench_instruction-generalization_4640_rolebench_instruction-generalization_4641_rolebench_instruction-generalization_4642_rolebench_instruction-generalization_4643_rolebench_instruction-generalization_4644_rolebench_instruction-generalization_4645_rolebench_instruction-generalization_4646_rolebench_instruction-generalization_4647_rolebench_instruction-generalization_4648_rolebench_instruction-generalization_4649,,True,2,specdec_bench,built,255,9e1938537423cc5bf1a423ce6acb26df12129f021b9e66ea221ec9662cb65cee
case_859,326e163b8bc24f74abf125254d60051b,coding,,https://huggingface.co/datasets/bigcode/humanevalpack/tree/9a41762f73a8cb23bb5811b73d5aab164efcf378,Python/105,,False,1,parquet,built,338,f01bd8723b8d14b93bc5261b7282219fb39f23cb20b3e99fd82a05124efd11ee
case_860,bc3f16b8c6234d83bd9fdf99316de4e4,humanities,Poetry,https://huggingface.co/datasets/cais/hle/tree/021a3d71f516a7ac28ceb8d284969902edf1edeb,675b351deb7996cd4dfe804c,hard,False,1,specdec_bench,pending_hle_token,,
case_861,350cf51bbbfc4c01bcde7e9649e37b8a,math,Applied Mathematics,https://huggingface.co/datasets/cais/hle/tree/021a3d71f516a7ac28ceb8d284969902edf1edeb,67261f558ef4acce1da598d0,hard,False,1,specdec_bench,pending_hle_token,,
case_862,782c9b11490e47218dafaedd7a9c7783,qa,,https://raw.githubusercontent.com/hemingkx/Spec-Bench/66230f10cb0a02aced5ef3ce1e85163c16160454/data/spec_bench/question.jsonl,spec_bench_318,,False,1,parquet,built,78,79d739a652c70de11a870b4585a1dc6f8936061dc2297cd3b11f3f3846a4a060
case_863,26317214c6e94d1ea28e7d9ac0ce0a2d,rag,table_and_text_extraction,https://huggingface.co/datasets/nvidia/ChatRAG-Bench/tree/af6c7d420ddddf21f54f8ab3394bbf462aad2577/data,chatrag_bench_271,,True,1,specdec_bench,built,2860,93987e6df5cc47566dee8c078ce650e3104193fa2696cf24f2f6a6928d2222dd
case_864,79db1de2c50b4f218a451fec510916dd,reasoning,mathematical,https://raw.githubusercontent.com/mtbench101/mt-bench-101/61bc4faa9535cf29a6549b3f9df5efbf7cdd5288/data/subjective/mtbench101.jsonl,mtbench_101_458,,True,1,specdec_bench,built,99,49630d9f050e2137cf2faca5feda35568d4c0e20d87acbd36cddba677b0c0d14
case_865,cb4019095afa4be39eab30fec88b936e,stem,Astronomy,https://huggingface.co/datasets/cais/hle/tree/021a3d71f516a7ac28ceb8d284969902edf1edeb,672f4434e9c13daba078d693,hard,False,1,specdec_bench,pending_hle_token,,
case_866,46acc39a953d4b7a9007511f88f8269e,writing,Finance & Business,https://raw.githubusercontent.com/X-PLUG/WritingBench/4701e81e10d0c45cd2f3114efa315c4662da348a/benchmark_query/benchmark_all.jsonl,writing_bench_283,,False,1,parquet,built,631,28f87eed44d38d48559e65ec73cbfd5e1d0f8626b091e5b6b30d0594d438ff45
case_867,55f8d054a9854ca89bd211698ace5559,multilingual,en-nn,https://huggingface.co/datasets/Helsinki-NLP/opus-100/tree/805090dc28bf78897da9641cdf08b61287580df9,opus100_en-nn_1425,,False,1,specdec_bench,built,285,cb73b866d5f59615031c1eb665d91f968863670d0dae3e341e623714492a8394
case_868,93ce60397ad747799d49d29e89249330,summarization,,https://huggingface.co/datasets/abisee/cnn_dailymail/tree/96df5e686bee6baa90b8bee7c28b81fa3fa6223d,c729b1f30670dfd25649ea815aaf6b84e0e7afc1,,False,1,specdec_bench,built,296,0d7ede70a788ce91ff81fc961f5343e8f65af3ba2737c42fee37e4d9dad7c5fe
case_869,7f74d1cf113d472f810ba11e3448d446,roleplay,,https://huggingface.co/datasets/Neph0s/CoSER/tree/7cc80430f92532cda85df45015a4aca8ecc068d0,coser_191,,False,1,specdec_bench,built,1813,0b25a82a8b04b3964e8ead737ff15df830b2dcb7ca03df25224687b2c13afef7
case_870,c3a8af3647d342c9b7bf92ce6c550b26,coding,,https://huggingface.co/datasets/bigcode/humanevalpack/tree/9a41762f73a8cb23bb5811b73d5aab164efcf378,Java/72,,False,1,parquet,built,308,8229df9154048865b90e1002050e3f0919435589ce6ce573393635bbb2b85c49
case_871,c9d8860831a445209a5ce990be3811de,humanities,Linguistics,https://huggingface.co/datasets/cais/hle/tree/021a3d71f516a7ac28ceb8d284969902edf1edeb,672d5a80f1800d2d85750a71,hard,False,1,specdec_bench,pending_hle_token,,
case_872,b09e1c6564c1470f8ef16fc0eb316c23,math,Mathematics,https://huggingface.co/datasets/cais/hle/tree/021a3d71f516a7ac28ceb8d284969902edf1edeb,67273bfc2df343cad1ceb83e,hard,False,1,specdec_bench,pending_hle_token,,
case_873,6b53a61bb07b4413ac36103a043b57b3,qa,,https://raw.githubusercontent.com/hemingkx/Spec-Bench/66230f10cb0a02aced5ef3ce1e85163c16160454/data/spec_bench/question.jsonl,spec_bench_319,,False,1,parquet,built,76,66ec1846fc38ca5ea3d3c5bf296a4d1adc0826b697a7579293c7264a6c31c1e1
case_874,37665162ec8a443b8656812eeb4685b5,rag,table_and_text_extraction,https://huggingface.co/datasets/nvidia/ChatRAG-Bench/tree/af6c7d420ddddf21f54f8ab3394bbf462aad2577/data,chatrag_bench_1295,,True,1,specdec_bench,built,479,c8353af1192ecbf4f850486324a8e2ac3aeaba284780ff01581fe95e15ee6886
case_875,c2a9e662ce8a4680bf14ac5680fa7536,reasoning,history,https://huggingface.co/datasets/TIGER-Lab/MMLU-Pro/blob/30527804ea8854662078e457808040d872ecdf29/data/test-00000-of-00001.parquet,"mmlu_pro_(2282, 'history')",,False,2,specdec_bench,built,186,4037bcdc339b258bfaf893549a93f6ad88c05aedb706cb5b16b0665cacb3838e
case_876,3a004ce5332e468a9376404ddee08e39,stem,Physics,https://huggingface.co/datasets/cais/hle/tree/021a3d71f516a7ac28ceb8d284969902edf1edeb,67249cc8709ecff358139741,hard,False,1,specdec_bench,pending_hle_token,,
case_877,74ebef9b145d4a7d83b08b7e21361d95,writing,,https://raw.githubusercontent.com/hemingkx/Spec-Bench/66230f10cb0a02aced5ef3ce1e85163c16160454/data/spec_bench/question.jsonl,spec_bench_7,,True,2,parquet,built,97,65013eccd786564d8e113704105c332d4418bccdc62814c95323d71bc0a287c5
case_878,62d39190691043659ac41b012f3d719a,multilingual,pt_math,https://github.com/RUCAIBox/MMATH/tree/3920f269764e4d3436105d89250833f3d7169c8d,mmath_150,,False,1,parquet,built,99,f70b9856560bc7cd5e317fc3a488473d4f8dd9aec4c8c56594bbf3efe3940db5
case_879,1aae714f580c468fbeea50eb90222833,summarization,,https://huggingface.co/datasets/abisee/cnn_dailymail/tree/96df5e686bee6baa90b8bee7c28b81fa3fa6223d,8ec9aabea31ae79f0d429e9ab2e4a1a4f8d1b605,,False,1,specdec_bench,built,238,80a5d8b3a359f8cdf7d5664883a19d3cae5796fd8564e19decf7c601611a4e8b
case_880,ebf181f8fd9741a8bc89db9ebde8b55d,roleplay,,https://huggingface.co/datasets/ZenMoore/RoleBench/tree/a57ed54f9613921e4a5f1b63601a558cd5acf971/rolebench-eng,rolebench_role-generalization_1631_rolebench_role-generalization_1632_rolebench_role-generalization_1633_rolebench_role-generalization_1634_rolebench_role-generalization_1635_rolebench_role-generalization_1636_rolebench_role-generalization_1637_rolebench_role-generalization_1638_rolebench_role-generalization_1639_rolebench_role-generalization_1640_rolebench_role-generalization_1641_rolebench_role-generalization_1642_rolebench_role-generalization_1643_rolebench_role-generalization_1644_rolebench_role-generalization_1645_rolebench_role-generalization_1646_rolebench_role-generalization_1647_rolebench_role-generalization_1648_rolebench_role-generalization_1649_rolebench_role-generalization_1650_rolebench_role-generalization_1651_rolebench_role-generalization_1652_rolebench_role-generalization_1653_rolebench_role-generalization_1654_rolebench_role-generalization_1655_rolebench_role-generalization_1656_rolebench_role-generalization_1657_rolebench_role-generalization_1658_rolebench_role-generalization_1659_rolebench_role-generalization_1660_rolebench_role-generalization_1661_rolebench_role-generalization_1662_rolebench_role-generalization_1663_rolebench_role-generalization_1664_rolebench_role-generalization_1665_rolebench_role-generalization_1666_rolebench_role-generalization_1667_rolebench_role-generalization_1668_rolebench_role-generalization_1669_rolebench_role-generalization_1670_rolebench_role-generalization_1671_rolebench_role-generalization_1672_rolebench_role-generalization_1673_rolebench_role-generalization_1674_rolebench_role-generalization_1675_rolebench_role-generalization_1676_rolebench_role-generalization_1677_rolebench_role-generalization_1678_rolebench_role-generalization_1679_rolebench_role-generalization_1680_rolebench_role-generalization_1681_rolebench_role-generalization_1682_rolebench_role-generalization_1683_rolebench_role-generalization_1684_rolebench_role-generalization_1685_rolebench_role-generalization_1686_rolebench_role-generalization_1687_rolebench_role-generalization_1688_rolebench_role-generalization_1689_rolebench_role-generalization_1690_rolebench_role-generalization_1691_rolebench_role-generalization_1692_rolebench_role-generalization_1693_rolebench_role-generalization_1694_rolebench_role-generalization_1695_rolebench_role-generalization_1696_rolebench_role-generalization_1697_rolebench_role-generalization_1698_rolebench_role-generalization_1699_rolebench_role-generalization_1700_rolebench_role-generalization_1701_rolebench_role-generalization_1702_rolebench_role-generalization_1703_rolebench_role-generalization_1704_rolebench_role-generalization_1705_rolebench_role-generalization_1706_rolebench_role-generalization_1707_rolebench_role-generalization_1708_rolebench_role-generalization_1709_rolebench_role-generalization_1710_rolebench_role-generalization_1711_rolebench_role-generalization_1712_rolebench_role-generalization_1713_rolebench_role-generalization_1714_rolebench_role-generalization_1715_rolebench_role-generalization_1716_rolebench_role-generalization_1717_rolebench_role-generalization_1718_rolebench_role-generalization_1719_rolebench_role-generalization_1720_rolebench_role-generalization_1721_rolebench_role-generalization_1722_rolebench_role-generalization_1723_rolebench_role-generalization_1724_rolebench_role-generalization_1725_rolebench_role-generalization_1726_rolebench_role-generalization_1727_rolebench_role-generalization_1728_rolebench_role-generalization_1729_rolebench_role-generalization_1730_rolebench_role-generalization_1731_rolebench_role-generalization_1732_rolebench_role-generalization_1733_rolebench_role-generalization_1734_rolebench_role-generalization_1735_rolebench_role-generalization_1736_rolebench_role-generalization_1737_rolebench_role-generalization_1738_rolebench_role-generalization_1739_rolebench_role-generalization_1740_rolebench_role-generalization_1741_rolebench_role-generalization_1742_rolebench_role-generalization_1743_rolebench_role-generalization_1744_rolebench_role-generalization_1745_rolebench_role-generalization_1746_rolebench_role-generalization_1747_rolebench_role-generalization_1748_rolebench_role-generalization_1749_rolebench_role-generalization_1750_rolebench_role-generalization_1751_rolebench_role-generalization_1752_rolebench_role-generalization_1753_rolebench_role-generalization_1754_rolebench_role-generalization_1755_rolebench_role-generalization_1756_rolebench_role-generalization_1757_rolebench_role-generalization_1758_rolebench_role-generalization_1759_rolebench_role-generalization_1760_rolebench_role-generalization_1761_rolebench_role-generalization_1762_rolebench_role-generalization_1763_rolebench_role-generalization_1764_rolebench_role-generalization_1765_rolebench_role-generalization_1766_rolebench_role-generalization_1767_rolebench_role-generalization_1768_rolebench_role-generalization_1769_rolebench_role-generalization_1770_rolebench_role-generalization_1771_rolebench_role-generalization_1772_rolebench_role-generalization_1773_rolebench_role-generalization_1774_rolebench_role-generalization_1775_rolebench_role-generalization_1776_rolebench_role-generalization_1777_rolebench_role-generalization_1778_rolebench_role-generalization_1779_rolebench_role-generalization_1780_rolebench_role-generalization_1781_rolebench_role-generalization_2434_rolebench_role-generalization_2435_rolebench_role-generalization_2436_rolebench_role-generalization_2437_rolebench_role-generalization_2438_rolebench_role-generalization_2439_rolebench_role-generalization_2440_rolebench_role-generalization_2441_rolebench_role-generalization_2442_rolebench_role-generalization_2443_rolebench_role-generalization_2444_rolebench_role-generalization_2445_rolebench_role-generalization_2446_rolebench_role-generalization_2447_rolebench_role-generalization_2448_rolebench_role-generalization_2449_rolebench_role-generalization_2450_rolebench_role-generalization_2451_rolebench_role-generalization_2452_rolebench_role-generalization_2453_rolebench_role-generalization_2454_rolebench_role-generalization_2455_rolebench_role-generalization_2456_rolebench_role-generalization_2457_rolebench_role-generalization_2458_rolebench_role-generalization_2459_rolebench_role-generalization_2460_rolebench_role-generalization_2461_rolebench_role-generalization_2462_rolebench_role-generalization_2463_rolebench_role-generalization_2464_rolebench_role-generalization_2465_rolebench_role-generalization_2466_rolebench_role-generalization_2467_rolebench_role-generalization_2468_rolebench_role-generalization_2469_rolebench_role-generalization_2470_rolebench_role-generalization_2471_rolebench_role-generalization_2472_rolebench_role-generalization_2473_rolebench_role-generalization_2474_rolebench_role-generalization_2475_rolebench_role-generalization_2476_rolebench_role-generalization_2477_rolebench_role-generalization_2478_rolebench_role-generalization_2479_rolebench_role-generalization_2480_rolebench_role-generalization_2481_rolebench_role-generalization_2482_rolebench_role-generalization_2483,,True,4,specdec_bench,built,258,5865c3c14beab512b609961119681c79a4fc3d264735dbb6416767b202f4b80d
