dataset,method,params,case,output_tokens,budget_hit,len_ratio_vs_strict,n_emitted,n_lossy_only,lossy_only_per_1k,ooh80,ooh80_per_1k,ooh50_per_1k,accepted_ooh80_per_1k
humaneval,cactus,alpha0.25,case_001,899,False,1.1058,907,126,138.92,87,95.921,109.151,134.509
humaneval,cactus,alpha0.25,case_002,3857,False,2.0311,3858,862,223.432,633,164.075,189.736,258.424
humaneval,cactus,alpha0.25,case_003,774,False,2.3174,783,137,174.968,99,126.437,143.04,208.174
humaneval,cactus,alpha0.25,case_004,470,False,1.0421,479,90,187.891,64,133.612,150.313,210.856
humaneval,cactus,alpha0.25,case_005,645,False,1.4145,650,96,147.692,64,98.462,115.385,164.615
humaneval,cactus,alpha0.25,case_006,617,False,1.3384,627,89,141.946,61,97.289,111.643,149.92
humaneval,cactus,alpha0.25,case_007,1054,False,1.4619,1063,212,199.436,137,128.881,145.814,207.902
humaneval,cactus,alpha0.25,case_008,500,False,1.2315,509,75,147.348,58,113.949,121.807,212.181
humaneval,cactus,alpha0.25,case_009,420,False,1.2,422,40,94.787,26,61.611,73.46,109.005
humaneval,cactus,alpha0.25,case_010,762,False,1.5842,772,89,115.285,64,82.902,94.56,139.896
humaneval,cactus,alpha0.25,case_011,919,False,0.734,925,185,200.0,130,140.541,168.649,215.135
humaneval,cactus,alpha0.25,case_012,558,False,1.1974,563,92,163.41,67,119.005,134.991,182.948
humaneval,cactus,alpha0.25,case_013,321,False,0.7906,326,48,147.239,34,104.294,119.632,171.779
humaneval,cactus,alpha0.25,case_014,413,False,1.434,421,31,73.634,21,49.881,57.007,106.888
humaneval,cactus,alpha0.25,case_015,256,False,0.6081,258,23,89.147,17,65.891,73.643,124.031
humaneval,cactus,alpha0.25,case_016,661,False,1.38,662,105,158.61,72,108.761,129.909,170.695
humaneval,cactus,alpha0.25,case_017,542,False,1.3791,545,74,135.78,53,97.248,108.257,181.651
humaneval,cactus,alpha0.25,case_018,1678,False,2.6096,1680,262,155.952,177,105.357,121.429,189.881
humaneval,cactus,alpha0.25,case_019,595,False,0.9112,607,100,164.745,73,120.264,130.148,191.104
humaneval,cactus,alpha0.25,case_020,870,False,1.5052,872,143,163.991,105,120.413,129.587,196.101
humaneval,cactus,alpha0.25,case_021,2435,False,2.6239,2436,353,144.91,238,97.701,114.122,170.361
humaneval,cactus,alpha0.25,case_022,586,False,0.7721,590,82,138.983,58,98.305,110.169,167.797
humaneval,cactus,alpha0.25,case_023,442,False,0.7354,446,76,170.404,52,116.592,143.498,156.951
humaneval,cactus,alpha0.25,case_024,338,False,1.1118,341,58,170.088,46,134.897,149.56,225.806
humaneval,cactus,alpha0.25,case_025,1214,False,2.282,1216,209,171.875,132,108.553,130.757,171.053
humaneval,cactus,alpha0.25,case_026,579,False,0.9586,584,76,130.137,51,87.329,97.603,125.0
humaneval,cactus,alpha0.25,case_027,657,False,1.5569,659,90,136.571,69,104.704,118.361,166.92
humaneval,cactus,alpha0.25,case_028,348,False,1.1013,354,58,163.842,41,115.819,129.944,189.266
humaneval,cactus,alpha0.25,case_029,214,False,0.7698,216,26,120.37,22,101.852,106.481,148.148
humaneval,cactus,alpha0.25,case_030,369,False,1.0365,372,53,142.473,30,80.645,104.839,137.097
humaneval,cactus,alpha0.25,case_031,874,False,2.1111,880,126,143.182,87,98.864,111.364,151.136
humaneval,cactus,alpha0.25,case_032,413,False,0.9695,421,47,111.639,39,92.637,102.138,140.143
humaneval,cactus,alpha0.25,case_033,5640,False,1.2743,5646,1092,193.411,797,141.162,159.582,224.938
humaneval,cactus,alpha0.25,case_034,1728,False,1.9839,1740,279,160.345,192,110.345,125.287,166.667
humaneval,cactus,alpha0.25,case_035,386,False,1.9397,386,52,134.715,38,98.446,108.808,160.622
humaneval,cactus,alpha0.25,case_036,651,False,2.0667,663,108,162.896,80,120.664,134.238,194.57
humaneval,cactus,alpha0.25,case_037,1933,False,1.8877,1940,352,181.443,244,125.773,142.784,200.0
humaneval,cactus,alpha0.25,case_038,1558,False,1.8032,1560,238,152.564,160,102.564,116.667,178.846
humaneval,cactus,alpha0.25,case_039,1820,False,2.5103,1821,326,179.023,223,122.46,140.582,193.3
humaneval,cactus,alpha0.25,case_040,2267,False,1.8736,2278,307,134.767,219,96.137,108.867,142.23
humaneval,cactus,alpha0.25,case_041,1251,False,1.0638,1256,188,149.682,130,103.503,122.611,157.643
humaneval,cactus,alpha0.25,case_042,1994,False,1.4555,2001,480,239.88,349,174.413,205.397,280.36
humaneval,cactus,alpha0.25,case_043,341,False,1.4328,342,34,99.415,23,67.251,73.099,99.415
humaneval,cactus,alpha0.25,case_044,987,False,1.8044,992,133,134.073,90,90.726,101.815,150.202
humaneval,cactus,alpha0.25,case_045,674,False,0.7765,685,100,145.985,69,100.73,113.869,160.584
humaneval,cactus,alpha0.25,case_046,360,False,0.678,361,45,124.654,29,80.332,96.953,160.665
humaneval,cactus,alpha0.25,case_047,2188,False,3.0055,2192,245,111.77,165,75.274,87.591,124.088
humaneval,cactus,alpha0.25,case_048,3052,False,1.03,3058,536,175.278,376,122.956,139.307,220.405
humaneval,cactus,alpha0.25,case_049,295,False,0.9455,297,45,151.515,35,117.845,127.946,191.919
humaneval,cactus,alpha0.25,case_050,1242,False,1.6472,1249,249,199.359,177,141.713,160.929,220.176
humaneval,cactus,alpha0.25,case_051,1064,False,2.5333,1065,165,154.93,107,100.469,111.737,170.892
humaneval,cactus,alpha0.25,case_052,947,False,1.7002,952,170,178.571,115,120.798,143.908,197.479
humaneval,cactus,alpha0.25,case_053,294,False,0.8673,301,37,122.924,27,89.701,99.668,136.213
humaneval,cactus,alpha0.25,case_054,305,False,0.8616,306,40,130.719,22,71.895,81.699,137.255
humaneval,cactus,alpha0.25,case_055,2650,False,2.8342,2654,391,147.325,262,98.719,112.283,157.498
humaneval,cactus,alpha0.25,case_056,1112,False,1.9681,1120,152,135.714,98,87.5,100.893,132.143
humaneval,cactus,alpha0.25,case_057,482,False,1.1699,492,60,121.951,42,85.366,99.593,146.341
humaneval,cactus,alpha0.25,case_058,944,False,1.7321,952,142,149.16,100,105.042,111.345,177.521
humaneval,cactus,alpha0.25,case_059,1178,False,3.4244,1190,204,171.429,125,105.042,130.252,178.992
humaneval,cactus,alpha0.25,case_060,524,False,0.1551,527,87,165.085,61,115.75,127.135,180.266
humaneval,cactus,alpha0.25,case_061,442,False,1.1304,446,44,98.655,30,67.265,78.475,114.35
humaneval,cactus,alpha0.25,case_062,1406,False,3.7,1415,250,176.678,182,128.622,149.117,207.774
humaneval,cactus,alpha0.25,case_063,746,False,1.3588,755,139,184.106,96,127.152,149.669,210.596
humaneval,cactus,alpha0.25,case_064,1367,False,1.2173,1371,147,107.221,84,61.269,74.398,110.139
humaneval,cactus,alpha0.25,case_065,2209,False,2.9572,2216,429,193.592,302,136.282,155.235,217.058
humaneval,cactus,alpha0.25,case_066,1811,False,2.1306,1817,334,183.819,229,126.032,143.643,203.632
humaneval,cactus,alpha0.25,case_067,884,False,1.5215,886,142,160.271,96,108.352,127.54,174.944
humaneval,cactus,alpha0.25,case_068,717,False,1.5321,722,109,150.97,74,102.493,128.809,157.895
humaneval,cactus,alpha0.25,case_069,692,False,1.2886,695,95,136.691,66,94.964,109.353,145.324
humaneval,cactus,alpha0.25,case_070,562,False,1.0181,569,67,117.75,48,84.359,96.661,114.236
humaneval,cactus,alpha0.25,case_071,974,False,2.179,981,159,162.08,121,123.344,138.634,182.467
humaneval,cactus,alpha0.25,case_072,475,False,0.6996,483,46,95.238,39,80.745,84.886,109.731
humaneval,cactus,alpha0.25,case_073,648,False,1.0872,658,70,106.383,43,65.35,79.027,124.62
humaneval,cactus,alpha0.25,case_074,799,False,0.9111,808,113,139.851,74,91.584,105.198,150.99
humaneval,cactus,alpha0.25,case_075,772,False,1.3712,778,96,123.393,58,74.55,92.545,116.967
humaneval,cactus,alpha0.25,case_076,1805,False,1.4771,1806,322,178.295,221,122.37,144.518,213.732
humaneval,cactus,alpha0.25,case_077,1760,False,0.8294,1761,331,187.961,222,126.065,144.804,193.64
humaneval,cactus,alpha0.25,case_078,4297,False,3.6979,4302,833,193.631,590,137.146,154.114,211.994
humaneval,cactus,alpha0.25,case_079,959,False,1.5825,966,116,120.083,74,76.605,92.133,129.4
humaneval,cactus,alpha0.25,case_080,950,False,1.5833,952,199,209.034,133,139.706,162.815,223.739
humaneval,cactus,alpha0.25,case_081,611,False,1.3312,622,74,118.971,52,83.601,94.855,130.225
humaneval,cactus,alpha0.25,case_082,1440,False,0.7332,1446,196,135.546,139,96.127,114.108,143.154
humaneval,cactus,alpha0.25,case_083,664,False,1.1216,667,68,101.949,41,61.469,77.961,109.445
humaneval,cactus,alpha0.25,case_084,1571,False,1.5524,1579,191,120.963,129,81.697,96.897,118.429
humaneval,cactus,alpha0.25,case_085,849,False,1.4765,857,135,157.526,95,110.852,128.355,168.028
humaneval,cactus,alpha0.25,case_086,823,False,1.5073,831,125,150.421,89,107.1,120.337,156.438
humaneval,cactus,alpha0.25,case_087,4014,False,4.1001,4020,779,193.781,528,131.343,153.483,209.701
humaneval,cactus,alpha0.25,case_088,1734,False,1.9593,1744,316,181.193,220,126.147,145.069,193.234
humaneval,cactus,alpha0.25,case_089,758,False,1.3137,763,114,149.41,83,108.781,125.819,161.206
humaneval,cactus,alpha0.25,case_090,716,False,0.632,723,96,132.78,60,82.988,96.819,127.248
humaneval,cactus,alpha0.25,case_091,1181,False,2.792,1185,209,176.371,141,118.987,138.397,200.844
humaneval,cactus,alpha0.25,case_092,1370,False,1.7609,1373,312,227.24,230,167.516,186.453,249.09
humaneval,cactus,alpha0.25,case_093,1163,False,1.8144,1167,205,175.664,151,129.392,139.674,193.659
humaneval,cactus,alpha0.25,case_094,4128,False,2.9214,4134,702,169.811,484,117.078,133.769,177.552
humaneval,cactus,alpha0.25,case_095,2344,False,3.3107,2345,288,122.814,204,86.994,99.36,125.373
humaneval,cactus,alpha0.25,case_096,966,False,1.6345,975,139,142.564,94,96.41,114.872,169.231
humaneval,cactus,alpha0.25,case_097,832,False,1.1049,835,80,95.808,51,61.078,73.054,106.587
humaneval,cactus,alpha0.25,case_098,1680,False,3.3735,1683,317,188.354,214,127.154,147.356,212.121
humaneval,cactus,alpha0.25,case_099,979,False,2.1329,980,133,135.714,84,85.714,105.102,145.918
humaneval,cactus,alpha0.25,case_100,3567,False,2.9166,3579,732,204.526,542,151.439,172.674,231.908
humaneval,cactus,alpha0.25,case_101,1238,False,1.3664,1242,226,181.965,153,123.188,142.512,186.795
humaneval,cactus,alpha0.25,case_102,706,False,0.9671,717,112,156.206,78,108.787,126.918,182.706
humaneval,cactus,alpha0.25,case_103,3242,False,3.2649,3244,607,187.115,412,127.004,148.274,207.152
humaneval,cactus,alpha0.25,case_104,5393,False,4.5781,5395,1114,206.487,761,141.057,160.519,236.701
humaneval,cactus,alpha0.25,case_105,949,False,1.2136,954,126,132.075,88,92.243,109.015,147.799
humaneval,cactus,alpha0.25,case_106,2462,False,2.4819,2467,335,135.792,230,93.231,105.391,165.788
humaneval,cactus,alpha0.25,case_107,842,False,0.6413,849,107,126.031,74,87.161,103.651,142.521
humaneval,cactus,alpha0.25,case_108,463,False,1.0335,472,39,82.627,27,57.203,65.678,82.627
humaneval,cactus,alpha0.25,case_109,2827,False,1.4483,2833,525,185.316,359,126.721,145.782,192.376
humaneval,cactus,alpha0.25,case_110,4040,False,3.5752,4046,876,216.51,594,146.812,170.786,244.192
humaneval,cactus,alpha0.25,case_111,1226,False,1.4613,1233,222,180.049,152,123.277,144.363,178.427
humaneval,cactus,alpha0.25,case_112,1008,False,1.7409,1011,174,172.107,136,134.52,146.39,234.421
humaneval,cactus,alpha0.25,case_113,636,False,1.0258,641,81,126.365,54,84.243,99.844,159.126
humaneval,cactus,alpha0.25,case_114,3921,False,1.7504,3930,657,167.176,439,111.705,126.972,178.117
humaneval,cactus,alpha0.25,case_115,647,False,1.3766,656,108,164.634,71,108.232,128.049,160.061
humaneval,cactus,alpha0.25,case_116,1442,False,1.564,1451,278,191.592,195,134.39,152.309,205.376
humaneval,cactus,alpha0.25,case_117,5407,False,1.8304,5410,1127,208.318,780,144.177,171.349,237.893
humaneval,cactus,alpha0.25,case_118,1145,False,1.3455,1152,174,151.042,118,102.431,118.056,171.875
humaneval,cactus,alpha0.25,case_119,4202,False,2.1021,4205,765,181.926,517,122.949,138.407,203.567
humaneval,cactus,alpha0.25,case_120,1588,False,2.3666,1600,313,195.625,222,138.75,161.875,231.875
humaneval,cactus,alpha0.25,case_121,667,False,1.2149,669,91,136.024,62,92.676,110.613,162.93
humaneval,cactus,alpha0.25,case_122,1169,False,2.4925,1175,162,137.872,116,98.723,108.085,164.255
humaneval,cactus,alpha0.25,case_123,718,False,0.9972,722,103,142.659,63,87.258,105.263,159.28
humaneval,cactus,alpha0.25,case_124,1253,False,1.9396,1257,225,178.998,152,120.923,140.811,188.544
humaneval,cactus,alpha0.25,case_125,1239,False,1.1162,1249,135,108.086,92,73.659,80.865,116.894
humaneval,cactus,alpha0.25,case_126,1839,False,1.2203,1841,310,168.387,215,116.784,135.253,184.139
humaneval,cactus,alpha0.25,case_127,2236,False,3.0884,2237,471,210.55,319,142.602,167.635,227.984
humaneval,cactus,alpha0.25,case_128,1660,False,2.2897,1662,245,147.413,168,101.083,116.125,166.667
humaneval,cactus,alpha0.25,case_129,670,False,0.8645,675,106,157.037,70,103.704,130.37,155.556
humaneval,cactus,alpha0.25,case_130,4660,False,0.5178,4668,861,184.447,596,127.678,144.816,201.799
humaneval,cactus,alpha0.25,case_131,4969,False,1.0067,4975,1089,218.894,779,156.583,177.487,241.005
humaneval,cactus,alpha0.25,case_132,403,False,0.9829,405,43,106.173,30,74.074,81.481,135.802
humaneval,cactus,alpha0.25,case_133,9000,True,1.8927,9003,2210,245.474,1546,171.721,198.045,281.795
humaneval,cactus,alpha0.25,case_134,815,False,1.4076,823,104,126.367,74,89.915,103.281,116.646
humaneval,cactus,alpha0.25,case_135,5973,False,4.145,5980,1216,203.344,800,133.779,156.522,226.087
humaneval,cactus,alpha0.25,case_136,903,False,1.2754,905,136,150.276,89,98.343,118.232,145.856
humaneval,cactus,alpha0.25,case_137,1113,False,1.8306,1115,175,156.951,111,99.552,120.179,165.022
humaneval,cactus,alpha0.25,case_138,1595,False,1.6789,1603,310,193.387,229,142.857,164.691,224.579
humaneval,cactus,alpha0.25,case_139,1712,False,2.1865,1714,290,169.195,198,115.519,125.438,189.615
humaneval,cactus,alpha0.25,case_140,691,False,1.0267,693,95,137.085,63,90.909,108.225,125.541
humaneval,cactus,alpha0.25,case_141,4920,False,5.5593,4924,1137,230.91,779,158.205,181.966,259.545
humaneval,cactus,alpha0.25,case_142,1027,False,1.3693,1039,187,179.981,135,129.933,140.52,205.005
humaneval,cactus,alpha0.25,case_143,1425,False,0.6653,1432,222,155.028,159,111.034,127.793,158.52
humaneval,cactus,alpha0.25,case_144,1348,False,1.867,1350,195,144.444,137,101.481,117.037,154.815
humaneval,cactus,alpha0.25,case_145,1459,False,2.3232,1462,248,169.631,175,119.699,136.115,187.415
humaneval,cactus,alpha0.25,case_146,7314,False,2.3578,7321,1570,214.452,1125,153.668,171.834,256.249
humaneval,cactus,alpha0.25,case_147,1271,False,1.7977,1273,215,168.892,139,109.191,125.687,164.179
humaneval,cactus,alpha0.25,case_148,1665,False,0.8271,1668,189,113.309,127,76.139,87.53,121.703
humaneval,cactus,alpha0.25,case_149,2819,False,2.0774,2820,504,178.723,363,128.723,145.035,212.411
humaneval,cactus,alpha0.25,case_150,531,False,0.8835,532,78,146.617,54,101.504,116.541,152.256
humaneval,cactus,alpha0.25,case_151,471,False,0.8937,478,53,110.879,33,69.038,77.406,131.799
humaneval,cactus,alpha0.25,case_152,827,False,0.6199,832,119,143.029,90,108.173,118.99,159.856
humaneval,cactus,alpha0.25,case_153,359,False,0.796,371,69,185.984,46,123.989,142.857,223.72
humaneval,cactus,alpha0.25,case_154,424,False,0.5947,428,49,114.486,40,93.458,102.804,126.168
humaneval,cactus,alpha0.25,case_155,2223,False,2.318,2226,423,190.027,289,129.829,150.045,210.692
humaneval,cactus,alpha0.25,case_156,868,False,1.7606,876,102,116.438,67,76.484,91.324,127.854
humaneval,cactus,alpha0.25,case_157,1324,False,1.8941,1327,159,119.819,106,79.879,97.212,121.326
humaneval,cactus,alpha0.25,case_158,712,False,0.6386,717,81,112.971,53,73.919,85.077,118.55
humaneval,cactus,alpha0.25,case_159,1375,False,1.2569,1386,255,183.983,168,121.212,143.579,186.869
humaneval,cactus,alpha0.25,case_160,909,False,1.0236,921,139,150.923,96,104.235,117.264,161.781
humaneval,cactus,alpha0.25,case_161,2519,False,1.0358,2531,520,205.452,405,160.016,177.005,266.693
humaneval,cactus,alpha0.25,case_162,1111,False,1.5198,1118,210,187.835,132,118.068,137.746,195.886
humaneval,cactus,alpha0.25,case_163,444,False,1.1935,448,38,84.821,26,58.036,62.5,87.054
humaneval,cactus,alpha0.25,case_164,3674,False,2.591,3682,669,181.695,465,126.29,146.931,219.446
humaneval,mentored_dec,alpha0.37,case_001,971,False,1.1943,974,38,39.014,11,11.294,17.454,57.495
humaneval,mentored_dec,alpha0.37,case_002,1353,False,0.7125,1356,79,58.26,32,23.599,30.973,84.808
humaneval,mentored_dec,alpha0.37,case_003,672,False,2.012,679,43,63.328,13,19.146,29.455,86.892
humaneval,mentored_dec,alpha0.37,case_004,387,False,0.8581,390,15,38.462,5,12.821,12.821,74.359
humaneval,mentored_dec,alpha0.37,case_005,490,False,1.0746,491,23,46.843,11,22.403,34.623,63.136
humaneval,mentored_dec,alpha0.37,case_006,348,False,0.7549,352,10,28.409,3,8.523,11.364,25.568
humaneval,mentored_dec,alpha0.37,case_007,628,False,0.871,633,25,39.494,9,14.218,25.276,58.452
humaneval,mentored_dec,alpha0.37,case_008,420,False,1.0345,424,19,44.811,10,23.585,30.66,82.547
humaneval,mentored_dec,alpha0.37,case_009,308,False,0.88,313,14,44.728,5,15.974,25.559,67.093
humaneval,mentored_dec,alpha0.37,case_010,410,False,0.8524,411,20,48.662,10,24.331,26.764,68.127
humaneval,mentored_dec,alpha0.37,case_011,1284,False,1.0256,1286,91,70.762,28,21.773,33.437,66.096
humaneval,mentored_dec,alpha0.37,case_012,496,False,1.0644,500,25,50.0,8,16.0,26.0,60.0
humaneval,mentored_dec,alpha0.37,case_013,514,False,1.266,515,25,48.544,12,23.301,27.184,85.437
humaneval,mentored_dec,alpha0.37,case_014,404,False,1.4028,406,16,39.409,4,9.852,17.241,39.409
humaneval,mentored_dec,alpha0.37,case_015,513,False,1.2185,516,26,50.388,10,19.38,32.946,91.085
humaneval,mentored_dec,alpha0.37,case_016,488,False,1.0188,490,31,63.265,11,22.449,36.735,71.429
humaneval,mentored_dec,alpha0.37,case_017,498,False,1.2672,500,25,50.0,9,18.0,22.0,80.0
humaneval,mentored_dec,alpha0.37,case_018,661,False,1.028,662,40,60.423,13,19.637,22.659,75.529
humaneval,mentored_dec,alpha0.37,case_019,481,False,0.7366,484,22,45.455,8,16.529,22.727,61.983
humaneval,mentored_dec,alpha0.37,case_020,394,False,0.6817,396,12,30.303,4,10.101,15.152,55.556
humaneval,mentored_dec,alpha0.37,case_021,1312,False,1.4138,1320,50,37.879,15,11.364,22.727,72.727
humaneval,mentored_dec,alpha0.37,case_022,796,False,1.0487,797,28,35.132,7,8.783,12.547,61.481
humaneval,mentored_dec,alpha0.37,case_023,583,False,0.97,591,26,43.993,11,18.613,30.457,101.523
humaneval,mentored_dec,alpha0.37,case_024,270,False,0.8882,271,23,84.871,10,36.9,47.97,110.701
humaneval,mentored_dec,alpha0.37,case_025,1873,False,3.5207,1876,96,51.173,23,12.26,20.256,64.499
humaneval,mentored_dec,alpha0.37,case_026,834,False,1.3808,837,35,41.816,7,8.363,14.337,52.569
humaneval,mentored_dec,alpha0.37,case_027,262,False,0.6209,263,10,38.023,2,7.605,7.605,64.639
humaneval,mentored_dec,alpha0.37,case_028,327,False,1.0348,330,25,75.758,10,30.303,39.394,100.0
humaneval,mentored_dec,alpha0.37,case_029,272,False,0.9784,274,12,43.796,4,14.599,29.197,87.591
humaneval,mentored_dec,alpha0.37,case_030,579,False,1.6264,582,23,39.519,11,18.9,27.491,79.038
humaneval,mentored_dec,alpha0.37,case_031,331,False,0.7995,333,9,27.027,4,12.012,15.015,54.054
humaneval,mentored_dec,alpha0.37,case_032,469,False,1.1009,470,7,14.894,3,6.383,10.638,48.936
humaneval,mentored_dec,alpha0.37,case_033,2758,False,0.6231,2759,169,61.254,51,18.485,32.621,82.276
humaneval,mentored_dec,alpha0.37,case_034,800,False,0.9185,805,33,40.994,8,9.938,18.634,50.932
humaneval,mentored_dec,alpha0.37,case_035,307,False,1.5427,309,17,55.016,7,22.654,35.599,77.67
humaneval,mentored_dec,alpha0.37,case_036,445,False,1.4127,446,18,40.359,7,15.695,24.664,71.749
humaneval,mentored_dec,alpha0.37,case_037,1205,False,1.1768,1207,73,60.481,22,18.227,25.684,77.051
humaneval,mentored_dec,alpha0.37,case_038,751,False,0.8692,754,43,57.029,14,18.568,27.851,47.745
humaneval,mentored_dec,alpha0.37,case_039,912,False,1.2579,915,47,51.366,15,16.393,25.137,79.781
humaneval,mentored_dec,alpha0.37,case_040,2418,False,1.9983,2421,118,48.74,46,19.0,27.261,78.893
humaneval,mentored_dec,alpha0.37,case_041,947,False,0.8053,950,57,60.0,24,25.263,32.632,64.211
humaneval,mentored_dec,alpha0.37,case_042,1289,False,0.9409,1290,91,70.543,40,31.008,41.86,106.977
humaneval,mentored_dec,alpha0.37,case_043,456,False,1.916,462,25,54.113,11,23.81,30.303,77.922
humaneval,mentored_dec,alpha0.37,case_044,514,False,0.9397,515,33,64.078,13,25.243,29.126,89.32
humaneval,mentored_dec,alpha0.37,case_045,903,False,1.0403,904,27,29.867,11,12.168,17.699,47.566
humaneval,mentored_dec,alpha0.37,case_046,528,False,0.9944,529,17,32.136,7,13.233,22.684,86.957
humaneval,mentored_dec,alpha0.37,case_047,737,False,1.0124,738,26,35.23,10,13.55,18.97,48.78
humaneval,mentored_dec,alpha0.37,case_048,2391,False,0.807,2398,144,60.05,59,24.604,34.195,101.334
humaneval,mentored_dec,alpha0.37,case_049,330,False,1.0577,331,11,33.233,4,12.085,12.085,63.444
humaneval,mentored_dec,alpha0.37,case_050,606,False,0.8037,607,37,60.956,9,14.827,24.712,74.135
humaneval,mentored_dec,alpha0.37,case_051,445,False,1.0595,448,23,51.339,9,20.089,24.554,69.196
humaneval,mentored_dec,alpha0.37,case_052,380,False,0.6822,382,18,47.12,9,23.56,26.178,115.183
humaneval,mentored_dec,alpha0.37,case_053,574,False,1.6932,577,34,58.925,16,27.73,34.662,98.787
humaneval,mentored_dec,alpha0.37,case_054,115,False,0.3249,117,6,51.282,2,17.094,25.641,51.282
humaneval,mentored_dec,alpha0.37,case_055,2007,False,2.1465,2012,118,58.648,34,16.899,25.845,65.606
humaneval,mentored_dec,alpha0.37,case_056,495,False,0.8761,497,22,44.266,10,20.121,26.157,64.386
humaneval,mentored_dec,alpha0.37,case_057,493,False,1.1966,497,21,42.254,9,18.109,26.157,74.447
humaneval,mentored_dec,alpha0.37,case_058,1466,False,2.6899,1471,48,32.631,11,7.478,11.557,55.744
humaneval,mentored_dec,alpha0.37,case_059,418,False,1.2151,421,15,35.629,5,11.876,16.627,64.133
humaneval,mentored_dec,alpha0.37,case_060,669,False,0.198,675,38,56.296,16,23.704,28.148,74.074
humaneval,mentored_dec,alpha0.37,case_061,430,False,1.0997,432,14,32.407,5,11.574,16.204,60.185
humaneval,mentored_dec,alpha0.37,case_062,372,False,0.9789,375,14,37.333,5,13.333,21.333,42.667
humaneval,mentored_dec,alpha0.37,case_063,583,False,1.0619,585,26,44.444,8,13.675,17.094,66.667
humaneval,mentored_dec,alpha0.37,case_064,637,False,0.5672,639,20,31.299,6,9.39,17.214,40.689
humaneval,mentored_dec,alpha0.37,case_065,782,False,1.0469,784,29,36.99,9,11.48,25.51,59.949
humaneval,mentored_dec,alpha0.37,case_066,613,False,0.7212,617,35,56.726,15,24.311,37.277,72.934
humaneval,mentored_dec,alpha0.37,case_067,674,False,1.1601,676,25,36.982,11,16.272,22.189,62.13
humaneval,mentored_dec,alpha0.37,case_068,584,False,1.2479,587,26,44.293,6,10.221,23.85,63.032
humaneval,mentored_dec,alpha0.37,case_069,712,False,1.3259,714,14,19.608,3,4.202,5.602,30.812
humaneval,mentored_dec,alpha0.37,case_070,409,False,0.7409,416,15,36.058,8,19.231,24.038,64.904
humaneval,mentored_dec,alpha0.37,case_071,630,False,1.4094,634,22,34.7,6,9.464,14.196,33.123
humaneval,mentored_dec,alpha0.37,case_072,976,False,1.4374,977,42,42.989,20,20.471,26.612,68.577
humaneval,mentored_dec,alpha0.37,case_073,541,False,0.9077,546,20,36.63,3,5.495,12.821,42.125
humaneval,mentored_dec,alpha0.37,case_074,724,False,0.8255,728,28,38.462,8,10.989,21.978,53.571
humaneval,mentored_dec,alpha0.37,case_075,969,False,1.7211,973,34,34.943,12,12.333,15.416,60.637
humaneval,mentored_dec,alpha0.37,case_076,1110,False,0.9083,1114,73,65.53,22,19.749,28.725,77.199
humaneval,mentored_dec,alpha0.37,case_077,2814,False,1.3261,2821,155,54.945,55,19.497,28.004,83.304
humaneval,mentored_dec,alpha0.37,case_078,2007,False,1.7272,2010,102,50.746,38,18.905,26.368,81.592
humaneval,mentored_dec,alpha0.37,case_079,913,False,1.5066,918,32,34.858,13,14.161,19.608,51.198
humaneval,mentored_dec,alpha0.37,case_080,657,False,1.095,659,32,48.558,11,16.692,22.762,63.733
humaneval,mentored_dec,alpha0.37,case_081,721,False,1.5708,725,35,48.276,15,20.69,27.586,71.724
humaneval,mentored_dec,alpha0.37,case_082,1120,False,0.5703,1122,36,32.086,11,9.804,15.152,49.02
humaneval,mentored_dec,alpha0.37,case_083,337,False,0.5693,340,10,29.412,3,8.824,11.765,29.412
humaneval,mentored_dec,alpha0.37,case_084,1225,False,1.2105,1229,49,39.87,10,8.137,17.087,41.497
humaneval,mentored_dec,alpha0.37,case_085,711,False,1.2365,712,30,42.135,11,15.449,19.663,57.584
humaneval,mentored_dec,alpha0.37,case_086,400,False,0.7326,402,17,42.289,4,9.95,17.413,57.214
humaneval,mentored_dec,alpha0.37,case_087,1454,False,1.4852,1457,79,54.221,25,17.159,26.767,68.634
humaneval,mentored_dec,alpha0.37,case_088,910,False,1.0282,913,25,27.382,9,9.858,16.429,50.383
humaneval,mentored_dec,alpha0.37,case_089,919,False,1.5927,923,24,26.002,9,9.751,10.834,42.254
humaneval,mentored_dec,alpha0.37,case_090,861,False,0.7599,863,30,34.762,8,9.27,13.905,54.461
humaneval,mentored_dec,alpha0.37,case_091,418,False,0.9882,419,19,45.346,7,16.706,19.093,62.053
humaneval,mentored_dec,alpha0.37,case_092,652,False,0.838,654,35,53.517,11,16.82,21.407,81.04
humaneval,mentored_dec,alpha0.37,case_093,445,False,0.6942,448,17,37.946,1,2.232,13.393,33.482
humaneval,mentored_dec,alpha0.37,case_094,1581,False,1.1189,1582,76,48.04,18,11.378,22.756,58.786
humaneval,mentored_dec,alpha0.37,case_095,716,False,1.0113,718,14,19.499,4,5.571,9.749,25.07
humaneval,mentored_dec,alpha0.37,case_096,513,False,0.868,516,23,44.574,7,13.566,17.442,48.45
humaneval,mentored_dec,alpha0.37,case_097,974,False,1.2935,979,49,50.051,16,16.343,24.515,60.266
humaneval,mentored_dec,alpha0.37,case_098,459,False,0.9217,460,14,30.435,5,10.87,13.043,54.348
humaneval,mentored_dec,alpha0.37,case_099,401,False,0.8736,403,15,37.221,5,12.407,19.851,54.591
humaneval,mentored_dec,alpha0.37,case_100,880,False,0.7195,883,41,46.433,18,20.385,26.048,77.01
humaneval,mentored_dec,alpha0.37,case_101,506,False,0.5585,507,23,45.365,5,9.862,23.669,67.061
humaneval,mentored_dec,alpha0.37,case_102,1086,False,1.4877,1091,53,48.579,27,24.748,29.331,83.41
humaneval,mentored_dec,alpha0.37,case_103,1815,False,1.8278,1820,100,54.945,33,18.132,24.176,80.22
humaneval,mentored_dec,alpha0.37,case_104,953,False,0.809,958,47,49.061,17,17.745,26.096,65.762
humaneval,mentored_dec,alpha0.37,case_105,600,False,0.7673,604,32,52.98,8,13.245,18.212,66.225
humaneval,mentored_dec,alpha0.37,case_106,1595,False,1.6079,1599,72,45.028,24,15.009,24.39,68.168
humaneval,mentored_dec,alpha0.37,case_107,858,False,0.6535,861,41,47.619,8,9.292,19.744,45.296
humaneval,mentored_dec,alpha0.37,case_108,559,False,1.2478,560,15,26.786,5,8.929,16.071,53.571
humaneval,mentored_dec,alpha0.37,case_109,1095,False,0.561,1099,64,58.235,18,16.379,20.928,72.793
humaneval,mentored_dec,alpha0.37,case_110,3074,False,2.7204,3078,170,55.231,48,15.595,25.341,73.424
humaneval,mentored_dec,alpha0.37,case_111,1074,False,1.2801,1076,68,63.197,19,17.658,26.022,79.926
humaneval,mentored_dec,alpha0.37,case_112,508,False,0.8774,512,16,31.25,3,5.859,17.578,35.156
humaneval,mentored_dec,alpha0.37,case_113,461,False,0.7435,465,14,30.108,5,10.753,17.204,40.86
humaneval,mentored_dec,alpha0.37,case_114,2840,False,1.2679,2846,171,60.084,46,16.163,28.11,79.058
humaneval,mentored_dec,alpha0.37,case_115,491,False,1.0447,493,24,48.682,12,24.341,32.454,68.966
humaneval,mentored_dec,alpha0.37,case_116,1067,False,1.1573,1070,42,39.252,15,14.019,19.626,52.336
humaneval,mentored_dec,alpha0.37,case_117,4012,False,1.3582,4021,211,52.475,78,19.398,26.61,89.281
humaneval,mentored_dec,alpha0.37,case_118,526,False,0.6181,527,23,43.643,10,18.975,26.565,56.926
humaneval,mentored_dec,alpha0.37,case_119,1876,False,0.9385,1884,95,50.425,25,13.27,24.416,54.671
humaneval,mentored_dec,alpha0.37,case_120,542,False,0.8077,543,21,38.674,7,12.891,25.783,46.041
humaneval,mentored_dec,alpha0.37,case_121,748,False,1.3625,749,54,72.096,19,25.367,42.724,92.123
humaneval,mentored_dec,alpha0.37,case_122,485,False,1.0341,491,15,30.55,5,10.183,18.33,63.136
humaneval,mentored_dec,alpha0.37,case_123,672,False,0.9333,674,29,43.027,8,11.869,16.32,62.315
humaneval,mentored_dec,alpha0.37,case_124,1009,False,1.5619,1013,67,66.14,21,20.731,33.564,73.05
humaneval,mentored_dec,alpha0.37,case_125,1070,False,0.964,1072,42,39.179,12,11.194,17.724,51.306
humaneval,mentored_dec,alpha0.37,case_126,1215,False,0.8062,1216,36,29.605,7,5.757,14.803,64.967
humaneval,mentored_dec,alpha0.37,case_127,1225,False,1.692,1228,70,57.003,27,21.987,31.759,56.189
humaneval,mentored_dec,alpha0.37,case_128,1062,False,1.4648,1063,32,30.103,10,9.407,15.052,48.918
humaneval,mentored_dec,alpha0.37,case_129,829,False,1.0697,832,42,50.481,15,18.029,19.231,69.712
humaneval,mentored_dec,alpha0.37,case_130,3035,False,0.3372,3036,183,60.277,68,22.398,30.303,85.31
humaneval,mentored_dec,alpha0.37,case_131,4202,False,0.8513,4206,243,57.775,65,15.454,24.251,74.655
humaneval,mentored_dec,alpha0.37,case_132,722,False,1.761,724,35,48.343,11,15.193,26.243,67.68
humaneval,mentored_dec,alpha0.37,case_133,2699,False,0.5676,2701,139,51.462,46,17.031,24.435,79.6
humaneval,mentored_dec,alpha0.37,case_134,637,False,1.1002,638,22,34.483,5,7.837,15.674,53.292
humaneval,mentored_dec,alpha0.37,case_135,959,False,0.6655,961,55,57.232,21,21.852,31.217,82.206
humaneval,mentored_dec,alpha0.37,case_136,696,False,0.9831,702,32,45.584,7,9.972,18.519,62.678
humaneval,mentored_dec,alpha0.37,case_137,967,False,1.5905,968,50,51.653,15,15.496,26.86,85.744
humaneval,mentored_dec,alpha0.37,case_138,827,False,0.8705,830,39,46.988,15,18.072,28.916,89.157
humaneval,mentored_dec,alpha0.37,case_139,597,False,0.7625,599,24,40.067,6,10.017,21.703,43.406
humaneval,mentored_dec,alpha0.37,case_140,652,False,0.9688,654,21,32.11,7,10.703,16.82,53.517
humaneval,mentored_dec,alpha0.37,case_141,1860,False,2.1017,1863,124,66.559,44,23.618,39.184,100.913
humaneval,mentored_dec,alpha0.37,case_142,1169,False,1.5587,1171,67,57.216,23,19.641,29.889,83.689
humaneval,mentored_dec,alpha0.37,case_143,1019,False,0.4757,1022,51,49.902,16,15.656,19.569,45.988
humaneval,mentored_dec,alpha0.37,case_144,592,False,0.8199,594,17,28.62,9,15.152,21.886,55.556
humaneval,mentored_dec,alpha0.37,case_145,1055,False,1.6799,1059,44,41.549,15,14.164,18.886,60.434
humaneval,mentored_dec,alpha0.37,case_146,5592,False,1.8027,5597,317,56.637,108,19.296,27.872,85.939
humaneval,mentored_dec,alpha0.37,case_147,1257,False,1.7779,1258,71,56.439,25,19.873,26.232,82.671
humaneval,mentored_dec,alpha0.37,case_148,1569,False,0.7794,1573,65,41.322,14,8.9,17.8,36.236
humaneval,mentored_dec,alpha0.37,case_149,930,False,0.6853,934,42,44.968,14,14.989,18.201,56.745
humaneval,mentored_dec,alpha0.37,case_150,798,False,1.3278,801,49,61.174,22,27.466,34.956,69.913
humaneval,mentored_dec,alpha0.37,case_151,503,False,0.9545,504,14,27.778,3,5.952,7.937,57.54
humaneval,mentored_dec,alpha0.37,case_152,1036,False,0.7766,1044,53,50.766,20,19.157,22.989,79.502
humaneval,mentored_dec,alpha0.37,case_153,562,False,1.2461,564,23,40.78,10,17.73,24.823,62.057
humaneval,mentored_dec,alpha0.37,case_154,474,False,0.6648,475,16,33.684,3,6.316,10.526,67.368
humaneval,mentored_dec,alpha0.37,case_155,1740,False,1.8144,1743,84,48.193,26,14.917,23.523,68.847
humaneval,mentored_dec,alpha0.37,case_156,545,False,1.1055,548,20,36.496,9,16.423,20.073,76.642
humaneval,mentored_dec,alpha0.37,case_157,587,False,0.8398,588,22,37.415,5,8.503,10.204,56.122
humaneval,mentored_dec,alpha0.37,case_158,674,False,0.6045,676,33,48.817,12,17.751,26.627,73.964
humaneval,mentored_dec,alpha0.37,case_159,804,False,0.7349,808,41,50.743,21,25.99,29.703,97.772
humaneval,mentored_dec,alpha0.37,case_160,574,False,0.6464,576,15,26.042,8,13.889,17.361,41.667
humaneval,mentored_dec,alpha0.37,case_161,1749,False,0.7192,1750,69,39.429,25,14.286,20.0,65.143
humaneval,mentored_dec,alpha0.37,case_162,658,False,0.9001,660,31,46.97,7,10.606,19.697,54.545
humaneval,mentored_dec,alpha0.37,case_163,445,False,1.1962,448,15,33.482,2,4.464,13.393,60.268
humaneval,mentored_dec,alpha0.37,case_164,2609,False,1.8399,2611,173,66.258,62,23.746,36.002,103.409
humaneval,r_fuzzy,alpha0.3,case_001,1973,False,2.4268,1978,323,163.296,229,115.774,131.951,187.058
humaneval,r_fuzzy,alpha0.3,case_002,2351,False,1.238,2360,423,179.237,296,125.424,140.254,201.271
humaneval,r_fuzzy,alpha0.3,case_003,1719,False,5.1467,1724,299,173.434,198,114.849,135.151,191.995
humaneval,r_fuzzy,alpha0.3,case_004,342,False,0.7583,349,49,140.401,36,103.152,117.479,137.536
humaneval,r_fuzzy,alpha0.3,case_005,644,False,1.4123,651,114,175.115,78,119.816,138.249,184.332
humaneval,r_fuzzy,alpha0.3,case_006,916,False,1.987,918,129,140.523,82,89.325,104.575,156.863
humaneval,r_fuzzy,alpha0.3,case_007,552,False,0.7656,557,92,165.171,61,109.515,123.878,165.171
humaneval,r_fuzzy,alpha0.3,case_008,535,False,1.3177,544,95,174.632,63,115.809,134.191,202.206
humaneval,r_fuzzy,alpha0.3,case_009,441,False,1.26,441,81,183.673,59,133.787,145.125,235.828
humaneval,r_fuzzy,alpha0.3,case_010,517,False,1.0748,519,69,132.948,47,90.559,104.046,131.021
humaneval,r_fuzzy,alpha0.3,case_011,3699,False,2.9545,3700,644,174.054,437,118.108,134.324,186.757
humaneval,r_fuzzy,alpha0.3,case_012,593,False,1.2725,595,93,156.303,63,105.882,131.092,173.109
humaneval,r_fuzzy,alpha0.3,case_013,467,False,1.1502,469,91,194.03,58,123.667,149.254,200.426
humaneval,r_fuzzy,alpha0.3,case_014,591,False,2.0521,592,54,91.216,39,65.878,74.324,106.419
humaneval,r_fuzzy,alpha0.3,case_015,504,False,1.1971,506,88,173.913,63,124.506,150.198,187.747
humaneval,r_fuzzy,alpha0.3,case_016,599,False,1.2505,601,92,153.078,66,109.817,123.128,178.037
humaneval,r_fuzzy,alpha0.3,case_017,268,False,0.6819,276,47,170.29,32,115.942,134.058,159.42
humaneval,r_fuzzy,alpha0.3,case_018,1630,False,2.535,1637,252,153.94,168,102.627,116.066,189.371
humaneval,r_fuzzy,alpha0.3,case_019,494,False,0.7565,494,60,121.457,46,93.117,103.239,155.87
humaneval,r_fuzzy,alpha0.3,case_020,1394,False,2.4118,1396,202,144.699,139,99.57,111.032,152.579
humaneval,r_fuzzy,alpha0.3,case_021,1429,False,1.5399,1432,213,148.743,137,95.67,112.43,157.123
humaneval,r_fuzzy,alpha0.3,case_022,664,False,0.8748,671,71,105.812,42,62.593,78.987,99.851
humaneval,r_fuzzy,alpha0.3,case_023,501,False,0.8336,504,73,144.841,52,103.175,113.095,190.476
humaneval,r_fuzzy,alpha0.3,case_024,259,False,0.852,263,43,163.498,28,106.464,117.871,174.905
humaneval,r_fuzzy,alpha0.3,case_025,1460,False,2.7444,1465,254,173.379,164,111.945,128.328,189.078
humaneval,r_fuzzy,alpha0.3,case_026,815,False,1.3493,817,115,140.759,79,96.695,113.831,157.895
humaneval,r_fuzzy,alpha0.3,case_027,625,False,1.481,631,99,156.894,64,101.426,123.613,148.97
humaneval,r_fuzzy,alpha0.3,case_028,439,False,1.3892,447,62,138.702,41,91.723,109.62,131.991
humaneval,r_fuzzy,alpha0.3,case_029,376,False,1.3525,378,68,179.894,47,124.339,145.503,216.931
humaneval,r_fuzzy,alpha0.3,case_030,385,False,1.0815,390,56,143.59,42,107.692,115.385,189.744
humaneval,r_fuzzy,alpha0.3,case_031,474,False,1.1449,485,75,154.639,52,107.216,113.402,158.763
humaneval,r_fuzzy,alpha0.3,case_032,886,False,2.0798,888,124,139.64,79,88.964,106.982,148.649
humaneval,r_fuzzy,alpha0.3,case_033,5735,False,1.2958,5737,1139,198.536,790,137.703,155.831,219.627
humaneval,r_fuzzy,alpha0.3,case_034,1510,False,1.7336,1513,188,124.256,127,83.939,99.802,132.849
humaneval,r_fuzzy,alpha0.3,case_035,340,False,1.7085,342,38,111.111,25,73.099,84.795,134.503
humaneval,r_fuzzy,alpha0.3,case_036,707,False,2.2444,709,91,128.35,57,80.395,94.499,148.096
humaneval,r_fuzzy,alpha0.3,case_037,2519,False,2.46,2522,428,169.707,270,107.058,127.28,171.689
humaneval,r_fuzzy,alpha0.3,case_038,1513,False,1.7512,1514,271,178.996,191,126.156,141.347,192.206
humaneval,r_fuzzy,alpha0.3,case_039,890,False,1.2276,899,136,151.279,77,85.651,102.336,134.594
humaneval,r_fuzzy,alpha0.3,case_040,2478,False,2.0479,2479,394,158.935,273,110.125,128.278,174.264
humaneval,r_fuzzy,alpha0.3,case_041,992,False,0.8435,993,181,182.276,120,120.846,139.98,177.241
humaneval,r_fuzzy,alpha0.3,case_042,1559,False,1.138,1571,332,211.33,217,138.129,161.044,232.336
humaneval,r_fuzzy,alpha0.3,case_043,300,False,1.2605,305,37,121.311,26,85.246,101.639,134.426
humaneval,r_fuzzy,alpha0.3,case_044,707,False,1.2925,711,110,154.712,71,99.859,113.924,161.744
humaneval,r_fuzzy,alpha0.3,case_045,1108,False,1.2765,1111,167,150.315,110,99.01,120.612,166.517
humaneval,r_fuzzy,alpha0.3,case_046,506,False,0.9529,507,70,138.067,46,90.73,102.564,159.763
humaneval,r_fuzzy,alpha0.3,case_047,1310,False,1.7995,1310,154,117.557,108,82.443,91.603,127.481
humaneval,r_fuzzy,alpha0.3,case_048,4070,False,1.3736,4072,771,189.342,531,130.403,149.067,216.601
humaneval,r_fuzzy,alpha0.3,case_049,641,False,2.0545,646,82,126.935,61,94.427,102.167,150.155
humaneval,r_fuzzy,alpha0.3,case_050,910,False,1.2069,920,145,157.609,96,104.348,118.478,170.652
humaneval,r_fuzzy,alpha0.3,case_051,701,False,1.669,703,113,160.74,74,105.263,122.333,160.74
humaneval,r_fuzzy,alpha0.3,case_052,884,False,1.5871,888,160,180.18,108,121.622,140.766,222.973
humaneval,r_fuzzy,alpha0.3,case_053,416,False,1.2271,424,47,110.849,36,84.906,94.34,134.434
humaneval,r_fuzzy,alpha0.3,case_054,220,False,0.6215,224,31,138.393,20,89.286,98.214,160.714
humaneval,r_fuzzy,alpha0.3,case_055,1297,False,1.3872,1309,211,161.192,141,107.716,123.759,194.805
humaneval,r_fuzzy,alpha0.3,case_056,1458,False,2.5805,1460,224,153.425,146,100.0,117.808,167.808
humaneval,r_fuzzy,alpha0.3,case_057,603,False,1.4636,606,77,127.063,58,95.71,99.01,163.366
humaneval,r_fuzzy,alpha0.3,case_058,968,False,1.7761,970,144,148.454,98,101.031,121.649,169.072
humaneval,r_fuzzy,alpha0.3,case_059,508,False,1.4767,518,66,127.413,39,75.29,96.525,135.135
humaneval,r_fuzzy,alpha0.3,case_060,1401,False,0.4147,1406,170,120.91,110,78.236,86.771,133.001
humaneval,r_fuzzy,alpha0.3,case_061,521,False,1.3325,523,68,130.019,50,95.602,108.987,130.019
humaneval,r_fuzzy,alpha0.3,case_062,1197,False,3.15,1203,194,161.264,127,105.569,124.688,169.576
humaneval,r_fuzzy,alpha0.3,case_063,1698,False,3.0929,1700,280,164.706,203,119.412,133.529,191.765
humaneval,r_fuzzy,alpha0.3,case_064,3048,False,2.7142,3057,492,160.942,335,109.585,126.922,169.447
humaneval,r_fuzzy,alpha0.3,case_065,1287,False,1.7229,1289,232,179.984,153,118.697,141.195,193.173
humaneval,r_fuzzy,alpha0.3,case_066,1997,False,2.3494,2001,376,187.906,260,129.935,152.924,203.898
humaneval,r_fuzzy,alpha0.3,case_067,1054,False,1.8141,1057,161,152.318,109,103.122,118.259,163.671
humaneval,r_fuzzy,alpha0.3,case_068,948,False,2.0256,952,119,125.0,85,89.286,100.84,134.454
humaneval,r_fuzzy,alpha0.3,case_069,768,False,1.4302,776,86,110.825,58,74.742,81.186,110.825
humaneval,r_fuzzy,alpha0.3,case_070,1167,False,2.1141,1174,168,143.101,120,102.215,109.881,151.618
humaneval,r_fuzzy,alpha0.3,case_071,1354,False,3.0291,1357,166,122.329,110,81.061,92.852,136.33
humaneval,r_fuzzy,alpha0.3,case_072,738,False,1.0869,741,90,121.457,60,80.972,93.117,113.36
humaneval,r_fuzzy,alpha0.3,case_073,635,False,1.0654,638,77,120.69,54,84.639,100.313,130.094
humaneval,r_fuzzy,alpha0.3,case_074,1392,False,1.5872,1395,220,157.706,142,101.792,124.731,147.67
humaneval,r_fuzzy,alpha0.3,case_075,1025,False,1.8206,1030,136,132.039,96,93.204,106.796,137.864
humaneval,r_fuzzy,alpha0.3,case_076,3282,False,2.6858,3283,610,185.806,416,126.713,143.162,200.122
humaneval,r_fuzzy,alpha0.3,case_077,3630,False,1.7107,3631,775,213.44,534,147.067,169.65,231.617
humaneval,r_fuzzy,alpha0.3,case_078,2692,False,2.3167,2693,560,207.947,399,148.162,168.214,222.057
humaneval,r_fuzzy,alpha0.3,case_079,626,False,1.033,633,88,139.021,60,94.787,102.686,148.499
humaneval,r_fuzzy,alpha0.3,case_080,1558,False,2.5967,1559,272,174.471,194,124.439,137.909,181.527
humaneval,r_fuzzy,alpha0.3,case_081,1094,False,2.3834,1106,143,129.295,100,90.416,103.074,149.186
humaneval,r_fuzzy,alpha0.3,case_082,8390,False,4.2719,8394,1388,165.356,955,113.772,131.523,186.8
humaneval,r_fuzzy,alpha0.3,case_083,531,False,0.897,540,72,133.333,46,85.185,109.259,133.333
humaneval,r_fuzzy,alpha0.3,case_084,2342,False,2.3142,2351,382,162.484,252,107.188,122.076,153.552
humaneval,r_fuzzy,alpha0.3,case_085,859,False,1.4939,870,132,151.724,88,101.149,120.69,145.977
humaneval,r_fuzzy,alpha0.3,case_086,493,False,0.9029,496,78,157.258,55,110.887,118.952,161.29
humaneval,r_fuzzy,alpha0.3,case_087,7103,False,7.2554,7105,1482,208.586,996,140.183,161.013,226.179
humaneval,r_fuzzy,alpha0.3,case_088,2188,False,2.4723,2192,397,181.113,275,125.456,140.967,190.693
humaneval,r_fuzzy,alpha0.3,case_089,1249,False,2.1646,1256,196,156.051,132,105.096,120.223,161.624
humaneval,r_fuzzy,alpha0.3,case_090,2399,False,2.1174,2403,357,148.564,234,97.378,111.527,153.558
humaneval,r_fuzzy,alpha0.3,case_091,596,False,1.409,603,107,177.446,73,121.061,139.303,197.347
humaneval,r_fuzzy,alpha0.3,case_092,2028,False,2.6067,2028,416,205.128,294,144.97,165.68,232.742
humaneval,r_fuzzy,alpha0.3,case_093,637,False,0.9938,640,93,145.312,60,93.75,115.625,151.562
humaneval,r_fuzzy,alpha0.3,case_094,9000,True,6.3694,9009,2074,230.214,1337,148.407,174.825,245.199
humaneval,r_fuzzy,alpha0.3,case_095,2314,False,3.2684,2326,271,116.509,184,79.106,89.854,117.369
humaneval,r_fuzzy,alpha0.3,case_096,1080,False,1.8274,1081,186,172.063,124,114.709,130.435,196.115
humaneval,r_fuzzy,alpha0.3,case_097,1003,False,1.332,1005,123,122.388,82,81.592,94.527,125.373
humaneval,r_fuzzy,alpha0.3,case_098,914,False,1.8353,917,124,135.224,80,87.241,104.689,146.129
humaneval,r_fuzzy,alpha0.3,case_099,582,False,1.268,586,109,186.007,72,122.867,141.638,165.529
humaneval,r_fuzzy,alpha0.3,case_100,2340,False,1.9133,2349,407,173.265,277,117.923,133.674,187.314
humaneval,r_fuzzy,alpha0.3,case_101,1229,False,1.3565,1230,196,159.35,128,104.065,122.764,179.675
humaneval,r_fuzzy,alpha0.3,case_102,609,False,0.8342,618,92,148.867,61,98.706,114.887,152.104
humaneval,r_fuzzy,alpha0.3,case_103,4053,False,4.0816,4065,664,163.346,422,103.813,118.081,175.646
humaneval,r_fuzzy,alpha0.3,case_104,5110,False,4.3379,5112,1028,201.095,673,131.651,150.822,208.529
humaneval,r_fuzzy,alpha0.3,case_105,632,False,0.8082,635,105,165.354,77,121.26,132.283,200.0
humaneval,r_fuzzy,alpha0.3,case_106,1546,False,1.5585,1548,207,133.721,132,85.271,101.421,154.393
humaneval,r_fuzzy,alpha0.3,case_107,2110,False,1.607,2113,341,161.382,227,107.43,120.681,163.275
humaneval,r_fuzzy,alpha0.3,case_108,827,False,1.846,829,108,130.277,85,102.533,110.977,164.053
humaneval,r_fuzzy,alpha0.3,case_109,3701,False,1.896,3702,716,193.409,469,126.688,146.948,205.024
humaneval,r_fuzzy,alpha0.3,case_110,4798,False,4.246,4800,975,203.125,640,133.333,150.0,200.625
humaneval,r_fuzzy,alpha0.3,case_111,1699,False,2.025,1702,282,165.687,193,113.396,129.26,184.489
humaneval,r_fuzzy,alpha0.3,case_112,1282,False,2.2142,1285,185,143.969,115,89.494,101.946,141.634
humaneval,r_fuzzy,alpha0.3,case_113,1436,False,2.3161,1438,174,121.001,116,80.668,95.271,127.955
humaneval,r_fuzzy,alpha0.3,case_114,6753,False,3.0147,6755,1158,171.429,727,107.624,128.645,192.746
humaneval,r_fuzzy,alpha0.3,case_115,1382,False,2.9404,1387,214,154.29,141,101.658,114.636,136.265
humaneval,r_fuzzy,alpha0.3,case_116,1776,False,1.9262,1778,306,172.103,198,111.361,131.046,195.163
humaneval,r_fuzzy,alpha0.3,case_117,3754,False,1.2708,3758,729,193.986,483,128.526,147.419,211.815
humaneval,r_fuzzy,alpha0.3,case_118,1568,False,1.8425,1571,232,147.677,161,102.482,117.123,167.409
humaneval,r_fuzzy,alpha0.3,case_119,2592,False,1.2966,2595,522,201.156,341,131.407,156.455,211.175
humaneval,r_fuzzy,alpha0.3,case_120,915,False,1.3636,920,118,128.261,82,89.13,100.0,161.957
humaneval,r_fuzzy,alpha0.3,case_121,2094,False,3.8142,2104,395,187.738,271,128.802,147.338,211.027
humaneval,r_fuzzy,alpha0.3,case_122,563,False,1.2004,568,72,126.761,45,79.225,91.549,135.563
humaneval,r_fuzzy,alpha0.3,case_123,718,False,0.9972,720,116,161.111,81,112.5,130.556,186.111
humaneval,r_fuzzy,alpha0.3,case_124,1103,False,1.7074,1111,205,184.518,137,123.312,144.014,199.82
humaneval,r_fuzzy,alpha0.3,case_125,1746,False,1.573,1753,323,184.256,232,132.345,150.599,190.531
humaneval,r_fuzzy,alpha0.3,case_126,1216,False,0.8069,1220,221,181.148,159,130.328,145.082,213.934
humaneval,r_fuzzy,alpha0.3,case_127,2438,False,3.3674,2443,328,134.261,219,89.644,103.971,140.81
humaneval,r_fuzzy,alpha0.3,case_128,3267,False,4.5062,3269,613,187.519,410,125.421,142.245,201.591
humaneval,r_fuzzy,alpha0.3,case_129,980,False,1.2645,982,135,137.475,99,100.815,106.925,159.878
humaneval,r_fuzzy,alpha0.3,case_130,7915,False,0.8794,7915,1818,229.69,1247,157.549,178.648,258.749
humaneval,r_fuzzy,alpha0.3,case_131,3910,False,0.7921,3912,620,158.487,370,94.581,110.429,155.93
humaneval,r_fuzzy,alpha0.3,case_132,1359,False,3.3146,1361,215,157.972,134,98.457,115.356,160.176
humaneval,r_fuzzy,alpha0.3,case_133,9000,True,1.8927,9009,2202,244.422,1544,171.384,196.581,277.278
humaneval,r_fuzzy,alpha0.3,case_134,1908,False,3.2953,1913,330,172.504,201,105.071,131.73,165.186
humaneval,r_fuzzy,alpha0.3,case_135,6508,False,4.5163,6516,1319,202.425,825,126.611,148.557,221.148
humaneval,r_fuzzy,alpha0.3,case_136,1072,False,1.5141,1079,183,169.601,117,108.434,123.262,177.943
humaneval,r_fuzzy,alpha0.3,case_137,2037,False,3.3503,2045,297,145.232,205,100.244,116.381,166.259
humaneval,r_fuzzy,alpha0.3,case_138,1900,False,2.0,1901,378,198.843,261,137.296,161.494,227.249
humaneval,r_fuzzy,alpha0.3,case_139,2173,False,2.7752,2175,389,178.851,248,114.023,133.793,182.529
humaneval,r_fuzzy,alpha0.3,case_140,881,False,1.3091,888,130,146.396,82,92.342,109.234,145.27
humaneval,r_fuzzy,alpha0.3,case_141,1681,False,1.8994,1682,320,190.25,210,124.851,146.254,202.735
humaneval,r_fuzzy,alpha0.3,case_142,1056,False,1.408,1059,169,159.585,113,106.704,122.757,177.526
humaneval,r_fuzzy,alpha0.3,case_143,2413,False,1.1265,2416,418,173.013,290,120.033,132.864,176.738
humaneval,r_fuzzy,alpha0.3,case_144,1117,False,1.5471,1123,211,187.89,146,130.009,147.818,197.685
humaneval,r_fuzzy,alpha0.3,case_145,1560,False,2.4841,1563,256,163.788,159,101.727,127.319,165.707
humaneval,r_fuzzy,alpha0.3,case_146,5825,False,1.8778,5828,1224,210.021,816,140.014,163.693,235.244
humaneval,r_fuzzy,alpha0.3,case_147,1598,False,2.2603,1599,319,199.5,218,136.335,159.475,213.884
humaneval,r_fuzzy,alpha0.3,case_148,6876,False,3.4158,6883,1126,163.591,724,105.187,123.202,165.335
humaneval,r_fuzzy,alpha0.3,case_149,3170,False,2.336,3173,528,166.404,368,115.979,134.573,185.314
humaneval,r_fuzzy,alpha0.3,case_150,718,False,1.1947,726,123,169.421,92,126.722,140.496,202.479
humaneval,r_fuzzy,alpha0.3,case_151,690,False,1.3093,692,115,166.185,79,114.162,128.613,174.855
humaneval,r_fuzzy,alpha0.3,case_152,1851,False,1.3876,1853,355,191.581,235,126.821,147.868,199.676
humaneval,r_fuzzy,alpha0.3,case_153,759,False,1.6829,763,127,166.448,88,115.334,129.751,191.35
humaneval,r_fuzzy,alpha0.3,case_154,1322,False,1.8541,1325,199,150.189,137,103.396,115.472,170.566
humaneval,r_fuzzy,alpha0.3,case_155,4082,False,4.2565,4089,780,190.756,542,132.551,150.893,205.674
humaneval,r_fuzzy,alpha0.3,case_156,544,False,1.1034,556,84,151.079,61,109.712,120.504,167.266
humaneval,r_fuzzy,alpha0.3,case_157,4745,False,6.7883,4747,741,156.099,495,104.276,121.129,180.956
humaneval,r_fuzzy,alpha0.3,case_158,736,False,0.6601,737,89,120.76,64,86.839,94.98,158.752
humaneval,r_fuzzy,alpha0.3,case_159,1361,False,1.2441,1368,236,172.515,148,108.187,131.579,164.474
humaneval,r_fuzzy,alpha0.3,case_160,651,False,0.7331,657,81,123.288,54,82.192,86.758,132.42
humaneval,r_fuzzy,alpha0.3,case_161,1461,False,0.6007,1464,262,178.962,187,127.732,145.492,200.82
humaneval,r_fuzzy,alpha0.3,case_162,1315,False,1.7989,1317,228,173.121,150,113.895,138.193,182.232
humaneval,r_fuzzy,alpha0.3,case_163,542,False,1.457,543,80,147.33,54,99.448,112.339,154.696
humaneval,r_fuzzy,alpha0.3,case_164,3823,False,2.6961,3825,740,193.464,488,127.582,152.941,210.98
humaneval,spec_casc_opt,alpha0.05,case_001,654,False,0.8044,655,67,102.29,34,51.908,70.229,85.496
humaneval,spec_casc_opt,alpha0.05,case_002,2365,False,1.2454,2372,321,135.329,188,79.258,97.808,159.781
humaneval,spec_casc_opt,alpha0.05,case_003,631,False,1.8892,631,66,104.596,31,49.128,64.976,115.689
humaneval,spec_casc_opt,alpha0.05,case_004,311,False,0.6896,315,31,98.413,18,57.143,66.667,114.286
humaneval,spec_casc_opt,alpha0.05,case_005,468,False,1.0263,471,45,95.541,25,53.079,63.694,89.172
humaneval,spec_casc_opt,alpha0.05,case_006,552,False,1.1974,553,48,86.799,30,54.25,66.908,97.649
humaneval,spec_casc_opt,alpha0.05,case_007,857,False,1.1886,860,97,112.791,59,68.605,80.233,125.581
humaneval,spec_casc_opt,alpha0.05,case_008,331,False,0.8153,333,28,84.084,19,57.057,66.066,99.099
humaneval,spec_casc_opt,alpha0.05,case_009,380,False,1.0857,384,25,65.104,7,18.229,39.062,59.896
humaneval,spec_casc_opt,alpha0.05,case_010,580,False,1.2058,585,35,59.829,18,30.769,39.316,82.051
humaneval,spec_casc_opt,alpha0.05,case_011,9000,True,7.1885,9007,1195,132.675,484,53.736,70.834,110.026
humaneval,spec_casc_opt,alpha0.05,case_012,572,False,1.2275,573,51,89.005,30,52.356,61.082,101.222
humaneval,spec_casc_opt,alpha0.05,case_013,605,False,1.4901,610,85,139.344,53,86.885,100.0,170.492
humaneval,spec_casc_opt,alpha0.05,case_014,595,False,2.066,597,50,83.752,27,45.226,55.276,93.802
humaneval,spec_casc_opt,alpha0.05,case_015,375,False,0.8907,376,54,143.617,32,85.106,98.404,125.0
humaneval,spec_casc_opt,alpha0.05,case_016,412,False,0.8601,416,49,117.788,30,72.115,88.942,141.827
humaneval,spec_casc_opt,alpha0.05,case_017,473,False,1.2036,474,49,103.376,28,59.072,73.84,107.595
humaneval,spec_casc_opt,alpha0.05,case_018,2887,False,4.4899,2892,268,92.669,136,47.026,59.474,101.314
humaneval,spec_casc_opt,alpha0.05,case_019,509,False,0.7795,510,45,88.235,27,52.941,62.745,109.804
humaneval,spec_casc_opt,alpha0.05,case_020,993,False,1.718,1001,89,88.911,50,49.95,61.938,101.898
humaneval,spec_casc_opt,alpha0.05,case_021,723,False,0.7791,731,46,62.927,26,35.568,42.408,65.663
humaneval,spec_casc_opt,alpha0.05,case_022,856,False,1.1278,857,74,86.348,40,46.674,58.343,102.684
humaneval,spec_casc_opt,alpha0.05,case_023,912,False,1.5175,919,74,80.522,45,48.966,56.583,104.461
humaneval,spec_casc_opt,alpha0.05,case_024,113,False,0.3717,122,12,98.361,8,65.574,73.77,139.344
humaneval,spec_casc_opt,alpha0.05,case_025,795,False,1.4944,796,94,118.09,49,61.558,79.146,140.704
humaneval,spec_casc_opt,alpha0.05,case_026,752,False,1.245,755,58,76.821,30,39.735,49.007,78.146
humaneval,spec_casc_opt,alpha0.05,case_027,462,False,1.0948,464,46,99.138,23,49.569,64.655,125.0
humaneval,spec_casc_opt,alpha0.05,case_028,189,False,0.5981,190,15,78.947,8,42.105,47.368,94.737
humaneval,spec_casc_opt,alpha0.05,case_029,245,False,0.8813,248,19,76.613,15,60.484,64.516,104.839
humaneval,spec_casc_opt,alpha0.05,case_030,384,False,1.0787,392,24,61.224,14,35.714,40.816,89.286
humaneval,spec_casc_opt,alpha0.05,case_031,547,False,1.3213,550,28,50.909,18,32.727,38.182,83.636
humaneval,spec_casc_opt,alpha0.05,case_032,745,False,1.7488,747,67,89.692,34,45.515,58.902,78.983
humaneval,spec_casc_opt,alpha0.05,case_033,6009,False,1.3577,6015,736,122.361,408,67.83,81.629,131.172
humaneval,spec_casc_opt,alpha0.05,case_034,864,False,0.992,875,98,112.0,54,61.714,74.286,104.0
humaneval,spec_casc_opt,alpha0.05,case_035,284,False,1.4271,291,37,127.148,23,79.038,103.093,151.203
humaneval,spec_casc_opt,alpha0.05,case_036,416,False,1.3206,419,36,85.919,12,28.64,52.506,85.919
humaneval,spec_casc_opt,alpha0.05,case_037,1563,False,1.5264,1566,137,87.484,66,42.146,56.194,85.568
humaneval,spec_casc_opt,alpha0.05,case_038,813,False,0.941,813,83,102.091,43,52.891,70.111,108.241
humaneval,spec_casc_opt,alpha0.05,case_039,742,False,1.0234,746,100,134.048,62,83.11,107.239,142.091
humaneval,spec_casc_opt,alpha0.05,case_040,1196,False,0.9884,1200,104,86.667,56,46.667,55.0,103.333
humaneval,spec_casc_opt,alpha0.05,case_041,1747,False,1.4855,1748,197,112.7,91,52.059,69.222,126.43
humaneval,spec_casc_opt,alpha0.05,case_042,1756,False,1.2818,1759,249,141.558,139,79.022,96.646,153.496
humaneval,spec_casc_opt,alpha0.05,case_043,417,False,1.7521,419,49,116.945,29,69.212,93.079,138.425
humaneval,spec_casc_opt,alpha0.05,case_044,686,False,1.2541,691,86,124.457,45,65.123,81.042,133.14
humaneval,spec_casc_opt,alpha0.05,case_045,806,False,0.9286,807,97,120.198,55,68.154,78.067,138.786
humaneval,spec_casc_opt,alpha0.05,case_046,375,False,0.7062,379,34,89.71,23,60.686,65.963,137.203
humaneval,spec_casc_opt,alpha0.05,case_047,1443,False,1.9821,1446,128,88.52,59,40.802,54.633,67.773
humaneval,spec_casc_opt,alpha0.05,case_048,1720,False,0.5805,1727,203,117.545,100,57.904,76.433,135.495
humaneval,spec_casc_opt,alpha0.05,case_049,420,False,1.3462,427,34,79.625,18,42.155,49.18,112.412
humaneval,spec_casc_opt,alpha0.05,case_050,749,False,0.9934,760,62,81.579,36,47.368,60.526,117.105
humaneval,spec_casc_opt,alpha0.05,case_051,325,False,0.7738,332,33,99.398,16,48.193,63.253,105.422
humaneval,spec_casc_opt,alpha0.05,case_052,759,False,1.3627,761,93,122.208,50,65.703,78.844,137.976
humaneval,spec_casc_opt,alpha0.05,case_053,437,False,1.2891,444,32,72.072,13,29.279,51.802,101.351
humaneval,spec_casc_opt,alpha0.05,case_054,210,False,0.5932,221,10,45.249,3,13.575,13.575,72.398
humaneval,spec_casc_opt,alpha0.05,case_055,5358,False,5.7305,5365,339,63.187,173,32.246,40.634,65.424
humaneval,spec_casc_opt,alpha0.05,case_056,435,False,0.7699,437,38,86.957,16,36.613,54.92,96.11
humaneval,spec_casc_opt,alpha0.05,case_057,525,False,1.2743,527,45,85.389,24,45.541,58.824,108.159
humaneval,spec_casc_opt,alpha0.05,case_058,1115,False,2.0459,1127,102,90.506,61,54.126,63.886,118.9
humaneval,spec_casc_opt,alpha0.05,case_059,978,False,2.843,980,92,93.878,46,46.939,64.286,111.224
humaneval,spec_casc_opt,alpha0.05,case_060,615,False,0.1821,616,56,90.909,29,47.078,61.688,92.532
humaneval,spec_casc_opt,alpha0.05,case_061,313,False,0.8005,315,16,50.794,5,15.873,28.571,47.619
humaneval,spec_casc_opt,alpha0.05,case_062,588,False,1.5474,589,62,105.263,36,61.121,73.005,113.752
humaneval,spec_casc_opt,alpha0.05,case_063,789,False,1.4372,794,99,124.685,54,68.01,88.161,128.463
humaneval,spec_casc_opt,alpha0.05,case_064,1529,False,1.3615,1541,143,92.797,79,51.265,62.946,90.85
humaneval,spec_casc_opt,alpha0.05,case_065,897,False,1.2008,907,109,120.176,53,58.434,80.485,124.587
humaneval,spec_casc_opt,alpha0.05,case_066,1931,False,2.2718,1934,256,132.368,122,63.082,80.662,138.573
humaneval,spec_casc_opt,alpha0.05,case_067,799,False,1.3752,808,103,127.475,53,65.594,86.634,115.099
humaneval,spec_casc_opt,alpha0.05,case_068,747,False,1.5962,751,58,77.23,32,42.61,50.599,99.867
humaneval,spec_casc_opt,alpha0.05,case_069,1088,False,2.0261,1092,118,108.059,65,59.524,73.26,132.784
humaneval,spec_casc_opt,alpha0.05,case_070,520,False,0.942,526,48,91.255,29,55.133,60.837,117.871
humaneval,spec_casc_opt,alpha0.05,case_071,2500,False,5.5928,2501,227,90.764,113,45.182,56.377,91.963
humaneval,spec_casc_opt,alpha0.05,case_072,746,False,1.0987,755,62,82.119,31,41.06,45.033,86.093
humaneval,spec_casc_opt,alpha0.05,case_073,448,False,0.7517,449,57,126.949,30,66.815,93.541,100.223
humaneval,spec_casc_opt,alpha0.05,case_074,799,False,0.9111,801,61,76.155,32,39.95,49.938,78.652
humaneval,spec_casc_opt,alpha0.05,case_075,698,False,1.2398,699,74,105.866,36,51.502,74.392,110.157
humaneval,spec_casc_opt,alpha0.05,case_076,2265,False,1.8535,2268,245,108.025,136,59.965,74.956,121.252
humaneval,spec_casc_opt,alpha0.05,case_077,2686,False,1.2658,2688,304,113.095,159,59.152,73.661,127.604
humaneval,spec_casc_opt,alpha0.05,case_078,2727,False,2.3468,2733,358,130.992,196,71.716,88.181,150.384
humaneval,spec_casc_opt,alpha0.05,case_079,1022,False,1.6865,1024,98,95.703,38,37.109,56.641,93.75
humaneval,spec_casc_opt,alpha0.05,case_080,1124,False,1.8733,1132,112,98.94,60,53.004,63.604,110.424
humaneval,spec_casc_opt,alpha0.05,case_081,666,False,1.451,667,74,110.945,45,67.466,86.957,112.444
humaneval,spec_casc_opt,alpha0.05,case_082,9000,True,4.5825,9006,873,96.935,441,48.967,62.181,110.038
humaneval,spec_casc_opt,alpha0.05,case_083,429,False,0.7247,430,32,74.419,20,46.512,53.488,62.791
humaneval,spec_casc_opt,alpha0.05,case_084,6493,False,6.416,6505,685,105.304,329,50.576,65.027,96.849
humaneval,spec_casc_opt,alpha0.05,case_085,595,False,1.0348,602,58,96.346,24,39.867,56.478,86.379
humaneval,spec_casc_opt,alpha0.05,case_086,604,False,1.1062,605,46,76.033,21,34.711,49.587,66.116
humaneval,spec_casc_opt,alpha0.05,case_087,1491,False,1.523,1493,218,146.015,133,89.082,105.157,168.788
humaneval,spec_casc_opt,alpha0.05,case_088,1327,False,1.4994,1332,148,111.111,78,58.559,72.072,111.862
humaneval,spec_casc_opt,alpha0.05,case_089,702,False,1.2166,703,66,93.883,37,52.632,68.279,92.461
humaneval,spec_casc_opt,alpha0.05,case_090,911,False,0.8041,914,54,59.081,24,26.258,35.011,83.151
humaneval,spec_casc_opt,alpha0.05,case_091,897,False,2.1206,904,111,122.788,51,56.416,68.584,108.407
humaneval,spec_casc_opt,alpha0.05,case_092,580,False,0.7455,588,62,105.442,32,54.422,78.231,100.34
humaneval,spec_casc_opt,alpha0.05,case_093,766,False,1.195,770,60,77.922,30,38.961,53.247,88.312
humaneval,spec_casc_opt,alpha0.05,case_094,9000,True,6.3694,9004,1113,123.612,538,59.751,76.077,131.164
humaneval,spec_casc_opt,alpha0.05,case_095,1402,False,1.9802,1408,97,68.892,56,39.773,46.165,63.21
humaneval,spec_casc_opt,alpha0.05,case_096,952,False,1.6108,962,105,109.148,53,55.094,71.726,106.029
humaneval,spec_casc_opt,alpha0.05,case_097,721,False,0.9575,724,46,63.536,24,33.149,45.58,80.11
humaneval,spec_casc_opt,alpha0.05,case_098,1440,False,2.8916,1447,183,126.469,91,62.889,79.475,129.924
humaneval,spec_casc_opt,alpha0.05,case_099,786,False,1.7124,788,49,62.183,19,24.112,36.802,69.797
humaneval,spec_casc_opt,alpha0.05,case_100,2403,False,1.9648,2404,320,133.111,177,73.627,87.77,141.431
humaneval,spec_casc_opt,alpha0.05,case_101,921,False,1.0166,922,85,92.191,35,37.961,57.484,104.121
humaneval,spec_casc_opt,alpha0.05,case_102,592,False,0.811,598,64,107.023,32,53.512,63.545,103.679
humaneval,spec_casc_opt,alpha0.05,case_103,1012,False,1.0191,1012,103,101.779,52,51.383,65.217,114.625
humaneval,spec_casc_opt,alpha0.05,case_104,2279,False,1.9346,2280,278,121.93,140,61.404,78.509,132.018
humaneval,spec_casc_opt,alpha0.05,case_105,568,False,0.7263,573,58,101.222,32,55.846,69.808,92.496
humaneval,spec_casc_opt,alpha0.05,case_106,2735,False,2.7571,2744,266,96.939,128,46.647,58.309,93.659
humaneval,spec_casc_opt,alpha0.05,case_107,838,False,0.6382,850,60,70.588,27,31.765,38.824,83.529
humaneval,spec_casc_opt,alpha0.05,case_108,703,False,1.5692,704,49,69.602,23,32.67,48.295,66.761
humaneval,spec_casc_opt,alpha0.05,case_109,3953,False,2.0251,3965,495,124.842,235,59.269,78.689,135.183
humaneval,spec_casc_opt,alpha0.05,case_110,4280,False,3.7876,4287,554,129.228,281,65.547,85.141,137.625
humaneval,spec_casc_opt,alpha0.05,case_111,2139,False,2.5495,2141,239,111.63,124,57.917,75.199,113.031
humaneval,spec_casc_opt,alpha0.05,case_112,569,False,0.9827,577,47,81.456,19,32.929,50.26,74.523
humaneval,spec_casc_opt,alpha0.05,case_113,648,False,1.0452,649,84,129.43,45,69.337,92.45,120.185
humaneval,spec_casc_opt,alpha0.05,case_114,9000,True,4.0179,9008,1039,115.342,447,49.623,66.052,124.112
humaneval,spec_casc_opt,alpha0.05,case_115,1010,False,2.1489,1017,111,109.145,81,79.646,86.529,130.777
humaneval,spec_casc_opt,alpha0.05,case_116,1192,False,1.2928,1193,176,147.527,89,74.602,94.719,140.821
humaneval,spec_casc_opt,alpha0.05,case_117,8240,False,2.7894,8252,992,120.213,507,61.44,77.436,146.995
humaneval,spec_casc_opt,alpha0.05,case_118,1039,False,1.2209,1046,109,104.207,62,59.273,70.746,118.547
humaneval,spec_casc_opt,alpha0.05,case_119,2509,False,1.2551,2513,307,122.165,143,56.904,75.209,129.327
humaneval,spec_casc_opt,alpha0.05,case_120,932,False,1.389,938,94,100.213,49,52.239,68.23,113.006
humaneval,spec_casc_opt,alpha0.05,case_121,2287,False,4.1658,2289,334,145.915,182,79.511,98.296,155.963
humaneval,spec_casc_opt,alpha0.05,case_122,807,False,1.7207,811,91,112.207,41,50.555,64.118,106.042
humaneval,spec_casc_opt,alpha0.05,case_123,948,False,1.3167,950,100,105.263,49,51.579,66.316,129.474
humaneval,spec_casc_opt,alpha0.05,case_124,1186,False,1.8359,1193,138,115.675,66,55.323,77.117,113.16
humaneval,spec_casc_opt,alpha0.05,case_125,2265,False,2.0405,2265,228,100.662,125,55.188,67.991,104.636
humaneval,spec_casc_opt,alpha0.05,case_126,1874,False,1.2435,1884,225,119.427,115,61.04,75.902,110.934
humaneval,spec_casc_opt,alpha0.05,case_127,1445,False,1.9959,1448,125,86.326,49,33.84,51.105,90.47
humaneval,spec_casc_opt,alpha0.05,case_128,1165,False,1.6069,1169,117,100.086,67,57.314,70.145,112.917
humaneval,spec_casc_opt,alpha0.05,case_129,1672,False,2.1574,1677,193,115.086,96,57.245,73.345,121.049
humaneval,spec_casc_opt,alpha0.05,case_130,5270,False,0.5856,5273,715,135.596,376,71.307,91.03,149.441
humaneval,spec_casc_opt,alpha0.05,case_131,4560,False,0.9238,4567,569,124.589,287,62.842,79.483,128.969
humaneval,spec_casc_opt,alpha0.05,case_132,604,False,1.4732,612,54,88.235,27,44.118,53.922,81.699
humaneval,spec_casc_opt,alpha0.05,case_133,8473,False,1.7819,8477,1291,152.294,670,79.037,102.749,154.536
humaneval,spec_casc_opt,alpha0.05,case_134,696,False,1.2021,698,54,77.364,26,37.249,55.874,74.499
humaneval,spec_casc_opt,alpha0.05,case_135,9000,True,6.2457,9002,1332,147.967,637,70.762,90.647,154.521
humaneval,spec_casc_opt,alpha0.05,case_136,1090,False,1.5395,1094,85,77.697,45,41.133,50.274,91.408
humaneval,spec_casc_opt,alpha0.05,case_137,1454,False,2.3914,1457,142,97.461,76,52.162,67.948,100.206
humaneval,spec_casc_opt,alpha0.05,case_138,2082,False,2.1916,2086,282,135.187,159,76.222,93.96,158.198
humaneval,spec_casc_opt,alpha0.05,case_139,968,False,1.2363,974,115,118.07,45,46.201,65.708,95.483
humaneval,spec_casc_opt,alpha0.05,case_140,1234,False,1.8336,1244,143,114.952,68,54.662,75.563,113.344
humaneval,spec_casc_opt,alpha0.05,case_141,4092,False,4.6237,4097,344,83.964,159,38.809,50.281,73.712
humaneval,spec_casc_opt,alpha0.05,case_142,997,False,1.3293,1001,107,106.893,58,57.942,72.927,119.88
humaneval,spec_casc_opt,alpha0.05,case_143,1178,False,0.55,1186,112,94.435,66,55.649,63.238,112.985
humaneval,spec_casc_opt,alpha0.05,case_144,566,False,0.7839,573,46,80.279,17,29.668,41.885,68.063
humaneval,spec_casc_opt,alpha0.05,case_145,1231,False,1.9602,1243,92,74.014,42,33.789,49.075,85.278
humaneval,spec_casc_opt,alpha0.05,case_146,2590,False,0.8349,2596,297,114.407,162,62.404,75.116,132.512
humaneval,spec_casc_opt,alpha0.05,case_147,1850,False,2.6167,1853,165,89.045,80,43.173,55.046,96.6
humaneval,spec_casc_opt,alpha0.05,case_148,3181,False,1.5802,3184,321,100.817,157,49.309,66.583,94.535
humaneval,spec_casc_opt,alpha0.05,case_149,1423,False,1.0486,1431,144,100.629,79,55.206,67.086,108.316
humaneval,spec_casc_opt,alpha0.05,case_150,958,False,1.594,965,112,116.062,61,63.212,86.01,120.207
humaneval,spec_casc_opt,alpha0.05,case_151,641,False,1.2163,645,52,80.62,22,34.109,44.961,94.574
humaneval,spec_casc_opt,alpha0.05,case_152,1078,False,0.8081,1081,96,88.807,50,46.253,58.279,94.357
humaneval,spec_casc_opt,alpha0.05,case_153,493,False,1.0931,496,42,84.677,21,42.339,54.435,84.677
humaneval,spec_casc_opt,alpha0.05,case_154,1315,False,1.8443,1325,128,96.604,84,63.396,70.189,110.943
humaneval,spec_casc_opt,alpha0.05,case_155,1254,False,1.3076,1255,128,101.992,68,54.183,63.745,108.367
humaneval,spec_casc_opt,alpha0.05,case_156,620,False,1.2576,623,65,104.334,38,60.995,75.441,144.462
humaneval,spec_casc_opt,alpha0.05,case_157,1285,False,1.8383,1290,103,79.845,54,41.86,55.814,95.349
humaneval,spec_casc_opt,alpha0.05,case_158,410,False,0.3677,417,27,64.748,14,33.573,45.564,74.341
humaneval,spec_casc_opt,alpha0.05,case_159,1171,False,1.0704,1172,115,98.123,60,51.195,64.846,94.71
humaneval,spec_casc_opt,alpha0.05,case_160,889,False,1.0011,892,74,82.96,37,41.48,51.57,79.596
humaneval,spec_casc_opt,alpha0.05,case_161,1362,False,0.56,1368,206,150.585,123,89.912,109.649,187.865
humaneval,spec_casc_opt,alpha0.05,case_162,518,False,0.7086,525,50,95.238,33,62.857,74.286,121.905
humaneval,spec_casc_opt,alpha0.05,case_163,285,False,0.7661,292,21,71.918,9,30.822,37.671,54.795
humaneval,spec_casc_opt,alpha0.05,case_164,1534,False,1.0818,1536,176,114.583,98,63.802,80.729,125.0
humaneval,spec_casc_tok,alpha0.3,case_001,327,False,0.4022,332,2,6.024,0,0.0,0.0,24.096
humaneval,spec_casc_tok,alpha0.3,case_002,672,False,0.3539,676,21,31.065,0,0.0,0.0,38.462
humaneval,spec_casc_tok,alpha0.3,case_003,464,False,1.3892,466,10,21.459,0,0.0,0.0,42.918
humaneval,spec_casc_tok,alpha0.3,case_004,254,False,0.5632,256,9,35.156,0,0.0,0.0,42.969
humaneval,spec_casc_tok,alpha0.3,case_005,404,False,0.886,405,4,9.877,0,0.0,0.0,22.222
humaneval,spec_casc_tok,alpha0.3,case_006,360,False,0.7809,362,7,19.337,0,0.0,0.0,49.724
humaneval,spec_casc_tok,alpha0.3,case_007,503,False,0.6976,507,8,15.779,0,0.0,0.0,33.531
humaneval,spec_casc_tok,alpha0.3,case_008,541,False,1.3325,547,8,14.625,0,0.0,0.0,54.845
humaneval,spec_casc_tok,alpha0.3,case_009,251,False,0.7171,258,3,11.628,0,0.0,0.0,27.132
humaneval,spec_casc_tok,alpha0.3,case_010,267,False,0.5551,268,6,22.388,0,0.0,0.0,14.925
humaneval,spec_casc_tok,alpha0.3,case_011,839,False,0.6701,842,17,20.19,0,0.0,0.0,43.943
humaneval,spec_casc_tok,alpha0.3,case_012,370,False,0.794,373,9,24.129,0,0.0,0.0,32.172
humaneval,spec_casc_tok,alpha0.3,case_013,319,False,0.7857,322,8,24.845,0,0.0,0.0,59.006
humaneval,spec_casc_tok,alpha0.3,case_014,342,False,1.1875,343,4,11.662,0,0.0,0.0,20.408
humaneval,spec_casc_tok,alpha0.3,case_015,268,False,0.6366,271,7,25.83,0,0.0,0.0,62.731
humaneval,spec_casc_tok,alpha0.3,case_016,285,False,0.595,293,7,23.891,0,0.0,0.0,44.369
humaneval,spec_casc_tok,alpha0.3,case_017,475,False,1.2087,477,11,23.061,0,0.0,0.0,46.122
humaneval,spec_casc_tok,alpha0.3,case_018,689,False,1.0715,691,11,15.919,0,0.0,0.0,31.838
humaneval,spec_casc_tok,alpha0.3,case_019,427,False,0.6539,428,7,16.355,0,0.0,0.0,28.037
humaneval,spec_casc_tok,alpha0.3,case_020,506,False,0.8754,509,10,19.646,0,0.0,0.0,56.974
humaneval,spec_casc_tok,alpha0.3,case_021,1024,False,1.1034,1029,20,19.436,0,0.0,0.0,44.704
humaneval,spec_casc_tok,alpha0.3,case_022,507,False,0.668,508,4,7.874,0,0.0,0.0,31.496
humaneval,spec_casc_tok,alpha0.3,case_023,585,False,0.9734,587,19,32.368,0,0.0,0.0,63.032
humaneval,spec_casc_tok,alpha0.3,case_024,306,False,1.0066,307,5,16.287,0,0.0,0.0,55.375
humaneval,spec_casc_tok,alpha0.3,case_025,820,False,1.5414,821,33,40.195,0,0.0,0.0,48.721
humaneval,spec_casc_tok,alpha0.3,case_026,405,False,0.6705,408,9,22.059,0,0.0,0.0,26.961
humaneval,spec_casc_tok,alpha0.3,case_027,415,False,0.9834,416,7,16.827,0,0.0,0.0,38.462
humaneval,spec_casc_tok,alpha0.3,case_028,214,False,0.6772,215,3,13.953,0,0.0,0.0,18.605
humaneval,spec_casc_tok,alpha0.3,case_029,419,False,1.5072,423,6,14.184,0,0.0,0.0,63.83
humaneval,spec_casc_tok,alpha0.3,case_030,312,False,0.8764,314,6,19.108,0,0.0,0.0,57.325
humaneval,spec_casc_tok,alpha0.3,case_031,490,False,1.1836,494,9,18.219,0,0.0,0.0,50.607
humaneval,spec_casc_tok,alpha0.3,case_032,342,False,0.8028,348,3,8.621,0,0.0,0.0,31.609
humaneval,spec_casc_tok,alpha0.3,case_033,1752,False,0.3958,1756,40,22.779,0,0.0,0.0,35.877
humaneval,spec_casc_tok,alpha0.3,case_034,716,False,0.822,721,22,30.513,0,0.0,0.0,24.965
humaneval,spec_casc_tok,alpha0.3,case_035,309,False,1.5528,314,5,15.924,0,0.0,0.0,31.847
humaneval,spec_casc_tok,alpha0.3,case_036,355,False,1.127,357,8,22.409,0,0.0,0.0,19.608
humaneval,spec_casc_tok,alpha0.3,case_037,1380,False,1.3477,1385,30,21.661,0,0.0,0.0,28.881
humaneval,spec_casc_tok,alpha0.3,case_038,542,False,0.6273,543,6,11.05,0,0.0,0.0,51.565
humaneval,spec_casc_tok,alpha0.3,case_039,527,False,0.7269,530,14,26.415,0,0.0,0.0,32.075
humaneval,spec_casc_tok,alpha0.3,case_040,1023,False,0.8455,1024,15,14.648,0,0.0,0.0,32.227
humaneval,spec_casc_tok,alpha0.3,case_041,977,False,0.8308,980,25,25.51,0,0.0,0.0,33.673
humaneval,spec_casc_tok,alpha0.3,case_042,1568,False,1.1445,1580,54,34.177,0,0.0,0.0,58.861
humaneval,spec_casc_tok,alpha0.3,case_043,431,False,1.8109,433,3,6.928,0,0.0,0.0,27.714
humaneval,spec_casc_tok,alpha0.3,case_044,652,False,1.192,653,7,10.72,0,0.0,0.0,36.753
humaneval,spec_casc_tok,alpha0.3,case_045,649,False,0.7477,653,9,13.783,0,0.0,0.0,39.816
humaneval,spec_casc_tok,alpha0.3,case_046,216,False,0.4068,217,2,9.217,0,0.0,0.0,32.258
humaneval,spec_casc_tok,alpha0.3,case_047,911,False,1.2514,914,20,21.882,0,0.0,0.0,18.6
humaneval,spec_casc_tok,alpha0.3,case_048,5235,False,1.7668,5240,157,29.962,0,0.0,0.0,54.58
humaneval,spec_casc_tok,alpha0.3,case_049,290,False,0.9295,292,5,17.123,0,0.0,0.0,47.945
humaneval,spec_casc_tok,alpha0.3,case_050,501,False,0.6645,506,6,11.858,0,0.0,0.0,23.715
humaneval,spec_casc_tok,alpha0.3,case_051,945,False,2.25,946,23,24.313,0,0.0,0.0,54.968
humaneval,spec_casc_tok,alpha0.3,case_052,421,False,0.7558,427,8,18.735,0,0.0,0.0,37.471
humaneval,spec_casc_tok,alpha0.3,case_053,347,False,1.0236,349,7,20.057,0,0.0,0.0,34.384
humaneval,spec_casc_tok,alpha0.3,case_054,289,False,0.8164,290,7,24.138,0,0.0,0.0,55.172
humaneval,spec_casc_tok,alpha0.3,case_055,867,False,0.9273,871,32,36.739,0,0.0,0.0,22.962
humaneval,spec_casc_tok,alpha0.3,case_056,671,False,1.1876,673,19,28.232,0,0.0,0.0,31.204
humaneval,spec_casc_tok,alpha0.3,case_057,402,False,0.9757,405,7,17.284,0,0.0,0.0,27.16
humaneval,spec_casc_tok,alpha0.3,case_058,451,False,0.8275,453,10,22.075,0,0.0,0.0,22.075
humaneval,spec_casc_tok,alpha0.3,case_059,666,False,1.936,668,12,17.964,0,0.0,0.0,14.97
humaneval,spec_casc_tok,alpha0.3,case_060,2271,False,0.6723,2273,70,30.796,0,0.0,0.0,40.035
humaneval,spec_casc_tok,alpha0.3,case_061,376,False,0.9616,378,4,10.582,0,0.0,0.0,26.455
humaneval,spec_casc_tok,alpha0.3,case_062,483,False,1.2711,485,10,20.619,0,0.0,0.0,37.113
humaneval,spec_casc_tok,alpha0.3,case_063,459,False,0.8361,466,14,30.043,0,0.0,0.0,47.21
humaneval,spec_casc_tok,alpha0.3,case_064,850,False,0.7569,855,20,23.392,0,0.0,0.0,21.053
humaneval,spec_casc_tok,alpha0.3,case_065,434,False,0.581,436,11,25.229,0,0.0,0.0,48.165
humaneval,spec_casc_tok,alpha0.3,case_066,968,False,1.1388,970,28,28.866,0,0.0,0.0,45.361
humaneval,spec_casc_tok,alpha0.3,case_067,389,False,0.6695,391,9,23.018,0,0.0,0.0,15.345
humaneval,spec_casc_tok,alpha0.3,case_068,709,False,1.515,711,16,22.504,0,0.0,0.0,43.601
humaneval,spec_casc_tok,alpha0.3,case_069,620,False,1.1546,622,9,14.469,0,0.0,0.0,27.331
humaneval,spec_casc_tok,alpha0.3,case_070,420,False,0.7609,421,5,11.876,0,0.0,0.0,40.38
humaneval,spec_casc_tok,alpha0.3,case_071,605,False,1.3535,606,11,18.152,0,0.0,0.0,29.703
humaneval,spec_casc_tok,alpha0.3,case_072,531,False,0.782,534,14,26.217,0,0.0,0.0,33.708
humaneval,spec_casc_tok,alpha0.3,case_073,395,False,0.6628,397,10,25.189,0,0.0,0.0,27.708
humaneval,spec_casc_tok,alpha0.3,case_074,705,False,0.8039,713,13,18.233,0,0.0,0.0,25.245
humaneval,spec_casc_tok,alpha0.3,case_075,847,False,1.5044,852,23,26.995,0,0.0,0.0,23.474
humaneval,spec_casc_tok,alpha0.3,case_076,2016,False,1.6498,2018,42,20.813,0,0.0,0.0,51.536
humaneval,spec_casc_tok,alpha0.3,case_077,3780,False,1.7813,3784,124,32.77,0,0.0,0.0,40.169
humaneval,spec_casc_tok,alpha0.3,case_078,989,False,0.8511,990,25,25.253,0,0.0,0.0,42.424
humaneval,spec_casc_tok,alpha0.3,case_079,826,False,1.363,828,15,18.116,0,0.0,0.0,20.531
humaneval,spec_casc_tok,alpha0.3,case_080,417,False,0.695,419,8,19.093,0,0.0,0.0,23.866
humaneval,spec_casc_tok,alpha0.3,case_081,865,False,1.8845,869,18,20.713,0,0.0,0.0,41.427
humaneval,spec_casc_tok,alpha0.3,case_082,1359,False,0.692,1362,19,13.95,0,0.0,0.0,27.166
humaneval,spec_casc_tok,alpha0.3,case_083,370,False,0.625,373,8,21.448,0,0.0,0.0,21.448
humaneval,spec_casc_tok,alpha0.3,case_084,1344,False,1.3281,1347,26,19.302,0,0.0,0.0,32.665
humaneval,spec_casc_tok,alpha0.3,case_085,693,False,1.2052,697,17,24.39,0,0.0,0.0,34.433
humaneval,spec_casc_tok,alpha0.3,case_086,521,False,0.9542,522,12,22.989,0,0.0,0.0,15.326
humaneval,spec_casc_tok,alpha0.3,case_087,1293,False,1.3207,1298,32,24.653,0,0.0,0.0,30.817
humaneval,spec_casc_tok,alpha0.3,case_088,914,False,1.0328,916,15,16.376,0,0.0,0.0,22.926
humaneval,spec_casc_tok,alpha0.3,case_089,625,False,1.0832,628,14,22.293,0,0.0,0.0,27.07
humaneval,spec_casc_tok,alpha0.3,case_090,700,False,0.6178,702,13,18.519,0,0.0,0.0,29.915
humaneval,spec_casc_tok,alpha0.3,case_091,475,False,1.1229,479,16,33.403,0,0.0,0.0,25.052
humaneval,spec_casc_tok,alpha0.3,case_092,905,False,1.1632,908,32,35.242,0,0.0,0.0,51.762
humaneval,spec_casc_tok,alpha0.3,case_093,479,False,0.7473,486,12,24.691,0,0.0,0.0,28.807
humaneval,spec_casc_tok,alpha0.3,case_094,1487,False,1.0524,1490,53,35.57,0,0.0,0.0,36.242
humaneval,spec_casc_tok,alpha0.3,case_095,670,False,0.9463,673,7,10.401,0,0.0,0.0,19.316
humaneval,spec_casc_tok,alpha0.3,case_096,1686,False,2.8528,1689,62,36.708,0,0.0,0.0,36.708
humaneval,spec_casc_tok,alpha0.3,case_097,972,False,1.2908,979,22,22.472,0,0.0,0.0,24.515
humaneval,spec_casc_tok,alpha0.3,case_098,355,False,0.7129,356,5,14.045,0,0.0,0.0,28.09
humaneval,spec_casc_tok,alpha0.3,case_099,437,False,0.9521,439,16,36.446,0,0.0,0.0,29.613
humaneval,spec_casc_tok,alpha0.3,case_100,1305,False,1.067,1307,40,30.604,0,0.0,0.0,58.914
humaneval,spec_casc_tok,alpha0.3,case_101,975,False,1.0762,980,20,20.408,0,0.0,0.0,36.735
humaneval,spec_casc_tok,alpha0.3,case_102,764,False,1.0466,765,25,32.68,0,0.0,0.0,50.98
humaneval,spec_casc_tok,alpha0.3,case_103,1539,False,1.5498,1548,48,31.008,0,0.0,0.0,40.698
humaneval,spec_casc_tok,alpha0.3,case_104,1356,False,1.1511,1358,32,23.564,0,0.0,0.0,27.982
humaneval,spec_casc_tok,alpha0.3,case_105,568,False,0.7263,576,16,27.778,0,0.0,0.0,32.986
humaneval,spec_casc_tok,alpha0.3,case_106,1491,False,1.503,1492,35,23.458,0,0.0,0.0,30.161
humaneval,spec_casc_tok,alpha0.3,case_107,943,False,0.7182,946,18,19.027,0,0.0,0.0,39.112
humaneval,spec_casc_tok,alpha0.3,case_108,454,False,1.0134,456,3,6.579,0,0.0,0.0,21.93
humaneval,spec_casc_tok,alpha0.3,case_109,1069,False,0.5476,1070,32,29.907,0,0.0,0.0,41.121
humaneval,spec_casc_tok,alpha0.3,case_110,2643,False,2.3389,2645,81,30.624,0,0.0,0.0,38.563
humaneval,spec_casc_tok,alpha0.3,case_111,1136,False,1.354,1139,38,33.363,0,0.0,0.0,34.241
humaneval,spec_casc_tok,alpha0.3,case_112,537,False,0.9275,543,18,33.149,0,0.0,0.0,31.308
humaneval,spec_casc_tok,alpha0.3,case_113,449,False,0.7242,452,7,15.487,0,0.0,0.0,28.761
humaneval,spec_casc_tok,alpha0.3,case_114,2456,False,1.0964,2458,76,30.919,0,0.0,0.0,41.09
humaneval,spec_casc_tok,alpha0.3,case_115,507,False,1.0787,512,8,15.625,0,0.0,0.0,31.25
humaneval,spec_casc_tok,alpha0.3,case_116,879,False,0.9534,880,32,36.364,0,0.0,0.0,37.5
humaneval,spec_casc_tok,alpha0.3,case_117,1756,False,0.5944,1758,60,34.13,0,0.0,0.0,55.745
humaneval,spec_casc_tok,alpha0.3,case_118,794,False,0.933,800,25,31.25,0,0.0,0.0,23.75
humaneval,spec_casc_tok,alpha0.3,case_119,909,False,0.4547,912,24,26.316,0,0.0,0.0,28.509
humaneval,spec_casc_tok,alpha0.3,case_120,825,False,1.2295,827,23,27.811,0,0.0,0.0,36.276
humaneval,spec_casc_tok,alpha0.3,case_121,565,False,1.0291,567,19,33.51,0,0.0,0.0,22.928
humaneval,spec_casc_tok,alpha0.3,case_122,407,False,0.8678,410,3,7.317,0,0.0,0.0,26.829
humaneval,spec_casc_tok,alpha0.3,case_123,627,False,0.8708,629,14,22.258,0,0.0,0.0,25.437
humaneval,spec_casc_tok,alpha0.3,case_124,668,False,1.0341,669,13,19.432,0,0.0,0.0,46.338
humaneval,spec_casc_tok,alpha0.3,case_125,1230,False,1.1081,1235,29,23.482,0,0.0,0.0,34.008
humaneval,spec_casc_tok,alpha0.3,case_126,1697,False,1.1261,1698,44,25.913,0,0.0,0.0,47.703
humaneval,spec_casc_tok,alpha0.3,case_127,697,False,0.9627,702,14,19.943,0,0.0,0.0,18.519
humaneval,spec_casc_tok,alpha0.3,case_128,971,False,1.3393,974,19,19.507,0,0.0,0.0,31.828
humaneval,spec_casc_tok,alpha0.3,case_129,668,False,0.8619,672,16,23.81,0,0.0,0.0,41.667
humaneval,spec_casc_tok,alpha0.3,case_130,4062,False,0.4513,4066,136,33.448,0,0.0,0.0,48.697
humaneval,spec_casc_tok,alpha0.3,case_131,3184,False,0.6451,3189,109,34.18,0,0.0,0.0,31.985
humaneval,spec_casc_tok,alpha0.3,case_132,340,False,0.8293,341,8,23.46,0,0.0,0.0,29.326
humaneval,spec_casc_tok,alpha0.3,case_133,3588,False,0.7546,3593,113,31.45,0,0.0,0.0,46.201
humaneval,spec_casc_tok,alpha0.3,case_134,549,False,0.9482,551,15,27.223,0,0.0,0.0,38.113
humaneval,spec_casc_tok,alpha0.3,case_135,1808,False,1.2547,1812,69,38.079,0,0.0,0.0,51.876
humaneval,spec_casc_tok,alpha0.3,case_136,798,False,1.1271,801,23,28.714,0,0.0,0.0,23.72
humaneval,spec_casc_tok,alpha0.3,case_137,699,False,1.1497,700,14,20.0,0,0.0,0.0,45.714
humaneval,spec_casc_tok,alpha0.3,case_138,2492,False,2.6232,2495,82,32.866,0,0.0,0.0,35.271
humaneval,spec_casc_tok,alpha0.3,case_139,546,False,0.6973,551,15,27.223,0,0.0,0.0,38.113
humaneval,spec_casc_tok,alpha0.3,case_140,632,False,0.9391,636,13,20.44,0,0.0,0.0,26.73
humaneval,spec_casc_tok,alpha0.3,case_141,985,False,1.113,986,42,42.596,0,0.0,0.0,53.753
humaneval,spec_casc_tok,alpha0.3,case_142,669,False,0.892,671,12,17.884,0,0.0,0.0,32.787
humaneval,spec_casc_tok,alpha0.3,case_143,490,False,0.2288,491,15,30.55,0,0.0,0.0,16.293
humaneval,spec_casc_tok,alpha0.3,case_144,622,False,0.8615,623,8,12.841,0,0.0,0.0,17.657
humaneval,spec_casc_tok,alpha0.3,case_145,839,False,1.336,848,26,30.66,0,0.0,0.0,33.019
humaneval,spec_casc_tok,alpha0.3,case_146,8219,False,2.6496,8221,252,30.653,0,0.0,0.0,44.763
humaneval,spec_casc_tok,alpha0.3,case_147,1325,False,1.8741,1328,35,26.355,0,0.0,0.0,40.663
humaneval,spec_casc_tok,alpha0.3,case_148,1712,False,0.8505,1714,40,23.337,0,0.0,0.0,24.504
humaneval,spec_casc_tok,alpha0.3,case_149,864,False,0.6367,865,26,30.058,0,0.0,0.0,25.434
humaneval,spec_casc_tok,alpha0.3,case_150,610,False,1.015,612,21,34.314,0,0.0,0.0,27.778
humaneval,spec_casc_tok,alpha0.3,case_151,633,False,1.2011,638,11,17.241,0,0.0,0.0,15.674
humaneval,spec_casc_tok,alpha0.3,case_152,762,False,0.5712,767,21,27.379,0,0.0,0.0,33.898
humaneval,spec_casc_tok,alpha0.3,case_153,715,False,1.5854,718,12,16.713,0,0.0,0.0,34.819
humaneval,spec_casc_tok,alpha0.3,case_154,615,False,0.8626,617,9,14.587,0,0.0,0.0,24.311
humaneval,spec_casc_tok,alpha0.3,case_155,2544,False,2.6528,2546,85,33.386,0,0.0,0.0,39.67
humaneval,spec_casc_tok,alpha0.3,case_156,423,False,0.858,429,11,25.641,0,0.0,0.0,37.296
humaneval,spec_casc_tok,alpha0.3,case_157,992,False,1.4192,993,17,17.12,0,0.0,0.0,31.219
humaneval,spec_casc_tok,alpha0.3,case_158,805,False,0.722,806,19,23.573,0,0.0,0.0,26.055
humaneval,spec_casc_tok,alpha0.3,case_159,633,False,0.5786,635,10,15.748,0,0.0,0.0,31.496
humaneval,spec_casc_tok,alpha0.3,case_160,615,False,0.6926,622,8,12.862,0,0.0,0.0,14.469
humaneval,spec_casc_tok,alpha0.3,case_161,1325,False,0.5448,1327,26,19.593,0,0.0,0.0,36.172
humaneval,spec_casc_tok,alpha0.3,case_162,936,False,1.2804,937,27,28.815,0,0.0,0.0,38.42
humaneval,spec_casc_tok,alpha0.3,case_163,269,False,0.7231,270,4,14.815,0,0.0,0.0,14.815
humaneval,spec_casc_tok,alpha0.3,case_164,762,False,0.5374,765,18,23.529,0,0.0,0.0,24.837
humaneval,strict,strict,case_001,813,False,1.0,815,0,0.0,0,0.0,0.0,52.761
humaneval,strict,strict,case_002,1899,False,1.0,1904,0,0.0,0,0.0,0.0,61.45
humaneval,strict,strict,case_003,334,False,1.0,336,0,0.0,0,0.0,0.0,65.476
humaneval,strict,strict,case_004,451,False,1.0,454,0,0.0,0,0.0,0.0,59.471
humaneval,strict,strict,case_005,456,False,1.0,458,0,0.0,0,0.0,0.0,34.934
humaneval,strict,strict,case_006,461,False,1.0,462,0,0.0,0,0.0,0.0,36.797
humaneval,strict,strict,case_007,721,False,1.0,724,0,0.0,0,0.0,0.0,35.912
humaneval,strict,strict,case_008,406,False,1.0,407,0,0.0,0,0.0,0.0,56.511
humaneval,strict,strict,case_009,350,False,1.0,351,0,0.0,0,0.0,0.0,51.282
humaneval,strict,strict,case_010,481,False,1.0,483,0,0.0,0,0.0,0.0,24.845
humaneval,strict,strict,case_011,1252,False,1.0,1258,0,0.0,0,0.0,0.0,77.107
humaneval,strict,strict,case_012,466,False,1.0,469,0,0.0,0,0.0,0.0,51.173
humaneval,strict,strict,case_013,406,False,1.0,407,0,0.0,0,0.0,0.0,46.683
humaneval,strict,strict,case_014,288,False,1.0,290,0,0.0,0,0.0,0.0,37.931
humaneval,strict,strict,case_015,421,False,1.0,423,0,0.0,0,0.0,0.0,21.277
humaneval,strict,strict,case_016,479,False,1.0,481,0,0.0,0,0.0,0.0,58.212
humaneval,strict,strict,case_017,393,False,1.0,394,0,0.0,0,0.0,0.0,63.452
humaneval,strict,strict,case_018,643,False,1.0,644,0,0.0,0,0.0,0.0,38.82
humaneval,strict,strict,case_019,653,False,1.0,655,0,0.0,0,0.0,0.0,32.061
humaneval,strict,strict,case_020,578,False,1.0,579,0,0.0,0,0.0,0.0,62.176
humaneval,strict,strict,case_021,928,False,1.0,930,0,0.0,0,0.0,0.0,55.914
humaneval,strict,strict,case_022,759,False,1.0,761,0,0.0,0,0.0,0.0,48.62
humaneval,strict,strict,case_023,601,False,1.0,603,0,0.0,0,0.0,0.0,56.385
humaneval,strict,strict,case_024,304,False,1.0,309,0,0.0,0,0.0,0.0,77.67
humaneval,strict,strict,case_025,532,False,1.0,534,0,0.0,0,0.0,0.0,44.944
humaneval,strict,strict,case_026,604,False,1.0,607,0,0.0,0,0.0,0.0,39.539
humaneval,strict,strict,case_027,422,False,1.0,423,0,0.0,0,0.0,0.0,49.645
humaneval,strict,strict,case_028,316,False,1.0,317,0,0.0,0,0.0,0.0,85.174
humaneval,strict,strict,case_029,278,False,1.0,280,0,0.0,0,0.0,0.0,46.429
humaneval,strict,strict,case_030,356,False,1.0,360,0,0.0,0,0.0,0.0,52.778
humaneval,strict,strict,case_031,414,False,1.0,416,0,0.0,0,0.0,0.0,43.269
humaneval,strict,strict,case_032,426,False,1.0,430,0,0.0,0,0.0,0.0,32.558
humaneval,strict,strict,case_033,4426,False,1.0,4427,0,0.0,0,0.0,0.0,69.121
humaneval,strict,strict,case_034,871,False,1.0,872,0,0.0,0,0.0,0.0,43.578
humaneval,strict,strict,case_035,199,False,1.0,202,0,0.0,0,0.0,0.0,74.257
humaneval,strict,strict,case_036,315,False,1.0,322,0,0.0,0,0.0,0.0,68.323
humaneval,strict,strict,case_037,1024,False,1.0,1026,0,0.0,0,0.0,0.0,43.86
humaneval,strict,strict,case_038,864,False,1.0,867,0,0.0,0,0.0,0.0,40.369
humaneval,strict,strict,case_039,725,False,1.0,727,0,0.0,0,0.0,0.0,50.894
humaneval,strict,strict,case_040,1210,False,1.0,1212,0,0.0,0,0.0,0.0,28.878
humaneval,strict,strict,case_041,1176,False,1.0,1178,0,0.0,0,0.0,0.0,63.667
humaneval,strict,strict,case_042,1370,False,1.0,1374,0,0.0,0,0.0,0.0,86.608
humaneval,strict,strict,case_043,238,False,1.0,239,0,0.0,0,0.0,0.0,29.289
humaneval,strict,strict,case_044,547,False,1.0,549,0,0.0,0,0.0,0.0,32.787
humaneval,strict,strict,case_045,868,False,1.0,873,0,0.0,0,0.0,0.0,44.674
humaneval,strict,strict,case_046,531,False,1.0,533,0,0.0,0,0.0,0.0,46.904
humaneval,strict,strict,case_047,728,False,1.0,728,0,0.0,0,0.0,0.0,42.582
humaneval,strict,strict,case_048,2963,False,1.0,2965,0,0.0,0,0.0,0.0,60.708
humaneval,strict,strict,case_049,312,False,1.0,316,0,0.0,0,0.0,0.0,79.114
humaneval,strict,strict,case_050,754,False,1.0,755,0,0.0,0,0.0,0.0,47.682
humaneval,strict,strict,case_051,420,False,1.0,423,0,0.0,0,0.0,0.0,47.281
humaneval,strict,strict,case_052,557,False,1.0,559,0,0.0,0,0.0,0.0,73.345
humaneval,strict,strict,case_053,339,False,1.0,340,0,0.0,0,0.0,0.0,52.941
humaneval,strict,strict,case_054,354,False,1.0,355,0,0.0,0,0.0,0.0,107.042
humaneval,strict,strict,case_055,935,False,1.0,940,0,0.0,0,0.0,0.0,31.915
humaneval,strict,strict,case_056,565,False,1.0,567,0,0.0,0,0.0,0.0,28.219
humaneval,strict,strict,case_057,412,False,1.0,414,0,0.0,0,0.0,0.0,38.647
humaneval,strict,strict,case_058,545,False,1.0,546,0,0.0,0,0.0,0.0,76.923
humaneval,strict,strict,case_059,344,False,1.0,347,0,0.0,0,0.0,0.0,54.755
humaneval,strict,strict,case_060,3378,False,1.0,3386,0,0.0,0,0.0,0.0,63.497
humaneval,strict,strict,case_061,391,False,1.0,393,0,0.0,0,0.0,0.0,17.812
humaneval,strict,strict,case_062,380,False,1.0,386,0,0.0,0,0.0,0.0,46.632
humaneval,strict,strict,case_063,549,False,1.0,559,0,0.0,0,0.0,0.0,50.089
humaneval,strict,strict,case_064,1123,False,1.0,1124,0,0.0,0,0.0,0.0,25.801
humaneval,strict,strict,case_065,747,False,1.0,748,0,0.0,0,0.0,0.0,58.824
humaneval,strict,strict,case_066,850,False,1.0,851,0,0.0,0,0.0,0.0,57.579
humaneval,strict,strict,case_067,581,False,1.0,582,0,0.0,0,0.0,0.0,53.265
humaneval,strict,strict,case_068,468,False,1.0,470,0,0.0,0,0.0,0.0,36.17
humaneval,strict,strict,case_069,537,False,1.0,538,0,0.0,0,0.0,0.0,27.881
humaneval,strict,strict,case_070,552,False,1.0,553,0,0.0,0,0.0,0.0,48.825
humaneval,strict,strict,case_071,447,False,1.0,449,0,0.0,0,0.0,0.0,48.998
humaneval,strict,strict,case_072,679,False,1.0,683,0,0.0,0,0.0,0.0,49.78
humaneval,strict,strict,case_073,596,False,1.0,597,0,0.0,0,0.0,0.0,41.876
humaneval,strict,strict,case_074,877,False,1.0,882,0,0.0,0,0.0,0.0,49.887
humaneval,strict,strict,case_075,563,False,1.0,567,0,0.0,0,0.0,0.0,21.164
humaneval,strict,strict,case_076,1222,False,1.0,1225,0,0.0,0,0.0,0.0,55.51
humaneval,strict,strict,case_077,2122,False,1.0,2123,0,0.0,0,0.0,0.0,59.35
humaneval,strict,strict,case_078,1162,False,1.0,1169,0,0.0,0,0.0,0.0,43.627
humaneval,strict,strict,case_079,606,False,1.0,607,0,0.0,0,0.0,0.0,31.301
humaneval,strict,strict,case_080,600,False,1.0,604,0,0.0,0,0.0,0.0,36.424
humaneval,strict,strict,case_081,459,False,1.0,462,0,0.0,0,0.0,0.0,30.303
humaneval,strict,strict,case_082,1964,False,1.0,1970,0,0.0,0,0.0,0.0,53.299
humaneval,strict,strict,case_083,592,False,1.0,594,0,0.0,0,0.0,0.0,28.62
humaneval,strict,strict,case_084,1012,False,1.0,1014,0,0.0,0,0.0,0.0,37.475
humaneval,strict,strict,case_085,575,False,1.0,577,0,0.0,0,0.0,0.0,34.662
humaneval,strict,strict,case_086,546,False,1.0,548,0,0.0,0,0.0,0.0,49.27
humaneval,strict,strict,case_087,979,False,1.0,982,0,0.0,0,0.0,0.0,63.136
humaneval,strict,strict,case_088,885,False,1.0,891,0,0.0,0,0.0,0.0,59.484
humaneval,strict,strict,case_089,577,False,1.0,579,0,0.0,0,0.0,0.0,41.451
humaneval,strict,strict,case_090,1133,False,1.0,1135,0,0.0,0,0.0,0.0,30.837
humaneval,strict,strict,case_091,423,False,1.0,426,0,0.0,0,0.0,0.0,63.38
humaneval,strict,strict,case_092,778,False,1.0,780,0,0.0,0,0.0,0.0,76.923
humaneval,strict,strict,case_093,641,False,1.0,643,0,0.0,0,0.0,0.0,38.88
humaneval,strict,strict,case_094,1413,False,1.0,1415,0,0.0,0,0.0,0.0,55.83
humaneval,strict,strict,case_095,708,False,1.0,710,0,0.0,0,0.0,0.0,49.296
humaneval,strict,strict,case_096,591,False,1.0,593,0,0.0,0,0.0,0.0,42.159
humaneval,strict,strict,case_097,753,False,1.0,755,0,0.0,0,0.0,0.0,46.358
humaneval,strict,strict,case_098,498,False,1.0,503,0,0.0,0,0.0,0.0,65.606
humaneval,strict,strict,case_099,459,False,1.0,464,0,0.0,0,0.0,0.0,47.414
humaneval,strict,strict,case_100,1223,False,1.0,1225,0,0.0,0,0.0,0.0,52.245
humaneval,strict,strict,case_101,906,False,1.0,909,0,0.0,0,0.0,0.0,48.405
humaneval,strict,strict,case_102,730,False,1.0,733,0,0.0,0,0.0,0.0,73.67
humaneval,strict,strict,case_103,993,False,1.0,994,0,0.0,0,0.0,0.0,80.483
humaneval,strict,strict,case_104,1178,False,1.0,1180,0,0.0,0,0.0,0.0,44.068
humaneval,strict,strict,case_105,782,False,1.0,787,0,0.0,0,0.0,0.0,62.262
humaneval,strict,strict,case_106,992,False,1.0,999,0,0.0,0,0.0,0.0,54.054
humaneval,strict,strict,case_107,1313,False,1.0,1316,0,0.0,0,0.0,0.0,53.951
humaneval,strict,strict,case_108,448,False,1.0,451,0,0.0,0,0.0,0.0,42.129
humaneval,strict,strict,case_109,1952,False,1.0,1953,0,0.0,0,0.0,0.0,65.028
humaneval,strict,strict,case_110,1130,False,1.0,1132,0,0.0,0,0.0,0.0,44.17
humaneval,strict,strict,case_111,839,False,1.0,845,0,0.0,0,0.0,0.0,44.97
humaneval,strict,strict,case_112,579,False,1.0,583,0,0.0,0,0.0,0.0,51.458
humaneval,strict,strict,case_113,620,False,1.0,621,0,0.0,0,0.0,0.0,35.427
humaneval,strict,strict,case_114,2240,False,1.0,2244,0,0.0,0,0.0,0.0,64.171
humaneval,strict,strict,case_115,470,False,1.0,475,0,0.0,0,0.0,0.0,80.0
humaneval,strict,strict,case_116,922,False,1.0,923,0,0.0,0,0.0,0.0,29.252
humaneval,strict,strict,case_117,2954,False,1.0,2957,0,0.0,0,0.0,0.0,54.447
humaneval,strict,strict,case_118,851,False,1.0,854,0,0.0,0,0.0,0.0,44.496
humaneval,strict,strict,case_119,1999,False,1.0,2001,0,0.0,0,0.0,0.0,68.466
humaneval,strict,strict,case_120,671,False,1.0,674,0,0.0,0,0.0,0.0,37.092
humaneval,strict,strict,case_121,549,False,1.0,550,0,0.0,0,0.0,0.0,38.182
humaneval,strict,strict,case_122,469,False,1.0,473,0,0.0,0,0.0,0.0,42.283
humaneval,strict,strict,case_123,720,False,1.0,725,0,0.0,0,0.0,0.0,45.517
humaneval,strict,strict,case_124,646,False,1.0,651,0,0.0,0,0.0,0.0,47.619
humaneval,strict,strict,case_125,1110,False,1.0,1115,0,0.0,0,0.0,0.0,30.493
humaneval,strict,strict,case_126,1507,False,1.0,1510,0,0.0,0,0.0,0.0,61.589
humaneval,strict,strict,case_127,724,False,1.0,727,0,0.0,0,0.0,0.0,61.898
humaneval,strict,strict,case_128,725,False,1.0,726,0,0.0,0,0.0,0.0,37.19
humaneval,strict,strict,case_129,775,False,1.0,777,0,0.0,0,0.0,0.0,34.749
humaneval,strict,strict,case_130,9000,True,1.0,9003,0,0.0,0,0.0,0.0,75.419
humaneval,strict,strict,case_131,4936,False,1.0,4938,0,0.0,0,0.0,0.0,57.108
humaneval,strict,strict,case_132,410,False,1.0,412,0,0.0,0,0.0,0.0,29.126
humaneval,strict,strict,case_133,4755,False,1.0,4761,0,0.0,0,0.0,0.0,65.112
humaneval,strict,strict,case_134,579,False,1.0,581,0,0.0,0,0.0,0.0,39.587
humaneval,strict,strict,case_135,1441,False,1.0,1443,0,0.0,0,0.0,0.0,71.379
humaneval,strict,strict,case_136,708,False,1.0,712,0,0.0,0,0.0,0.0,49.157
humaneval,strict,strict,case_137,608,False,1.0,612,0,0.0,0,0.0,0.0,29.412
humaneval,strict,strict,case_138,950,False,1.0,951,0,0.0,0,0.0,0.0,48.37
humaneval,strict,strict,case_139,783,False,1.0,786,0,0.0,0,0.0,0.0,41.985
humaneval,strict,strict,case_140,673,False,1.0,675,0,0.0,0,0.0,0.0,56.296
humaneval,strict,strict,case_141,885,False,1.0,889,0,0.0,0,0.0,0.0,40.495
humaneval,strict,strict,case_142,750,False,1.0,752,0,0.0,0,0.0,0.0,58.511
humaneval,strict,strict,case_143,2142,False,1.0,2144,0,0.0,0,0.0,0.0,74.627
humaneval,strict,strict,case_144,722,False,1.0,723,0,0.0,0,0.0,0.0,29.046
humaneval,strict,strict,case_145,628,False,1.0,630,0,0.0,0,0.0,0.0,44.444
humaneval,strict,strict,case_146,3102,False,1.0,3105,0,0.0,0,0.0,0.0,61.192
humaneval,strict,strict,case_147,707,False,1.0,710,0,0.0,0,0.0,0.0,42.254
humaneval,strict,strict,case_148,2013,False,1.0,2015,0,0.0,0,0.0,0.0,35.236
humaneval,strict,strict,case_149,1357,False,1.0,1358,0,0.0,0,0.0,0.0,43.446
humaneval,strict,strict,case_150,601,False,1.0,604,0,0.0,0,0.0,0.0,41.391
humaneval,strict,strict,case_151,527,False,1.0,528,0,0.0,0,0.0,0.0,51.136
humaneval,strict,strict,case_152,1334,False,1.0,1336,0,0.0,0,0.0,0.0,72.605
humaneval,strict,strict,case_153,451,False,1.0,454,0,0.0,0,0.0,0.0,35.242
humaneval,strict,strict,case_154,713,False,1.0,715,0,0.0,0,0.0,0.0,34.965
humaneval,strict,strict,case_155,959,False,1.0,961,0,0.0,0,0.0,0.0,52.029
humaneval,strict,strict,case_156,493,False,1.0,495,0,0.0,0,0.0,0.0,56.566
humaneval,strict,strict,case_157,699,False,1.0,701,0,0.0,0,0.0,0.0,22.825
humaneval,strict,strict,case_158,1115,False,1.0,1123,0,0.0,0,0.0,0.0,65.895
humaneval,strict,strict,case_159,1094,False,1.0,1097,0,0.0,0,0.0,0.0,53.783
humaneval,strict,strict,case_160,888,False,1.0,893,0,0.0,0,0.0,0.0,17.917
humaneval,strict,strict,case_161,2432,False,1.0,2435,0,0.0,0,0.0,0.0,52.977
humaneval,strict,strict,case_162,731,False,1.0,732,0,0.0,0,0.0,0.0,46.448
humaneval,strict,strict,case_163,372,False,1.0,375,0,0.0,0,0.0,0.0,58.667
humaneval,strict,strict,case_164,1418,False,1.0,1421,0,0.0,0,0.0,0.0,68.966
aime24,cactus,alpha0.25,case_001,3829,False,2.2379,3841,608,158.292,409,106.483,120.542,165.582
aime24,cactus,alpha0.25,case_002,32768,True,1.0,32774,7262,221.578,5201,158.693,178.709,243.15
aime24,cactus,alpha0.25,case_003,32768,True,1.1325,32769,9159,279.502,6730,205.377,232.628,326.711
aime24,cactus,alpha0.25,case_004,18243,False,1.7531,18247,3493,191.429,2328,127.583,147.421,208.418
aime24,cactus,alpha0.25,case_005,32768,True,6.0749,32771,5835,178.054,3958,120.778,138.659,183.394
aime24,cactus,alpha0.25,case_006,32768,True,3.0875,32774,5784,176.481,4001,122.078,139.623,184.872
aime24,cactus,alpha0.25,case_007,6982,False,1.1544,6988,1096,156.84,735,105.18,122.066,162.851
aime24,cactus,alpha0.25,case_008,5163,False,2.6129,5168,741,143.382,492,95.201,109.907,142.802
aime24,cactus,alpha0.25,case_009,6738,False,2.3107,6741,1078,159.917,697,103.397,117.787,158.137
aime24,cactus,alpha0.25,case_010,2297,False,1.5132,2302,303,131.625,188,81.668,97.307,134.666
aime24,cactus,alpha0.25,case_011,32768,True,6.9321,32776,7081,216.042,5113,155.998,176.806,249.756
aime24,cactus,alpha0.25,case_012,4186,False,2.0212,4187,900,214.951,610,145.689,169.095,235.491
aime24,cactus,alpha0.25,case_013,6252,False,4.1932,6254,853,136.393,556,88.903,103.933,138.152
aime24,cactus,alpha0.25,case_014,14292,False,0.4362,14296,3790,265.109,2664,186.346,213.766,309.457
aime24,cactus,alpha0.25,case_015,11383,False,2.2903,11390,2018,177.173,1423,124.934,142.23,194.996
aime24,cactus,alpha0.25,case_016,16969,False,3.9045,16975,3789,223.211,2623,154.521,176.789,252.666
aime24,cactus,alpha0.25,case_017,29276,False,1.3569,29284,7550,257.82,5693,194.407,217.866,304.979
aime24,cactus,alpha0.25,case_018,11234,False,2.1204,11237,1890,168.194,1260,112.13,131.263,173.89
aime24,cactus,alpha0.25,case_019,21876,False,1.8934,21880,4809,219.79,3339,152.605,175.183,251.6
aime24,cactus,alpha0.25,case_020,23075,False,6.9045,23080,4409,191.031,2964,128.423,147.054,204.679
aime24,cactus,alpha0.25,case_021,32768,True,3.326,32770,7464,227.769,5346,163.137,185.78,257.37
aime24,cactus,alpha0.25,case_022,13273,False,1.568,13276,3637,273.953,2679,201.793,227.177,318.921
aime24,cactus,alpha0.25,case_023,10962,False,1.4079,10965,2387,217.693,1600,145.919,169.539,239.033
aime24,cactus,alpha0.25,case_024,26274,False,1.3006,26281,5965,226.97,4128,157.072,179.712,252.388
aime24,cactus,alpha0.25,case_025,2773,False,0.9113,2782,237,85.191,130,46.729,57.872,74.407
aime24,cactus,alpha0.25,case_026,32768,True,1.0,32770,8395,256.179,6131,187.092,211.199,305.951
aime24,cactus,alpha0.25,case_027,4356,False,1.9881,4357,658,151.021,437,100.298,118.201,162.268
aime24,cactus,alpha0.25,case_028,31540,False,8.5707,31541,5939,188.295,4004,126.946,145.842,199.803
aime24,cactus,alpha0.25,case_029,27239,False,2.5488,27249,6715,246.431,4838,177.548,201.989,287.754
aime24,cactus,alpha0.25,case_030,32768,True,3.9951,32774,9035,275.676,6644,202.722,230.182,333.405
aime24,mentored_dec,alpha0.37,case_001,2067,False,1.2081,2068,80,38.685,21,10.155,15.957,40.135
aime24,mentored_dec,alpha0.37,case_002,30452,False,0.9293,30454,1645,54.016,524,17.206,26.762,66.198
aime24,mentored_dec,alpha0.37,case_003,23657,False,0.8176,23659,1514,63.993,480,20.288,30.771,86.563
aime24,mentored_dec,alpha0.37,case_004,15604,False,1.4995,15608,823,52.729,256,16.402,22.553,62.276
aime24,mentored_dec,alpha0.37,case_005,5039,False,0.9342,5040,245,48.611,77,15.278,22.222,52.579
aime24,mentored_dec,alpha0.37,case_006,14667,False,1.382,14669,609,41.516,155,10.567,17.111,43.834
aime24,mentored_dec,alpha0.37,case_007,24738,False,4.0903,24740,1084,43.816,292,11.803,18.715,49.03
aime24,mentored_dec,alpha0.37,case_008,3440,False,1.7409,3444,152,44.135,37,10.743,15.389,49.071
aime24,mentored_dec,alpha0.37,case_009,3179,False,1.0902,3183,141,44.298,32,10.053,15.08,43.669
aime24,mentored_dec,alpha0.37,case_010,1657,False,1.0916,1658,67,40.41,12,7.238,16.285,41.013
aime24,mentored_dec,alpha0.37,case_011,29753,False,6.2943,29754,1469,49.372,483,16.233,23.257,64.529
aime24,mentored_dec,alpha0.37,case_012,2893,False,1.3969,2894,156,53.905,44,15.204,24.188,64.962
aime24,mentored_dec,alpha0.37,case_013,4260,False,2.8571,4261,162,38.019,38,8.918,15.255,44.356
aime24,mentored_dec,alpha0.37,case_014,30237,False,0.9228,30239,1788,59.129,613,20.272,31.251,86.676
aime24,mentored_dec,alpha0.37,case_015,11367,False,2.2871,11369,592,52.071,188,16.536,23.925,65.793
aime24,mentored_dec,alpha0.37,case_016,1478,False,0.3401,1481,59,39.838,18,12.154,20.257,53.342
aime24,mentored_dec,alpha0.37,case_017,14683,False,0.6805,14684,658,44.811,193,13.144,19.0,53.868
aime24,mentored_dec,alpha0.37,case_018,14280,False,2.6954,14285,677,47.392,196,13.721,20.301,56.843
aime24,mentored_dec,alpha0.37,case_019,32768,True,2.8361,32771,1823,55.628,619,18.889,28.074,75.494
aime24,mentored_dec,alpha0.37,case_020,3282,False,0.982,3284,148,45.067,40,12.18,17.052,43.24
aime24,mentored_dec,alpha0.37,case_021,12334,False,1.2519,12335,673,54.56,197,15.971,23.754,66.802
aime24,mentored_dec,alpha0.37,case_022,5595,False,0.661,5600,353,63.036,109,19.464,29.107,87.143
aime24,mentored_dec,alpha0.37,case_023,8008,False,1.0285,8013,546,68.139,163,20.342,30.7,90.104
aime24,mentored_dec,alpha0.37,case_024,3632,False,0.1798,3635,153,42.091,39,10.729,14.856,45.942
aime24,mentored_dec,alpha0.37,case_025,2744,False,0.9017,2745,75,27.322,23,8.379,13.843,24.772
aime24,mentored_dec,alpha0.37,case_026,32768,True,1.0,32774,1547,47.202,524,15.988,23.037,66.76
aime24,mentored_dec,alpha0.37,case_027,2454,False,1.12,2458,102,41.497,20,8.137,14.646,45.159
aime24,mentored_dec,alpha0.37,case_028,12087,False,3.2845,12090,622,51.447,182,15.054,21.754,56.741
aime24,mentored_dec,alpha0.37,case_029,14039,False,1.3137,14040,954,67.949,339,24.145,35.114,92.877
aime24,mentored_dec,alpha0.37,case_030,6369,False,0.7765,6378,489,76.67,155,24.302,39.824,100.188
aime24,r_fuzzy,alpha0.3,case_001,16370,False,9.5675,16371,2926,178.731,1836,112.15,131.941,182.274
aime24,r_fuzzy,alpha0.3,case_002,32768,True,1.0,32775,6384,194.783,4388,133.883,153.898,212.418
aime24,r_fuzzy,alpha0.3,case_003,32768,True,1.1325,32778,8420,256.88,6022,183.721,208.89,294.496
aime24,r_fuzzy,alpha0.3,case_004,16823,False,1.6167,16825,3104,184.487,2052,121.961,140.089,196.969
aime24,r_fuzzy,alpha0.3,case_005,32768,True,6.0749,32770,6260,191.028,4175,127.403,144.065,195.88
aime24,r_fuzzy,alpha0.3,case_006,32768,True,3.0875,32773,5427,165.594,3629,110.731,127.91,167.211
aime24,r_fuzzy,alpha0.3,case_007,17038,False,2.8171,17044,2956,173.433,1970,115.583,130.838,175.604
aime24,r_fuzzy,alpha0.3,case_008,10527,False,5.3274,10529,1877,178.27,1213,115.206,133.631,184.728
aime24,r_fuzzy,alpha0.3,case_009,18154,False,6.2257,18155,3352,184.632,2210,121.73,140.347,188.158
aime24,r_fuzzy,alpha0.3,case_010,2956,False,1.9473,2959,511,172.693,342,115.58,130.787,176.411
aime24,r_fuzzy,alpha0.3,case_011,27824,False,5.8862,27829,5649,202.99,3976,142.873,161.235,225.305
aime24,r_fuzzy,alpha0.3,case_012,2667,False,1.2878,2669,549,205.695,388,145.373,168.228,231.547
aime24,r_fuzzy,alpha0.3,case_013,6232,False,4.1797,6234,889,142.605,591,94.803,107.475,147.899
aime24,r_fuzzy,alpha0.3,case_014,7980,False,0.2435,7985,1776,222.417,1246,156.043,176.331,265.748
aime24,r_fuzzy,alpha0.3,case_015,31476,False,6.3332,31479,6565,208.552,4651,147.749,167.604,236.602
aime24,r_fuzzy,alpha0.3,case_016,4967,False,1.1429,4968,858,172.705,569,114.533,129.831,178.341
aime24,r_fuzzy,alpha0.3,case_017,27156,False,1.2586,27159,4918,181.082,3370,124.084,141.39,191.428
aime24,r_fuzzy,alpha0.3,case_018,30703,False,5.7952,30705,5453,177.593,3655,119.036,137.046,183.586
aime24,r_fuzzy,alpha0.3,case_019,15452,False,1.3374,15455,3505,226.787,2350,152.054,175.154,252.087
aime24,r_fuzzy,alpha0.3,case_020,31809,False,9.518,31810,6147,193.241,4184,131.531,150.267,203.961
aime24,r_fuzzy,alpha0.3,case_021,32722,False,3.3214,32723,7628,233.108,5538,169.239,190.141,269.016
aime24,r_fuzzy,alpha0.3,case_022,8146,False,0.9623,8148,2051,251.718,1441,176.853,201.767,277.86
aime24,r_fuzzy,alpha0.3,case_023,23416,False,3.0074,23425,5200,221.985,3428,146.339,170.843,241.921
aime24,r_fuzzy,alpha0.3,case_024,5227,False,0.2587,5231,936,178.933,637,121.774,138.788,181.992
aime24,r_fuzzy,alpha0.3,case_025,8893,False,2.9224,8898,1167,131.153,747,83.951,96.426,125.309
aime24,r_fuzzy,alpha0.3,case_026,29316,False,0.8947,29317,7043,240.236,5112,174.37,198.076,286.557
aime24,r_fuzzy,alpha0.3,case_027,6868,False,3.1346,6870,1017,148.035,677,98.544,114.41,163.028
aime24,r_fuzzy,alpha0.3,case_028,32768,True,8.9043,32776,6839,208.659,4653,141.964,163.687,225.805
aime24,r_fuzzy,alpha0.3,case_029,7452,False,0.6973,7453,1731,232.255,1182,158.594,181.94,253.052
aime24,r_fuzzy,alpha0.3,case_030,31152,False,3.7981,31160,8535,273.909,6133,196.823,224.487,329.172
aime24,spec_casc_opt,alpha0.05,case_001,8070,False,4.7165,8077,765,94.713,370,45.809,56.952,110.932
aime24,spec_casc_opt,alpha0.05,case_002,32768,True,1.0,32776,4167,127.136,2053,62.637,81.096,122.773
aime24,spec_casc_opt,alpha0.05,case_003,32768,True,1.1325,32770,4902,149.588,2631,80.287,99.878,164.205
aime24,spec_casc_opt,alpha0.05,case_004,32768,True,3.149,32774,3821,116.586,1972,60.17,75.487,113.779
aime24,spec_casc_opt,alpha0.05,case_005,32768,True,6.0749,32777,4447,135.674,2057,62.757,81.46,114.959
aime24,spec_casc_opt,alpha0.05,case_006,32768,True,3.0875,32775,3564,108.741,1954,59.619,74.172,106.789
aime24,spec_casc_opt,alpha0.05,case_007,32768,True,5.418,32770,4209,128.441,2297,70.095,86.97,126.793
aime24,spec_casc_opt,alpha0.05,case_008,32768,True,16.583,32773,3820,116.559,1838,56.083,72.407,104.324
aime24,spec_casc_opt,alpha0.05,case_009,12122,False,4.1571,12123,1178,97.171,575,47.431,61.453,85.127
aime24,spec_casc_opt,alpha0.05,case_010,2338,False,1.5402,2349,207,88.123,111,47.254,58.748,100.043
aime24,spec_casc_opt,alpha0.05,case_011,32768,True,6.9321,32769,3633,110.867,1851,56.486,70.829,109.036
aime24,spec_casc_opt,alpha0.05,case_012,5061,False,2.4437,5065,684,135.044,366,72.261,91.017,147.483
aime24,spec_casc_opt,alpha0.05,case_013,8145,False,5.4628,8154,753,92.347,362,44.395,56.291,81.555
aime24,spec_casc_opt,alpha0.05,case_014,15671,False,0.4782,15675,2507,159.936,1307,83.381,105.199,180.096
aime24,spec_casc_opt,alpha0.05,case_015,32768,True,6.5932,32770,3666,111.871,2035,62.099,76.045,115.227
aime24,spec_casc_opt,alpha0.05,case_016,5811,False,1.3371,5817,655,112.601,317,54.495,67.389,105.725
aime24,spec_casc_opt,alpha0.05,case_017,32768,True,1.5187,32772,3815,116.41,2034,62.065,76.742,119.065
aime24,spec_casc_opt,alpha0.05,case_018,32768,True,6.185,32772,3745,114.274,2031,61.974,77.536,115.709
aime24,spec_casc_opt,alpha0.05,case_019,32768,True,2.8361,32773,5287,161.322,2602,79.395,100.632,166.997
aime24,spec_casc_opt,alpha0.05,case_020,8266,False,2.4734,8271,994,120.179,572,69.157,82.699,119.333
aime24,spec_casc_opt,alpha0.05,case_021,13223,False,1.3422,13230,1781,134.618,943,71.277,89.72,133.56
aime24,spec_casc_opt,alpha0.05,case_022,32768,True,3.871,32776,4300,131.194,2273,69.35,88.296,142.055
aime24,spec_casc_opt,alpha0.05,case_023,11901,False,1.5285,11901,1578,132.594,815,68.482,86.295,135.451
aime24,spec_casc_opt,alpha0.05,case_024,11531,False,0.5708,11539,1328,115.088,685,59.364,74.617,115.608
aime24,spec_casc_opt,alpha0.05,case_025,6378,False,2.096,6382,486,76.152,278,43.56,53.902,75.995
aime24,spec_casc_opt,alpha0.05,case_026,32768,True,1.0,32770,4239,129.356,2357,71.926,88.984,141.868
aime24,spec_casc_opt,alpha0.05,case_027,4429,False,2.0215,4438,447,100.721,224,50.473,66.471,103.425
aime24,spec_casc_opt,alpha0.05,case_028,32768,True,8.9043,32768,3249,99.152,1615,49.286,64.545,93.719
aime24,spec_casc_opt,alpha0.05,case_029,14826,False,1.3873,14832,2135,143.946,1113,75.04,93.042,154.463
aime24,spec_casc_opt,alpha0.05,case_030,23016,False,2.8061,23020,3568,154.996,1895,82.32,104.214,171.46
aime24,spec_casc_tok,alpha0.3,case_001,2005,False,1.1718,2006,44,21.934,0,0.0,0.0,20.937
aime24,spec_casc_tok,alpha0.3,case_002,32768,True,1.0,32768,743,22.675,0,0.0,0.0,29.51
aime24,spec_casc_tok,alpha0.3,case_003,22175,False,0.7664,22176,699,31.521,0,0.0,0.0,41.351
aime24,spec_casc_tok,alpha0.3,case_004,32768,True,3.149,32774,612,18.673,0,0.0,0.0,19.68
aime24,spec_casc_tok,alpha0.3,case_005,7038,False,1.3048,7039,194,27.561,0,0.0,0.0,24.009
aime24,spec_casc_tok,alpha0.3,case_006,11967,False,1.1276,11971,273,22.805,0,0.0,0.0,27.483
aime24,spec_casc_tok,alpha0.3,case_007,4428,False,0.7321,4430,107,24.153,0,0.0,0.0,28.668
aime24,spec_casc_tok,alpha0.3,case_008,2824,False,1.4291,2826,56,19.816,0,0.0,0.0,26.893
aime24,spec_casc_tok,alpha0.3,case_009,2275,False,0.7802,2276,71,31.195,0,0.0,0.0,26.362
aime24,spec_casc_tok,alpha0.3,case_010,1768,False,1.1647,1774,58,32.694,0,0.0,0.0,24.803
aime24,spec_casc_tok,alpha0.3,case_011,27669,False,5.8534,27670,770,27.828,0,0.0,0.0,43.802
aime24,spec_casc_tok,alpha0.3,case_012,1841,False,0.8889,1842,39,21.173,0,0.0,0.0,32.03
aime24,spec_casc_tok,alpha0.3,case_013,1657,False,1.1113,1658,25,15.078,0,0.0,0.0,15.078
aime24,spec_casc_tok,alpha0.3,case_014,10033,False,0.3062,10038,365,36.362,0,0.0,0.0,42.738
aime24,spec_casc_tok,alpha0.3,case_015,6823,False,1.3728,6824,143,20.955,0,0.0,0.0,24.619
aime24,spec_casc_tok,alpha0.3,case_016,1215,False,0.2796,1217,24,19.721,0,0.0,0.0,17.256
aime24,spec_casc_tok,alpha0.3,case_017,6048,False,0.2803,6051,143,23.632,0,0.0,0.0,27.599
aime24,spec_casc_tok,alpha0.3,case_018,5277,False,0.996,5280,106,20.076,0,0.0,0.0,26.705
aime24,spec_casc_tok,alpha0.3,case_019,15885,False,1.3748,15889,518,32.601,0,0.0,0.0,39.524
aime24,spec_casc_tok,alpha0.3,case_020,3439,False,1.029,3440,79,22.965,0,0.0,0.0,18.895
aime24,spec_casc_tok,alpha0.3,case_021,5066,False,0.5142,5068,147,29.006,0,0.0,0.0,38.871
aime24,spec_casc_tok,alpha0.3,case_022,3088,False,0.3648,3092,96,31.048,0,0.0,0.0,37.516
aime24,spec_casc_tok,alpha0.3,case_023,3762,False,0.4832,3764,128,34.006,0,0.0,0.0,44.368
aime24,spec_casc_tok,alpha0.3,case_024,2994,False,0.1482,2995,71,23.706,0,0.0,0.0,27.379
aime24,spec_casc_tok,alpha0.3,case_025,1545,False,0.5077,1548,23,14.858,0,0.0,0.0,14.858
aime24,spec_casc_tok,alpha0.3,case_026,22468,False,0.6857,22469,532,23.677,0,0.0,0.0,32.445
aime24,spec_casc_tok,alpha0.3,case_027,2121,False,0.9681,2123,46,21.667,0,0.0,0.0,23.552
aime24,spec_casc_tok,alpha0.3,case_028,13969,False,3.7959,13971,303,21.688,0,0.0,0.0,18.324
aime24,spec_casc_tok,alpha0.3,case_029,19587,False,1.8328,19588,586,29.916,0,0.0,0.0,39.003
aime24,spec_casc_tok,alpha0.3,case_030,8684,False,1.0588,8687,337,38.794,0,0.0,0.0,46.967
aime24,spec_casc_tok,alpha0.3_hscapture,case_004,14000,True,1.3454,14001,333,23.784,0,0.0,0.0,25.57
aime24,spec_casc_tok,alpha0.5,case_001,2125,False,1.242,2133,56,26.254,0,0.0,0.0,16.409
aime24,spec_casc_tok,alpha0.5,case_002,32768,True,1.0,32768,986,30.09,0,0.0,0.0,28.717
aime24,spec_casc_tok,alpha0.5,case_003,32768,True,1.1325,32774,1129,34.448,0,0.0,0.0,37.53
aime24,spec_casc_tok,alpha0.5,case_004,31786,False,3.0546,31787,913,28.722,0,0.0,0.0,22.399
aime24,spec_casc_tok,alpha0.5,case_005,7745,False,1.4359,7746,290,37.439,0,0.0,0.0,23.109
aime24,spec_casc_tok,alpha0.5,case_006,8767,False,0.8261,8772,213,24.282,0,0.0,0.0,18.126
aime24,spec_casc_tok,alpha0.5,case_007,3593,False,0.5941,3595,114,31.711,0,0.0,0.0,28.651
aime24,spec_casc_tok,alpha0.5,case_008,2422,False,1.2257,2424,80,33.003,0,0.0,0.0,19.389
aime24,spec_casc_tok,alpha0.5,case_009,2071,False,0.7102,2075,78,37.59,0,0.0,0.0,20.241
aime24,spec_casc_tok,alpha0.5,case_010,1908,False,1.2569,1914,68,35.528,0,0.0,0.0,25.078
aime24,spec_casc_tok,alpha0.5,case_011,5406,False,1.1436,5408,156,28.846,0,0.0,0.0,25.703
aime24,spec_casc_tok,alpha0.5,case_012,2164,False,1.0449,2165,67,30.947,0,0.0,0.0,36.952
aime24,spec_casc_tok,alpha0.5,case_013,1839,False,1.2334,1840,50,27.174,0,0.0,0.0,19.565
aime24,spec_casc_tok,alpha0.5,case_014,30541,False,0.932,30543,1238,40.533,0,0.0,0.0,45.346
aime24,spec_casc_tok,alpha0.5,case_015,4739,False,0.9535,4741,136,28.686,0,0.0,0.0,23.202
aime24,spec_casc_tok,alpha0.5,case_016,2448,False,0.5633,2453,77,31.39,0,0.0,0.0,27.721
aime24,spec_casc_tok,alpha0.5,case_017,5432,False,0.2518,5433,143,26.321,0,0.0,0.0,19.142
aime24,spec_casc_tok,alpha0.5,case_018,7985,False,1.5072,7988,220,27.541,0,0.0,0.0,23.41
aime24,spec_casc_tok,alpha0.5,case_019,7023,False,0.6078,7024,251,35.735,0,0.0,0.0,30.894
aime24,spec_casc_tok,alpha0.5,case_020,3312,False,0.991,3316,106,31.966,0,0.0,0.0,19.602
aime24,spec_casc_tok,alpha0.5,case_021,11370,False,1.1541,11371,418,36.76,0,0.0,0.0,30.34
aime24,spec_casc_tok,alpha0.5,case_022,6789,False,0.802,6792,286,42.108,0,0.0,0.0,40.342
aime24,spec_casc_tok,alpha0.5,case_023,4606,False,0.5916,4609,173,37.535,0,0.0,0.0,36.45
aime24,spec_casc_tok,alpha0.5,case_024,2793,False,0.1383,2796,88,31.474,0,0.0,0.0,23.963
aime24,spec_casc_tok,alpha0.5,case_025,1729,False,0.5682,1730,27,15.607,0,0.0,0.0,11.561
aime24,spec_casc_tok,alpha0.5,case_026,32768,True,1.0,32774,950,28.986,0,0.0,0.0,27.918
aime24,spec_casc_tok,alpha0.5,case_027,2554,False,1.1657,2556,94,36.776,0,0.0,0.0,26.995
aime24,spec_casc_tok,alpha0.5,case_028,15938,False,4.331,15940,429,26.913,0,0.0,0.0,19.072
aime24,spec_casc_tok,alpha0.5,case_029,32768,True,3.0662,32767,1388,42.36,0,0.0,0.0,45.167
aime24,spec_casc_tok,alpha0.5,case_030,6695,False,0.8163,6697,308,45.991,0,0.0,0.0,45.244
aime24,spec_casc_tok,alpha0.7,case_001,2193,False,1.2817,2196,69,31.421,0,0.0,5.92,15.483
aime24,spec_casc_tok,alpha0.7,case_002,7323,False,0.2235,7324,257,35.09,0,0.0,7.1,18.023
aime24,spec_casc_tok,alpha0.7,case_003,32768,True,1.1325,32768,1541,47.028,0,0.0,12.268,33.417
aime24,spec_casc_tok,alpha0.7,case_004,32768,True,3.149,32770,1287,39.274,0,0.0,8.972,26.823
aime24,spec_casc_tok,alpha0.7,case_005,8067,False,1.4956,8068,354,43.877,0,0.0,9.792,19.707
aime24,spec_casc_tok,alpha0.7,case_006,5006,False,0.4717,5008,171,34.145,0,0.0,8.187,18.57
aime24,spec_casc_tok,alpha0.7,case_007,6470,False,1.0698,6478,271,41.834,0,0.0,11.115,25.471
aime24,spec_casc_tok,alpha0.7,case_008,3168,False,1.6032,3169,125,39.445,0,0.0,7.258,16.725
aime24,spec_casc_tok,alpha0.7,case_009,2822,False,0.9678,2823,126,44.633,0,0.0,12.044,23.025
aime24,spec_casc_tok,alpha0.7,case_010,1517,False,0.9993,1519,48,31.6,0,0.0,11.192,18.433
aime24,spec_casc_tok,alpha0.7,case_011,6549,False,1.3854,6550,321,49.008,0,0.0,13.435,38.168
aime24,spec_casc_tok,alpha0.7,case_012,1829,False,0.8831,1831,74,40.415,0,0.0,9.831,39.869
aime24,spec_casc_tok,alpha0.7,case_013,2115,False,1.4185,2116,66,31.191,0,0.0,5.671,19.376
aime24,spec_casc_tok,alpha0.7,case_014,32768,True,1.0,32769,1690,51.573,0,0.0,12.878,38.054
aime24,spec_casc_tok,alpha0.7,case_015,4768,False,0.9594,4774,189,39.589,0,0.0,8.588,24.717
aime24,spec_casc_tok,alpha0.7,case_016,2653,False,0.6104,2655,118,44.444,0,0.0,12.429,24.105
aime24,spec_casc_tok,alpha0.7,case_017,9725,False,0.4507,9726,399,41.024,0,0.0,10.487,21.592
aime24,spec_casc_tok,alpha0.7,case_018,5573,False,1.0519,5574,197,35.343,0,0.0,6.638,20.99
aime24,spec_casc_tok,alpha0.7,case_019,4077,False,0.3529,4084,219,53.624,0,0.0,12.977,30.607
aime24,spec_casc_tok,alpha0.7,case_020,2873,False,0.8597,2882,101,35.045,0,0.0,5.205,15.961
aime24,spec_casc_tok,alpha0.7,case_021,18718,False,1.8999,18720,784,41.88,0,0.0,9.722,23.451
aime24,spec_casc_tok,alpha0.7,case_022,7178,False,0.848,7178,353,49.178,0,0.0,11.981,33.853
aime24,spec_casc_tok,alpha0.7,case_023,6849,False,0.8797,6855,376,54.85,0,0.0,13.275,39.679
aime24,spec_casc_tok,alpha0.7,case_024,3215,False,0.1591,3216,162,50.373,0,0.0,12.749,24.565
aime24,spec_casc_tok,alpha0.7,case_025,2112,False,0.6941,2114,45,21.287,0,0.0,4.257,10.88
aime24,spec_casc_tok,alpha0.7,case_026,32768,True,1.0,32770,1420,43.332,0,0.0,11.626,29.204
aime24,spec_casc_tok,alpha0.7,case_027,2161,False,0.9863,2162,81,37.465,0,0.0,10.638,20.352
aime24,spec_casc_tok,alpha0.7,case_028,7816,False,2.1239,7818,298,38.117,0,0.0,7.803,16.245
aime24,spec_casc_tok,alpha0.7,case_029,32768,True,3.0662,32769,1898,57.921,0,0.0,15.106,38.817
aime24,spec_casc_tok,alpha0.7,case_030,21493,False,2.6205,21494,1489,69.275,0,0.0,18.749,43.221
aime24,spec_casc_tok,alpha1,case_001,32768,True,19.1514,32774,8169,249.252,5633,171.874,197.718,272.533
aime24,strict,strict,case_001,1711,False,1.0,1712,0,0.0,0,0.0,0.0,26.285
aime24,strict,strict,case_002,32768,True,1.0,32768,0,0.0,0,0.0,0.0,44.983
aime24,strict,strict,case_003,28934,False,1.0,28938,0,0.0,0,0.0,0.0,62.029
aime24,strict,strict,case_004,10406,False,1.0,10408,0,0.0,0,0.0,0.0,47.848
aime24,strict,strict,case_005,5394,False,1.0,5396,0,0.0,0,0.0,0.0,35.953
aime24,strict,strict,case_006,10613,False,1.0,10617,0,0.0,0,0.0,0.0,34.379
aime24,strict,strict,case_007,6048,False,1.0,6049,0,0.0,0,0.0,0.0,47.611
aime24,strict,strict,case_008,1976,False,1.0,1977,0,0.0,0,0.0,0.0,26.808
aime24,strict,strict,case_009,2916,False,1.0,2917,0,0.0,0,0.0,0.0,39.081
aime24,strict,strict,case_010,1518,False,1.0,1521,0,0.0,0,0.0,0.0,43.393
aime24,strict,strict,case_011,4727,False,1.0,4729,0,0.0,0,0.0,0.0,48.636
aime24,strict,strict,case_012,2071,False,1.0,2072,0,0.0,0,0.0,0.0,37.162
aime24,strict,strict,case_013,1491,False,1.0,1494,0,0.0,0,0.0,0.0,24.766
aime24,strict,strict,case_014,32768,True,1.0,32769,0,0.0,0,0.0,0.0,72.569
aime24,strict,strict,case_015,4970,False,1.0,4974,0,0.0,0,0.0,0.0,37.998
aime24,strict,strict,case_016,4346,False,1.0,4350,0,0.0,0,0.0,0.0,39.31
aime24,strict,strict,case_017,21576,False,1.0,21579,0,0.0,0,0.0,0.0,44.349
aime24,strict,strict,case_018,5298,False,1.0,5303,0,0.0,0,0.0,0.0,45.823
aime24,strict,strict,case_019,11554,False,1.0,11555,0,0.0,0,0.0,0.0,42.666
aime24,strict,strict,case_020,3342,False,1.0,3345,0,0.0,0,0.0,0.0,36.472
aime24,strict,strict,case_021,9852,False,1.0,9854,0,0.0,0,0.0,0.0,63.122
aime24,strict,strict,case_022,8465,False,1.0,8466,0,0.0,0,0.0,0.0,53.272
aime24,strict,strict,case_023,7786,False,1.0,7789,0,0.0,0,0.0,0.0,65.734
aime24,strict,strict,case_024,20202,False,1.0,20203,0,0.0,0,0.0,0.0,33.213
aime24,strict,strict,case_025,3043,False,1.0,3045,0,0.0,0,0.0,0.0,29.228
aime24,strict,strict,case_026,32768,True,1.0,32770,0,0.0,0,0.0,0.0,49.68
aime24,strict,strict,case_027,2191,False,1.0,2195,0,0.0,0,0.0,0.0,44.191
aime24,strict,strict,case_028,3680,False,1.0,3687,0,0.0,0,0.0,0.0,27.936
aime24,strict,strict,case_029,10687,False,1.0,10689,0,0.0,0,0.0,0.0,55.103
aime24,strict,strict,case_030,8202,False,1.0,8204,0,0.0,0,0.0,0.0,74.476
