dataset,method,params,case,seed,status,l_bar,mean_accept_length,output_tokens,draft_rounds,draft_acceptance_rate,finish_reason,reached_final_channel,wall_time_seconds
longbench_v2,mentored_dec,alpha0.55,case_001,1,ok,2.947136563876652,3.947136563876652,895,227.0,0.4911894273127753,stop,True,2.884655511006713
longbench_v2,mentored_dec,alpha0.55,case_002,1,ok,2.2036553524804177,3.2036553524804177,1227,383.0,0.3672758920800696,stop,True,3.978172459639609
longbench_v2,mentored_dec,alpha0.55,case_003,1,ok,2.674193548387097,3.674193548387097,1138,310.0,0.4456989247311828,stop,True,2.9885778087191284
longbench_v2,mentored_dec,alpha0.55,case_004,1,ok,2.99492385786802,3.99492385786802,1572,394.0,0.49915397631133673,stop,True,3.229330605827272
longbench_v2,mentored_dec,alpha0.55,case_005,1,ok,3.0395136778115504,4.03951367781155,1329,329.0,0.5065856129685917,stop,True,2.669642326887697
longbench_v2,mentored_dec,alpha0.55,case_006,1,ok,2.589575120455541,3.589575120455541,8192,2283.0,0.4315958534092568,length,False,17.526422992814332
longbench_v2,mentored_dec,alpha0.55,case_007,1,ok,2.1376404494382024,3.1376404494382024,1116,356.0,0.3562734082397004,stop,True,3.6910423301160336
longbench_v2,mentored_dec,alpha0.55,case_008,1,ok,2.7316421895861147,3.7316421895861147,2794,749.0,0.4552736982643525,stop,True,6.223269435111433
longbench_v2,mentored_dec,alpha0.55,case_009,1,ok,3.817444219066937,4.817444219066937,2374,493.0,0.6362407031778229,stop,True,4.188123264815658
longbench_v2,mentored_dec,alpha0.55,case_010,1,ok,2.0462962962962963,3.0462962962962963,328,108.0,0.3410493827160494,stop,True,1.7271893732249737
longbench_v2,mentored_dec,alpha0.55,case_011,1,ok,2.6125461254612548,3.6125461254612548,979,271.0,0.4354243542435424,stop,True,2.38465311890468
longbench_v2,mentored_dec,alpha0.55,case_012,1,ok,2.5282555282555284,3.5282555282555284,1436,407.0,0.4213759213759214,stop,True,3.250795466825366
longbench_v2,mentored_dec,alpha0.55,case_013,1,ok,1.4528301886792452,2.452830188679245,129,53.0,0.24213836477987422,stop,True,0.9017246817238629
longbench_v2,mentored_dec,alpha0.55,case_014,1,ok,2.4635294117647057,3.4635294117647057,1471,425.0,0.41058823529411764,stop,True,3.3450931338593364
longbench_v2,mentored_dec,alpha0.55,case_015,1,ok,2.589090909090909,3.589090909090909,1974,550.0,0.4315151515151515,stop,True,4.78122597374022
longbench_v2,mentored_dec,alpha0.55,case_016,1,ok,2.82015306122449,3.82015306122449,2993,784.0,0.4700255102040816,stop,True,5.907412290107459
longbench_v2,mentored_dec,alpha0.55,case_017,1,ok,2.338235294117647,3.338235294117647,453,136.0,0.3897058823529412,stop,True,1.3112849369645119
longbench_v2,mentored_dec,alpha0.55,case_018,1,ok,3.7941176470588234,4.794117647058823,6030,1258.0,0.6323529411764706,stop,True,9.546985734719783
longbench_v2,mentored_dec,alpha0.55,case_019,1,ok,2.564516129032258,3.564516129032258,661,186.0,0.4274193548387097,stop,True,1.9525524699129164
longbench_v2,mentored_dec,alpha0.55,case_020,1,ok,1.75,2.75,1078,392.0,0.2916666666666667,stop,True,4.063202437013388
longbench_v2,mentored_dec,alpha0.55,case_021,1,ok,2.7759562841530054,3.7759562841530054,691,183.0,0.46265938069216755,stop,True,1.6246842257678509
longbench_v2,mentored_dec,alpha0.55,case_022,1,ok,3.2674418604651163,4.267441860465116,734,172.0,0.5445736434108527,stop,True,1.4594731288962066
longbench_v2,mentored_dec,alpha0.55,case_023,1,ok,2.205438066465257,3.205438066465257,3183,993.0,0.3675730110775428,stop,True,8.600898845121264
longbench_v2,mentored_dec,alpha0.55,case_024,1,ok,3.2949852507374633,4.294985250737463,2910,678.0,0.5491642084562438,stop,True,5.296812132000923
longbench_v2,mentored_dec,alpha0.55,case_025,1,ok,2.2395260262378334,3.2395260262378334,7656,2363.0,0.37325433770630556,stop,True,19.054984480142593
longbench_v2,mentored_dec,alpha0.55,case_026,1,ok,2.5254237288135593,3.5254237288135593,414,118.0,0.4209039548022599,stop,True,1.3542063659988344
longbench_v2,mentored_dec,alpha0.55,case_027,1,ok,3.1033360455655004,4.1033360455655,5042,1229.0,0.5172226742609167,stop,True,9.111297317314893
longbench_v2,mentored_dec,alpha0.55,case_028,1,ok,2.871165644171779,3.871165644171779,1260,326.0,0.4785276073619632,stop,True,2.87304191570729
longbench_v2,mentored_dec,alpha0.55,case_029,1,ok,3.0802139037433154,4.080213903743315,762,187.0,0.5133689839572193,stop,True,1.548779962118715
longbench_v2,mentored_dec,alpha0.55,case_030,1,ok,2.829710144927536,3.829710144927536,1056,276.0,0.4716183574879227,stop,True,2.5094758882187307
longbench_v2,mentored_dec,alpha0.55,case_031,1,ok,2.2527352297593,3.2527352297593,2973,914.0,0.37545587162655,stop,True,7.905709353741258
longbench_v2,mentored_dec,alpha0.55,case_032,1,ok,2.6453048509123276,3.6453048509123276,8192,2247.0,0.44088414181872126,length,False,17.512989601120353
longbench_v2,mentored_dec,alpha0.55,case_033,1,ok,3.3753213367609254,4.375321336760925,1701,389.0,0.5625535561268209,stop,True,3.5066532380878925
longbench_v2,mentored_dec,alpha0.55,case_034,1,ok,2.5973333333333333,3.5973333333333333,1350,375.0,0.4328888888888889,stop,True,3.1820065286010504
longbench_v2,mentored_dec,alpha0.55,case_035,1,ok,2.7859922178988326,3.7859922178988326,971,257.0,0.46433203631647213,stop,True,2.1736511969938874
longbench_v2,mentored_dec,alpha0.55,case_036,1,ok,3.515079365079365,4.515079365079365,5688,1260.0,0.5858465608465608,stop,True,9.389709174167365
longbench_v2,mentored_dec,alpha0.55,case_037,1,ok,3.0423280423280423,4.042328042328043,1527,378.0,0.5070546737213404,stop,True,3.1442942987196147
longbench_v2,mentored_dec,alpha0.55,case_038,1,ok,2.870848708487085,3.870848708487085,1047,271.0,0.4784747847478475,stop,True,2.3742815451696515
longbench_v2,mentored_dec,alpha0.55,case_039,1,ok,2.6345733041575494,3.6345733041575494,1662,457.0,0.4390955506929249,stop,True,3.752519415691495
longbench_v2,mentored_dec,alpha0.55,case_040,1,ok,3.128747795414462,4.128747795414462,2342,567.0,0.5214579659024103,stop,True,4.528833590913564
longbench_v2,mentored_dec,alpha0.55,case_041,1,ok,2.3061889250814334,3.3061889250814334,1014,307.0,0.38436482084690554,stop,True,3.091008177958429
longbench_v2,mentored_dec,alpha0.55,case_042,1,ok,2.0616302186878728,3.0616302186878728,1541,503.0,0.3436050364479788,stop,True,4.31506831664592
longbench_v2,mentored_dec,alpha0.55,case_043,1,ok,2.7821969696969697,3.7821969696969697,1995,528.0,0.463699494949495,stop,True,4.01096721040085
longbench_v2,mentored_dec,alpha0.55,case_044,1,ok,2.4066852367688023,3.4066852367688023,1222,359.0,0.4011142061281337,stop,True,3.631830119062215
longbench_v2,mentored_dec,alpha0.55,case_045,1,ok,2.4513684210526314,3.4513684210526314,8192,2375.0,0.4085614035087719,length,False,19.05036413995549
longbench_v2,mentored_dec,alpha0.55,case_046,1,ok,2.16728624535316,3.16728624535316,1703,538.0,0.36121437422552666,stop,True,5.058438287116587
longbench_v2,mentored_dec,alpha0.55,case_047,1,ok,2.8109756097560976,3.8109756097560976,3124,820.0,0.4684959349593496,stop,True,6.594614966306835
longbench_v2,mentored_dec,alpha0.55,case_048,1,ok,2.4824355971896956,3.4824355971896956,1487,427.0,0.4137392661982826,stop,True,3.6140241660177708
longbench_v2,mentored_dec,alpha0.55,case_049,1,ok,2.195266272189349,3.195266272189349,1620,507.0,0.36587771203155817,stop,True,4.516386276111007
longbench_v2,mentored_dec,alpha0.55,case_050,1,ok,2.8698132780082988,3.8698132780082988,7461,1928.0,0.47830221300138315,stop,True,14.6079889270477
longbench_v2,mentored_dec,alpha0.55,case_051,1,ok,2.1495468277945617,3.1495468277945617,2083,662.0,0.358257804632427,stop,True,6.1314848670735955
longbench_v2,mentored_dec,alpha0.55,case_052,1,ok,1.8321951219512196,2.8321951219512194,2898,1025.0,0.3053658536585366,stop,True,8.999690493568778
longbench_v2,mentored_dec,alpha0.55,case_053,1,ok,2.819672131147541,3.819672131147541,1398,366.0,0.46994535519125685,stop,True,3.137780210003257
longbench_v2,mentored_dec,alpha0.55,case_054,1,ok,2.577777777777778,3.577777777777778,803,225.0,0.42962962962962964,stop,True,2.036800320725888
longbench_v2,mentored_dec,alpha0.55,case_055,1,ok,2.9094955489614245,3.9094955489614245,2635,674.0,0.48491592482690404,stop,True,5.444908277131617
longbench_v2,mentored_dec,alpha0.55,case_056,1,ok,3.0136986301369864,4.013698630136986,876,219.0,0.502283105022831,stop,True,1.8456693505868316
longbench_v2,mentored_dec,alpha0.55,case_057,1,ok,2.740740740740741,3.740740740740741,909,243.0,0.4567901234567901,stop,True,2.2839574981480837
longbench_v2,mentored_dec,alpha0.55,case_058,1,ok,2.786729857819905,3.786729857819905,800,211.0,0.46445497630331756,stop,True,1.9894735761918128
longbench_v2,mentored_dec,alpha0.55,case_059,1,ok,2.4397163120567376,3.4397163120567376,968,282.0,0.4066193853427896,stop,True,2.4477075240574777
longbench_v2,mentored_dec,alpha0.55,case_060,1,ok,2.5226744186046512,3.5226744186046512,6058,1720.0,0.42044573643410854,stop,True,13.394021790008992
longbench_v2,mentored_dec,alpha0.55,case_061,1,ok,3.314920634920635,4.314920634920635,6795,1575.0,0.5524867724867725,stop,True,11.550558470189571
longbench_v2,mentored_dec,alpha0.55,case_062,1,ok,2.2512953367875648,3.2512953367875648,1256,386.0,0.3752158894645941,stop,True,3.61228501284495
longbench_v2,mentored_dec,alpha0.55,case_063,1,ok,3.0609756097560976,4.060975609756097,664,164.0,0.5101626016260162,stop,True,1.4758730176836252
longbench_v2,mentored_dec,alpha0.55,case_064,1,ok,2.6979166666666665,3.6979166666666665,708,192.0,0.4496527777777778,stop,True,1.7263842821121216
longbench_v2,mentored_dec,alpha0.55,case_065,1,ok,3.08955223880597,4.08955223880597,546,134.0,0.5149253731343284,stop,True,1.2392256068997085
longbench_v2,mentored_dec,alpha0.55,case_066,1,ok,2.662921348314607,3.662921348314607,322,89.0,0.4438202247191011,stop,True,0.9037862410768867
longbench_v2,mentored_dec,alpha0.55,case_067,1,ok,3.105371900826446,4.105371900826446,1985,484.0,0.5175619834710744,stop,True,4.118163311854005
longbench_v2,mentored_dec,alpha0.55,case_068,1,ok,2.643705463182898,3.643705463182898,1534,421.0,0.44061757719714967,stop,True,3.605134562123567
longbench_v2,mentored_dec,alpha0.55,case_069,1,ok,1.7985074626865671,2.798507462686567,375,134.0,0.2997512437810945,stop,True,1.6271829651668668
longbench_v2,mentored_dec,alpha0.55,case_070,1,ok,3.1484230055658626,4.148423005565863,2237,539.0,0.5247371675943104,stop,True,4.2184708579443395
longbench_v2,mentored_dec,alpha0.55,case_071,1,ok,2.021505376344086,3.021505376344086,842,279.0,0.33691756272401435,stop,True,2.559131831396371
longbench_v2,mentored_dec,alpha0.55,case_072,1,ok,3.075862068965517,4.075862068965517,1773,435.0,0.5126436781609195,stop,True,3.8163607283495367
longbench_v2,mentored_dec,alpha0.55,case_073,1,ok,2.5,3.5,2008,574.0,0.4166666666666667,stop,True,5.0212591602467
longbench_v2,mentored_dec,alpha0.55,case_074,1,ok,2.227450980392157,3.227450980392157,2470,765.0,0.3712418300653595,stop,True,6.678226613905281
longbench_v2,mentored_dec,alpha0.55,case_075,1,ok,1.6587926509186353,2.6587926509186355,1014,381.0,0.2764654418197725,stop,True,3.7601043386384845
longbench_v2,mentored_dec,alpha0.55,case_076,1,ok,2.5559701492537314,3.5559701492537314,952,268.0,0.4259950248756219,stop,True,2.248915038071573
longbench_v2,mentored_dec,alpha0.55,case_077,1,ok,1.9811320754716981,2.981132075471698,1106,371.0,0.330188679245283,stop,True,3.805501922033727
longbench_v2,mentored_dec,alpha0.55,case_078,1,ok,2.090651558073654,3.090651558073654,1090,353.0,0.34844192634560905,stop,True,3.3393070152960718
longbench_v2,mentored_dec,alpha0.55,case_079,1,ok,2.1666666666666665,3.1666666666666665,361,114.0,0.3611111111111111,stop,True,1.5348492111079395
longbench_v2,mentored_dec,alpha0.55,case_080,1,ok,2.3615023474178405,3.3615023474178405,716,213.0,0.3935837245696401,stop,True,1.993548628874123
longbench_v2,mentored_dec,alpha0.55,case_081,1,ok,1.976271186440678,2.9762711864406777,877,295.0,0.32937853107344633,stop,True,2.4736284613609314
longbench_v2,mentored_dec,alpha0.55,case_082,1,ok,2.5495495495495497,3.5495495495495497,394,111.0,0.42492492492492495,stop,True,1.3963392041623592
longbench_v2,mentored_dec,alpha0.55,case_083,1,ok,2.8797468354430378,3.8797468354430378,2451,632.0,0.479957805907173,stop,True,4.762486414983869
longbench_v2,mentored_dec,alpha0.55,case_084,1,ok,2.879396984924623,3.879396984924623,771,199.0,0.4798994974874372,stop,True,1.9578678160905838
longbench_v2,mentored_dec,alpha0.55,case_085,1,ok,3.2409638554216866,4.240963855421686,1407,332.0,0.5401606425702812,stop,True,2.775234689936042
longbench_v2,mentored_dec,alpha0.55,case_086,1,ok,2.4857142857142858,3.4857142857142858,364,105.0,0.4142857142857143,stop,True,1.2745252470485866
longbench_v2,mentored_dec,alpha0.55,case_087,1,ok,2.6228070175438596,3.6228070175438596,825,228.0,0.4371345029239766,stop,True,1.9069834030233324
longbench_v2,mentored_dec,alpha0.55,case_088,1,ok,2.700507614213198,3.700507614213198,729,197.0,0.4500846023688663,stop,True,2.232839673291892
longbench_v2,mentored_dec,alpha0.55,case_089,1,ok,2.823529411764706,3.823529411764706,649,170.0,0.47058823529411764,stop,True,1.5665480117313564
longbench_v2,mentored_dec,alpha0.55,case_090,1,ok,2.5833333333333335,3.5833333333333335,904,252.0,0.4305555555555556,stop,True,2.4745117342099547
longbench_v2,mentored_dec,alpha0.55,case_091,1,ok,3.0479249011857705,4.0479249011857705,8192,2024.0,0.5079874835309618,length,False,15.66370947426185
longbench_v2,mentored_dec,alpha0.55,case_092,1,ok,2.0369068541300526,3.0369068541300526,1729,569.0,0.3394844756883421,stop,True,4.830699716228992
longbench_v2,mentored_dec,alpha0.55,case_093,1,ok,2.223809523809524,3.223809523809524,677,210.0,0.37063492063492065,stop,True,1.9218251397833228
longbench_v2,mentored_dec,alpha0.55,case_094,1,ok,1.4402985074626866,2.4402985074626864,327,134.0,0.24004975124378108,stop,True,2.1221372820436954
longbench_v2,mentored_dec,alpha0.55,case_095,1,ok,2.3226600985221677,3.3226600985221677,2696,812.0,0.38711001642036125,stop,True,7.151240256149322
longbench_v2,mentored_dec,alpha0.55,case_096,1,ok,3.5131964809384164,4.513196480938417,3078,682.0,0.5855327468230694,stop,True,5.313870002981275
longbench_v2,mentored_dec,alpha0.55,case_097,1,ok,2.765432098765432,3.765432098765432,912,243.0,0.4609053497942387,stop,True,2.157892786897719
longbench_v2,mentored_dec,alpha0.55,case_098,1,ok,2.2598684210526314,3.2598684210526314,990,304.0,0.37664473684210525,stop,True,2.7467475342564285
longbench_v2,mentored_dec,alpha0.55,case_099,1,ok,2.8055172413793104,3.8055172413793104,2759,725.0,0.4675862068965517,stop,True,5.865570684894919
longbench_v2,mentored_dec,alpha0.55,case_100,1,ok,3.3955375253549698,4.395537525354969,2167,493.0,0.565922920892495,stop,True,4.2304041581228375
longbench_v2,mentored_dec,alpha0.55,case_101,1,ok,2.435562805872757,3.435562805872757,2104,613.0,0.4059271343121262,stop,True,5.068192909006029
longbench_v2,mentored_dec,alpha0.55,case_102,1,ok,3.0485115766262405,4.0485115766262405,3672,907.0,0.50808526277104,stop,True,6.947759400121868
longbench_v2,mentored_dec,alpha0.55,case_103,1,ok,2.70935960591133,3.70935960591133,751,203.0,0.451559934318555,stop,True,1.7938466146588326
longbench_v2,mentored_dec,alpha0.55,case_104,1,ok,2.5506072874493926,3.5506072874493926,877,247.0,0.4251012145748988,stop,True,2.1228245152160525
longbench_v2,mentored_dec,alpha0.55,case_105,1,ok,3.276803118908382,4.276803118908382,2192,513.0,0.5461338531513971,stop,True,4.135135593358427
longbench_v2,mentored_dec,alpha0.55,case_106,1,ok,2.389784946236559,3.389784946236559,5044,1488.0,0.3982974910394265,stop,True,11.705846015829593
longbench_v2,mentored_dec,alpha0.55,case_107,1,ok,1.7869565217391303,2.78695652173913,639,230.0,0.29782608695652174,stop,True,2.4710071575827897
longbench_v2,mentored_dec,alpha0.55,case_108,1,ok,1.9456521739130435,2.9456521739130435,814,276.0,0.3242753623188406,stop,True,3.191280378960073
longbench_v2,mentored_dec,alpha0.55,case_109,1,ok,2.598076923076923,3.598076923076923,1872,520.0,0.43301282051282053,stop,True,4.771560803987086
longbench_v2,mentored_dec,alpha0.55,case_110,1,ok,2.860655737704918,3.860655737704918,1884,488.0,0.476775956284153,stop,True,4.0577476429753006
longbench_v2,mentored_dec,alpha0.55,case_111,1,ok,2.3808290155440415,3.3808290155440415,1304,386.0,0.3968048359240069,stop,True,3.6825100439600646
longbench_v2,mentored_dec,alpha0.55,case_112,1,ok,2.6956521739130435,3.6956521739130435,595,161.0,0.4492753623188406,stop,True,1.6931931683793664
longbench_v2,mentored_dec,alpha0.55,case_113,1,ok,2.2620967741935485,3.2620967741935485,808,248.0,0.37701612903225806,stop,True,2.089530155993998
longbench_v2,mentored_dec,alpha0.55,case_114,1,ok,2.4782608695652173,3.4782608695652173,160,46.0,0.41304347826086957,stop,True,0.8554904107004404
longbench_v2,mentored_dec,alpha0.55,case_115,1,ok,1.3203125,2.3203125,297,128.0,0.22005208333333334,stop,True,1.3256916627287865
longbench_v2,mentored_dec,alpha0.55,case_116,1,ok,2.8639455782312924,3.8639455782312924,565,147.0,0.47732426303854875,stop,True,1.261418370064348
longbench_v2,mentored_dec,alpha0.55,case_117,1,ok,2.977707006369427,3.977707006369427,1250,314.0,0.4962845010615711,stop,True,3.1078364900313318
longbench_v2,mentored_dec,alpha0.55,case_118,1,ok,3.5449029126213594,4.544902912621359,3745,824.0,0.5908171521035599,stop,True,6.121248414739966
longbench_v2,mentored_dec,alpha0.55,case_119,1,ok,2.5023696682464456,3.5023696682464456,736,211.0,0.41706161137440756,stop,True,2.024839715100825
longbench_v2,mentored_dec,alpha0.55,case_120,1,ok,1.98292220113852,2.98292220113852,1572,527.0,0.33048703352308667,stop,True,4.927511776331812
longbench_v2,mentored_dec,alpha0.55,case_121,1,ok,2.6763959390862944,3.6763959390862944,2898,788.0,0.4460659898477157,stop,True,6.289398361928761
longbench_v2,mentored_dec,alpha0.55,case_122,1,ok,1.9808673469387754,2.9808673469387754,7012,2352.0,0.33014455782312924,stop,True,18.95085218269378
longbench_v2,mentored_dec,alpha0.55,case_123,1,ok,2.91635687732342,3.91635687732342,2107,538.0,0.48605947955390333,stop,True,4.258940361905843
longbench_v2,mentored_dec,alpha0.55,case_124,1,ok,2.9295154185022025,3.9295154185022025,1783,454.0,0.4882525697503671,stop,True,3.5680745719000697
longbench_v2,mentored_dec,alpha0.55,case_125,1,ok,2.9075829383886256,3.9075829383886256,1649,422.0,0.48459715639810425,stop,True,3.6641074460931122
longbench_v2,mentored_dec,alpha0.55,case_126,1,ok,1.9935064935064934,2.9935064935064934,458,154.0,0.33225108225108224,stop,True,1.79977649403736
longbench_v2,mentored_dec,alpha0.55,case_127,1,ok,2.187122736418511,3.187122736418511,1582,497.0,0.36452045606975186,stop,True,4.2802333128638566
longbench_v2,mentored_dec,alpha0.55,case_128,1,ok,2.0781758957654723,3.0781758957654723,944,307.0,0.3463626492942454,stop,True,3.1667137569747865
longbench_v2,mentored_dec,alpha0.55,case_129,1,ok,2.1828609986504723,3.1828609986504723,4718,1482.0,0.3638101664417454,stop,True,11.697226307354867
longbench_v2,mentored_dec,alpha0.55,case_130,1,ok,3.1203007518796992,4.120300751879699,1642,399.0,0.5200501253132832,stop,True,3.2620129459537566
longbench_v2,mentored_dec,alpha0.55,case_131,1,ok,2.991786447638604,3.991786447638604,1943,487.0,0.49863107460643397,stop,True,4.138478663749993
longbench_v2,mentored_dec,alpha0.55,case_132,1,ok,2.3333333333333335,3.3333333333333335,727,219.0,0.3888888888888889,stop,True,2.418194518890232
longbench_v2,mentored_dec,alpha0.55,case_133,1,ok,2.4926253687315634,3.4926253687315634,1184,339.0,0.41543756145526056,stop,True,3.112187813036144
longbench_v2,mentored_dec,alpha0.55,case_134,1,ok,3.29723991507431,4.29723991507431,2022,471.0,0.5495399858457183,stop,True,3.557527679949999
longbench_v2,mentored_dec,alpha0.55,case_135,1,ok,3.4378415300546448,4.437841530054644,6495,1464.0,0.5729735883424408,stop,True,11.187421740032732
longbench_v2,mentored_dec,alpha0.55,case_136,1,ok,2.345940959409594,3.345940959409594,3625,1084.0,0.390990159901599,stop,True,9.276739375665784
longbench_v2,mentored_dec,alpha0.55,case_137,1,ok,2.5431472081218276,3.5431472081218276,1396,394.0,0.42385786802030456,stop,True,3.3312725578434765
longbench_v2,mentored_dec,alpha0.55,case_138,1,ok,2.4181614349775784,3.4181614349775784,3047,892.0,0.40302690582959644,stop,True,7.380172724835575
longbench_v2,mentored_dec,alpha0.55,case_139,1,ok,2.374436090225564,3.374436090225564,2244,665.0,0.39573934837092734,stop,True,6.190393208991736
longbench_v2,mentored_dec,alpha0.55,case_140,1,ok,2.636065573770492,3.636065573770492,3325,915.0,0.43934426229508194,stop,True,7.17730451002717
longbench_v2,mentored_dec,alpha0.55,case_141,1,ok,3.056547619047619,4.056547619047619,1363,336.0,0.5094246031746031,stop,True,2.788091693073511
longbench_v2,mentored_dec,alpha0.55,case_142,1,ok,1.8115942028985508,2.8115942028985508,1358,483.0,0.30193236714975846,stop,True,4.153623346239328
longbench_v2,mentored_dec,alpha0.55,case_143,1,ok,2.690423162583519,3.690423162583519,1656,449.0,0.4484038604305865,stop,True,4.302758730016649
longbench_v2,mentored_dec,alpha0.55,case_144,1,ok,2.831618334892423,3.831618334892423,8192,2138.0,0.47193638914873715,length,False,16.007338404655457
longbench_v2,mentored_dec,alpha0.55,case_145,1,ok,2.752851711026616,3.752851711026616,1974,526.0,0.458808618504436,stop,True,3.9573227162472904
longbench_v2,mentored_dec,alpha0.55,case_146,1,ok,2.8813559322033897,3.8813559322033897,458,118.0,0.480225988700565,stop,True,1.155300301965326
longbench_v2,mentored_dec,alpha0.55,case_147,1,ok,3.3132250580046403,4.31322505800464,1857,431.0,0.5522041763341067,stop,True,3.4230034020729363
longbench_v2,mentored_dec,alpha0.55,case_148,1,ok,2.472826086956522,3.472826086956522,636,184.0,0.4121376811594203,stop,True,1.8695167959667742
longbench_v2,mentored_dec,alpha0.55,case_149,1,ok,2.8561253561253563,3.8561253561253563,5414,1404.0,0.47602089268755937,stop,True,10.726442721206695
longbench_v2,mentored_dec,alpha0.55,case_150,1,ok,2.9680851063829787,3.9680851063829787,373,94.0,0.4946808510638298,stop,True,1.013919719029218
longbench_v2,mentored_dec,alpha0.75,case_001,1,ok,3.1881533101045294,4.188153310104529,1203,287.0,0.5313588850174216,stop,True,3.513576266821474
longbench_v2,mentored_dec,alpha0.75,case_002,1,ok,2.6202898550724636,3.6202898550724636,1250,345.0,0.43671497584541064,stop,True,3.795741206035018
longbench_v2,mentored_dec,alpha0.75,case_003,1,ok,3.4421296296296298,4.44212962962963,1920,432.0,0.5736882716049383,stop,True,4.012726829852909
longbench_v2,mentored_dec,alpha0.75,case_004,1,ok,3.7906976744186047,4.790697674418604,1647,344.0,0.6317829457364341,stop,True,2.9524107300676405
longbench_v2,mentored_dec,alpha0.75,case_005,1,ok,3.707482993197279,4.707482993197279,1382,294.0,0.6179138321995464,stop,True,2.5059947348199785
longbench_v2,mentored_dec,alpha0.75,case_006,1,ok,3.121405750798722,4.121405750798722,7740,1878.0,0.520234291799787,stop,True,14.979023319203407
longbench_v2,mentored_dec,alpha0.75,case_007,1,ok,2.298611111111111,3.298611111111111,949,288.0,0.38310185185185186,stop,True,3.2473904732614756
longbench_v2,mentored_dec,alpha0.75,case_008,1,ok,3.1497005988023954,4.149700598802395,693,167.0,0.5249500998003992,stop,True,1.9306670320220292
longbench_v2,mentored_dec,alpha0.75,case_009,1,ok,3.4859943977591037,4.485994397759104,3201,714.0,0.580999066293184,stop,True,5.965382940135896
longbench_v2,mentored_dec,alpha0.75,case_010,1,ok,2.4671532846715327,3.4671532846715327,474,137.0,0.41119221411192214,stop,True,1.9869760680012405
longbench_v2,mentored_dec,alpha0.75,case_011,1,ok,3.504854368932039,4.504854368932039,461,103.0,0.5841423948220065,stop,True,1.2071389807388186
longbench_v2,mentored_dec,alpha0.75,case_012,1,ok,3.0110192837465566,4.011019283746556,1456,363.0,0.5018365472910927,stop,True,3.023934530094266
longbench_v2,mentored_dec,alpha0.75,case_013,1,ok,3.640625,4.640625,295,64.0,0.6067708333333334,stop,True,1.013276759069413
longbench_v2,mentored_dec,alpha0.75,case_014,1,ok,3.406703910614525,4.4067039106145245,3943,895.0,0.5677839851024209,stop,True,6.964729264378548
longbench_v2,mentored_dec,alpha0.75,case_015,1,ok,3.083067092651757,4.083067092651757,1277,313.0,0.5138445154419595,stop,True,3.0938945151865482
longbench_v2,mentored_dec,alpha0.75,case_016,1,ok,3.0216216216216214,4.021621621621621,744,185.0,0.5036036036036036,stop,True,1.687270169146359
longbench_v2,mentored_dec,alpha0.75,case_017,1,ok,3.2625,4.2625,342,80.0,0.54375,stop,True,0.9317629225552082
longbench_v2,mentored_dec,alpha0.75,case_018,1,ok,4.050467289719626,5.050467289719626,5402,1070.0,0.6750778816199376,stop,True,8.4662132919766
longbench_v2,mentored_dec,alpha0.75,case_019,1,ok,3.0180722891566263,4.018072289156626,665,166.0,0.5030120481927711,stop,True,1.8530944590456784
longbench_v2,mentored_dec,alpha0.75,case_020,1,ok,2.378968253968254,3.378968253968254,1704,504.0,0.396494708994709,stop,True,5.069038779009134
longbench_v2,mentored_dec,alpha0.75,case_021,1,ok,3.0797872340425534,4.079787234042554,766,188.0,0.5132978723404256,stop,True,1.7129287365823984
longbench_v2,mentored_dec,alpha0.75,case_022,1,ok,3.4277456647398843,4.427745664739884,765,173.0,0.571290944123314,stop,True,1.5111481612548232
longbench_v2,mentored_dec,alpha0.75,case_023,1,ok,2.610294117647059,3.610294117647059,983,272.0,0.43504901960784315,stop,True,3.1530633559450507
longbench_v2,mentored_dec,alpha0.75,case_024,1,ok,3.1653846153846152,4.165384615384616,1081,260.0,0.5275641025641026,stop,True,2.3004492609761655
longbench_v2,mentored_dec,alpha0.75,case_025,1,ok,3.0895953757225434,4.089595375722544,1416,346.0,0.5149325626204239,stop,True,3.6501950728707016
longbench_v2,mentored_dec,alpha0.75,case_026,1,ok,3.0297619047619047,4.029761904761905,676,168.0,0.5049603174603174,stop,True,1.7773957196623087
longbench_v2,mentored_dec,alpha0.75,case_027,1,ok,3.7839195979899496,4.78391959798995,4758,995.0,0.6306532663316583,stop,True,7.671218587085605
longbench_v2,mentored_dec,alpha0.75,case_028,1,ok,2.6519337016574585,3.6519337016574585,659,181.0,0.4419889502762431,stop,True,1.83687360631302
longbench_v2,mentored_dec,alpha0.75,case_029,1,ok,3.5739910313901344,4.573991031390134,1020,223.0,0.5956651718983558,stop,True,1.8744673640467227
longbench_v2,mentored_dec,alpha0.75,case_030,1,ok,3.272727272727273,4.272727272727273,3291,770.0,0.5454545454545454,stop,True,6.239273116923869
longbench_v2,mentored_dec,alpha0.75,case_031,1,ok,2.670514165792235,3.670514165792235,3497,953.0,0.4450856942987058,stop,True,8.454584579914808
longbench_v2,mentored_dec,alpha0.75,case_032,1,ok,3.1360103626943006,4.1360103626943,3194,772.0,0.5226683937823834,stop,True,6.56238353298977
longbench_v2,mentored_dec,alpha0.75,case_033,1,ok,3.674772036474164,4.674772036474164,3075,658.0,0.6124620060790273,stop,True,5.689561438281089
longbench_v2,mentored_dec,alpha0.75,case_034,1,ok,3.4438386041439477,4.443838604143948,4075,917.0,0.573973100690658,stop,True,7.402588432654738
longbench_v2,mentored_dec,alpha0.75,case_035,1,ok,2.9764150943396226,3.9764150943396226,843,212.0,0.4960691823899371,stop,True,1.913437329698354
longbench_v2,mentored_dec,alpha0.75,case_036,1,ok,4.007984031936128,5.007984031936128,7526,1503.0,0.6679973386560213,stop,True,11.537098435219377
longbench_v2,mentored_dec,alpha0.75,case_037,1,ok,3.334841628959276,4.334841628959277,958,221.0,0.5558069381598794,stop,True,2.082171456888318
longbench_v2,mentored_dec,alpha0.75,case_038,1,ok,3.36231884057971,4.36231884057971,1805,414.0,0.5603864734299517,stop,True,3.5165262608788908
longbench_v2,mentored_dec,alpha0.75,case_039,1,ok,3.5203955500618047,4.520395550061805,3657,809.0,0.5867325916769675,stop,True,6.495607630349696
longbench_v2,mentored_dec,alpha0.75,case_040,1,ok,3.845184518451845,4.845184518451845,5378,1111.0,0.6408640864086409,stop,True,8.751058132853359
longbench_v2,mentored_dec,alpha0.75,case_041,1,ok,2.8795309168443497,3.8795309168443497,3639,938.0,0.47992181947405826,stop,True,8.067126168869436
longbench_v2,mentored_dec,alpha0.75,case_042,1,ok,2.267175572519084,3.267175572519084,856,262.0,0.37786259541984735,stop,True,2.574477838817984
longbench_v2,mentored_dec,alpha0.75,case_043,1,ok,3.5921875,4.5921875,2937,640.0,0.5986979166666667,stop,True,4.986116710118949
longbench_v2,mentored_dec,alpha0.75,case_044,1,ok,2.7671033478893743,3.7671033478893743,2588,687.0,0.4611838913148957,stop,True,6.3177905501797795
longbench_v2,mentored_dec,alpha0.75,case_045,1,ok,2.3081583198707594,3.3081583198707594,8192,2476.0,0.3846930533117932,length,False,20.194754334166646
longbench_v2,mentored_dec,alpha0.75,case_046,1,ok,2.3630573248407645,3.3630573248407645,1055,314.0,0.39384288747346075,stop,True,3.446118952706456
longbench_v2,mentored_dec,alpha0.75,case_047,1,ok,3.4512761020881673,4.451276102088167,3837,862.0,0.5752126836813611,stop,True,7.161510398145765
longbench_v2,mentored_dec,alpha0.75,case_048,1,ok,3.0526315789473686,4.052631578947368,1386,342.0,0.5087719298245614,stop,True,3.0917564113624394
longbench_v2,mentored_dec,alpha0.75,case_049,1,ok,2.545138888888889,3.545138888888889,1019,288.0,0.4241898148148148,stop,True,2.9561291760765016
longbench_v2,mentored_dec,alpha0.75,case_050,1,ok,3.1605263157894736,4.160526315789474,4744,1140.0,0.5267543859649123,stop,True,9.032355014700443
longbench_v2,mentored_dec,alpha0.75,case_051,1,ok,2.392807745504841,3.392807745504841,2452,723.0,0.3988012909174735,stop,True,6.719615632202476
longbench_v2,mentored_dec,alpha0.75,case_052,1,ok,2.2043956043956046,3.2043956043956046,1458,455.0,0.3673992673992674,stop,True,4.762996768113226
longbench_v2,mentored_dec,alpha0.75,case_053,1,ok,3.133956386292835,4.1339563862928355,1326,321.0,0.5223260643821391,stop,True,2.894882339052856
longbench_v2,mentored_dec,alpha0.75,case_054,1,ok,3.1666666666666665,4.166666666666666,1025,246.0,0.5277777777777778,stop,True,2.2562101399526
longbench_v2,mentored_dec,alpha0.75,case_055,1,ok,3.158197507190796,4.1581975071907955,4334,1043.0,0.5263662511984659,stop,True,8.43595988722518
longbench_v2,mentored_dec,alpha0.75,case_056,1,ok,2.8085106382978724,3.8085106382978724,537,141.0,0.46808510638297873,stop,True,1.3205468249507248
longbench_v2,mentored_dec,alpha0.75,case_057,1,ok,2.6770186335403725,3.6770186335403725,1184,322.0,0.44616977225672877,stop,True,2.950240439735353
longbench_v2,mentored_dec,alpha0.75,case_058,1,ok,2.9038461538461537,3.9038461538461537,810,208.0,0.483974358974359,stop,True,2.017562522087246
longbench_v2,mentored_dec,alpha0.75,case_059,1,ok,3.4738154613466334,4.473815461346634,1795,401.0,0.5789692435577722,stop,True,3.4111005389131606
longbench_v2,mentored_dec,alpha0.75,case_060,1,ok,2.9365689572321,3.9365689572321,8192,2081.0,0.48942815953868335,length,False,16.701437931973487
longbench_v2,mentored_dec,alpha0.75,case_061,1,ok,3.798941798941799,4.798941798941799,2717,567.0,0.6331569664902998,stop,True,4.431592037901282
longbench_v2,mentored_dec,alpha0.75,case_062,1,ok,2.8825301204819276,3.8825301204819276,1290,332.0,0.48042168674698793,stop,True,3.3103042379952967
longbench_v2,mentored_dec,alpha0.75,case_063,1,ok,2.721311475409836,3.721311475409836,454,122.0,0.453551912568306,stop,True,1.2082189247012138
longbench_v2,mentored_dec,alpha0.75,case_064,1,ok,3.0813008130081303,4.081300813008131,501,123.0,0.513550135501355,stop,True,1.2489370433613658
longbench_v2,mentored_dec,alpha0.75,case_065,1,ok,3.2705882352941176,4.270588235294118,727,170.0,0.5450980392156862,stop,True,1.5382666923105717
longbench_v2,mentored_dec,alpha0.75,case_066,1,ok,3.25531914893617,4.25531914893617,400,94.0,0.5425531914893617,stop,True,0.9651287198066711
longbench_v2,mentored_dec,alpha0.75,case_067,1,ok,3.435300487276665,4.435300487276665,8192,1847.0,0.5725500812127775,length,False,14.763907412067056
longbench_v2,mentored_dec,alpha0.75,case_068,1,ok,3.303157894736842,4.303157894736842,2044,475.0,0.5505263157894736,stop,True,4.1264417809434235
longbench_v2,mentored_dec,alpha0.75,case_069,1,ok,2.5402597402597404,3.5402597402597404,1363,385.0,0.42337662337662335,stop,True,3.5809754570946097
longbench_v2,mentored_dec,alpha0.75,case_070,1,ok,3.6122699386503068,4.612269938650307,3759,815.0,0.6020449897750512,stop,True,6.418692588340491
longbench_v2,mentored_dec,alpha0.75,case_071,1,ok,2.822380106571936,3.822380106571936,2152,563.0,0.470396684428656,stop,True,4.836763901170343
longbench_v2,mentored_dec,alpha0.75,case_072,1,ok,3.3741496598639458,4.374149659863946,1930,441.0,0.562358276643991,stop,True,3.9568829047493637
longbench_v2,mentored_dec,alpha0.75,case_073,1,ok,2.831381733021077,3.831381733021077,1637,427.0,0.4718969555035129,stop,True,4.027264352422208
longbench_v2,mentored_dec,alpha0.75,case_074,1,ok,2.417789757412399,3.417789757412399,1268,371.0,0.4029649595687331,stop,True,3.759514127392322
longbench_v2,mentored_dec,alpha0.75,case_075,1,ok,2.470158343483557,3.470158343483557,2849,821.0,0.41169305724725946,stop,True,7.289242517203093
longbench_v2,mentored_dec,alpha0.75,case_076,1,ok,3.0,4.0,561,141.0,0.5,stop,True,1.3846894376911223
longbench_v2,mentored_dec,alpha0.75,case_077,1,ok,2.1792929292929295,3.1792929292929295,1259,396.0,0.3632154882154882,stop,True,4.116677755955607
longbench_v2,mentored_dec,alpha0.75,case_078,1,ok,3.0273141122913505,4.02731411229135,2652,659.0,0.5045523520485584,stop,True,5.786884659901261
longbench_v2,mentored_dec,alpha0.75,case_079,1,ok,2.7092198581560285,3.7092198581560285,523,141.0,0.4515366430260047,stop,True,1.7775890580378473
longbench_v2,mentored_dec,alpha0.75,case_080,1,ok,3.005586592178771,4.005586592178771,715,179.0,0.5009310986964618,stop,True,1.8081129328347743
longbench_v2,mentored_dec,alpha0.75,case_081,1,ok,2.4142011834319526,3.4142011834319526,577,169.0,0.40236686390532544,stop,True,1.59958400670439
longbench_v2,mentored_dec,alpha0.75,case_082,1,ok,2.740740740740741,3.740740740740741,300,81.0,0.4567901234567901,stop,True,1.1913902289234102
longbench_v2,mentored_dec,alpha0.75,case_083,1,ok,3.4,4.4,1716,390.0,0.5666666666666667,stop,True,3.1330465939827263
longbench_v2,mentored_dec,alpha0.75,case_084,1,ok,3.3908872901678655,4.390887290167866,1828,417.0,0.5651478816946442,stop,True,3.6809838097542524
longbench_v2,mentored_dec,alpha0.75,case_085,1,ok,3.5877551020408163,4.587755102040816,1124,245.0,0.5979591836734693,stop,True,2.206921097356826
longbench_v2,mentored_dec,alpha0.75,case_086,1,ok,3.0310880829015545,4.0310880829015545,778,193.0,0.5051813471502591,stop,True,1.9755057492293417
longbench_v2,mentored_dec,alpha0.75,case_087,1,ok,3.727129337539432,4.7271293375394325,2996,634.0,0.6211882229232387,stop,True,4.968632981181145
longbench_v2,mentored_dec,alpha0.75,case_088,1,ok,2.8633879781420766,3.8633879781420766,706,183.0,0.4772313296903461,stop,True,2.1603122889064252
longbench_v2,mentored_dec,alpha0.75,case_089,1,ok,2.8516949152542375,3.8516949152542375,908,236.0,0.4752824858757062,stop,True,2.115744040813297
longbench_v2,mentored_dec,alpha0.75,case_090,1,ok,2.1527777777777777,3.1527777777777777,225,72.0,0.3587962962962963,stop,True,1.1747080967761576
longbench_v2,mentored_dec,alpha0.75,case_091,1,ok,3.3314285714285714,4.331428571428571,3032,700.0,0.5552380952380952,stop,True,5.904162128455937
longbench_v2,mentored_dec,alpha0.75,case_092,1,ok,2.720403022670025,3.720403022670025,1477,397.0,0.4534005037783375,stop,True,3.677473334595561
longbench_v2,mentored_dec,alpha0.75,case_093,1,ok,2.9040852575488456,3.9040852575488456,2198,563.0,0.48401420959147423,stop,True,4.6204448589123785
longbench_v2,mentored_dec,alpha0.75,case_094,1,ok,2.0425531914893615,3.0425531914893615,573,188.0,0.3404255319148936,stop,True,2.592535682953894
longbench_v2,mentored_dec,alpha0.75,case_095,1,ok,3.0289330922242317,4.028933092224232,2226,553.0,0.504822182037372,stop,True,5.348180832341313
longbench_v2,mentored_dec,alpha0.75,case_096,1,ok,4.334144363341443,5.334144363341443,6575,1233.0,0.7223573938902406,stop,True,9.69470489397645
longbench_v2,mentored_dec,alpha0.75,case_097,1,ok,3.4600431965442766,4.460043196544277,2065,463.0,0.5766738660907127,stop,True,3.8992201541550457
longbench_v2,mentored_dec,alpha0.75,case_098,1,ok,2.9576719576719577,3.9576719576719577,1496,378.0,0.4929453262786596,stop,True,3.4043683730997145
longbench_v2,mentored_dec,alpha0.75,case_099,1,ok,2.907766990291262,3.907766990291262,1610,412.0,0.48462783171521034,stop,True,3.6166683891788125
longbench_v2,mentored_dec,alpha0.75,case_100,1,ok,3.4702842377260983,4.470284237726098,1730,387.0,0.578380706287683,stop,True,3.5462355599738657
longbench_v2,mentored_dec,alpha0.75,case_101,1,ok,3.3740661686232656,4.374066168623266,8192,1874.0,0.562344361437211,length,False,15.091839466243982
longbench_v2,mentored_dec,alpha0.75,case_102,1,ok,3.51056338028169,4.51056338028169,3842,852.0,0.585093896713615,stop,True,6.751934716012329
longbench_v2,mentored_dec,alpha0.75,case_103,1,ok,3.1946308724832213,4.194630872483222,1875,447.0,0.5324384787472036,stop,True,3.7077923780307174
longbench_v2,mentored_dec,alpha0.75,case_104,1,ok,3.575862068965517,4.575862068965517,2655,580.0,0.5959770114942529,stop,True,4.6731438068673015
longbench_v2,mentored_dec,alpha0.75,case_105,1,ok,3.5462555066079293,4.546255506607929,1033,227.0,0.591042584434655,stop,True,2.094027518760413
longbench_v2,mentored_dec,alpha0.75,case_106,1,ok,2.58879781420765,3.58879781420765,5252,1464.0,0.4314663023679417,stop,True,11.86937143607065
longbench_v2,mentored_dec,alpha0.75,case_107,1,ok,2.283132530120482,3.283132530120482,1089,332.0,0.38052208835341367,stop,True,3.3135974989272654
longbench_v2,mentored_dec,alpha0.75,case_108,1,ok,2.3440748440748442,3.3440748440748442,3215,962.0,0.39067914067914067,stop,True,8.634957965929061
longbench_v2,mentored_dec,alpha0.75,case_109,1,ok,3.800751879699248,4.8007518796992485,1278,266.0,0.6334586466165414,stop,True,2.952401547692716
longbench_v2,mentored_dec,alpha0.75,case_110,1,ok,3.8392857142857144,4.839285714285714,3521,728.0,0.6398809523809523,stop,True,6.034179178066552
longbench_v2,mentored_dec,alpha0.75,case_111,1,ok,3.2067247820672478,4.206724782067248,3376,803.0,0.5344541303445413,stop,True,7.021447060164064
longbench_v2,mentored_dec,alpha0.75,case_112,1,ok,2.9637305699481864,3.9637305699481864,763,193.0,0.4939550949913644,stop,True,1.9810697683133185
longbench_v2,mentored_dec,alpha0.75,case_113,1,ok,3.227882037533512,4.2278820375335116,1576,373.0,0.5379803395889187,stop,True,3.0708897281438112
longbench_v2,mentored_dec,alpha0.75,case_114,1,ok,2.309090909090909,3.309090909090909,183,55.0,0.38484848484848483,stop,True,0.9353033290244639
longbench_v2,mentored_dec,alpha0.75,case_115,1,ok,2.775,3.775,1358,360.0,0.4625,stop,True,3.1123152687214315
longbench_v2,mentored_dec,alpha0.75,case_116,1,ok,3.617021276595745,4.617021276595745,1518,329.0,0.6028368794326241,stop,True,2.652824005112052
longbench_v2,mentored_dec,alpha0.75,case_117,1,ok,3.2084507042253523,4.208450704225353,1493,355.0,0.5347417840375587,stop,True,3.5072275679558516
longbench_v2,mentored_dec,alpha0.75,case_118,1,ok,4.048059149722736,5.048059149722736,8192,1623.0,0.6746765249537893,length,False,12.335646393708885
longbench_v2,mentored_dec,alpha0.75,case_119,1,ok,2.9213483146067416,3.9213483146067416,698,178.0,0.4868913857677903,stop,True,1.8286387440748513
longbench_v2,mentored_dec,alpha0.75,case_120,1,ok,2.476529160739687,3.476529160739687,2441,703.0,0.41275486012328116,stop,True,6.440684421919286
longbench_v2,mentored_dec,alpha0.75,case_121,1,ok,3.435934144595562,4.435934144595562,6195,1397.0,0.572655690765927,stop,True,11.177460178732872
longbench_v2,mentored_dec,alpha0.75,case_122,1,ok,2.462134764460346,3.462134764460346,5806,1677.0,0.4103557940767243,stop,True,14.21785933803767
longbench_v2,mentored_dec,alpha0.75,case_123,1,ok,2.880630630630631,3.880630630630631,1723,444.0,0.4801051051051051,stop,True,3.6692962222732604
longbench_v2,mentored_dec,alpha0.75,case_124,1,ok,3.6512455516014235,4.6512455516014235,1306,281.0,0.608540925266904,stop,True,2.394375623203814
longbench_v2,mentored_dec,alpha0.75,case_125,1,ok,3.1865671641791047,4.186567164179104,1682,402.0,0.5310945273631841,stop,True,3.628045008983463
longbench_v2,mentored_dec,alpha0.75,case_126,1,ok,2.907142857142857,3.907142857142857,547,140.0,0.4845238095238095,stop,True,1.7331760912202299
longbench_v2,mentored_dec,alpha0.75,case_127,1,ok,2.8594594594594596,3.8594594594594596,2139,555.0,0.4765765765765766,stop,True,4.836641645990312
longbench_v2,mentored_dec,alpha0.75,case_128,1,ok,2.5201612903225805,3.5201612903225805,873,248.0,0.4200268817204301,stop,True,2.7966162068769336
longbench_v2,mentored_dec,alpha0.75,case_129,1,ok,2.5158150851581507,3.5158150851581507,4335,1233.0,0.41930251419302517,stop,True,10.114455771166831
longbench_v2,mentored_dec,alpha0.75,case_130,1,ok,3.990033222591362,4.990033222591363,3001,602.0,0.6650055370985604,stop,True,4.884163631126285
longbench_v2,mentored_dec,alpha0.75,case_131,1,ok,3.683937823834197,4.6839378238341975,2711,579.0,0.6139896373056994,stop,True,4.968002864159644
longbench_v2,mentored_dec,alpha0.75,case_132,1,ok,2.7240204429301533,3.7240204429301533,2184,587.0,0.4540034071550256,stop,True,5.289208648726344
longbench_v2,mentored_dec,alpha0.75,case_133,1,ok,2.9101123595505616,3.9101123595505616,696,178.0,0.4850187265917603,stop,True,1.96847740188241
longbench_v2,mentored_dec,alpha0.75,case_134,1,ok,3.883419689119171,4.883419689119171,5655,1158.0,0.6472366148531952,stop,True,8.759095303714275
longbench_v2,mentored_dec,alpha0.75,case_135,1,ok,3.7593582887700534,4.759358288770054,1779,374.0,0.6265597147950089,stop,True,3.242342357058078
longbench_v2,mentored_dec,alpha0.75,case_136,1,ok,2.651254953764861,3.651254953764861,2763,757.0,0.4418758256274769,stop,True,7.005842186976224
longbench_v2,mentored_dec,alpha0.75,case_137,1,ok,2.9645669291338583,3.9645669291338583,2013,508.0,0.4940944881889764,stop,True,4.303043020889163
longbench_v2,mentored_dec,alpha0.75,case_138,1,ok,3.1733067729083664,4.173306772908367,2096,502.0,0.5288844621513944,stop,True,4.6252502258867025
longbench_v2,mentored_dec,alpha0.75,case_139,1,ok,2.9674234945705824,3.9674234945705824,4020,1013.0,0.4945705824284304,stop,True,9.143864790908992
longbench_v2,mentored_dec,alpha0.75,case_140,1,ok,3.3564593301435406,4.35645933014354,3640,836.0,0.5594098883572568,stop,True,6.8170926491729915
longbench_v2,mentored_dec,alpha0.75,case_141,1,ok,3.5606407322654463,4.560640732265446,1993,437.0,0.593440122044241,stop,True,3.6213112426921725
longbench_v2,mentored_dec,alpha0.75,case_142,1,ok,2.3684210526315788,3.3684210526315788,1153,342.0,0.39473684210526316,stop,True,3.226461132057011
longbench_v2,mentored_dec,alpha0.75,case_143,1,ok,2.7156549520766773,3.7156549520766773,2327,626.0,0.45260915867944623,stop,True,5.714699944015592
longbench_v2,mentored_dec,alpha0.75,case_144,1,ok,3.418554476806904,4.418554476806904,8192,1854.0,0.5697590794678173,length,False,14.382641890086234
longbench_v2,mentored_dec,alpha0.75,case_145,1,ok,3.2276029055690074,4.227602905569007,1745,413.0,0.5379338175948345,stop,True,3.2746391310356557
longbench_v2,mentored_dec,alpha0.75,case_146,1,ok,2.6451612903225805,3.6451612903225805,339,93.0,0.44086021505376344,stop,True,0.9826056743040681
longbench_v2,mentored_dec,alpha0.75,case_147,1,ok,3.690582959641256,4.690582959641256,1045,223.0,0.6150971599402093,stop,True,1.9965830468572676
longbench_v2,mentored_dec,alpha0.75,case_148,1,ok,3.018867924528302,4.018867924528302,640,159.0,0.5031446540880503,stop,True,1.7156338579952717
longbench_v2,mentored_dec,alpha0.75,case_149,1,ok,3.4012345679012346,4.401234567901234,4279,972.0,0.5668724279835391,stop,True,7.811744647100568
longbench_v2,mentored_dec,alpha0.75,case_150,1,ok,3.327272727272727,4.327272727272727,238,55.0,0.5545454545454546,stop,True,0.7582061942666769
longbench_v2,r_fuzzy,alpha0.25,case_001,1,ok,3.7954545454545454,4.795454545454545,1264,264.0,0.6325757575757576,stop,True,3.2555046686902642
longbench_v2,r_fuzzy,alpha0.25,case_002,1,ok,3.120879120879121,4.1208791208791204,376,91.0,0.5201465201465202,stop,True,1.8175781164318323
longbench_v2,r_fuzzy,alpha0.25,case_003,1,ok,4.654676258992806,5.654676258992806,2357,417.0,0.7757793764988009,stop,True,3.9074305412359536
longbench_v2,r_fuzzy,alpha0.25,case_004,1,ok,4.276073619631902,5.276073619631902,2579,489.0,0.712678936605317,stop,True,4.068695634137839
longbench_v2,r_fuzzy,alpha0.25,case_005,1,ok,4.555865921787709,5.555865921787709,1986,358.0,0.7593109869646183,stop,True,2.9919343939982355
longbench_v2,r_fuzzy,alpha0.25,case_006,1,ok,3.6202679091438554,4.620267909143855,7932,1717.0,0.6033779848573093,stop,True,13.88922564825043
longbench_v2,r_fuzzy,alpha0.25,case_007,1,ok,2.816326530612245,3.816326530612245,560,147.0,0.46938775510204084,stop,True,2.1511133452877402
longbench_v2,r_fuzzy,alpha0.25,case_008,1,ok,3.7043628013777266,4.7043628013777266,8192,1742.0,0.6173938002296211,length,False,14.216843330767006
longbench_v2,r_fuzzy,alpha0.25,case_009,1,ok,2.550724637681159,3.550724637681159,246,69.0,0.4251207729468599,stop,False,1.0553034371696413
longbench_v2,r_fuzzy,alpha0.25,case_010,1,ok,2.2844827586206895,3.2844827586206895,380,116.0,0.3807471264367816,stop,True,1.83403052482754
longbench_v2,r_fuzzy,alpha0.25,case_011,1,ok,3.278481012658228,4.2784810126582276,339,79.0,0.5464135021097046,stop,True,1.0395392728969455
longbench_v2,r_fuzzy,alpha0.25,case_012,1,ok,2.946629213483146,3.946629213483146,1404,356.0,0.4911048689138577,stop,True,3.003715575207025
longbench_v2,r_fuzzy,alpha0.25,case_013,1,ok,3.7056179775280897,4.70561797752809,2093,445.0,0.6176029962546816,stop,True,3.870833881665021
longbench_v2,r_fuzzy,alpha0.25,case_014,1,ok,3.8540372670807455,4.854037267080745,1562,322.0,0.6423395445134575,stop,True,2.7316413219086826
longbench_v2,r_fuzzy,alpha0.25,case_015,1,ok,3.7890222984562607,4.789022298456261,5583,1166.0,0.6315037164093767,stop,True,9.788958940189332
longbench_v2,r_fuzzy,alpha0.25,case_016,1,ok,3.0162337662337664,4.016233766233766,1236,308.0,0.5027056277056277,stop,True,2.6108502480201423
longbench_v2,r_fuzzy,alpha0.25,case_017,1,ok,3.117021276595745,4.117021276595745,384,94.0,0.5195035460992907,stop,True,1.0382490707561374
longbench_v2,r_fuzzy,alpha0.25,case_018,1,ok,4.538235294117647,5.538235294117647,1882,340.0,0.7563725490196078,stop,True,2.9793023513630033
longbench_v2,r_fuzzy,alpha0.25,case_019,1,ok,3.576158940397351,4.576158940397351,691,151.0,0.5960264900662252,stop,True,1.7486435091122985
longbench_v2,r_fuzzy,alpha0.25,case_020,1,ok,2.433333333333333,3.433333333333333,824,240.0,0.40555555555555556,stop,True,2.9989526490680873
longbench_v2,r_fuzzy,alpha0.25,case_021,1,ok,3.223175965665236,4.223175965665236,979,233.0,0.5371959942775394,stop,True,2.0738593940623105
longbench_v2,r_fuzzy,alpha0.25,case_022,1,ok,3.2545454545454544,4.254545454545454,467,110.0,0.5424242424242425,stop,True,1.0557023147121072
longbench_v2,r_fuzzy,alpha0.25,case_023,1,ok,2.5934489402697496,3.5934489402697496,1865,519.0,0.43224149004495827,stop,True,5.134032377041876
longbench_v2,r_fuzzy,alpha0.25,case_024,1,ok,3.938388625592417,4.938388625592417,3125,633.0,0.6563981042654028,stop,True,5.181757732760161
longbench_v2,r_fuzzy,alpha0.25,case_025,1,ok,3.2738654147104853,4.273865414710485,8192,1917.0,0.5456442357850808,length,False,16.34459900483489
longbench_v2,r_fuzzy,alpha0.25,case_026,1,ok,3.40053050397878,4.40053050397878,1658,377.0,0.5667550839964633,stop,True,3.348404027055949
longbench_v2,r_fuzzy,alpha0.25,case_027,1,ok,4.343770384866275,5.343770384866275,8192,1533.0,0.7239617308110459,length,False,11.788806846830994
longbench_v2,r_fuzzy,alpha0.25,case_028,1,ok,3.679663608562691,4.6796636085626915,6120,1308.0,0.6132772680937818,stop,True,10.549255328718573
longbench_v2,r_fuzzy,alpha0.25,case_029,1,ok,4.17799352750809,5.17799352750809,1598,309.0,0.6963322545846817,stop,True,2.5226149088703096
longbench_v2,r_fuzzy,alpha0.25,case_030,1,ok,3.260869565217391,4.260869565217391,2156,506.0,0.5434782608695652,stop,True,4.3997659659944475
longbench_v2,r_fuzzy,alpha0.25,case_031,1,ok,2.9002079002079,3.9002079002079,1875,481.0,0.48336798336798337,stop,True,4.784396582748741
longbench_v2,r_fuzzy,alpha0.25,case_032,1,ok,3.3491620111731844,4.349162011173185,3113,716.0,0.5581936685288641,stop,True,6.17586885439232
longbench_v2,r_fuzzy,alpha0.25,case_033,1,ok,3.297507788161994,4.297507788161994,5519,1284.0,0.5495846313603323,stop,True,10.659594649914652
longbench_v2,r_fuzzy,alpha0.25,case_034,1,ok,3.796728971962617,4.796728971962617,2051,428.0,0.6327881619937694,stop,True,3.7068381179124117
longbench_v2,r_fuzzy,alpha0.25,case_035,1,ok,3.928861788617886,4.928861788617886,2424,492.0,0.6548102981029811,stop,True,4.021375660784543
longbench_v2,r_fuzzy,alpha0.25,case_036,1,ok,4.292792792792793,5.292792792792793,4700,888.0,0.7154654654654654,stop,True,6.973261442035437
longbench_v2,r_fuzzy,alpha0.25,case_037,1,ok,3.50210970464135,4.5021097046413505,1066,237.0,0.5836849507735584,stop,True,2.1971459365449846
longbench_v2,r_fuzzy,alpha0.25,case_038,1,ok,3.839243498817967,4.839243498817967,2045,423.0,0.6398739164696612,stop,True,3.6011905600316823
longbench_v2,r_fuzzy,alpha0.25,case_039,1,ok,3.7345454545454544,4.734545454545454,1297,275.0,0.6224242424242424,stop,True,2.5115292966365814
longbench_v2,r_fuzzy,alpha0.25,case_040,1,ok,3.8442622950819674,4.844262295081967,2954,610.0,0.6407103825136612,stop,True,5.017352140974253
longbench_v2,r_fuzzy,alpha0.25,case_041,1,ok,3.5795918367346937,4.579591836734694,3365,735.0,0.5965986394557823,stop,True,6.530512179248035
longbench_v2,r_fuzzy,alpha0.25,case_042,1,ok,2.904382470119522,3.904382470119522,980,251.0,0.48406374501992033,stop,True,2.506431764923036
longbench_v2,r_fuzzy,alpha0.25,case_043,1,ok,3.8302828618968388,4.830282861896839,2902,601.0,0.6383804769828064,stop,True,4.736216200981289
longbench_v2,r_fuzzy,alpha0.25,case_044,1,ok,3.608901515151515,4.608901515151516,4868,1056.0,0.6014835858585859,stop,True,9.26800923468545
longbench_v2,r_fuzzy,alpha0.25,case_045,1,ok,3.1636546184738954,4.163654618473895,4148,996.0,0.5272757697456493,stop,True,8.787206128705293
longbench_v2,r_fuzzy,alpha0.25,case_046,1,ok,2.9074074074074074,3.9074074074074074,1056,270.0,0.4845679012345679,stop,True,3.1281680478714406
longbench_v2,r_fuzzy,alpha0.25,case_047,1,ok,3.683774834437086,4.683774834437086,2829,604.0,0.6139624724061811,stop,True,5.190226535778493
longbench_v2,r_fuzzy,alpha0.25,case_048,1,ok,2.942857142857143,3.942857142857143,827,210.0,0.49047619047619045,stop,True,2.088101431261748
longbench_v2,r_fuzzy,alpha0.25,case_049,1,ok,3.571335078534031,4.571335078534031,6985,1528.0,0.5952225130890052,stop,True,12.631678125355393
longbench_v2,r_fuzzy,alpha0.25,case_050,1,ok,3.641053787047201,4.641053787047201,4227,911.0,0.6068422978412001,stop,True,7.368596472777426
longbench_v2,r_fuzzy,alpha0.25,case_051,1,ok,2.7891156462585034,3.7891156462585034,2229,588.0,0.46485260770975056,stop,True,5.716681877616793
longbench_v2,r_fuzzy,alpha0.25,case_052,1,ok,2.299559471365639,3.299559471365639,748,227.0,0.3832599118942731,stop,True,2.9586445670574903
longbench_v2,r_fuzzy,alpha0.25,case_053,1,ok,3.629737609329446,4.629737609329446,1587,343.0,0.6049562682215743,stop,True,3.0633440078236163
longbench_v2,r_fuzzy,alpha0.25,case_054,1,ok,3.403669724770642,4.4036697247706424,959,218.0,0.5672782874617737,stop,True,2.0487402020953596
longbench_v2,r_fuzzy,alpha0.25,case_055,1,ok,4.022968197879859,5.022968197879859,2842,566.0,0.6704946996466431,stop,True,4.825153229292482
longbench_v2,r_fuzzy,alpha0.25,case_056,1,ok,3.449056603773585,4.449056603773585,1180,265.0,0.5748427672955975,stop,True,2.2518906160257757
longbench_v2,r_fuzzy,alpha0.25,case_057,1,ok,3.081081081081081,4.081081081081081,2114,518.0,0.5135135135135135,stop,True,4.4842017837800086
longbench_v2,r_fuzzy,alpha0.25,case_058,1,ok,3.5037697052775876,4.503769705277588,6572,1459.0,0.5839616175462645,stop,True,11.616639308165759
longbench_v2,r_fuzzy,alpha0.25,case_059,1,ok,4.012244897959183,5.012244897959183,1226,245.0,0.6687074829931973,stop,True,2.2586160711944103
longbench_v2,r_fuzzy,alpha0.25,case_060,1,ok,3.345771144278607,4.345771144278607,3493,804.0,0.5576285240464345,stop,True,6.835403689648956
longbench_v2,r_fuzzy,alpha0.25,case_061,1,ok,4.034013605442177,5.034013605442177,2220,441.0,0.6723356009070295,stop,True,3.5123967099934816
longbench_v2,r_fuzzy,alpha0.25,case_062,1,ok,3.2439024390243905,4.2439024390243905,1044,246.0,0.540650406504065,stop,True,2.6486884960904717
longbench_v2,r_fuzzy,alpha0.25,case_063,1,ok,3.1347517730496453,4.134751773049645,584,141.0,0.5224586288416075,stop,True,1.3534568357281387
longbench_v2,r_fuzzy,alpha0.25,case_064,1,ok,3.219858156028369,4.219858156028369,594,141.0,0.5366430260047281,stop,True,1.3968128468841314
longbench_v2,r_fuzzy,alpha0.25,case_065,1,ok,4.155405405405405,5.155405405405405,762,148.0,0.6925675675675675,stop,True,1.3888924289494753
longbench_v2,r_fuzzy,alpha0.25,case_066,1,ok,3.6641791044776117,4.664179104477611,624,134.0,0.6106965174129353,stop,True,1.2661266941577196
longbench_v2,r_fuzzy,alpha0.25,case_067,1,ok,3.405582922824302,4.405582922824302,2681,609.0,0.5675971538040504,stop,True,5.249890869949013
longbench_v2,r_fuzzy,alpha0.25,case_068,1,ok,3.454242928452579,4.4542429284525795,2677,601.0,0.5757071547420965,stop,True,5.145810462068766
longbench_v2,r_fuzzy,alpha0.25,case_069,1,ok,2.509719222462203,3.509719222462203,1623,463.0,0.41828653707703384,stop,True,4.223948678933084
longbench_v2,r_fuzzy,alpha0.25,case_070,1,ok,4.236263736263736,5.236263736263736,1906,364.0,0.7060439560439561,stop,True,3.0725779682397842
longbench_v2,r_fuzzy,alpha0.25,case_071,1,ok,3.0236087689713322,4.023608768971332,4771,1186.0,0.5039347948285554,stop,True,9.684600084088743
longbench_v2,r_fuzzy,alpha0.25,case_072,1,ok,3.092753623188406,4.092753623188406,2825,690.0,0.5154589371980677,stop,True,5.98957877419889
longbench_v2,r_fuzzy,alpha0.25,case_073,1,ok,3.0691244239631335,4.0691244239631335,1765,434.0,0.511520737327189,stop,True,4.129540195222944
longbench_v2,r_fuzzy,alpha0.25,case_074,1,ok,3.1873990306946687,4.187399030694669,2593,619.0,0.5312331717824448,stop,True,5.778551386669278
longbench_v2,r_fuzzy,alpha0.25,case_075,1,ok,2.5948051948051947,3.5948051948051947,1383,385.0,0.43246753246753245,stop,True,3.9150928729213774
longbench_v2,r_fuzzy,alpha0.25,case_076,1,ok,2.9902912621359223,3.9902912621359223,410,103.0,0.49838187702265374,stop,True,1.1062072520144284
longbench_v2,r_fuzzy,alpha0.25,case_077,1,ok,2.6842105263157894,3.6842105263157894,2240,608.0,0.4473684210526316,stop,True,5.819487695582211
longbench_v2,r_fuzzy,alpha0.25,case_078,1,ok,4.048252911813644,5.048252911813644,3035,601.0,0.6747088186356073,stop,True,5.376210881397128
longbench_v2,r_fuzzy,alpha0.25,case_079,1,ok,2.48868778280543,3.48868778280543,772,221.0,0.41478129713423834,stop,True,2.4255895782262087
longbench_v2,r_fuzzy,alpha0.25,case_080,1,ok,3.80078125,4.80078125,2457,512.0,0.6334635416666666,stop,True,4.351970542222261
longbench_v2,r_fuzzy,alpha0.25,case_081,1,ok,3.344226579520697,4.344226579520697,1994,459.0,0.5573710965867829,stop,True,3.844889301341027
longbench_v2,r_fuzzy,alpha0.25,case_082,1,ok,3.7443181818181817,4.744318181818182,1669,352.0,0.6240530303030303,stop,True,3.3330536670982838
longbench_v2,r_fuzzy,alpha0.25,case_083,1,ok,4.011695906432749,5.011695906432749,1713,342.0,0.6686159844054581,stop,True,2.7989324629306793
longbench_v2,r_fuzzy,alpha0.25,case_084,1,ok,3.461077844311377,4.461077844311378,1489,334.0,0.5768463073852296,stop,True,3.058285570703447
longbench_v2,r_fuzzy,alpha0.25,case_085,1,ok,4.105100463678516,5.105100463678516,3302,647.0,0.6841834106130861,stop,True,5.264007167890668
longbench_v2,r_fuzzy,alpha0.25,case_086,1,ok,3.3945945945945946,4.394594594594595,813,185.0,0.5657657657657658,stop,True,1.9264896381646395
longbench_v2,r_fuzzy,alpha0.25,case_087,1,ok,4.151351351351352,5.151351351351352,1906,370.0,0.6918918918918919,stop,True,3.0414783940650523
longbench_v2,r_fuzzy,alpha0.25,case_088,1,ok,3.1920077972709553,4.192007797270955,4302,1026.0,0.5320012995451592,stop,True,8.792588202748448
longbench_v2,r_fuzzy,alpha0.25,case_089,1,ok,3.4544025157232703,4.45440251572327,2833,636.0,0.575733752620545,stop,False,5.217010874766856
longbench_v2,r_fuzzy,alpha0.25,case_090,1,ok,3.717948717948718,4.717948717948718,735,156.0,0.6196581196581197,stop,True,1.8294360870495439
longbench_v2,r_fuzzy,alpha0.25,case_091,1,ok,3.086053412462908,4.086053412462908,1374,337.0,0.5143422354104846,stop,True,3.1195185338146985
longbench_v2,r_fuzzy,alpha0.25,case_092,1,ok,4.064957264957265,5.064957264957265,2962,585.0,0.6774928774928775,stop,True,5.170932186767459
longbench_v2,r_fuzzy,alpha0.25,case_093,1,ok,2.586387434554974,3.586387434554974,684,191.0,0.43106457242582896,stop,True,1.8442138181999326
longbench_v2,r_fuzzy,alpha0.25,case_094,1,ok,2.6013513513513513,3.6013513513513513,1065,296.0,0.43355855855855857,stop,True,3.462994232773781
longbench_v2,r_fuzzy,alpha0.25,case_095,1,ok,3.221411192214112,4.221411192214112,1735,411.0,0.5369018653690186,stop,True,4.2612266088835895
longbench_v2,r_fuzzy,alpha0.25,case_096,1,ok,4.5479274611398965,5.5479274611398965,4283,772.0,0.7579879101899827,stop,True,6.232378994114697
longbench_v2,r_fuzzy,alpha0.25,case_097,1,ok,3.9135802469135803,4.913580246913581,1985,405.0,0.6522633744855967,stop,True,3.484787113033235
longbench_v2,r_fuzzy,alpha0.25,case_098,1,ok,2.8933333333333335,3.8933333333333335,584,150.0,0.4822222222222222,stop,True,1.6747128898277879
longbench_v2,r_fuzzy,alpha0.25,case_099,1,ok,3.398576512455516,4.3985765124555165,1232,281.0,0.566429418742586,stop,True,2.6244661998935044
longbench_v2,r_fuzzy,alpha0.25,case_100,1,ok,3.2666666666666666,4.266666666666667,2305,540.0,0.5444444444444444,stop,True,4.834848532918841
longbench_v2,r_fuzzy,alpha0.25,case_101,1,ok,3.8275382475660638,4.827538247566064,6940,1438.0,0.6379230412610106,stop,True,11.764616781845689
longbench_v2,r_fuzzy,alpha0.25,case_102,1,ok,3.792156862745098,4.792156862745098,2442,510.0,0.6320261437908496,stop,True,4.22487389203161
longbench_v2,r_fuzzy,alpha0.25,case_103,1,ok,3.5628571428571427,4.562857142857142,1597,350.0,0.5938095238095238,stop,True,2.978635209146887
longbench_v2,r_fuzzy,alpha0.25,case_104,1,ok,3.9163636363636365,4.916363636363636,2705,550.0,0.6527272727272727,stop,True,4.50259085604921
longbench_v2,r_fuzzy,alpha0.25,case_105,1,ok,3.8244897959183675,4.8244897959183675,2362,490.0,0.6374149659863946,stop,True,4.113633924629539
longbench_v2,r_fuzzy,alpha0.25,case_106,1,ok,2.7027027027027026,3.7027027027027026,2466,666.0,0.45045045045045046,stop,True,5.703204586170614
longbench_v2,r_fuzzy,alpha0.25,case_107,1,ok,2.791044776119403,3.791044776119403,1269,335.0,0.4651741293532338,stop,True,3.356907393783331
longbench_v2,r_fuzzy,alpha0.25,case_108,1,ok,2.1466165413533833,3.1466165413533833,836,266.0,0.35776942355889724,stop,True,3.1953863417729735
longbench_v2,r_fuzzy,alpha0.25,case_109,1,ok,3.2143318269851515,4.214331826985152,6526,1549.0,0.535721971164192,stop,True,13.175931621342897
longbench_v2,r_fuzzy,alpha0.25,case_110,1,ok,4.081707317073171,5.081707317073171,4165,820.0,0.6802845528455285,stop,True,6.745432415045798
longbench_v2,r_fuzzy,alpha0.25,case_111,1,ok,3.48068669527897,4.48068669527897,3132,699.0,0.5801144492131617,stop,True,6.25059900386259
longbench_v2,r_fuzzy,alpha0.25,case_112,1,ok,3.0588235294117645,4.0588235294117645,344,85.0,0.5098039215686274,stop,True,1.1654667030088603
longbench_v2,r_fuzzy,alpha0.25,case_113,1,ok,3.1,4.1,736,180.0,0.5166666666666667,stop,True,1.6636658823117614
longbench_v2,r_fuzzy,alpha0.25,case_114,1,ok,3.54014598540146,4.54014598540146,623,137.0,0.5900243309002433,stop,True,1.5865144859999418
longbench_v2,r_fuzzy,alpha0.25,case_115,1,ok,2.712820512820513,3.712820512820513,724,195.0,0.45213675213675214,stop,True,1.8710638633929193
longbench_v2,r_fuzzy,alpha0.25,case_116,1,ok,3.502439024390244,4.5024390243902435,923,205.0,0.583739837398374,stop,True,1.7366041662171483
longbench_v2,r_fuzzy,alpha0.25,case_117,1,ok,3.64808362369338,4.648083623693379,2669,574.0,0.60801393728223,stop,True,5.2439868319779634
longbench_v2,r_fuzzy,alpha0.25,case_118,1,ok,4.064935064935065,5.064935064935065,2727,539.0,0.6774891774891775,stop,True,4.2566612008959055
longbench_v2,r_fuzzy,alpha0.25,case_119,1,ok,2.914285714285714,3.914285714285714,410,105.0,0.4857142857142857,stop,True,1.2694966099224985
longbench_v2,r_fuzzy,alpha0.25,case_120,1,ok,2.161290322580645,3.161290322580645,1471,465.0,0.3602150537634409,stop,True,4.605983808171004
longbench_v2,r_fuzzy,alpha0.25,case_121,1,ok,3.649019607843137,4.649019607843137,2371,510.0,0.6081699346405228,stop,True,4.412407075986266
longbench_v2,r_fuzzy,alpha0.25,case_122,1,ok,2.700534759358289,3.700534759358289,3459,935.0,0.4500891265597148,stop,True,8.415128335822374
longbench_v2,r_fuzzy,alpha0.25,case_123,1,ok,3.6811023622047245,4.681102362204724,2373,508.0,0.613517060367454,stop,True,4.1812791167758405
longbench_v2,r_fuzzy,alpha0.25,case_124,1,ok,3.6575342465753424,4.657534246575342,681,146.0,0.6095890410958904,stop,True,1.4061110648326576
longbench_v2,r_fuzzy,alpha0.25,case_125,1,ok,3.6611764705882353,4.661176470588235,1978,425.0,0.6101960784313726,stop,True,3.8201620830222964
longbench_v2,r_fuzzy,alpha0.25,case_126,1,ok,3.298210735586481,4.298210735586482,2162,503.0,0.5497017892644135,stop,True,4.574467503931373
longbench_v2,r_fuzzy,alpha0.25,case_127,1,ok,3.3947368421052633,4.394736842105264,1667,380.0,0.5657894736842105,stop,True,3.5411102739162743
longbench_v2,r_fuzzy,alpha0.25,case_128,1,ok,2.8654708520179373,3.8654708520179373,861,223.0,0.47757847533632286,stop,True,2.611464286223054
longbench_v2,r_fuzzy,alpha0.25,case_129,1,ok,2.5216836734693877,3.5216836734693877,2762,784.0,0.42028061224489793,stop,True,6.691074864007533
longbench_v2,r_fuzzy,alpha0.25,case_130,1,ok,4.913767019667171,5.913767019667171,3908,661.0,0.8189611699445285,stop,True,5.344281733036041
longbench_v2,r_fuzzy,alpha0.25,case_131,1,ok,3.8691813804173356,4.869181380417336,6068,1246.0,0.6448635634028892,stop,True,10.24599329708144
longbench_v2,r_fuzzy,alpha0.25,case_132,1,ok,2.7766990291262137,3.7766990291262137,1555,412.0,0.4627831715210356,stop,True,3.9804563941434026
longbench_v2,r_fuzzy,alpha0.25,case_133,1,ok,2.8199052132701423,3.8199052132701423,1613,422.0,0.46998420221169035,stop,True,3.8553672889247537
longbench_v2,r_fuzzy,alpha0.25,case_134,1,ok,4.01158940397351,5.01158940397351,3025,604.0,0.6685982339955849,stop,True,4.6984903030097485
longbench_v2,r_fuzzy,alpha0.25,case_135,1,ok,4.109848484848484,5.109848484848484,2697,528.0,0.6849747474747475,stop,True,4.459881977178156
longbench_v2,r_fuzzy,alpha0.25,case_136,1,ok,3.0112359550561796,4.011235955056179,4640,1157.0,0.50187265917603,stop,True,10.204864335246384
longbench_v2,r_fuzzy,alpha0.25,case_137,1,ok,3.036101083032491,4.0361010830324915,1117,277.0,0.5060168471720818,stop,True,2.5655172308906913
longbench_v2,r_fuzzy,alpha0.25,case_138,1,ok,3.688073394495413,4.688073394495413,2553,545.0,0.6146788990825688,stop,True,5.0035468260757625
longbench_v2,r_fuzzy,alpha0.25,case_139,1,ok,3.6345707656612527,4.634570765661253,3995,862.0,0.6057617942768755,stop,True,7.969407210126519
longbench_v2,r_fuzzy,alpha0.25,case_140,1,ok,3.548823948681397,4.548823948681397,6381,1403.0,0.5914706581135661,stop,True,11.251761058811098
longbench_v2,r_fuzzy,alpha0.25,case_141,1,ok,3.6986301369863015,4.698630136986301,2059,438.0,0.6164383561643836,stop,True,3.6849842532537878
longbench_v2,r_fuzzy,alpha0.25,case_142,1,ok,2.625,3.625,782,216.0,0.4375,stop,True,2.270644379314035
longbench_v2,r_fuzzy,alpha0.25,case_143,1,ok,3.135347432024169,4.135347432024169,6845,1655.0,0.5225579053373616,stop,True,14.091255810111761
longbench_v2,r_fuzzy,alpha0.25,case_144,1,ok,3.8608385370205176,4.860838537020518,5449,1121.0,0.6434730895034195,stop,True,8.864939223974943
longbench_v2,r_fuzzy,alpha0.25,case_145,1,ok,3.6203389830508477,4.620338983050848,2723,590.0,0.6033898305084746,stop,True,4.621910798829049
longbench_v2,r_fuzzy,alpha0.25,case_146,1,ok,2.3684210526315788,3.3684210526315788,381,114.0,0.39473684210526316,stop,True,1.1586653240956366
longbench_v2,r_fuzzy,alpha0.25,case_147,1,ok,4.670329670329671,5.670329670329671,1547,273.0,0.7783882783882784,stop,True,2.376693410333246
longbench_v2,r_fuzzy,alpha0.25,case_148,1,ok,3.3403141361256545,4.340314136125654,830,191.0,0.5567190226876091,stop,True,1.9925510589964688
longbench_v2,r_fuzzy,alpha0.25,case_149,1,ok,3.182242990654206,4.182242990654206,1791,428.0,0.530373831775701,stop,True,3.714728523977101
longbench_v2,r_fuzzy,alpha0.25,case_150,1,ok,3.7974683544303796,4.7974683544303796,380,79.0,0.6329113924050633,stop,True,0.9296125709079206
longbench_v2,spec_casc_opt,alpha0.05,case_001,1,ok,2.3268839103869654,3.3268839103869654,3268,982.0,0.3878139850644942,stop,True,8.756076613906771
longbench_v2,spec_casc_opt,alpha0.05,case_002,1,ok,2.3364197530864197,3.3364197530864197,1082,324.0,0.38940329218106995,stop,True,3.607051323633641
longbench_v2,spec_casc_opt,alpha0.05,case_003,1,ok,2.881592039800995,3.881592039800995,3901,1005.0,0.4802653399668325,stop,True,8.35038786008954
longbench_v2,spec_casc_opt,alpha0.05,case_004,1,ok,3.419811320754717,4.419811320754717,934,212.0,0.5699685534591195,stop,True,1.9718103487975895
longbench_v2,spec_casc_opt,alpha0.05,case_005,1,ok,3.376996805111821,4.376996805111821,1370,313.0,0.5628328008519702,stop,True,2.6199128767475486
longbench_v2,spec_casc_opt,alpha0.05,case_006,1,ok,2.6397008837525493,3.6397008837525493,5350,1471.0,0.43995014729209153,stop,True,11.82338022813201
longbench_v2,spec_casc_opt,alpha0.05,case_007,1,ok,2.429657794676806,3.429657794676806,902,263.0,0.4049429657794677,stop,True,3.046492096967995
longbench_v2,spec_casc_opt,alpha0.05,case_008,1,ok,3.0431588613406797,4.04315886134068,4399,1089.0,0.5071931435567799,stop,True,9.020832303911448
longbench_v2,spec_casc_opt,alpha0.05,case_009,1,ok,3.5657748049052396,4.56577480490524,8192,1794.0,0.59429580081754,length,False,14.368990074843168
longbench_v2,spec_casc_opt,alpha0.05,case_010,1,ok,1.8985507246376812,2.898550724637681,198,69.0,0.3164251207729469,stop,True,1.4468286009505391
longbench_v2,spec_casc_opt,alpha0.05,case_011,1,ok,2.9906542056074765,3.9906542056074765,427,107.0,0.4984423676012461,stop,True,1.2269212822429836
longbench_v2,spec_casc_opt,alpha0.05,case_012,1,ok,2.871153846153846,3.871153846153846,2011,520.0,0.47852564102564105,stop,True,4.214850372169167
longbench_v2,spec_casc_opt,alpha0.05,case_013,1,ok,2.037037037037037,3.037037037037037,161,54.0,0.3395061728395062,stop,True,0.9301961376331747
longbench_v2,spec_casc_opt,alpha0.05,case_014,1,ok,2.9625779625779627,3.9625779625779627,1902,481.0,0.49376299376299376,stop,True,3.877102022059262
longbench_v2,spec_casc_opt,alpha0.05,case_015,1,ok,2.6553911205073994,3.6553911205073994,1729,473.0,0.44256518675123324,stop,True,4.325929025188088
longbench_v2,spec_casc_opt,alpha0.05,case_016,1,ok,2.8810068649885583,3.8810068649885583,1697,437.0,0.4801678108314264,stop,True,3.5311006512492895
longbench_v2,spec_casc_opt,alpha0.05,case_017,1,ok,2.4864864864864864,3.4864864864864864,129,37.0,0.4144144144144144,stop,True,0.6148407361470163
longbench_v2,spec_casc_opt,alpha0.05,case_018,1,ok,3.5353824160114367,4.535382416011437,6345,1399.0,0.5892304026685727,stop,True,10.93282689480111
longbench_v2,spec_casc_opt,alpha0.05,case_019,1,ok,2.7355371900826446,3.7355371900826446,904,242.0,0.4559228650137741,stop,True,2.4277045927010477
longbench_v2,spec_casc_opt,alpha0.05,case_020,1,ok,1.7448680351906158,2.744868035190616,931,341.0,0.290811339198436,stop,True,3.783721665851772
longbench_v2,spec_casc_opt,alpha0.05,case_021,1,ok,2.6740506329113924,3.6740506329113924,1158,316.0,0.4456751054852321,stop,True,2.6869866801425815
longbench_v2,spec_casc_opt,alpha0.05,case_022,1,ok,3.3346456692913384,4.334645669291339,1101,254.0,0.5557742782152231,stop,True,2.0998473269864917
longbench_v2,spec_casc_opt,alpha0.05,case_023,1,ok,2.1400651465798046,3.1400651465798046,1929,614.0,0.3566775244299674,stop,True,5.847762685734779
longbench_v2,spec_casc_opt,alpha0.05,case_024,1,ok,3.1322436849925706,4.13224368499257,2776,673.0,0.5220406141654285,stop,True,5.4341961410827935
longbench_v2,spec_casc_opt,alpha0.05,case_025,1,ok,2.62992125984252,3.62992125984252,7838,2159.0,0.43832020997375326,stop,True,18.020389857236296
longbench_v2,spec_casc_opt,alpha0.05,case_026,1,ok,2.8640226628895182,3.8640226628895182,1362,353.0,0.4773371104815864,stop,True,3.1381651670672
longbench_v2,spec_casc_opt,alpha0.05,case_027,1,ok,3.1654769630110318,4.165476963011032,6414,1541.0,0.527579493835172,stop,True,11.746688423212618
longbench_v2,spec_casc_opt,alpha0.05,case_028,1,ok,3.3954619124797407,4.395461912479741,2712,617.0,0.5659103187466235,stop,True,5.141680753789842
longbench_v2,spec_casc_opt,alpha0.05,case_029,1,ok,3.621301775147929,4.621301775147929,1558,338.0,0.6035502958579881,stop,True,2.717987712007016
longbench_v2,spec_casc_opt,alpha0.05,case_030,1,ok,3.680960548885077,4.680960548885077,2729,583.0,0.6134934248141796,stop,True,4.9086279002949595
longbench_v2,spec_casc_opt,alpha0.05,case_031,1,ok,2.433007985803017,3.433007985803017,3869,1127.0,0.40550133096716945,stop,True,9.855610053054988
longbench_v2,spec_casc_opt,alpha0.05,case_032,1,ok,2.7581818181818183,3.7581818181818183,2063,550.0,0.4596969696969697,stop,True,4.846470865886658
longbench_v2,spec_casc_opt,alpha0.05,case_033,1,ok,2.8111627906976744,3.8111627906976744,8192,2150.0,0.46852713178294575,length,False,17.34751652413979
longbench_v2,spec_casc_opt,alpha0.05,case_034,1,ok,3.0361990950226243,4.036199095022624,2677,663.0,0.5060331825037707,stop,True,5.487382719758898
longbench_v2,spec_casc_opt,alpha0.05,case_035,1,ok,3.3734177215189876,4.3734177215189876,2760,632.0,0.5622362869198312,stop,True,5.034391544293612
longbench_v2,spec_casc_opt,alpha0.05,case_036,1,ok,3.704460966542751,4.704460966542751,7591,1614.0,0.6174101610904585,stop,True,12.396474387031049
longbench_v2,spec_casc_opt,alpha0.05,case_037,1,ok,3.1686046511627906,4.1686046511627906,2151,516.0,0.5281007751937985,stop,True,4.313525823876262
longbench_v2,spec_casc_opt,alpha0.05,case_038,1,ok,3.1966019417475726,4.196601941747573,1726,412.0,0.5327669902912622,stop,True,3.520645965822041
longbench_v2,spec_casc_opt,alpha0.05,case_039,1,ok,2.667682926829268,3.667682926829268,1202,328.0,0.4446138211382114,stop,True,2.9090948263183236
longbench_v2,spec_casc_opt,alpha0.05,case_040,1,ok,3.3917470525187565,4.391747052518756,8192,1866.0,0.5652911754197928,length,False,14.640798344276845
longbench_v2,spec_casc_opt,alpha0.05,case_041,1,ok,2.3987603305785123,3.3987603305785123,1645,484.0,0.39979338842975204,stop,True,4.535530616994947
longbench_v2,spec_casc_opt,alpha0.05,case_042,1,ok,2.2551020408163267,3.2551020408163267,638,196.0,0.3758503401360544,stop,True,2.073816321324557
longbench_v2,spec_casc_opt,alpha0.05,case_043,1,ok,3.12778603268945,4.12778603268945,2778,673.0,0.5212976721149084,stop,True,5.233448086772114
longbench_v2,spec_casc_opt,alpha0.05,case_044,1,ok,2.772020725388601,3.772020725388601,5096,1351.0,0.4620034542314335,stop,True,11.527360753156245
longbench_v2,spec_casc_opt,alpha0.05,case_045,1,ok,2.639271434917814,3.639271434917814,8192,2251.0,0.4398785724863024,length,False,18.582673253957182
longbench_v2,spec_casc_opt,alpha0.05,case_046,1,ok,2.3291571753986333,3.3291571753986333,2924,878.0,0.38819286256643887,stop,True,7.842735487036407
longbench_v2,spec_casc_opt,alpha0.05,case_047,1,ok,3.171890798786653,4.171890798786653,4123,989.0,0.5286484664644422,stop,True,8.123913520015776
longbench_v2,spec_casc_opt,alpha0.05,case_048,1,ok,2.8275193798449614,3.8275193798449614,1976,516.0,0.4712532299741602,stop,True,4.411389146000147
longbench_v2,spec_casc_opt,alpha0.05,case_049,1,ok,2.6854942233632864,3.6854942233632864,2869,779.0,0.4475823705605477,stop,True,6.75437582982704
longbench_v2,spec_casc_opt,alpha0.05,case_050,1,ok,3.1006896551724137,4.100689655172413,5946,1450.0,0.5167816091954023,stop,True,11.410172044765204
longbench_v2,spec_casc_opt,alpha0.05,case_051,1,ok,1.948207171314741,2.948207171314741,735,251.0,0.3247011952191235,stop,True,3.030231826007366
longbench_v2,spec_casc_opt,alpha0.05,case_052,1,ok,2.0309734513274336,3.0309734513274336,2737,904.0,0.33849557522123896,stop,True,8.330241653136909
longbench_v2,spec_casc_opt,alpha0.05,case_053,1,ok,2.8137535816618913,3.8137535816618913,1328,349.0,0.4689589302769819,stop,True,3.099369355943054
longbench_v2,spec_casc_opt,alpha0.05,case_054,1,ok,2.907766990291262,3.907766990291262,806,206.0,0.48462783171521034,stop,True,1.9546814006753266
longbench_v2,spec_casc_opt,alpha0.05,case_055,1,ok,3.0930232558139537,4.093023255813954,700,172.0,0.5155038759689923,stop,True,1.7825403148308396
longbench_v2,spec_casc_opt,alpha0.05,case_056,1,ok,2.9285714285714284,3.9285714285714284,1095,280.0,0.4880952380952381,stop,True,2.346733462996781
longbench_v2,spec_casc_opt,alpha0.05,case_057,1,ok,2.6427320490367774,3.6427320490367774,2075,571.0,0.4404553415061296,stop,True,4.8808800033293664
longbench_v2,spec_casc_opt,alpha0.05,case_058,1,ok,3.697538100820633,4.697538100820633,8012,1706.0,0.6162563501367722,stop,True,13.447266237810254
longbench_v2,spec_casc_opt,alpha0.05,case_059,1,ok,2.621761658031088,3.621761658031088,699,193.0,0.4369602763385147,stop,True,1.8700065747834742
longbench_v2,spec_casc_opt,alpha0.05,case_060,1,ok,2.7316040232927477,3.7316040232927477,7050,1889.0,0.4552673372154579,stop,True,15.143910400103778
longbench_v2,spec_casc_opt,alpha0.05,case_061,1,ok,3.1145374449339207,4.114537444933921,1867,454.0,0.5190895741556535,stop,True,3.6165294158272445
longbench_v2,spec_casc_opt,alpha0.05,case_062,1,ok,2.75,3.75,747,200.0,0.4583333333333333,stop,True,2.283540674019605
longbench_v2,spec_casc_opt,alpha0.05,case_063,1,ok,3.0104166666666665,4.010416666666666,1155,288.0,0.5017361111111112,stop,True,2.472406113985926
longbench_v2,spec_casc_opt,alpha0.05,case_064,1,ok,2.9743589743589745,3.9743589743589745,460,117.0,0.49572649572649574,stop,True,1.2169861407019198
longbench_v2,spec_casc_opt,alpha0.05,case_065,1,ok,3.2244897959183674,4.224489795918368,621,147.0,0.5374149659863946,stop,True,1.3724484401755035
longbench_v2,spec_casc_opt,alpha0.05,case_066,1,ok,3.2790697674418605,4.279069767441861,365,86.0,0.5465116279069767,stop,True,0.908313212916255
longbench_v2,spec_casc_opt,alpha0.05,case_067,1,ok,3.7473928157589804,4.74739281575898,8192,1726.0,0.6245654692931634,length,False,14.057846740353853
longbench_v2,spec_casc_opt,alpha0.05,case_068,1,ok,2.6201923076923075,3.6201923076923075,753,208.0,0.43669871794871795,stop,True,2.066909820307046
longbench_v2,spec_casc_opt,alpha0.05,case_069,1,ok,2.0348583877995643,3.0348583877995643,1393,459.0,0.3391430646332607,stop,True,4.158261435106397
longbench_v2,spec_casc_opt,alpha0.05,case_070,1,ok,3.5750350631136043,4.575035063113605,3262,713.0,0.5958391771856008,stop,True,5.659201629925519
longbench_v2,spec_casc_opt,alpha0.05,case_071,1,ok,2.7478070175438596,3.7478070175438596,3417,912.0,0.45796783625730997,stop,True,7.499972430057824
longbench_v2,spec_casc_opt,alpha0.05,case_072,1,ok,3.7744755244755246,4.774475524475525,8192,1716.0,0.629079254079254,length,False,13.824009565170854
longbench_v2,spec_casc_opt,alpha0.05,case_073,1,ok,2.118556701030928,3.118556701030928,1205,388.0,0.35309278350515466,stop,True,3.73241700977087
longbench_v2,spec_casc_opt,alpha0.05,case_074,1,ok,3.0838414634146343,4.083841463414634,2674,656.0,0.5139735772357723,stop,True,5.9462679559364915
longbench_v2,spec_casc_opt,alpha0.05,case_075,1,ok,2.265625,3.265625,5014,1536.0,0.3776041666666667,stop,True,12.947952320799232
longbench_v2,spec_casc_opt,alpha0.05,case_076,1,ok,2.7892156862745097,3.7892156862745097,770,204.0,0.46486928104575165,stop,True,1.8476196299307048
longbench_v2,spec_casc_opt,alpha0.05,case_077,1,ok,2.163961038961039,3.163961038961039,1949,616.0,0.3606601731601732,stop,True,5.850031324662268
longbench_v2,spec_casc_opt,alpha0.05,case_078,1,ok,2.43,3.43,681,200.0,0.405,stop,True,2.2684716121293604
longbench_v2,spec_casc_opt,alpha0.05,case_079,1,ok,2.3532934131736525,3.3532934131736525,1120,334.0,0.39221556886227543,stop,True,3.3073520842008293
longbench_v2,spec_casc_opt,alpha0.05,case_080,1,ok,3.006787330316742,4.006787330316742,1771,442.0,0.501131221719457,stop,True,3.795432509854436
longbench_v2,spec_casc_opt,alpha0.05,case_081,1,ok,2.9643835616438357,3.9643835616438357,1442,365.0,0.4940639269406393,stop,True,3.0899051250889897
longbench_v2,spec_casc_opt,alpha0.05,case_082,1,ok,2.5444444444444443,3.5444444444444443,316,90.0,0.42407407407407405,stop,True,1.2634388878941536
longbench_v2,spec_casc_opt,alpha0.05,case_083,1,ok,2.6244343891402715,3.6244343891402715,1602,442.0,0.4374057315233786,stop,True,3.5151881598867476
longbench_v2,spec_casc_opt,alpha0.05,case_084,1,ok,2.944,3.944,981,250.0,0.49066666666666664,stop,True,2.3986708717420697
longbench_v2,spec_casc_opt,alpha0.05,case_085,1,ok,2.991031390134529,3.991031390134529,887,223.0,0.49850523168908817,stop,True,2.0359786581248045
longbench_v2,spec_casc_opt,alpha0.05,case_086,1,ok,2.7777777777777777,3.7777777777777777,714,189.0,0.46296296296296297,stop,True,1.9521205560304224
longbench_v2,spec_casc_opt,alpha0.05,case_087,1,ok,3.054320987654321,4.054320987654322,1642,405.0,0.5090534979423869,stop,True,3.276315114926547
longbench_v2,spec_casc_opt,alpha0.05,case_088,1,ok,2.9271332694151484,3.9271332694151484,8192,2086.0,0.48785554490252475,length,False,17.04283652594313
longbench_v2,spec_casc_opt,alpha0.05,case_089,1,ok,2.7183098591549295,3.7183098591549295,528,142.0,0.45305164319248825,stop,True,1.4046190162189305
longbench_v2,spec_casc_opt,alpha0.05,case_090,1,ok,2.533596837944664,3.533596837944664,890,253.0,0.42226613965744403,stop,True,2.555110608227551
longbench_v2,spec_casc_opt,alpha0.05,case_091,1,ok,3.468630660120022,4.468630660120022,8192,1833.0,0.5781051100200036,length,False,14.586167727131397
longbench_v2,spec_casc_opt,alpha0.05,case_092,1,ok,2.2729591836734695,3.2729591836734695,1280,392.0,0.3788265306122449,stop,True,3.631858877837658
longbench_v2,spec_casc_opt,alpha0.05,case_093,1,ok,2.4878048780487805,3.4878048780487805,1144,328.0,0.4146341463414634,stop,True,2.8576743379235268
longbench_v2,spec_casc_opt,alpha0.05,case_094,1,ok,2.0927152317880795,3.0927152317880795,468,151.0,0.3487858719646799,stop,True,2.311602483037859
longbench_v2,spec_casc_opt,alpha0.05,case_095,1,ok,2.342560553633218,3.342560553633218,1933,578.0,0.3904267589388697,stop,True,5.525226422119886
longbench_v2,spec_casc_opt,alpha0.05,case_096,1,ok,3.6220028208744712,4.622002820874471,3277,709.0,0.6036671368124118,stop,True,5.701448096893728
longbench_v2,spec_casc_opt,alpha0.05,case_097,1,ok,3.0353430353430353,4.035343035343035,1940,481.0,0.5058905058905059,stop,True,4.006182733923197
longbench_v2,spec_casc_opt,alpha0.05,case_098,1,ok,2.577777777777778,3.577777777777778,802,225.0,0.42962962962962964,stop,True,2.2339785611256957
longbench_v2,spec_casc_opt,alpha0.05,case_099,1,ok,2.99347471451876,3.99347471451876,2443,613.0,0.4989124524197934,stop,True,5.178955397102982
longbench_v2,spec_casc_opt,alpha0.05,case_100,1,ok,3.187683284457478,4.187683284457478,7135,1705.0,0.5312805474095796,stop,True,13.719242870807648
longbench_v2,spec_casc_opt,alpha0.05,case_101,1,ok,3.346072186836518,4.346072186836518,4089,942.0,0.5576786978060864,stop,True,7.8233039220795035
longbench_v2,spec_casc_opt,alpha0.05,case_102,1,ok,2.811320754716981,3.811320754716981,1011,265.0,0.46855345911949686,stop,True,2.324761060066521
longbench_v2,spec_casc_opt,alpha0.05,case_103,1,ok,3.1069767441860465,4.1069767441860465,883,215.0,0.517829457364341,stop,True,1.9309817007742822
longbench_v2,spec_casc_opt,alpha0.05,case_104,1,ok,3.1861702127659575,4.1861702127659575,787,188.0,0.5310283687943262,stop,True,1.7473611277528107
longbench_v2,spec_casc_opt,alpha0.05,case_105,1,ok,3.1937716262975777,4.193771626297577,1210,289.0,0.5322952710495963,stop,True,2.5571614489890635
longbench_v2,spec_casc_opt,alpha0.05,case_106,1,ok,2.5114867793671434,3.5114867793671434,8101,2307.0,0.4185811298945239,stop,True,18.486202608793974
longbench_v2,spec_casc_opt,alpha0.05,case_107,1,ok,1.735042735042735,2.735042735042735,637,234.0,0.28917378917378916,stop,True,2.55083175515756
longbench_v2,spec_casc_opt,alpha0.05,case_108,1,ok,1.8549019607843138,2.854901960784314,729,255.0,0.30915032679738563,stop,True,3.0973366778343916
longbench_v2,spec_casc_opt,alpha0.05,case_109,1,ok,3.081818181818182,4.081818181818182,2690,660.0,0.5136363636363637,stop,True,6.031610335689038
longbench_v2,spec_casc_opt,alpha0.05,case_110,1,ok,3.178733031674208,4.1787330316742075,1844,442.0,0.529788838612368,stop,True,3.847802027128637
longbench_v2,spec_casc_opt,alpha0.05,case_111,1,ok,2.650632911392405,3.650632911392405,1442,395.0,0.4417721518987342,stop,True,3.836411621887237
longbench_v2,spec_casc_opt,alpha0.05,case_112,1,ok,2.8895184135977336,3.8895184135977336,2746,706.0,0.48158640226628896,stop,True,5.862567912787199
longbench_v2,spec_casc_opt,alpha0.05,case_113,1,ok,2.926829268292683,3.926829268292683,641,164.0,0.4878048780487805,stop,True,1.5340523719787598
longbench_v2,spec_casc_opt,alpha0.05,case_114,1,ok,2.3587786259541983,3.3587786259541983,436,131.0,0.3931297709923664,stop,True,1.5215990883298218
longbench_v2,spec_casc_opt,alpha0.05,case_115,1,ok,2.4526315789473685,3.4526315789473685,984,285.0,0.4087719298245614,stop,True,2.537645769305527
longbench_v2,spec_casc_opt,alpha0.05,case_116,1,ok,3.5625759416767924,4.562575941676792,3750,823.0,0.5937626569461321,stop,True,6.362019340973347
longbench_v2,spec_casc_opt,alpha0.05,case_117,1,ok,2.932806324110672,3.932806324110672,992,253.0,0.4888010540184453,stop,True,2.7172379288822412
longbench_v2,spec_casc_opt,alpha0.05,case_118,1,ok,3.8602661596958177,4.860266159695818,5114,1052.0,0.6433776932826363,stop,True,8.076251527760178
longbench_v2,spec_casc_opt,alpha0.05,case_119,1,ok,3.029850746268657,4.029850746268657,538,134.0,0.5049751243781094,stop,True,1.4844893678091466
longbench_v2,spec_casc_opt,alpha0.05,case_120,1,ok,2.1578947368421053,3.1578947368421053,1680,532.0,0.35964912280701755,stop,True,5.096671760082245
longbench_v2,spec_casc_opt,alpha0.05,case_121,1,ok,2.6220095693779903,3.6220095693779903,754,209.0,0.4370015948963317,stop,True,2.0708021046593785
longbench_v2,spec_casc_opt,alpha0.05,case_122,1,ok,2.2108976871814976,3.2108976871814976,8192,2551.0,0.36848294786358293,length,False,21.19979169173166
longbench_v2,spec_casc_opt,alpha0.05,case_123,1,ok,2.7816901408450705,3.7816901408450705,1074,284.0,0.4636150234741784,stop,True,2.455010267905891
longbench_v2,spec_casc_opt,alpha0.05,case_124,1,ok,3.566914498141264,4.566914498141264,2457,538.0,0.5944857496902106,stop,True,4.310641841031611
longbench_v2,spec_casc_opt,alpha0.05,case_125,1,ok,3.3435511856564486,4.343551185656448,7508,1729.0,0.5572585309427415,stop,True,13.825769541785121
longbench_v2,spec_casc_opt,alpha0.05,case_126,1,ok,3.190562613430127,4.190562613430127,2304,551.0,0.5317604355716878,stop,True,4.926695849746466
longbench_v2,spec_casc_opt,alpha0.05,case_127,1,ok,2.7152317880794703,3.7152317880794703,561,151.0,0.45253863134657835,stop,True,1.802152391988784
longbench_v2,spec_casc_opt,alpha0.05,case_128,1,ok,2.522309711286089,3.522309711286089,1338,381.0,0.4203849518810149,stop,True,3.8425584519281983
longbench_v2,spec_casc_opt,alpha0.05,case_129,1,ok,2.4637243047158406,3.4637243047158406,5730,1654.0,0.41062071745264006,stop,True,13.388397763017565
longbench_v2,spec_casc_opt,alpha0.05,case_130,1,ok,3.243373493975904,4.243373493975904,3522,830.0,0.5405622489959839,stop,True,6.597208275925368
longbench_v2,spec_casc_opt,alpha0.05,case_131,1,ok,3.672561323445522,4.672561323445522,8192,1753.0,0.612093553907587,length,False,14.034305010922253
longbench_v2,spec_casc_opt,alpha0.05,case_132,1,ok,2.4148936170212765,3.4148936170212765,2563,752.0,0.4024822695035461,stop,True,6.574962793849409
longbench_v2,spec_casc_opt,alpha0.05,case_133,1,ok,2.670487106017192,3.670487106017192,1281,349.0,0.44508118433619864,stop,True,3.273934619035572
longbench_v2,spec_casc_opt,alpha0.05,case_134,1,ok,3.322274881516588,4.322274881516588,3643,844.0,0.5537124802527646,stop,True,6.435124772135168
longbench_v2,spec_casc_opt,alpha0.05,case_135,1,ok,3.605995717344754,4.605995717344754,2146,467.0,0.6009992862241256,stop,True,3.939029315020889
longbench_v2,spec_casc_opt,alpha0.05,case_136,1,ok,2.4775311315646995,3.4775311315646995,6420,1847.0,0.41292185526078323,stop,True,15.548082768917084
longbench_v2,spec_casc_opt,alpha0.05,case_137,1,ok,2.9553172475424487,3.9553172475424487,4423,1119.0,0.4925528745904081,stop,True,8.94468903215602
longbench_v2,spec_casc_opt,alpha0.05,case_138,1,ok,2.247104247104247,3.247104247104247,842,259.0,0.3745173745173745,stop,True,2.7546412339434028
longbench_v2,spec_casc_opt,alpha0.05,case_139,1,ok,2.4668721109399074,3.4668721109399074,2251,649.0,0.4111453518233179,stop,True,6.239376354962587
longbench_v2,spec_casc_opt,alpha0.05,case_140,1,ok,3.0324022346368715,4.032402234636871,3609,895.0,0.5054003724394786,stop,True,7.264772986993194
longbench_v2,spec_casc_opt,alpha0.05,case_141,1,ok,3.089635854341737,4.089635854341736,1460,357.0,0.5149393090569561,stop,True,3.0218500271439552
longbench_v2,spec_casc_opt,alpha0.05,case_142,1,ok,2.28,3.28,820,250.0,0.38,stop,True,2.519932318944484
longbench_v2,spec_casc_opt,alpha0.05,case_143,1,ok,3.0166666666666666,4.016666666666667,8192,2040.0,0.5027777777777778,length,False,16.82253960194066
longbench_v2,spec_casc_opt,alpha0.05,case_144,1,ok,3.360495436766623,4.360495436766623,6684,1534.0,0.5600825727944372,stop,True,11.966251265257597
longbench_v2,spec_casc_opt,alpha0.05,case_145,1,ok,2.7683823529411766,3.7683823529411766,1021,272.0,0.46139705882352944,stop,True,2.234510916750878
longbench_v2,spec_casc_opt,alpha0.05,case_146,1,ok,3.0833333333333335,4.083333333333334,537,132.0,0.5138888888888888,stop,True,1.2876635356806219
longbench_v2,spec_casc_opt,alpha0.05,case_147,1,ok,3.6232394366197185,4.623239436619718,3939,852.0,0.6038732394366197,stop,True,6.625547031406313
longbench_v2,spec_casc_opt,alpha0.05,case_148,1,ok,2.9520833333333334,3.9520833333333334,1896,480.0,0.49201388888888886,stop,True,4.200785716064274
longbench_v2,spec_casc_opt,alpha0.05,case_149,1,ok,3.0460526315789473,4.046052631578947,4300,1064.0,0.5076754385964912,stop,True,8.524509177077562
longbench_v2,spec_casc_opt,alpha0.05,case_150,1,ok,3.2741116751269037,4.274111675126903,842,197.0,0.5456852791878173,stop,True,1.8363778092898428
longbench_v2,spec_casc_tok,alpha0.55,case_001,1,ok,2.1456953642384105,3.1456953642384105,1423,453.0,0.3576158940397351,stop,True,4.635482665151358
longbench_v2,spec_casc_tok,alpha0.55,case_002,1,ok,2.0026178010471205,3.0026178010471205,1142,382.0,0.3337696335078534,stop,True,3.9939990201964974
longbench_v2,spec_casc_tok,alpha0.55,case_003,1,ok,1.939153439153439,2.939153439153439,1109,378.0,0.32319223985890655,stop,True,3.510001681279391
longbench_v2,spec_casc_tok,alpha0.55,case_004,1,ok,2.603883495145631,3.603883495145631,1854,515.0,0.43398058252427185,stop,True,4.154221868142486
longbench_v2,spec_casc_tok,alpha0.55,case_005,1,ok,2.595307917888563,3.595307917888563,1227,341.0,0.43255131964809385,stop,True,2.7735266960226
longbench_v2,spec_casc_tok,alpha0.55,case_006,1,ok,2.0049778761061945,3.0049778761061945,5430,1808.0,0.33416297935103245,stop,True,14.089355802163482
longbench_v2,spec_casc_tok,alpha0.55,case_007,1,ok,1.9385665529010239,2.938566552901024,862,293.0,0.323094425483504,stop,True,3.227133251260966
longbench_v2,spec_casc_tok,alpha0.55,case_008,1,ok,3.1652173913043478,4.165217391304347,2394,575.0,0.527536231884058,stop,True,4.908472860697657
longbench_v2,spec_casc_tok,alpha0.55,case_009,1,ok,2.2998805256869774,3.2998805256869774,2762,837.0,0.38331342094782955,stop,True,6.819378830958158
longbench_v2,spec_casc_tok,alpha0.55,case_010,1,ok,1.7432432432432432,2.743243243243243,810,296.0,0.2905405405405405,stop,True,3.170898542739451
longbench_v2,spec_casc_tok,alpha0.55,case_011,1,ok,2.586497890295359,3.586497890295359,849,237.0,0.4310829817158931,stop,True,2.159746085293591
longbench_v2,spec_casc_tok,alpha0.55,case_012,1,ok,1.7005347593582887,2.7005347593582885,1010,374.0,0.28342245989304815,stop,True,3.0478736250661314
longbench_v2,spec_casc_tok,alpha0.55,case_013,1,ok,1.5950413223140496,2.5950413223140494,313,121.0,0.26584022038567495,stop,True,1.4059792319312692
longbench_v2,spec_casc_tok,alpha0.55,case_014,1,ok,1.886138613861386,2.886138613861386,1164,404.0,0.31435643564356436,stop,True,3.2405393663793802
longbench_v2,spec_casc_tok,alpha0.55,case_015,1,ok,1.7877551020408162,2.7877551020408164,2048,735.0,0.2979591836734694,stop,True,6.225077168084681
longbench_v2,spec_casc_tok,alpha0.55,case_016,1,ok,2.545171339563863,3.545171339563863,1137,321.0,0.4241952232606438,stop,True,2.6318189380690455
longbench_v2,spec_casc_tok,alpha0.55,case_017,1,ok,2.2972972972972974,3.2972972972972974,366,111.0,0.38288288288288286,stop,True,1.1460833484306931
longbench_v2,spec_casc_tok,alpha0.55,case_018,1,ok,2.747156605424322,3.747156605424322,4283,1143.0,0.457859434237387,stop,True,8.832640486769378
longbench_v2,spec_casc_tok,alpha0.55,case_019,1,ok,2.111801242236025,3.111801242236025,500,161.0,0.35196687370600416,stop,True,1.7798357740975916
longbench_v2,spec_casc_tok,alpha0.55,case_020,1,ok,1.302325581395349,2.302325581395349,295,129.0,0.21705426356589147,stop,True,2.076680805068463
longbench_v2,spec_casc_tok,alpha0.55,case_021,1,ok,2.2680115273775217,3.2680115273775217,1133,347.0,0.3780019212295869,stop,True,2.8301565391011536
longbench_v2,spec_casc_tok,alpha0.55,case_022,1,ok,2.337877312560857,3.337877312560857,3428,1027.0,0.3896462187601428,stop,True,7.627058521844447
longbench_v2,spec_casc_tok,alpha0.55,case_023,1,ok,2.0035714285714286,3.0035714285714286,1682,560.0,0.3339285714285714,stop,True,5.341467613819987
longbench_v2,spec_casc_tok,alpha0.55,case_024,1,ok,2.3899721448467965,3.3899721448467965,1217,359.0,0.3983286908077994,stop,True,2.981880718842149
longbench_v2,spec_casc_tok,alpha0.55,case_025,1,ok,1.902097902097902,2.902097902097902,413,143.0,0.317016317016317,stop,True,2.025259969290346
longbench_v2,spec_casc_tok,alpha0.55,case_026,1,ok,2.3508771929824563,3.3508771929824563,952,285.0,0.391812865497076,stop,True,2.63137910887599
longbench_v2,spec_casc_tok,alpha0.55,case_027,1,ok,2.381081081081081,3.381081081081081,1249,370.0,0.39684684684684685,stop,True,2.977120141033083
longbench_v2,spec_casc_tok,alpha0.55,case_028,1,ok,3.2051282051282053,4.205128205128205,1473,351.0,0.5341880341880342,stop,True,3.0786934988573194
longbench_v2,spec_casc_tok,alpha0.55,case_029,1,ok,2.3047619047619046,3.3047619047619046,694,210.0,0.38412698412698415,stop,True,1.7308613588102162
longbench_v2,spec_casc_tok,alpha0.55,case_030,1,ok,2.4856230031948883,3.4856230031948883,2177,626.0,0.4142705005324814,stop,True,5.103661003988236
longbench_v2,spec_casc_tok,alpha0.55,case_031,1,ok,1.9580712788259957,2.9580712788259955,1410,477.0,0.32634521313766596,stop,True,4.6375968479551375
longbench_v2,spec_casc_tok,alpha0.55,case_032,1,ok,1.731811697574893,2.731811697574893,3829,1402.0,0.28863528292914886,stop,True,11.242686678189784
longbench_v2,spec_casc_tok,alpha0.55,case_033,1,ok,3.3782696177062372,4.378269617706238,2177,497.0,0.5630449362843729,stop,True,4.327396563254297
longbench_v2,spec_casc_tok,alpha0.55,case_034,1,ok,1.9619686800894856,2.9619686800894858,1323,447.0,0.3269947800149142,stop,True,3.7307625068351626
longbench_v2,spec_casc_tok,alpha0.55,case_035,1,ok,2.512534818941504,3.512534818941504,1261,359.0,0.41875580315691735,stop,True,2.943580847233534
longbench_v2,spec_casc_tok,alpha0.55,case_036,1,ok,2.5892857142857144,3.5892857142857144,1203,336.0,0.43154761904761907,stop,True,2.71195220714435
longbench_v2,spec_casc_tok,alpha0.55,case_037,1,ok,2.5840336134453783,3.5840336134453783,851,238.0,0.43067226890756305,stop,True,2.1428070487454534
longbench_v2,spec_casc_tok,alpha0.55,case_038,1,ok,2.2379518072289155,3.2379518072289155,1073,332.0,0.3729919678714859,stop,True,2.8239314248785377
longbench_v2,spec_casc_tok,alpha0.55,case_039,1,ok,1.8059701492537314,2.8059701492537314,1129,402.0,0.3009950248756219,stop,True,3.37583214789629
longbench_v2,spec_casc_tok,alpha0.55,case_040,1,ok,2.255952380952381,3.255952380952381,1638,504.0,0.3759920634920635,stop,True,4.115706030745059
longbench_v2,spec_casc_tok,alpha0.55,case_041,1,ok,1.737419945105215,2.737419945105215,2992,1093.0,0.28956999085086915,stop,True,8.996498554944992
longbench_v2,spec_casc_tok,alpha0.55,case_042,1,ok,1.8832116788321167,2.883211678832117,394,137.0,0.31386861313868614,stop,True,1.5969214350916445
longbench_v2,spec_casc_tok,alpha0.55,case_043,1,ok,2.4285714285714284,3.4285714285714284,790,231.0,0.40476190476190477,stop,True,1.895888633094728
longbench_v2,spec_casc_tok,alpha0.55,case_044,1,ok,2.069701280227596,3.069701280227596,2156,703.0,0.344950213371266,stop,True,6.28322983905673
longbench_v2,spec_casc_tok,alpha0.55,case_045,1,ok,2.3897707231040566,3.3897707231040566,1923,567.0,0.3982951205173427,stop,True,5.248563627712429
longbench_v2,spec_casc_tok,alpha0.55,case_046,1,ok,1.752199413489736,2.752199413489736,3754,1364.0,0.2920332355816227,stop,True,11.419167177285999
longbench_v2,spec_casc_tok,alpha0.55,case_047,1,ok,2.3575581395348837,3.3575581395348837,2307,688.0,0.39292635658914726,stop,True,5.681764178909361
longbench_v2,spec_casc_tok,alpha0.55,case_048,1,ok,1.9170506912442395,2.9170506912442393,1266,434.0,0.3195084485407066,stop,True,3.682213227264583
longbench_v2,spec_casc_tok,alpha0.55,case_049,1,ok,1.93841642228739,2.93841642228739,1002,341.0,0.323069403714565,stop,True,3.306805584114045
longbench_v2,spec_casc_tok,alpha0.55,case_050,1,ok,2.374220374220374,3.374220374220374,3244,962.0,0.3957033957033957,stop,True,7.508674995042384
longbench_v2,spec_casc_tok,alpha0.55,case_051,1,ok,1.607843137254902,2.607843137254902,531,204.0,0.2679738562091503,stop,True,2.616437199059874
longbench_v2,spec_casc_tok,alpha0.55,case_052,1,ok,1.5552763819095476,2.5552763819095476,2032,796.0,0.259212730318258,stop,True,7.278981482144445
longbench_v2,spec_casc_tok,alpha0.55,case_053,1,ok,1.9891696750902528,2.9891696750902526,827,277.0,0.3315282791817088,stop,True,2.4994179997593164
longbench_v2,spec_casc_tok,alpha0.55,case_054,1,ok,2.75377969762419,3.75377969762419,3474,926.0,0.458963282937365,stop,True,7.226029064040631
longbench_v2,spec_casc_tok,alpha0.55,case_055,1,ok,2.501012145748988,3.501012145748988,3458,988.0,0.4168353576248313,stop,True,7.8460153406485915
longbench_v2,spec_casc_tok,alpha0.55,case_056,1,ok,1.886255924170616,2.886255924170616,609,211.0,0.31437598736176936,stop,True,1.801075547002256
longbench_v2,spec_casc_tok,alpha0.55,case_057,1,ok,1.9709543568464731,2.970954356846473,716,241.0,0.3284923928077455,stop,True,2.281876299995929
longbench_v2,spec_casc_tok,alpha0.55,case_058,1,ok,2.6598984771573604,3.6598984771573604,722,197.0,0.4433164128595601,stop,True,1.9029475753195584
longbench_v2,spec_casc_tok,alpha0.55,case_059,1,ok,1.8608247422680413,2.8608247422680413,553,194.0,0.31013745704467355,stop,True,1.8295193039812148
longbench_v2,spec_casc_tok,alpha0.55,case_060,1,ok,2.0506517690875232,3.0506517690875232,8192,2685.0,0.3417752948479205,length,False,20.867832403164357
longbench_v2,spec_casc_tok,alpha0.55,case_061,1,ok,2.3803339517625233,3.3803339517625233,7289,2156.0,0.39672232529375384,stop,True,15.959148881025612
longbench_v2,spec_casc_tok,alpha0.55,case_062,1,ok,1.961121157323689,2.961121157323689,3274,1106.0,0.3268535262206148,stop,True,9.07943022204563
longbench_v2,spec_casc_tok,alpha0.55,case_063,1,ok,2.2989690721649483,3.2989690721649483,320,97.0,0.38316151202749144,stop,True,0.9954871600493789
longbench_v2,spec_casc_tok,alpha0.55,case_064,1,ok,2.331288343558282,3.331288343558282,541,163.0,0.3885480572597137,stop,True,1.5189668210223317
longbench_v2,spec_casc_tok,alpha0.55,case_065,1,ok,2.7147058823529413,3.7147058823529413,1261,340.0,0.45245098039215687,stop,True,2.753562024794519
longbench_v2,spec_casc_tok,alpha0.55,case_066,1,ok,1.996031746031746,2.996031746031746,754,252.0,0.3326719576719577,stop,True,2.0910143232904375
longbench_v2,spec_casc_tok,alpha0.55,case_067,1,ok,2.7870722433460076,3.7870722433460076,4978,1315.0,0.4645120405576679,stop,True,10.487146926112473
longbench_v2,spec_casc_tok,alpha0.55,case_068,1,ok,2.2148760330578514,3.2148760330578514,1553,484.0,0.3691460055096419,stop,True,4.104911642614752
longbench_v2,spec_casc_tok,alpha0.55,case_069,1,ok,1.9330254041570438,2.9330254041570436,1270,433.0,0.32217090069284066,stop,True,3.882192341145128
longbench_v2,spec_casc_tok,alpha0.55,case_070,1,ok,2.4921259842519685,3.4921259842519685,885,254.0,0.4153543307086614,stop,True,2.176458492875099
longbench_v2,spec_casc_tok,alpha0.55,case_071,1,ok,1.9774718397997497,2.9774718397997497,2379,799.0,0.32957863996662495,stop,True,6.474795989692211
longbench_v2,spec_casc_tok,alpha0.55,case_072,1,ok,3.1444141689373297,4.144414168937329,1519,367.0,0.5240690281562216,stop,True,3.324796760920435
longbench_v2,spec_casc_tok,alpha0.55,case_073,1,ok,2.0462724935732646,3.0462724935732646,1184,389.0,0.34104541559554413,stop,True,3.6706159240566194
longbench_v2,spec_casc_tok,alpha0.55,case_074,1,ok,2.39527027027027,3.39527027027027,1003,296.0,0.3992117117117117,stop,True,3.1131475437432528
longbench_v2,spec_casc_tok,alpha0.55,case_075,1,ok,1.6674123788217747,2.6674123788217745,3578,1341.0,0.2779020631369625,stop,True,11.117149100638926
longbench_v2,spec_casc_tok,alpha0.55,case_076,1,ok,2.215686274509804,3.215686274509804,492,153.0,0.369281045751634,stop,True,1.444754755590111
longbench_v2,spec_casc_tok,alpha0.55,case_077,1,ok,1.5575539568345325,2.5575539568345325,711,278.0,0.2595923261390887,stop,True,3.107998577412218
longbench_v2,spec_casc_tok,alpha0.55,case_078,1,ok,1.5219206680584552,2.5219206680584554,1209,479.0,0.2536534446764092,stop,True,4.297311432193965
longbench_v2,spec_casc_tok,alpha0.55,case_079,1,ok,1.8150289017341041,2.815028901734104,487,173.0,0.302504816955684,stop,True,1.9955123383551836
longbench_v2,spec_casc_tok,alpha0.55,case_080,1,ok,2.1538461538461537,3.1538461538461537,654,208.0,0.358974358974359,stop,True,1.977286921814084
longbench_v2,spec_casc_tok,alpha0.55,case_081,1,ok,2.25,3.25,2430,748.0,0.375,stop,True,5.867897367104888
longbench_v2,spec_casc_tok,alpha0.55,case_082,1,ok,1.9256198347107438,2.925619834710744,354,121.0,0.3209366391184573,stop,True,1.4815874709747732
longbench_v2,spec_casc_tok,alpha0.55,case_083,1,ok,2.2275312855517635,3.2275312855517635,2835,879.0,0.37125521425862723,stop,True,6.6380810919217765
longbench_v2,spec_casc_tok,alpha0.55,case_084,1,ok,2.11731843575419,3.11731843575419,555,179.0,0.35288640595903165,stop,True,1.8205168480053544
longbench_v2,spec_casc_tok,alpha0.55,case_085,1,ok,2.301507537688442,3.301507537688442,657,199.0,0.38358458961474035,stop,True,1.8242855239659548
longbench_v2,spec_casc_tok,alpha0.55,case_086,1,ok,2.0869565217391304,3.0869565217391304,211,69.0,0.34782608695652173,stop,True,1.0080365259200335
longbench_v2,spec_casc_tok,alpha0.55,case_087,1,ok,2.6395631067961167,3.6395631067961167,2996,824.0,0.4399271844660194,stop,True,6.256510979961604
longbench_v2,spec_casc_tok,alpha0.55,case_088,1,ok,2.556935817805383,3.556935817805383,1719,483.0,0.4261559696342305,stop,True,4.368962032254785
longbench_v2,spec_casc_tok,alpha0.55,case_089,1,ok,1.9234693877551021,2.923469387755102,571,196.0,0.320578231292517,stop,True,1.7755291401408613
longbench_v2,spec_casc_tok,alpha0.55,case_090,1,ok,1.6,2.6,428,165.0,0.26666666666666666,stop,True,1.8519970430061221
longbench_v2,spec_casc_tok,alpha0.55,case_091,1,ok,2.7664367816091953,3.7664367816091953,8192,2175.0,0.4610727969348659,length,False,16.932219501119107
longbench_v2,spec_casc_tok,alpha0.55,case_092,1,ok,1.4819277108433735,2.4819277108433733,1030,415.0,0.2469879518072289,stop,True,3.73426311602816
longbench_v2,spec_casc_tok,alpha0.55,case_093,1,ok,2.3316582914572863,3.3316582914572863,663,199.0,0.38860971524288107,stop,True,1.8654213668778539
longbench_v2,spec_casc_tok,alpha0.55,case_094,1,ok,1.6293436293436294,2.629343629343629,680,259.0,0.27155727155727155,stop,True,3.099139133002609
longbench_v2,spec_casc_tok,alpha0.55,case_095,1,ok,2.0334928229665072,3.0334928229665072,632,209.0,0.33891547049441784,stop,True,2.583276415243745
longbench_v2,spec_casc_tok,alpha0.55,case_096,1,ok,2.9764243614931236,3.9764243614931236,2024,509.0,0.4960707269155206,stop,True,4.085115435067564
longbench_v2,spec_casc_tok,alpha0.55,case_097,1,ok,2.531284302963776,3.531284302963776,3217,911.0,0.42188071716062936,stop,True,7.1330040618777275
longbench_v2,spec_casc_tok,alpha0.55,case_098,1,ok,1.6428571428571428,2.642857142857143,3588,1358.0,0.27380952380952384,stop,True,10.563917470630258
longbench_v2,spec_casc_tok,alpha0.55,case_099,1,ok,2.327777777777778,3.327777777777778,1196,360.0,0.38796296296296295,stop,True,3.1642116336151958
longbench_v2,spec_casc_tok,alpha0.55,case_100,1,ok,3.3611615245009077,4.361161524500908,2404,551.0,0.5601935874168179,stop,True,4.724867343902588
longbench_v2,spec_casc_tok,alpha0.55,case_101,1,ok,1.958980044345898,2.958980044345898,2667,902.0,0.32649667405764965,stop,True,7.30770843103528
longbench_v2,spec_casc_tok,alpha0.55,case_102,1,ok,2.0929705215419503,3.0929705215419503,1362,441.0,0.3488284202569917,stop,True,3.5611255606636405
longbench_v2,spec_casc_tok,alpha0.55,case_103,1,ok,2.286764705882353,3.286764705882353,894,272.0,0.38112745098039214,stop,True,2.318387833889574
longbench_v2,spec_casc_tok,alpha0.55,case_104,1,ok,2.2446236559139785,3.2446236559139785,1206,372.0,0.37410394265232977,stop,True,3.057794217951596
longbench_v2,spec_casc_tok,alpha0.55,case_105,1,ok,2.453846153846154,3.453846153846154,2692,780.0,0.40897435897435896,stop,True,6.115569300018251
longbench_v2,spec_casc_tok,alpha0.55,case_106,1,ok,1.7623318385650224,2.7623318385650224,3694,1338.0,0.2937219730941704,stop,True,10.642436544876546
longbench_v2,spec_casc_tok,alpha0.55,case_107,1,ok,1.7026515151515151,2.702651515151515,1428,528.0,0.28377525252525254,stop,True,4.733713255729526
longbench_v2,spec_casc_tok,alpha0.55,case_108,1,ok,1.6770186335403727,2.6770186335403725,863,322.0,0.2795031055900621,stop,True,3.550751517061144
longbench_v2,spec_casc_tok,alpha0.55,case_109,1,ok,2.786324786324786,3.786324786324786,885,234.0,0.46438746438746437,stop,True,2.654257867950946
longbench_v2,spec_casc_tok,alpha0.55,case_110,1,ok,2.1791044776119404,3.1791044776119404,1915,603.0,0.36318407960199006,stop,True,4.956622943747789
longbench_v2,spec_casc_tok,alpha0.55,case_111,1,ok,2.1095890410958904,3.1095890410958904,1134,365.0,0.3515981735159817,stop,True,3.54997448483482
longbench_v2,spec_casc_tok,alpha0.55,case_112,1,ok,2.1673228346456694,3.1673228346456694,1607,508.0,0.3612204724409449,stop,True,4.287037341389805
longbench_v2,spec_casc_tok,alpha0.55,case_113,1,ok,1.8125,2.8125,630,224.0,0.3020833333333333,stop,True,1.9440996861085296
longbench_v2,spec_casc_tok,alpha0.55,case_114,1,ok,2.1666666666666665,3.1666666666666665,301,96.0,0.3611111111111111,stop,True,1.2390683577395976
longbench_v2,spec_casc_tok,alpha0.55,case_115,1,ok,1.3872832369942196,2.38728323699422,413,173.0,0.23121387283236994,stop,True,1.6668962170369923
longbench_v2,spec_casc_tok,alpha0.55,case_116,1,ok,2.824074074074074,3.824074074074074,2890,756.0,0.470679012345679,stop,True,5.710688439197838
longbench_v2,spec_casc_tok,alpha0.55,case_117,1,ok,2.2522935779816513,3.2522935779816513,1416,436.0,0.3753822629969419,stop,True,4.062298885080963
longbench_v2,spec_casc_tok,alpha0.55,case_118,1,ok,2.6430903155603915,3.6430903155603915,3345,919.0,0.4405150525933986,stop,True,6.877973787020892
longbench_v2,spec_casc_tok,alpha0.55,case_119,1,ok,2.421875,3.421875,220,64.0,0.4036458333333333,stop,True,0.9303755578584969
longbench_v2,spec_casc_tok,alpha0.55,case_120,1,ok,1.4376899696048633,2.4376899696048633,1604,658.0,0.23961499493414387,stop,True,5.950827785767615
longbench_v2,spec_casc_tok,alpha0.55,case_121,1,ok,2.122004357298475,3.122004357298475,1431,459.0,0.35366739288307913,stop,True,3.884389707352966
longbench_v2,spec_casc_tok,alpha0.55,case_122,1,ok,1.577574967405476,2.577574967405476,1978,767.0,0.262929161234246,stop,True,6.898784886114299
longbench_v2,spec_casc_tok,alpha0.55,case_123,1,ok,2.0391705069124426,3.0391705069124426,1317,434.0,0.33986175115207373,stop,True,3.5161970891058445
longbench_v2,spec_casc_tok,alpha0.55,case_124,1,ok,2.3868131868131868,3.3868131868131868,1540,455.0,0.3978021978021978,stop,True,3.603727906011045
longbench_v2,spec_casc_tok,alpha0.55,case_125,1,ok,2.1478494623655915,3.1478494623655915,1170,372.0,0.3579749103942652,stop,True,3.322134330868721
longbench_v2,spec_casc_tok,alpha0.55,case_126,1,ok,2.317982456140351,3.317982456140351,1513,456.0,0.38633040935672514,stop,True,4.097621542867273
longbench_v2,spec_casc_tok,alpha0.55,case_127,1,ok,1.8126550868486353,2.8126550868486353,2264,806.0,0.3021091811414392,stop,True,6.5779110747389495
longbench_v2,spec_casc_tok,alpha0.55,case_128,1,ok,2.3333333333333335,3.3333333333333335,2029,609.0,0.3888888888888889,stop,True,5.541719438042492
longbench_v2,spec_casc_tok,alpha0.55,case_129,1,ok,1.9415692821368948,2.9415692821368946,1760,599.0,0.32359488035614914,stop,True,5.098189995158464
longbench_v2,spec_casc_tok,alpha0.55,case_130,1,ok,2.1954976303317535,3.1954976303317535,5392,1688.0,0.36591627172195895,stop,True,12.72392636584118
longbench_v2,spec_casc_tok,alpha0.55,case_131,1,ok,2.090497737556561,3.090497737556561,1366,442.0,0.34841628959276016,stop,True,3.8673790940083563
longbench_v2,spec_casc_tok,alpha0.55,case_132,1,ok,1.9567307692307692,2.956730769230769,3074,1040.0,0.3261217948717949,stop,True,8.594284509308636
longbench_v2,spec_casc_tok,alpha0.55,case_133,1,ok,2.0779220779220777,3.0779220779220777,946,308.0,0.3463203463203463,stop,True,2.9121328336186707
longbench_v2,spec_casc_tok,alpha0.55,case_134,1,ok,2.3533507397737163,3.3533507397737163,3850,1149.0,0.39222512329561937,stop,True,8.473092094995081
longbench_v2,spec_casc_tok,alpha0.55,case_135,1,ok,2.6158536585365852,3.6158536585365852,1184,328.0,0.43597560975609756,stop,True,2.819720931816846
longbench_v2,spec_casc_tok,alpha0.55,case_136,1,ok,2.40284757118928,3.40284757118928,4062,1194.0,0.40047459519821327,stop,True,10.280800324399024
longbench_v2,spec_casc_tok,alpha0.55,case_137,1,ok,1.952247191011236,2.952247191011236,1049,356.0,0.325374531835206,stop,True,3.064614562317729
longbench_v2,spec_casc_tok,alpha0.55,case_138,1,ok,1.473758865248227,2.473758865248227,1743,705.0,0.24562647754137115,stop,True,6.019045017659664
longbench_v2,spec_casc_tok,alpha0.55,case_139,1,ok,1.7737881508078994,2.773788150807899,1546,557.0,0.2956313584679832,stop,True,5.367191439960152
longbench_v2,spec_casc_tok,alpha0.55,case_140,1,ok,2.2126168224299065,3.2126168224299065,2749,856.0,0.3687694704049844,stop,True,6.794285910204053
longbench_v2,spec_casc_tok,alpha0.55,case_141,1,ok,2.9043173862310385,3.9043173862310385,3344,857.0,0.48405289770517307,stop,True,6.661105073988438
longbench_v2,spec_casc_tok,alpha0.55,case_142,1,ok,1.6613475177304964,2.6613475177304964,1501,564.0,0.27689125295508277,stop,True,4.830985100008547
longbench_v2,spec_casc_tok,alpha0.55,case_143,1,ok,2.8045977011494254,3.8045977011494254,1987,522.0,0.4674329501915709,stop,True,4.898676596116275
longbench_v2,spec_casc_tok,alpha0.55,case_144,1,ok,2.200389105058366,3.200389105058366,4933,1542.0,0.3667315175097276,stop,True,11.718340502120554
longbench_v2,spec_casc_tok,alpha0.55,case_145,1,ok,2.178018575851393,3.178018575851393,2049,646.0,0.36300309597523217,stop,True,4.861910426057875
longbench_v2,spec_casc_tok,alpha0.55,case_146,1,ok,2.036231884057971,3.036231884057971,417,138.0,0.3393719806763285,stop,True,1.3124537719413638
longbench_v2,spec_casc_tok,alpha0.55,case_147,1,ok,2.41044776119403,3.41044776119403,1828,536.0,0.4017412935323383,stop,True,4.224112848285586
longbench_v2,spec_casc_tok,alpha0.55,case_148,1,ok,2.225806451612903,3.225806451612903,399,124.0,0.3709677419354839,stop,True,1.4239742062054574
longbench_v2,spec_casc_tok,alpha0.55,case_149,1,ok,2.260115606936416,3.260115606936416,1690,519.0,0.3766859344894027,stop,True,4.270767932757735
longbench_v2,spec_casc_tok,alpha0.55,case_150,1,ok,2.9130434782608696,3.9130434782608696,270,69.0,0.4855072463768116,stop,True,0.830112945754081
longbench_v2,strict,strict,case_001,1,ok,2.0496277915632755,3.0496277915632755,1228,403.0,0.3416046319272126,stop,True,4.513857241719961
longbench_v2,strict,strict,case_002,1,ok,1.48868778280543,2.48868778280543,548,221.0,0.24811463046757165,stop,True,2.950315580237657
longbench_v2,strict,strict,case_003,1,ok,1.5655526992287918,2.5655526992287916,997,389.0,0.2609254498714653,stop,True,3.7739786910824478
longbench_v2,strict,strict,case_004,1,ok,2.099378881987578,3.099378881987578,997,322.0,0.3498964803312629,stop,True,2.783769098110497
longbench_v2,strict,strict,case_005,1,ok,2.0716180371352784,3.0716180371352784,1156,377.0,0.34526967285587973,stop,True,3.197231183759868
longbench_v2,strict,strict,case_006,1,ok,1.7758513931888544,2.775851393188854,4482,1615.0,0.2959752321981424,stop,True,12.93816449586302
longbench_v2,strict,strict,case_007,1,ok,1.3794871794871795,2.3794871794871795,463,195.0,0.2299145299145299,stop,True,2.611593049019575
longbench_v2,strict,strict,case_008,1,ok,2.6254826254826256,3.6254826254826256,935,259.0,0.4375804375804376,stop,True,2.7284580669365823
longbench_v2,strict,strict,case_009,1,ok,3.080118694362018,4.080118694362017,1374,337.0,0.5133531157270029,stop,True,3.1064873579889536
longbench_v2,strict,strict,case_010,1,ok,1.197674418604651,2.197674418604651,189,86.0,0.1996124031007752,stop,True,1.6304990900680423
longbench_v2,strict,strict,case_011,1,ok,2.0463320463320462,3.0463320463320462,788,259.0,0.3410553410553411,stop,True,2.443881391081959
longbench_v2,strict,strict,case_012,1,ok,1.5149425287356322,2.514942528735632,1093,435.0,0.2524904214559387,stop,True,3.62967627402395
longbench_v2,strict,strict,case_013,1,ok,1.8839779005524862,2.883977900552486,522,181.0,0.3139963167587477,stop,True,1.990655953064561
longbench_v2,strict,strict,case_014,1,ok,1.7575757575757576,2.757575757575758,818,297.0,0.29292929292929293,stop,True,2.550918546039611
longbench_v2,strict,strict,case_015,1,ok,1.6767123287671233,2.676712328767123,977,365.0,0.27945205479452057,stop,True,3.6347036892548203
longbench_v2,strict,strict,case_016,1,ok,1.768860353130016,2.768860353130016,1725,623.0,0.29481005885500267,stop,True,5.032441447954625
longbench_v2,strict,strict,case_017,1,ok,1.9902912621359223,2.9902912621359223,308,103.0,0.33171521035598706,stop,True,1.1062443889677525
longbench_v2,strict,strict,case_018,1,ok,2.272727272727273,3.272727272727273,1152,352.0,0.3787878787878788,stop,True,3.151515404228121
longbench_v2,strict,strict,case_019,1,ok,1.8571428571428572,2.857142857142857,500,175.0,0.30952380952380953,stop,True,2.025690243113786
longbench_v2,strict,strict,case_020,1,ok,1.3873517786561265,2.3873517786561265,604,253.0,0.23122529644268774,stop,True,3.211467512883246
longbench_v2,strict,strict,case_021,1,ok,1.8445229681978799,2.8445229681978796,805,283.0,0.30742049469964666,stop,True,2.4680448486469686
longbench_v2,strict,strict,case_022,1,ok,2.088235294117647,3.088235294117647,316,102.0,0.3480392156862745,stop,True,1.0926127568818629
longbench_v2,strict,strict,case_023,1,ok,1.7025440313111546,2.7025440313111546,1382,511.0,0.2837573385518591,stop,True,5.03827739180997
longbench_v2,strict,strict,case_024,1,ok,2.00836820083682,3.00836820083682,1439,478.0,0.33472803347280333,stop,True,3.963625418022275
longbench_v2,strict,strict,case_025,1,ok,1.8611111111111112,2.861111111111111,719,252.0,0.3101851851851852,stop,True,3.0435547679662704
longbench_v2,strict,strict,case_026,1,ok,2.286624203821656,3.286624203821656,515,157.0,0.38110403397027603,stop,True,1.7437946270219982
longbench_v2,strict,strict,case_027,1,ok,2.112449799196787,3.112449799196787,2324,747.0,0.35207496653279785,stop,True,5.837647250853479
longbench_v2,strict,strict,case_028,1,ok,2.3099730458221024,3.3099730458221024,1228,371.0,0.38499550763701706,stop,True,3.3393962951377034
longbench_v2,strict,strict,case_029,1,ok,2.298136645962733,3.298136645962733,1060,322.0,0.3830227743271222,stop,True,2.7066365513019264
longbench_v2,strict,strict,case_030,1,ok,2.38917089678511,3.38917089678511,2003,591.0,0.398195149464185,stop,True,5.111665111035109
longbench_v2,strict,strict,case_031,1,ok,1.7403846153846154,2.7403846153846154,1425,520.0,0.2900641025641026,stop,True,5.086978846229613
longbench_v2,strict,strict,case_032,1,ok,1.441860465116279,2.441860465116279,1048,430.0,0.24031007751937986,stop,True,3.891007700935006
longbench_v2,strict,strict,case_033,1,ok,2.338709677419355,3.338709677419355,4760,1426.0,0.3897849462365591,stop,True,11.772758680395782
longbench_v2,strict,strict,case_034,1,ok,1.766698935140368,2.7666989351403677,5717,2066.0,0.29444982252339463,stop,True,16.257221629843116
longbench_v2,strict,strict,case_035,1,ok,1.9630681818181819,2.9630681818181817,1042,352.0,0.3271780303030303,stop,True,2.9441911298781633
longbench_v2,strict,strict,case_036,1,ok,2.392857142857143,3.392857142857143,5032,1484.0,0.39880952380952384,stop,True,11.426356869749725
longbench_v2,strict,strict,case_037,1,ok,2.1274787535410766,3.1274787535410766,1104,353.0,0.3545797922568461,stop,True,3.187132910825312
longbench_v2,strict,strict,case_038,1,ok,2.0175131348511384,3.0175131348511384,1723,571.0,0.3362521891418564,stop,True,4.7958911950699985
longbench_v2,strict,strict,case_039,1,ok,1.5391061452513966,2.5391061452513966,909,358.0,0.2565176908752328,stop,True,3.2636839617043734
longbench_v2,strict,strict,case_040,1,ok,1.8951612903225807,2.895161290322581,1077,372.0,0.31586021505376344,stop,True,3.246137039270252
longbench_v2,strict,strict,case_041,1,ok,1.7239057239057238,2.723905723905724,808,297.0,0.287317620650954,stop,True,3.145146864000708
longbench_v2,strict,strict,case_042,1,ok,1.9090909090909092,2.909090909090909,510,176.0,0.3181818181818182,stop,True,1.9661119659431279
longbench_v2,strict,strict,case_043,1,ok,2.1400394477317555,3.1400394477317555,1591,507.0,0.35667324128862593,stop,True,4.029682626016438
longbench_v2,strict,strict,case_044,1,ok,1.7837837837837838,2.7837837837837838,1029,370.0,0.2972972972972973,stop,True,3.9247219008393586
longbench_v2,strict,strict,case_045,1,ok,2.2949367088607593,3.2949367088607593,2604,790.0,0.38248945147679325,stop,True,7.0663784933276474
longbench_v2,strict,strict,case_046,1,ok,1.5727069351230425,2.5727069351230423,1148,447.0,0.2621178225205071,stop,True,4.489304534625262
longbench_v2,strict,strict,case_047,1,ok,1.7339667458432304,2.7339667458432304,1150,421.0,0.2889944576405384,stop,True,3.8074618401005864
longbench_v2,strict,strict,case_048,1,ok,1.7348703170028819,2.7348703170028816,949,347.0,0.28914505283381364,stop,True,3.182060759048909
longbench_v2,strict,strict,case_049,1,ok,1.608318890814558,2.608318890814558,1504,577.0,0.268053148469093,stop,True,5.24564716219902
longbench_v2,strict,strict,case_050,1,ok,1.8798076923076923,2.8798076923076925,1795,624.0,0.31330128205128205,stop,True,5.087594388052821
longbench_v2,strict,strict,case_051,1,ok,1.765661252900232,2.765661252900232,1192,431.0,0.294276875483372,stop,True,4.587468290235847
longbench_v2,strict,strict,case_052,1,ok,1.6396396396396395,2.6396396396396398,2050,777.0,0.2732732732732733,stop,True,7.418963863980025
longbench_v2,strict,strict,case_053,1,ok,1.6191222570532915,2.6191222570532915,1670,638.0,0.26985370950888193,stop,True,5.354553021024913
longbench_v2,strict,strict,case_054,1,ok,2.03690036900369,3.03690036900369,822,271.0,0.33948339483394835,stop,True,2.628151183947921
longbench_v2,strict,strict,case_055,1,ok,2.176470588235294,3.176470588235294,1942,612.0,0.3627450980392157,stop,True,5.199471621308476
longbench_v2,strict,strict,case_056,1,ok,1.790983606557377,2.790983606557377,680,244.0,0.29849726775956287,stop,True,2.0771550917997956
longbench_v2,strict,strict,case_057,1,ok,1.8461538461538463,2.8461538461538463,703,247.0,0.3076923076923077,stop,True,2.4221353009343147
longbench_v2,strict,strict,case_058,1,ok,2.6015625,3.6015625,921,256.0,0.43359375,stop,True,2.386616794858128
longbench_v2,strict,strict,case_059,1,ok,1.5333333333333334,2.533333333333333,191,75.0,0.25555555555555554,stop,True,1.1416095430031419
longbench_v2,strict,strict,case_060,1,ok,1.7468142186452045,2.7468142186452047,8192,2982.0,0.2911357031075341,length,False,23.751848293934017
longbench_v2,strict,strict,case_061,1,ok,1.88339222614841,2.88339222614841,1631,566.0,0.3138987043580683,stop,True,4.522030754946172
longbench_v2,strict,strict,case_062,1,ok,1.7271062271062272,2.727106227106227,1488,546.0,0.2878510378510378,stop,True,4.9598148968070745
longbench_v2,strict,strict,case_063,1,ok,2.1724137931034484,3.1724137931034484,644,203.0,0.3620689655172414,stop,True,1.8184400098398328
longbench_v2,strict,strict,case_064,1,ok,2.3445378151260505,3.3445378151260505,398,119.0,0.3907563025210084,stop,True,1.2267137067392468
longbench_v2,strict,strict,case_065,1,ok,2.1780821917808217,3.1780821917808217,462,146.0,0.363013698630137,stop,True,1.3649928490631282
longbench_v2,strict,strict,case_066,1,ok,2.05761316872428,3.05761316872428,742,243.0,0.3429355281207133,stop,True,2.1294656079262495
longbench_v2,strict,strict,case_067,1,ok,2.47962962962963,3.47962962962963,1879,540.0,0.4132716049382716,stop,True,4.630881147924811
longbench_v2,strict,strict,case_068,1,ok,2.1620111731843576,3.1620111731843576,2264,716.0,0.36033519553072624,stop,True,5.983291991055012
longbench_v2,strict,strict,case_069,1,ok,2.0641025641025643,3.0641025641025643,1195,390.0,0.344017094017094,stop,True,3.7073904699645936
longbench_v2,strict,strict,case_070,1,ok,1.966824644549763,2.966824644549763,624,211.0,0.3278041074249605,stop,True,1.9005915960296988
longbench_v2,strict,strict,case_071,1,ok,1.7853067047075606,2.7853067047075606,3903,1402.0,0.2975511174512601,stop,True,11.33047344069928
longbench_v2,strict,strict,case_072,1,ok,2.9911699779249448,3.9911699779249448,1807,453.0,0.49852832965415744,stop,True,4.1437914739362895
longbench_v2,strict,strict,case_073,1,ok,1.4217821782178217,2.4217821782178217,1222,505.0,0.23696369636963696,stop,True,4.62244322989136
longbench_v2,strict,strict,case_074,1,ok,1.5705996131528046,2.5705996131528046,1329,517.0,0.2617666021921341,stop,True,4.945033371914178
longbench_v2,strict,strict,case_075,1,ok,1.4979879275653925,2.4979879275653927,2484,994.0,0.24966465459423207,stop,True,8.655543864239007
longbench_v2,strict,strict,case_076,1,ok,1.7683284457478006,2.768328445747801,942,341.0,0.29472140762463345,stop,True,2.8642491889186203
longbench_v2,strict,strict,case_077,1,ok,1.619672131147541,2.6196721311475413,799,305.0,0.26994535519125684,stop,True,3.4503489560447633
longbench_v2,strict,strict,case_078,1,ok,1.4832962138084633,2.4832962138084635,1116,449.0,0.24721603563474387,stop,True,4.158025618642569
longbench_v2,strict,strict,case_079,1,ok,1.486046511627907,2.486046511627907,1069,430.0,0.24767441860465117,stop,True,4.107252745889127
longbench_v2,strict,strict,case_080,1,ok,1.9358490566037736,2.9358490566037734,778,265.0,0.32264150943396225,stop,True,2.5080781946890056
longbench_v2,strict,strict,case_081,1,ok,1.6380208333333333,2.638020833333333,1012,384.0,0.2730034722222222,stop,True,3.219299797900021
longbench_v2,strict,strict,case_082,1,ok,1.903225806451613,2.903225806451613,450,155.0,0.3172043010752688,stop,True,1.7709789061918855
longbench_v2,strict,strict,case_083,1,ok,1.9770114942528736,2.9770114942528734,2330,783.0,0.32950191570881227,stop,True,6.089255312923342
longbench_v2,strict,strict,case_084,1,ok,1.9588235294117646,2.958823529411765,502,170.0,0.3264705882352941,stop,True,1.8259396711364388
longbench_v2,strict,strict,case_085,1,ok,2.291079812206573,3.291079812206573,1402,426.0,0.38184663536776214,stop,True,3.5648134676739573
longbench_v2,strict,strict,case_086,1,ok,2.138888888888889,3.138888888888889,1130,360.0,0.35648148148148145,stop,True,3.343662809114903
longbench_v2,strict,strict,case_087,1,ok,1.9781818181818183,2.9781818181818185,2456,825.0,0.3296969696969697,stop,True,6.490071361884475
longbench_v2,strict,strict,case_088,1,ok,2.5023923444976077,3.5023923444976077,731,209.0,0.41706539074960125,stop,True,2.45704204775393
longbench_v2,strict,strict,case_089,1,ok,2.0232558139534884,3.0232558139534884,260,86.0,0.3372093023255814,stop,True,1.0213131373748183
longbench_v2,strict,strict,case_090,1,ok,1.748427672955975,2.748427672955975,437,159.0,0.2914046121593291,stop,True,1.8939276202581823
longbench_v2,strict,strict,case_091,1,ok,1.933996383363472,2.933996383363472,3244,1106.0,0.32233273056057865,stop,True,9.079489371273667
longbench_v2,strict,strict,case_092,1,ok,1.4628344895936571,2.462834489593657,2484,1009.0,0.24380574826560952,stop,True,8.383452237118036
longbench_v2,strict,strict,case_093,1,ok,1.6542056074766356,2.6542056074766354,851,321.0,0.2757009345794392,stop,True,2.858832069672644
longbench_v2,strict,strict,case_094,1,ok,1.3492822966507176,2.349282296650718,491,209.0,0.22488038277511962,stop,True,2.8198161581531167
longbench_v2,strict,strict,case_095,1,ok,1.1955307262569832,2.195530726256983,394,179.0,0.19925512104283055,stop,True,2.430993214715272
longbench_v2,strict,strict,case_096,1,ok,2.528520499108734,3.528520499108734,3959,1122.0,0.4214200831847891,stop,True,8.89272482180968
longbench_v2,strict,strict,case_097,1,ok,1.886499402628435,2.886499402628435,2415,837.0,0.31441656710473914,stop,True,6.714654291048646
longbench_v2,strict,strict,case_098,1,ok,1.3991477272727273,2.3991477272727275,1689,704.0,0.23319128787878787,stop,True,5.862087020650506
longbench_v2,strict,strict,case_099,1,ok,2.036363636363636,3.036363636363636,1836,605.0,0.3393939393939394,stop,True,5.167857663705945
longbench_v2,strict,strict,case_100,1,ok,3.001788908765653,4.001788908765652,2236,559.0,0.5002981514609421,stop,True,4.913258919026703
longbench_v2,strict,strict,case_101,1,ok,2.0293617021276598,3.0293617021276598,7118,2350.0,0.3382269503546099,stop,True,18.71151978475973
longbench_v2,strict,strict,case_102,1,ok,1.991150442477876,2.991150442477876,1690,565.0,0.33185840707964603,stop,True,4.593434966634959
longbench_v2,strict,strict,case_103,1,ok,2.3755458515283845,3.3755458515283845,773,229.0,0.39592430858806404,stop,True,2.100058579351753
longbench_v2,strict,strict,case_104,1,ok,1.8842398884239888,2.8842398884239886,2068,717.0,0.31403998140399814,stop,True,5.691911878064275
longbench_v2,strict,strict,case_105,1,ok,1.9383429672447015,2.9383429672447017,1524,519.0,0.3230571612074502,stop,True,4.412699921987951
longbench_v2,strict,strict,case_106,1,ok,1.5985,2.5985,5196,2000.0,0.2664166666666667,stop,True,16.047653471119702
longbench_v2,strict,strict,case_107,1,ok,0.9052132701421801,1.90521327014218,401,211.0,0.15086887835703003,stop,True,2.4082578741945326
longbench_v2,strict,strict,case_108,1,ok,1.5625920471281296,2.5625920471281294,1740,679.0,0.2604320078546883,stop,True,6.554666264913976
longbench_v2,strict,strict,case_109,1,ok,2.5096525096525095,3.5096525096525095,908,259.0,0.41827541827541825,stop,True,2.906313064042479
longbench_v2,strict,strict,case_110,1,ok,2.224400871459695,3.224400871459695,1479,459.0,0.3707334785766158,stop,True,4.010446761269122
longbench_v2,strict,strict,case_111,1,ok,1.667870036101083,2.6678700361010828,738,277.0,0.2779783393501805,stop,True,2.923070918302983
longbench_v2,strict,strict,case_112,1,ok,1.8237082066869301,2.82370820668693,928,329.0,0.303951367781155,stop,True,3.0143531817011535
longbench_v2,strict,strict,case_113,1,ok,1.5483870967741935,2.5483870967741935,710,279.0,0.25806451612903225,stop,True,2.3833731240592897
longbench_v2,strict,strict,case_114,1,ok,1.7959183673469388,2.795918367346939,137,49.0,0.29931972789115646,stop,True,0.9670393671840429
longbench_v2,strict,strict,case_115,1,ok,2.015625,3.015625,965,320.0,0.3359375,stop,True,2.8218960468657315
longbench_v2,strict,strict,case_116,1,ok,2.0614250614250613,3.0614250614250613,1244,407.0,0.34357084357084355,stop,True,3.280716147273779
longbench_v2,strict,strict,case_117,1,ok,1.891566265060241,2.891566265060241,1918,664.0,0.3152610441767068,stop,True,5.910271413624287
longbench_v2,strict,strict,case_118,1,ok,2.2103286384976526,3.2103286384976526,3417,1065.0,0.36838810641627545,stop,True,8.19675046717748
longbench_v2,strict,strict,case_119,1,ok,2.1549295774647885,3.1549295774647885,224,71.0,0.3591549295774648,stop,True,0.9988033161498606
longbench_v2,strict,strict,case_120,1,ok,1.3370445344129556,2.3370445344129553,2309,988.0,0.22284075573549258,stop,True,8.745677832048386
longbench_v2,strict,strict,case_121,1,ok,1.7027777777777777,2.7027777777777775,972,360.0,0.28379629629629627,stop,True,3.217386075761169
longbench_v2,strict,strict,case_122,1,ok,1.6504273504273503,2.6504273504273503,3102,1170.0,0.27507122507122506,stop,True,10.228392406832427
longbench_v2,strict,strict,case_123,1,ok,1.5485074626865671,2.548507462686567,683,268.0,0.25808457711442784,stop,True,2.3389634271152318
longbench_v2,strict,strict,case_124,1,ok,1.6821192052980132,2.6821192052980134,403,151.0,0.2803532008830022,stop,True,1.5503003201447427
longbench_v2,strict,strict,case_125,1,ok,2.0534883720930233,3.0534883720930233,1313,430.0,0.3422480620155039,stop,True,3.8383781439624727
longbench_v2,strict,strict,case_126,1,ok,1.7133333333333334,2.7133333333333334,2034,750.0,0.28555555555555556,stop,True,6.475055827759206
longbench_v2,strict,strict,case_127,1,ok,1.4759358288770053,2.475935828877005,927,374.0,0.24598930481283424,stop,True,3.6232396559789777
longbench_v2,strict,strict,case_128,1,ok,1.6726246472248354,2.6726246472248354,2841,1063.0,0.27877077453747257,stop,True,9.298883629962802
longbench_v2,strict,strict,case_129,1,ok,1.4,2.4,3492,1455.0,0.23333333333333334,stop,True,11.87986272200942
longbench_v2,strict,strict,case_130,1,ok,1.960573476702509,2.9605734767025087,825,279.0,0.3267622461170848,stop,True,2.568829200230539
longbench_v2,strict,strict,case_131,1,ok,2.3943661971830985,3.3943661971830985,1204,355.0,0.39906103286384975,stop,True,3.245400921907276
longbench_v2,strict,strict,case_132,1,ok,1.6466809421841542,2.646680942184154,1235,467.0,0.274446823697359,stop,True,4.427324051037431
longbench_v2,strict,strict,case_133,1,ok,1.8089887640449438,2.808988764044944,998,356.0,0.301498127340824,stop,True,3.3694445402361453
longbench_v2,strict,strict,case_134,1,ok,2.037542662116041,3.037542662116041,888,293.0,0.3395904436860068,stop,True,2.3666393579915166
longbench_v2,strict,strict,case_135,1,ok,2.560700876095119,3.560700876095119,2845,799.0,0.4267834793491865,stop,True,6.493142052087933
longbench_v2,strict,strict,case_136,1,ok,1.6609022556390978,2.6609022556390975,3538,1330.0,0.2768170426065163,stop,True,11.541655474808067
longbench_v2,strict,strict,case_137,1,ok,1.924205378973105,2.924205378973105,1195,409.0,0.32070089649551753,stop,True,3.6104919090867043
longbench_v2,strict,strict,case_138,1,ok,1.472668810289389,2.472668810289389,1538,622.0,0.2454448017148982,stop,True,5.555661553051323
longbench_v2,strict,strict,case_139,1,ok,1.7310195227765726,2.7310195227765726,1258,461.0,0.2885032537960954,stop,True,4.8704597391188145
longbench_v2,strict,strict,case_140,1,ok,1.8945827232796486,2.8945827232796484,1976,683.0,0.31576378721327475,stop,True,5.691944057121873
longbench_v2,strict,strict,case_141,1,ok,2.1296296296296298,3.1296296296296298,674,216.0,0.3549382716049383,stop,True,1.9923439980484545
longbench_v2,strict,strict,case_142,1,ok,0.8320610687022901,1.83206106870229,240,131.0,0.138676844783715,stop,True,1.6430084402672946
longbench_v2,strict,strict,case_143,1,ok,1.96875,2.96875,854,288.0,0.328125,stop,True,3.203207074198872
longbench_v2,strict,strict,case_144,1,ok,2.05,3.05,1097,360.0,0.3416666666666667,stop,True,3.137397747952491
longbench_v2,strict,strict,case_145,1,ok,1.9978723404255319,2.997872340425532,1407,470.0,0.33297872340425533,stop,True,3.7689265040680766
longbench_v2,strict,strict,case_146,1,ok,1.3511904761904763,2.3511904761904763,394,168.0,0.2251984126984127,stop,True,1.5638199588283896
longbench_v2,strict,strict,case_147,1,ok,1.6101694915254237,2.610169491525424,462,177.0,0.268361581920904,stop,True,1.6549172326922417
longbench_v2,strict,strict,case_148,1,ok,1.8791946308724832,2.879194630872483,428,149.0,0.3131991051454139,stop,True,1.6405534707009792
longbench_v2,strict,strict,case_149,1,ok,2.0779220779220777,3.0779220779220777,948,308.0,0.3463203463203463,stop,True,2.8137192241847515
longbench_v2,strict,strict,case_150,1,ok,2.895238095238095,3.895238095238095,409,105.0,0.48253968253968255,stop,True,1.2438017949461937
