block,pair,target,drafter,spec_method,drafter_family,sampler_path,dataset,method,alpha,beta,stage,n_cases,n_done,status,lane,gpu_hours_est
1,r1-distill-llama-8b__eagle3,deepseek-ai/DeepSeek-R1-Distill-Llama-8B,yuhuili/EAGLE3-DeepSeek-R1-Distill-LLaMA-8B,eagle3,eagle3,V2 accept-test-only,gsm8k_r1llama,strict,strict,,full,150,150,done,K3,0.00
1,r1-distill-llama-8b__eagle3,deepseek-ai/DeepSeek-R1-Distill-Llama-8B,yuhuili/EAGLE3-DeepSeek-R1-Distill-LLaMA-8B,eagle3,eagle3,V2 accept-test-only,gsm8k_r1llama,mentored_dec,0.15,,calib,3,3,done,K1,0.00
1,r1-distill-llama-8b__eagle3,deepseek-ai/DeepSeek-R1-Distill-Llama-8B,yuhuili/EAGLE3-DeepSeek-R1-Distill-LLaMA-8B,eagle3,eagle3,V2 accept-test-only,gsm8k_r1llama,mentored_dec,0.35,,calib,3,3,done,K8,0.00
1,r1-distill-llama-8b__eagle3,deepseek-ai/DeepSeek-R1-Distill-Llama-8B,yuhuili/EAGLE3-DeepSeek-R1-Distill-LLaMA-8B,eagle3,eagle3,V2 accept-test-only,gsm8k_r1llama,mentored_dec,0.55,,calib,3,3,done,K3,0.00
1,r1-distill-llama-8b__eagle3,deepseek-ai/DeepSeek-R1-Distill-Llama-8B,yuhuili/EAGLE3-DeepSeek-R1-Distill-LLaMA-8B,eagle3,eagle3,V2 accept-test-only,gsm8k_r1llama,mentored_dec,0.75,,calib,3,3,done,K7,0.00
1,r1-distill-llama-8b__eagle3,deepseek-ai/DeepSeek-R1-Distill-Llama-8B,yuhuili/EAGLE3-DeepSeek-R1-Distill-LLaMA-8B,eagle3,eagle3,V2 accept-test-only,gsm8k_r1llama,cactus,0.03,,calib,3,3,done,K4,0.00
1,r1-distill-llama-8b__eagle3,deepseek-ai/DeepSeek-R1-Distill-Llama-8B,yuhuili/EAGLE3-DeepSeek-R1-Distill-LLaMA-8B,eagle3,eagle3,V2 accept-test-only,gsm8k_r1llama,cactus,0.08,,calib,3,3,done,K5,0.00
1,r1-distill-llama-8b__eagle3,deepseek-ai/DeepSeek-R1-Distill-Llama-8B,yuhuili/EAGLE3-DeepSeek-R1-Distill-LLaMA-8B,eagle3,eagle3,V2 accept-test-only,gsm8k_r1llama,cactus,0.18,,calib,3,3,done,K6,0.00
1,r1-distill-llama-8b__eagle3,deepseek-ai/DeepSeek-R1-Distill-Llama-8B,yuhuili/EAGLE3-DeepSeek-R1-Distill-LLaMA-8B,eagle3,eagle3,V2 accept-test-only,gsm8k_r1llama,cactus,0.35,,calib,3,3,done,K1,0.00
1,r1-distill-llama-8b__eagle3,deepseek-ai/DeepSeek-R1-Distill-Llama-8B,yuhuili/EAGLE3-DeepSeek-R1-Distill-LLaMA-8B,eagle3,eagle3,V2 accept-test-only,gsm8k_r1llama,spec_casc_opt,-0.3,,calib,3,3,done,K8,0.00
1,r1-distill-llama-8b__eagle3,deepseek-ai/DeepSeek-R1-Distill-Llama-8B,yuhuili/EAGLE3-DeepSeek-R1-Distill-LLaMA-8B,eagle3,eagle3,V2 accept-test-only,gsm8k_r1llama,spec_casc_opt,-0.1,,calib,3,3,done,K3,0.00
1,r1-distill-llama-8b__eagle3,deepseek-ai/DeepSeek-R1-Distill-Llama-8B,yuhuili/EAGLE3-DeepSeek-R1-Distill-LLaMA-8B,eagle3,eagle3,V2 accept-test-only,gsm8k_r1llama,spec_casc_opt,-0.02,,calib,3,3,done,K2,0.00
1,r1-distill-llama-8b__eagle3,deepseek-ai/DeepSeek-R1-Distill-Llama-8B,yuhuili/EAGLE3-DeepSeek-R1-Distill-LLaMA-8B,eagle3,eagle3,V2 accept-test-only,gsm8k_r1llama,spec_casc_opt,0.05,,calib,3,3,done,K7,0.00
1,r1-distill-llama-8b__eagle3,deepseek-ai/DeepSeek-R1-Distill-Llama-8B,yuhuili/EAGLE3-DeepSeek-R1-Distill-LLaMA-8B,eagle3,eagle3,V2 accept-test-only,gsm8k_r1llama,r_fuzzy,0.03,,calib,3,3,done,K4,0.00
1,r1-distill-llama-8b__eagle3,deepseek-ai/DeepSeek-R1-Distill-Llama-8B,yuhuili/EAGLE3-DeepSeek-R1-Distill-LLaMA-8B,eagle3,eagle3,V2 accept-test-only,gsm8k_r1llama,r_fuzzy,0.08,,calib,3,3,done,K5,0.00
1,r1-distill-llama-8b__eagle3,deepseek-ai/DeepSeek-R1-Distill-Llama-8B,yuhuili/EAGLE3-DeepSeek-R1-Distill-LLaMA-8B,eagle3,eagle3,V2 accept-test-only,gsm8k_r1llama,r_fuzzy,0.15,,calib,3,3,done,K6,0.00
1,r1-distill-llama-8b__eagle3,deepseek-ai/DeepSeek-R1-Distill-Llama-8B,yuhuili/EAGLE3-DeepSeek-R1-Distill-LLaMA-8B,eagle3,eagle3,V2 accept-test-only,gsm8k_r1llama,r_fuzzy,0.25,,calib,3,3,done,K1,0.00
1,r1-distill-llama-8b__eagle3,deepseek-ai/DeepSeek-R1-Distill-Llama-8B,yuhuili/EAGLE3-DeepSeek-R1-Distill-LLaMA-8B,eagle3,eagle3,V2 accept-test-only,gsm8k_r1llama,spec_casc_tok,0.15,,calib,3,3,done,K8,0.00
1,r1-distill-llama-8b__eagle3,deepseek-ai/DeepSeek-R1-Distill-Llama-8B,yuhuili/EAGLE3-DeepSeek-R1-Distill-LLaMA-8B,eagle3,eagle3,V2 accept-test-only,gsm8k_r1llama,spec_casc_tok,0.35,,calib,3,3,done,K3,0.00
1,r1-distill-llama-8b__eagle3,deepseek-ai/DeepSeek-R1-Distill-Llama-8B,yuhuili/EAGLE3-DeepSeek-R1-Distill-LLaMA-8B,eagle3,eagle3,V2 accept-test-only,gsm8k_r1llama,spec_casc_tok,0.55,,calib,3,3,done,K2,0.00
1,r1-distill-llama-8b__eagle3,deepseek-ai/DeepSeek-R1-Distill-Llama-8B,yuhuili/EAGLE3-DeepSeek-R1-Distill-LLaMA-8B,eagle3,eagle3,V2 accept-test-only,gsm8k_r1llama,spec_casc_tok,0.8,,calib,3,3,done,K7,0.00
1,r1-distill-llama-8b__eagle3,deepseek-ai/DeepSeek-R1-Distill-Llama-8B,yuhuili/EAGLE3-DeepSeek-R1-Distill-LLaMA-8B,eagle3,eagle3,V2 accept-test-only,gsm8k_r1llama,mentored_dec,0.15,,full,147,147,done,K4,0.00
1,r1-distill-llama-8b__eagle3,deepseek-ai/DeepSeek-R1-Distill-Llama-8B,yuhuili/EAGLE3-DeepSeek-R1-Distill-LLaMA-8B,eagle3,eagle3,V2 accept-test-only,gsm8k_r1llama,mentored_dec,0.75,,full,147,147,done,K2,0.00
1,r1-distill-llama-8b__eagle3,deepseek-ai/DeepSeek-R1-Distill-Llama-8B,yuhuili/EAGLE3-DeepSeek-R1-Distill-LLaMA-8B,eagle3,eagle3,V2 accept-test-only,gsm8k_r1llama,cactus,0.03,,full,147,147,done,K1,0.00
1,r1-distill-llama-8b__eagle3,deepseek-ai/DeepSeek-R1-Distill-Llama-8B,yuhuili/EAGLE3-DeepSeek-R1-Distill-LLaMA-8B,eagle3,eagle3,V2 accept-test-only,gsm8k_r1llama,cactus,0.08,,full,147,147,done,K7,0.00
1,r1-distill-llama-8b__eagle3,deepseek-ai/DeepSeek-R1-Distill-Llama-8B,yuhuili/EAGLE3-DeepSeek-R1-Distill-LLaMA-8B,eagle3,eagle3,V2 accept-test-only,gsm8k_r1llama,cactus,0.35,,full,147,147,done,K4,0.00
1,r1-distill-llama-8b__eagle3,deepseek-ai/DeepSeek-R1-Distill-Llama-8B,yuhuili/EAGLE3-DeepSeek-R1-Distill-LLaMA-8B,eagle3,eagle3,V2 accept-test-only,gsm8k_r1llama,spec_casc_opt,-0.3,,full,147,147,done,K2,0.00
1,r1-distill-llama-8b__eagle3,deepseek-ai/DeepSeek-R1-Distill-Llama-8B,yuhuili/EAGLE3-DeepSeek-R1-Distill-LLaMA-8B,eagle3,eagle3,V2 accept-test-only,gsm8k_r1llama,spec_casc_opt,-0.02,,full,147,147,done,K1,0.00
1,r1-distill-llama-8b__eagle3,deepseek-ai/DeepSeek-R1-Distill-Llama-8B,yuhuili/EAGLE3-DeepSeek-R1-Distill-LLaMA-8B,eagle3,eagle3,V2 accept-test-only,gsm8k_r1llama,spec_casc_opt,0.05,,full,147,147,done,K7,0.00
1,r1-distill-llama-8b__eagle3,deepseek-ai/DeepSeek-R1-Distill-Llama-8B,yuhuili/EAGLE3-DeepSeek-R1-Distill-LLaMA-8B,eagle3,eagle3,V2 accept-test-only,gsm8k_r1llama,r_fuzzy,0.08,,full,147,147,done,K5,0.00
1,r1-distill-llama-8b__eagle3,deepseek-ai/DeepSeek-R1-Distill-Llama-8B,yuhuili/EAGLE3-DeepSeek-R1-Distill-LLaMA-8B,eagle3,eagle3,V2 accept-test-only,gsm8k_r1llama,r_fuzzy,0.15,,full,147,147,done,K8,0.00
1,r1-distill-llama-8b__eagle3,deepseek-ai/DeepSeek-R1-Distill-Llama-8B,yuhuili/EAGLE3-DeepSeek-R1-Distill-LLaMA-8B,eagle3,eagle3,V2 accept-test-only,gsm8k_r1llama,r_fuzzy,0.25,,full,147,147,done,K4,0.00
1,r1-distill-llama-8b__eagle3,deepseek-ai/DeepSeek-R1-Distill-Llama-8B,yuhuili/EAGLE3-DeepSeek-R1-Distill-LLaMA-8B,eagle3,eagle3,V2 accept-test-only,gsm8k_r1llama,spec_casc_tok,0.8,,full,147,147,done,K2,0.00
1,r1-distill-llama-8b__eagle3,deepseek-ai/DeepSeek-R1-Distill-Llama-8B,yuhuili/EAGLE3-DeepSeek-R1-Distill-LLaMA-8B,eagle3,eagle3,V2 accept-test-only,gsm8k_r1llama,spec_casc_tok,0.15,,full,147,147,done,K1,0.00
1,r1-distill-llama-8b__eagle3,deepseek-ai/DeepSeek-R1-Distill-Llama-8B,yuhuili/EAGLE3-DeepSeek-R1-Distill-LLaMA-8B,eagle3,eagle3,V2 accept-test-only,livecodebench_r1llama,strict,strict,,full,90,90,done,K1,0.00
1,r1-distill-llama-8b__eagle3,deepseek-ai/DeepSeek-R1-Distill-Llama-8B,yuhuili/EAGLE3-DeepSeek-R1-Distill-LLaMA-8B,eagle3,eagle3,V2 accept-test-only,livecodebench_r1llama,mentored_dec,0.15,,calib,3,3,done,K7,0.00
1,r1-distill-llama-8b__eagle3,deepseek-ai/DeepSeek-R1-Distill-Llama-8B,yuhuili/EAGLE3-DeepSeek-R1-Distill-LLaMA-8B,eagle3,eagle3,V2 accept-test-only,livecodebench_r1llama,mentored_dec,0.35,,calib,3,3,done,K2,0.00
1,r1-distill-llama-8b__eagle3,deepseek-ai/DeepSeek-R1-Distill-Llama-8B,yuhuili/EAGLE3-DeepSeek-R1-Distill-LLaMA-8B,eagle3,eagle3,V2 accept-test-only,livecodebench_r1llama,mentored_dec,0.55,,calib,3,3,done,K1,0.00
1,r1-distill-llama-8b__eagle3,deepseek-ai/DeepSeek-R1-Distill-Llama-8B,yuhuili/EAGLE3-DeepSeek-R1-Distill-LLaMA-8B,eagle3,eagle3,V2 accept-test-only,livecodebench_r1llama,mentored_dec,0.75,,calib,3,3,done,K8,0.00
1,r1-distill-llama-8b__eagle3,deepseek-ai/DeepSeek-R1-Distill-Llama-8B,yuhuili/EAGLE3-DeepSeek-R1-Distill-LLaMA-8B,eagle3,eagle3,V2 accept-test-only,livecodebench_r1llama,cactus,0.03,,calib,3,3,done,K3,0.00
1,r1-distill-llama-8b__eagle3,deepseek-ai/DeepSeek-R1-Distill-Llama-8B,yuhuili/EAGLE3-DeepSeek-R1-Distill-LLaMA-8B,eagle3,eagle3,V2 accept-test-only,livecodebench_r1llama,cactus,0.08,,calib,3,3,done,K7,0.00
1,r1-distill-llama-8b__eagle3,deepseek-ai/DeepSeek-R1-Distill-Llama-8B,yuhuili/EAGLE3-DeepSeek-R1-Distill-LLaMA-8B,eagle3,eagle3,V2 accept-test-only,livecodebench_r1llama,cactus,0.18,,calib,3,3,done,K4,0.00
1,r1-distill-llama-8b__eagle3,deepseek-ai/DeepSeek-R1-Distill-Llama-8B,yuhuili/EAGLE3-DeepSeek-R1-Distill-LLaMA-8B,eagle3,eagle3,V2 accept-test-only,livecodebench_r1llama,cactus,0.35,,calib,3,3,done,K5,0.00
1,r1-distill-llama-8b__eagle3,deepseek-ai/DeepSeek-R1-Distill-Llama-8B,yuhuili/EAGLE3-DeepSeek-R1-Distill-LLaMA-8B,eagle3,eagle3,V2 accept-test-only,livecodebench_r1llama,spec_casc_opt,-0.3,,calib,3,3,done,K6,0.00
1,r1-distill-llama-8b__eagle3,deepseek-ai/DeepSeek-R1-Distill-Llama-8B,yuhuili/EAGLE3-DeepSeek-R1-Distill-LLaMA-8B,eagle3,eagle3,V2 accept-test-only,livecodebench_r1llama,spec_casc_opt,-0.1,,calib,3,3,done,K2,0.00
1,r1-distill-llama-8b__eagle3,deepseek-ai/DeepSeek-R1-Distill-Llama-8B,yuhuili/EAGLE3-DeepSeek-R1-Distill-LLaMA-8B,eagle3,eagle3,V2 accept-test-only,livecodebench_r1llama,spec_casc_opt,-0.02,,calib,3,3,done,K1,0.00
1,r1-distill-llama-8b__eagle3,deepseek-ai/DeepSeek-R1-Distill-Llama-8B,yuhuili/EAGLE3-DeepSeek-R1-Distill-LLaMA-8B,eagle3,eagle3,V2 accept-test-only,livecodebench_r1llama,spec_casc_opt,0.05,,calib,3,3,done,K8,0.00
1,r1-distill-llama-8b__eagle3,deepseek-ai/DeepSeek-R1-Distill-Llama-8B,yuhuili/EAGLE3-DeepSeek-R1-Distill-LLaMA-8B,eagle3,eagle3,V2 accept-test-only,livecodebench_r1llama,r_fuzzy,0.03,,calib,3,3,done,K3,0.00
1,r1-distill-llama-8b__eagle3,deepseek-ai/DeepSeek-R1-Distill-Llama-8B,yuhuili/EAGLE3-DeepSeek-R1-Distill-LLaMA-8B,eagle3,eagle3,V2 accept-test-only,livecodebench_r1llama,r_fuzzy,0.08,,calib,3,3,done,K7,0.00
1,r1-distill-llama-8b__eagle3,deepseek-ai/DeepSeek-R1-Distill-Llama-8B,yuhuili/EAGLE3-DeepSeek-R1-Distill-LLaMA-8B,eagle3,eagle3,V2 accept-test-only,livecodebench_r1llama,r_fuzzy,0.15,,calib,3,3,done,K4,0.00
1,r1-distill-llama-8b__eagle3,deepseek-ai/DeepSeek-R1-Distill-Llama-8B,yuhuili/EAGLE3-DeepSeek-R1-Distill-LLaMA-8B,eagle3,eagle3,V2 accept-test-only,livecodebench_r1llama,r_fuzzy,0.25,,calib,3,3,done,K5,0.00
1,r1-distill-llama-8b__eagle3,deepseek-ai/DeepSeek-R1-Distill-Llama-8B,yuhuili/EAGLE3-DeepSeek-R1-Distill-LLaMA-8B,eagle3,eagle3,V2 accept-test-only,livecodebench_r1llama,spec_casc_tok,0.15,,calib,3,3,done,K6,0.00
1,r1-distill-llama-8b__eagle3,deepseek-ai/DeepSeek-R1-Distill-Llama-8B,yuhuili/EAGLE3-DeepSeek-R1-Distill-LLaMA-8B,eagle3,eagle3,V2 accept-test-only,livecodebench_r1llama,spec_casc_tok,0.35,,calib,3,3,done,K2,0.00
1,r1-distill-llama-8b__eagle3,deepseek-ai/DeepSeek-R1-Distill-Llama-8B,yuhuili/EAGLE3-DeepSeek-R1-Distill-LLaMA-8B,eagle3,eagle3,V2 accept-test-only,livecodebench_r1llama,spec_casc_tok,0.55,,calib,3,3,done,K1,0.00
1,r1-distill-llama-8b__eagle3,deepseek-ai/DeepSeek-R1-Distill-Llama-8B,yuhuili/EAGLE3-DeepSeek-R1-Distill-LLaMA-8B,eagle3,eagle3,V2 accept-test-only,livecodebench_r1llama,spec_casc_tok,0.8,,calib,3,3,done,K8,0.00
1,r1-distill-llama-8b__eagle3,deepseek-ai/DeepSeek-R1-Distill-Llama-8B,yuhuili/EAGLE3-DeepSeek-R1-Distill-LLaMA-8B,eagle3,eagle3,V2 accept-test-only,livecodebench_r1llama,mentored_dec,0.75,,full,87,87,done,K5,0.00
1,r1-distill-llama-8b__eagle3,deepseek-ai/DeepSeek-R1-Distill-Llama-8B,yuhuili/EAGLE3-DeepSeek-R1-Distill-LLaMA-8B,eagle3,eagle3,V2 accept-test-only,livecodebench_r1llama,mentored_dec,0.15,,full,87,87,done,K1,0.00
1,r1-distill-llama-8b__eagle3,deepseek-ai/DeepSeek-R1-Distill-Llama-8B,yuhuili/EAGLE3-DeepSeek-R1-Distill-LLaMA-8B,eagle3,eagle3,V2 accept-test-only,livecodebench_r1llama,cactus,0.03,,full,87,87,done,K7,0.00
1,r1-distill-llama-8b__eagle3,deepseek-ai/DeepSeek-R1-Distill-Llama-8B,yuhuili/EAGLE3-DeepSeek-R1-Distill-LLaMA-8B,eagle3,eagle3,V2 accept-test-only,livecodebench_r1llama,cactus,0.18,,full,87,87,done,K3,0.00
1,r1-distill-llama-8b__eagle3,deepseek-ai/DeepSeek-R1-Distill-Llama-8B,yuhuili/EAGLE3-DeepSeek-R1-Distill-LLaMA-8B,eagle3,eagle3,V2 accept-test-only,livecodebench_r1llama,cactus,0.35,,full,87,87,done,K8,0.00
1,r1-distill-llama-8b__eagle3,deepseek-ai/DeepSeek-R1-Distill-Llama-8B,yuhuili/EAGLE3-DeepSeek-R1-Distill-LLaMA-8B,eagle3,eagle3,V2 accept-test-only,livecodebench_r1llama,spec_casc_opt,0.05,,full,87,87,done,K4,0.00
1,r1-distill-llama-8b__eagle3,deepseek-ai/DeepSeek-R1-Distill-Llama-8B,yuhuili/EAGLE3-DeepSeek-R1-Distill-LLaMA-8B,eagle3,eagle3,V2 accept-test-only,livecodebench_r1llama,spec_casc_opt,-0.3,,full,87,87,done,K2,0.00
1,r1-distill-llama-8b__eagle3,deepseek-ai/DeepSeek-R1-Distill-Llama-8B,yuhuili/EAGLE3-DeepSeek-R1-Distill-LLaMA-8B,eagle3,eagle3,V2 accept-test-only,livecodebench_r1llama,r_fuzzy,0.25,,full,87,87,done,K6,0.00
1,r1-distill-llama-8b__eagle3,deepseek-ai/DeepSeek-R1-Distill-Llama-8B,yuhuili/EAGLE3-DeepSeek-R1-Distill-LLaMA-8B,eagle3,eagle3,V2 accept-test-only,livecodebench_r1llama,r_fuzzy,0.03,,full,87,87,done,K5,0.00
1,r1-distill-llama-8b__eagle3,deepseek-ai/DeepSeek-R1-Distill-Llama-8B,yuhuili/EAGLE3-DeepSeek-R1-Distill-LLaMA-8B,eagle3,eagle3,V2 accept-test-only,livecodebench_r1llama,spec_casc_tok,0.55,,full,87,87,done,K1,0.00
1,r1-distill-llama-8b__eagle3,deepseek-ai/DeepSeek-R1-Distill-Llama-8B,yuhuili/EAGLE3-DeepSeek-R1-Distill-LLaMA-8B,eagle3,eagle3,V2 accept-test-only,livecodebench_r1llama,spec_casc_tok,0.15,,full,87,87,done,K7,0.00
1,r1-distill-llama-8b__eagle3,deepseek-ai/DeepSeek-R1-Distill-Llama-8B,yuhuili/EAGLE3-DeepSeek-R1-Distill-LLaMA-8B,eagle3,eagle3,V2 accept-test-only,livecodebench_r1llama,spec_casc_tok,0.8,,full,87,87,done,K3,0.00
1,r1-distill-llama-8b__eagle3,deepseek-ai/DeepSeek-R1-Distill-Llama-8B,yuhuili/EAGLE3-DeepSeek-R1-Distill-LLaMA-8B,eagle3,eagle3,V2 accept-test-only,mtbench_r1llama,strict,strict,,full,80,80,done,K1,0.00
1,r1-distill-llama-8b__eagle3,deepseek-ai/DeepSeek-R1-Distill-Llama-8B,yuhuili/EAGLE3-DeepSeek-R1-Distill-LLaMA-8B,eagle3,eagle3,V2 accept-test-only,mtbench_r1llama,mentored_dec,0.15,,calib,3,3,done,K2,0.00
1,r1-distill-llama-8b__eagle3,deepseek-ai/DeepSeek-R1-Distill-Llama-8B,yuhuili/EAGLE3-DeepSeek-R1-Distill-LLaMA-8B,eagle3,eagle3,V2 accept-test-only,mtbench_r1llama,mentored_dec,0.35,,calib,3,3,done,K1,0.00
1,r1-distill-llama-8b__eagle3,deepseek-ai/DeepSeek-R1-Distill-Llama-8B,yuhuili/EAGLE3-DeepSeek-R1-Distill-LLaMA-8B,eagle3,eagle3,V2 accept-test-only,mtbench_r1llama,mentored_dec,0.55,,calib,3,3,done,K8,0.00
1,r1-distill-llama-8b__eagle3,deepseek-ai/DeepSeek-R1-Distill-Llama-8B,yuhuili/EAGLE3-DeepSeek-R1-Distill-LLaMA-8B,eagle3,eagle3,V2 accept-test-only,mtbench_r1llama,mentored_dec,0.75,,calib,3,3,done,K7,0.00
1,r1-distill-llama-8b__eagle3,deepseek-ai/DeepSeek-R1-Distill-Llama-8B,yuhuili/EAGLE3-DeepSeek-R1-Distill-LLaMA-8B,eagle3,eagle3,V2 accept-test-only,mtbench_r1llama,cactus,0.03,,calib,3,3,done,K4,0.00
1,r1-distill-llama-8b__eagle3,deepseek-ai/DeepSeek-R1-Distill-Llama-8B,yuhuili/EAGLE3-DeepSeek-R1-Distill-LLaMA-8B,eagle3,eagle3,V2 accept-test-only,mtbench_r1llama,cactus,0.08,,calib,3,3,done,K5,0.00
1,r1-distill-llama-8b__eagle3,deepseek-ai/DeepSeek-R1-Distill-Llama-8B,yuhuili/EAGLE3-DeepSeek-R1-Distill-LLaMA-8B,eagle3,eagle3,V2 accept-test-only,mtbench_r1llama,cactus,0.18,,calib,3,3,done,K6,0.00
1,r1-distill-llama-8b__eagle3,deepseek-ai/DeepSeek-R1-Distill-Llama-8B,yuhuili/EAGLE3-DeepSeek-R1-Distill-LLaMA-8B,eagle3,eagle3,V2 accept-test-only,mtbench_r1llama,cactus,0.35,,calib,3,3,done,K3,0.00
1,r1-distill-llama-8b__eagle3,deepseek-ai/DeepSeek-R1-Distill-Llama-8B,yuhuili/EAGLE3-DeepSeek-R1-Distill-LLaMA-8B,eagle3,eagle3,V2 accept-test-only,mtbench_r1llama,spec_casc_opt,-0.3,,calib,3,3,done,K2,0.00
1,r1-distill-llama-8b__eagle3,deepseek-ai/DeepSeek-R1-Distill-Llama-8B,yuhuili/EAGLE3-DeepSeek-R1-Distill-LLaMA-8B,eagle3,eagle3,V2 accept-test-only,mtbench_r1llama,spec_casc_opt,-0.1,,calib,3,3,done,K1,0.00
1,r1-distill-llama-8b__eagle3,deepseek-ai/DeepSeek-R1-Distill-Llama-8B,yuhuili/EAGLE3-DeepSeek-R1-Distill-LLaMA-8B,eagle3,eagle3,V2 accept-test-only,mtbench_r1llama,spec_casc_opt,-0.02,,calib,3,3,done,K8,0.00
1,r1-distill-llama-8b__eagle3,deepseek-ai/DeepSeek-R1-Distill-Llama-8B,yuhuili/EAGLE3-DeepSeek-R1-Distill-LLaMA-8B,eagle3,eagle3,V2 accept-test-only,mtbench_r1llama,spec_casc_opt,0.05,,calib,3,3,done,K7,0.00
1,r1-distill-llama-8b__eagle3,deepseek-ai/DeepSeek-R1-Distill-Llama-8B,yuhuili/EAGLE3-DeepSeek-R1-Distill-LLaMA-8B,eagle3,eagle3,V2 accept-test-only,mtbench_r1llama,r_fuzzy,0.03,,calib,3,3,done,K4,0.00
1,r1-distill-llama-8b__eagle3,deepseek-ai/DeepSeek-R1-Distill-Llama-8B,yuhuili/EAGLE3-DeepSeek-R1-Distill-LLaMA-8B,eagle3,eagle3,V2 accept-test-only,mtbench_r1llama,r_fuzzy,0.08,,calib,3,3,done,K5,0.00
1,r1-distill-llama-8b__eagle3,deepseek-ai/DeepSeek-R1-Distill-Llama-8B,yuhuili/EAGLE3-DeepSeek-R1-Distill-LLaMA-8B,eagle3,eagle3,V2 accept-test-only,mtbench_r1llama,r_fuzzy,0.15,,calib,3,3,done,K6,0.00
1,r1-distill-llama-8b__eagle3,deepseek-ai/DeepSeek-R1-Distill-Llama-8B,yuhuili/EAGLE3-DeepSeek-R1-Distill-LLaMA-8B,eagle3,eagle3,V2 accept-test-only,mtbench_r1llama,r_fuzzy,0.25,,calib,3,3,done,K3,0.00
1,r1-distill-llama-8b__eagle3,deepseek-ai/DeepSeek-R1-Distill-Llama-8B,yuhuili/EAGLE3-DeepSeek-R1-Distill-LLaMA-8B,eagle3,eagle3,V2 accept-test-only,mtbench_r1llama,spec_casc_tok,0.15,,calib,3,3,done,K2,0.00
1,r1-distill-llama-8b__eagle3,deepseek-ai/DeepSeek-R1-Distill-Llama-8B,yuhuili/EAGLE3-DeepSeek-R1-Distill-LLaMA-8B,eagle3,eagle3,V2 accept-test-only,mtbench_r1llama,spec_casc_tok,0.35,,calib,3,3,done,K1,0.00
1,r1-distill-llama-8b__eagle3,deepseek-ai/DeepSeek-R1-Distill-Llama-8B,yuhuili/EAGLE3-DeepSeek-R1-Distill-LLaMA-8B,eagle3,eagle3,V2 accept-test-only,mtbench_r1llama,spec_casc_tok,0.55,,calib,3,3,done,K8,0.00
1,r1-distill-llama-8b__eagle3,deepseek-ai/DeepSeek-R1-Distill-Llama-8B,yuhuili/EAGLE3-DeepSeek-R1-Distill-LLaMA-8B,eagle3,eagle3,V2 accept-test-only,mtbench_r1llama,spec_casc_tok,0.8,,calib,3,3,done,K7,0.00
1,r1-distill-llama-8b__eagle3,deepseek-ai/DeepSeek-R1-Distill-Llama-8B,yuhuili/EAGLE3-DeepSeek-R1-Distill-LLaMA-8B,eagle3,eagle3,V2 accept-test-only,mtbench_r1llama,mentored_dec,0.35,,full,77,77,done,K4,0.00
1,r1-distill-llama-8b__eagle3,deepseek-ai/DeepSeek-R1-Distill-Llama-8B,yuhuili/EAGLE3-DeepSeek-R1-Distill-LLaMA-8B,eagle3,eagle3,V2 accept-test-only,mtbench_r1llama,mentored_dec,0.75,,full,77,77,done,K8,0.00
1,r1-distill-llama-8b__eagle3,deepseek-ai/DeepSeek-R1-Distill-Llama-8B,yuhuili/EAGLE3-DeepSeek-R1-Distill-LLaMA-8B,eagle3,eagle3,V2 accept-test-only,mtbench_r1llama,mentored_dec,0.15,,full,77,77,done,K2,0.00
1,r1-distill-llama-8b__eagle3,deepseek-ai/DeepSeek-R1-Distill-Llama-8B,yuhuili/EAGLE3-DeepSeek-R1-Distill-LLaMA-8B,eagle3,eagle3,V2 accept-test-only,mtbench_r1llama,cactus,0.03,,full,77,77,done,K4,0.00
1,r1-distill-llama-8b__eagle3,deepseek-ai/DeepSeek-R1-Distill-Llama-8B,yuhuili/EAGLE3-DeepSeek-R1-Distill-LLaMA-8B,eagle3,eagle3,V2 accept-test-only,mtbench_r1llama,cactus,0.08,,full,77,77,done,K8,0.00
1,r1-distill-llama-8b__eagle3,deepseek-ai/DeepSeek-R1-Distill-Llama-8B,yuhuili/EAGLE3-DeepSeek-R1-Distill-LLaMA-8B,eagle3,eagle3,V2 accept-test-only,mtbench_r1llama,cactus,0.35,,full,77,77,done,K6,0.00
1,r1-distill-llama-8b__eagle3,deepseek-ai/DeepSeek-R1-Distill-Llama-8B,yuhuili/EAGLE3-DeepSeek-R1-Distill-LLaMA-8B,eagle3,eagle3,V2 accept-test-only,mtbench_r1llama,spec_casc_opt,-0.1,,full,77,77,done,K2,0.00
1,r1-distill-llama-8b__eagle3,deepseek-ai/DeepSeek-R1-Distill-Llama-8B,yuhuili/EAGLE3-DeepSeek-R1-Distill-LLaMA-8B,eagle3,eagle3,V2 accept-test-only,mtbench_r1llama,spec_casc_opt,0.05,,full,77,77,done,K4,0.00
1,r1-distill-llama-8b__eagle3,deepseek-ai/DeepSeek-R1-Distill-Llama-8B,yuhuili/EAGLE3-DeepSeek-R1-Distill-LLaMA-8B,eagle3,eagle3,V2 accept-test-only,mtbench_r1llama,spec_casc_opt,-0.3,,full,77,77,done,K8,0.00
1,r1-distill-llama-8b__eagle3,deepseek-ai/DeepSeek-R1-Distill-Llama-8B,yuhuili/EAGLE3-DeepSeek-R1-Distill-LLaMA-8B,eagle3,eagle3,V2 accept-test-only,mtbench_r1llama,r_fuzzy,0.25,,full,77,77,done,K6,0.00
1,r1-distill-llama-8b__eagle3,deepseek-ai/DeepSeek-R1-Distill-Llama-8B,yuhuili/EAGLE3-DeepSeek-R1-Distill-LLaMA-8B,eagle3,eagle3,V2 accept-test-only,mtbench_r1llama,r_fuzzy,0.03,,full,77,77,done,K2,0.00
1,r1-distill-llama-8b__eagle3,deepseek-ai/DeepSeek-R1-Distill-Llama-8B,yuhuili/EAGLE3-DeepSeek-R1-Distill-LLaMA-8B,eagle3,eagle3,V2 accept-test-only,mtbench_r1llama,spec_casc_tok,0.8,,full,77,77,done,K4,0.00
1,r1-distill-llama-8b__eagle3,deepseek-ai/DeepSeek-R1-Distill-Llama-8B,yuhuili/EAGLE3-DeepSeek-R1-Distill-LLaMA-8B,eagle3,eagle3,V2 accept-test-only,mtbench_r1llama,spec_casc_tok,0.15,,full,77,77,done,K8,0.00
1,r1-distill-llama-8b__eagle3,deepseek-ai/DeepSeek-R1-Distill-Llama-8B,yuhuili/EAGLE3-DeepSeek-R1-Distill-LLaMA-8B,eagle3,eagle3,V2 accept-test-only,aime24_r1llama,strict,strict,,full,30,30,done,K1,0.00
1,r1-distill-llama-8b__eagle3,deepseek-ai/DeepSeek-R1-Distill-Llama-8B,yuhuili/EAGLE3-DeepSeek-R1-Distill-LLaMA-8B,eagle3,eagle3,V2 accept-test-only,aime24_r1llama,mentored_dec,0.15,,calib,3,3,done,K4,0.00
1,r1-distill-llama-8b__eagle3,deepseek-ai/DeepSeek-R1-Distill-Llama-8B,yuhuili/EAGLE3-DeepSeek-R1-Distill-LLaMA-8B,eagle3,eagle3,V2 accept-test-only,aime24_r1llama,mentored_dec,0.35,,calib,3,3,done,K5,0.00
1,r1-distill-llama-8b__eagle3,deepseek-ai/DeepSeek-R1-Distill-Llama-8B,yuhuili/EAGLE3-DeepSeek-R1-Distill-LLaMA-8B,eagle3,eagle3,V2 accept-test-only,aime24_r1llama,mentored_dec,0.55,,calib,3,3,done,K6,0.00
1,r1-distill-llama-8b__eagle3,deepseek-ai/DeepSeek-R1-Distill-Llama-8B,yuhuili/EAGLE3-DeepSeek-R1-Distill-LLaMA-8B,eagle3,eagle3,V2 accept-test-only,aime24_r1llama,mentored_dec,0.75,,calib,3,3,done,K7,0.00
1,r1-distill-llama-8b__eagle3,deepseek-ai/DeepSeek-R1-Distill-Llama-8B,yuhuili/EAGLE3-DeepSeek-R1-Distill-LLaMA-8B,eagle3,eagle3,V2 accept-test-only,aime24_r1llama,cactus,0.03,,calib,3,3,done,K2,0.00
1,r1-distill-llama-8b__eagle3,deepseek-ai/DeepSeek-R1-Distill-Llama-8B,yuhuili/EAGLE3-DeepSeek-R1-Distill-LLaMA-8B,eagle3,eagle3,V2 accept-test-only,aime24_r1llama,cactus,0.08,,calib,3,3,done,K8,0.00
1,r1-distill-llama-8b__eagle3,deepseek-ai/DeepSeek-R1-Distill-Llama-8B,yuhuili/EAGLE3-DeepSeek-R1-Distill-LLaMA-8B,eagle3,eagle3,V2 accept-test-only,aime24_r1llama,cactus,0.18,,calib,3,3,done,K1,0.00
1,r1-distill-llama-8b__eagle3,deepseek-ai/DeepSeek-R1-Distill-Llama-8B,yuhuili/EAGLE3-DeepSeek-R1-Distill-LLaMA-8B,eagle3,eagle3,V2 accept-test-only,aime24_r1llama,cactus,0.35,,calib,3,3,done,K4,0.00
1,r1-distill-llama-8b__eagle3,deepseek-ai/DeepSeek-R1-Distill-Llama-8B,yuhuili/EAGLE3-DeepSeek-R1-Distill-LLaMA-8B,eagle3,eagle3,V2 accept-test-only,aime24_r1llama,spec_casc_opt,-0.3,,calib,3,3,done,K5,0.00
1,r1-distill-llama-8b__eagle3,deepseek-ai/DeepSeek-R1-Distill-Llama-8B,yuhuili/EAGLE3-DeepSeek-R1-Distill-LLaMA-8B,eagle3,eagle3,V2 accept-test-only,aime24_r1llama,spec_casc_opt,-0.1,,calib,3,3,done,K6,0.00
1,r1-distill-llama-8b__eagle3,deepseek-ai/DeepSeek-R1-Distill-Llama-8B,yuhuili/EAGLE3-DeepSeek-R1-Distill-LLaMA-8B,eagle3,eagle3,V2 accept-test-only,aime24_r1llama,spec_casc_opt,-0.02,,calib,3,3,done,K7,0.00
1,r1-distill-llama-8b__eagle3,deepseek-ai/DeepSeek-R1-Distill-Llama-8B,yuhuili/EAGLE3-DeepSeek-R1-Distill-LLaMA-8B,eagle3,eagle3,V2 accept-test-only,aime24_r1llama,spec_casc_opt,0.05,,calib,3,3,done,K2,0.00
1,r1-distill-llama-8b__eagle3,deepseek-ai/DeepSeek-R1-Distill-Llama-8B,yuhuili/EAGLE3-DeepSeek-R1-Distill-LLaMA-8B,eagle3,eagle3,V2 accept-test-only,aime24_r1llama,r_fuzzy,0.03,,calib,3,3,done,K3,0.00
1,r1-distill-llama-8b__eagle3,deepseek-ai/DeepSeek-R1-Distill-Llama-8B,yuhuili/EAGLE3-DeepSeek-R1-Distill-LLaMA-8B,eagle3,eagle3,V2 accept-test-only,aime24_r1llama,r_fuzzy,0.08,,calib,3,3,done,K1,0.00
1,r1-distill-llama-8b__eagle3,deepseek-ai/DeepSeek-R1-Distill-Llama-8B,yuhuili/EAGLE3-DeepSeek-R1-Distill-LLaMA-8B,eagle3,eagle3,V2 accept-test-only,aime24_r1llama,r_fuzzy,0.15,,calib,3,3,done,K8,0.00
1,r1-distill-llama-8b__eagle3,deepseek-ai/DeepSeek-R1-Distill-Llama-8B,yuhuili/EAGLE3-DeepSeek-R1-Distill-LLaMA-8B,eagle3,eagle3,V2 accept-test-only,aime24_r1llama,r_fuzzy,0.25,,calib,3,3,done,K4,0.00
1,r1-distill-llama-8b__eagle3,deepseek-ai/DeepSeek-R1-Distill-Llama-8B,yuhuili/EAGLE3-DeepSeek-R1-Distill-LLaMA-8B,eagle3,eagle3,V2 accept-test-only,aime24_r1llama,spec_casc_tok,0.15,,calib,3,3,done,K5,0.00
1,r1-distill-llama-8b__eagle3,deepseek-ai/DeepSeek-R1-Distill-Llama-8B,yuhuili/EAGLE3-DeepSeek-R1-Distill-LLaMA-8B,eagle3,eagle3,V2 accept-test-only,aime24_r1llama,spec_casc_tok,0.35,,calib,3,3,done,K6,0.00
1,r1-distill-llama-8b__eagle3,deepseek-ai/DeepSeek-R1-Distill-Llama-8B,yuhuili/EAGLE3-DeepSeek-R1-Distill-LLaMA-8B,eagle3,eagle3,V2 accept-test-only,aime24_r1llama,spec_casc_tok,0.55,,calib,3,3,done,K7,0.00
1,r1-distill-llama-8b__eagle3,deepseek-ai/DeepSeek-R1-Distill-Llama-8B,yuhuili/EAGLE3-DeepSeek-R1-Distill-LLaMA-8B,eagle3,eagle3,V2 accept-test-only,aime24_r1llama,spec_casc_tok,0.8,,calib,3,3,done,K2,0.00
1,r1-distill-llama-8b__eagle3,deepseek-ai/DeepSeek-R1-Distill-Llama-8B,yuhuili/EAGLE3-DeepSeek-R1-Distill-LLaMA-8B,eagle3,eagle3,V2 accept-test-only,aime24_r1llama,mentored_dec,0.35,,full,27,27,done,K6,0.00
1,r1-distill-llama-8b__eagle3,deepseek-ai/DeepSeek-R1-Distill-Llama-8B,yuhuili/EAGLE3-DeepSeek-R1-Distill-LLaMA-8B,eagle3,eagle3,V2 accept-test-only,aime24_r1llama,mentored_dec,0.15,,full,27,27,done,K4,0.00
1,r1-distill-llama-8b__eagle3,deepseek-ai/DeepSeek-R1-Distill-Llama-8B,yuhuili/EAGLE3-DeepSeek-R1-Distill-LLaMA-8B,eagle3,eagle3,V2 accept-test-only,aime24_r1llama,mentored_dec,0.75,,full,27,27,done,K1,0.00
1,r1-distill-llama-8b__eagle3,deepseek-ai/DeepSeek-R1-Distill-Llama-8B,yuhuili/EAGLE3-DeepSeek-R1-Distill-LLaMA-8B,eagle3,eagle3,V2 accept-test-only,aime24_r1llama,cactus,0.03,,full,27,27,done,K2,0.00
1,r1-distill-llama-8b__eagle3,deepseek-ai/DeepSeek-R1-Distill-Llama-8B,yuhuili/EAGLE3-DeepSeek-R1-Distill-LLaMA-8B,eagle3,eagle3,V2 accept-test-only,aime24_r1llama,cactus,0.18,,full,27,27,done,K5,0.00
1,r1-distill-llama-8b__eagle3,deepseek-ai/DeepSeek-R1-Distill-Llama-8B,yuhuili/EAGLE3-DeepSeek-R1-Distill-LLaMA-8B,eagle3,eagle3,V2 accept-test-only,aime24_r1llama,cactus,0.35,,full,27,27,done,K3,0.00
1,r1-distill-llama-8b__eagle3,deepseek-ai/DeepSeek-R1-Distill-Llama-8B,yuhuili/EAGLE3-DeepSeek-R1-Distill-LLaMA-8B,eagle3,eagle3,V2 accept-test-only,aime24_r1llama,spec_casc_opt,-0.1,,full,27,27,done,K8,0.00
1,r1-distill-llama-8b__eagle3,deepseek-ai/DeepSeek-R1-Distill-Llama-8B,yuhuili/EAGLE3-DeepSeek-R1-Distill-LLaMA-8B,eagle3,eagle3,V2 accept-test-only,aime24_r1llama,spec_casc_opt,0.05,,full,27,27,done,K7,0.00
1,r1-distill-llama-8b__eagle3,deepseek-ai/DeepSeek-R1-Distill-Llama-8B,yuhuili/EAGLE3-DeepSeek-R1-Distill-LLaMA-8B,eagle3,eagle3,V2 accept-test-only,aime24_r1llama,spec_casc_opt,-0.3,,full,27,27,done,K6,0.00
1,r1-distill-llama-8b__eagle3,deepseek-ai/DeepSeek-R1-Distill-Llama-8B,yuhuili/EAGLE3-DeepSeek-R1-Distill-LLaMA-8B,eagle3,eagle3,V2 accept-test-only,aime24_r1llama,r_fuzzy,0.03,,full,27,27,done,K4,0.00
1,r1-distill-llama-8b__eagle3,deepseek-ai/DeepSeek-R1-Distill-Llama-8B,yuhuili/EAGLE3-DeepSeek-R1-Distill-LLaMA-8B,eagle3,eagle3,V2 accept-test-only,aime24_r1llama,r_fuzzy,0.25,,full,27,27,done,K1,0.00
1,r1-distill-llama-8b__eagle3,deepseek-ai/DeepSeek-R1-Distill-Llama-8B,yuhuili/EAGLE3-DeepSeek-R1-Distill-LLaMA-8B,eagle3,eagle3,V2 accept-test-only,aime24_r1llama,spec_casc_tok,0.55,,full,27,27,done,K2,0.00
1,r1-distill-llama-8b__eagle3,deepseek-ai/DeepSeek-R1-Distill-Llama-8B,yuhuili/EAGLE3-DeepSeek-R1-Distill-LLaMA-8B,eagle3,eagle3,V2 accept-test-only,aime24_r1llama,spec_casc_tok,0.15,,full,27,27,done,K5,0.00
1,r1-distill-llama-8b__eagle3,deepseek-ai/DeepSeek-R1-Distill-Llama-8B,yuhuili/EAGLE3-DeepSeek-R1-Distill-LLaMA-8B,eagle3,eagle3,V2 accept-test-only,aime24_r1llama,spec_casc_tok,0.8,,full,27,27,done,K3,0.00
2,llama31-8b-instruct__eagle3,meta-llama/Llama-3.1-8B-Instruct,yuhuili/EAGLE3-LLaMA3.1-Instruct-8B,eagle3,eagle3,V2 accept-test-only,gsm8k_llama31,strict,strict,,full,150,150,done,K8,0.00
2,llama31-8b-instruct__eagle3,meta-llama/Llama-3.1-8B-Instruct,yuhuili/EAGLE3-LLaMA3.1-Instruct-8B,eagle3,eagle3,V2 accept-test-only,gsm8k_llama31,mentored_dec,0.15,,calib,3,3,done,K2,0.00
2,llama31-8b-instruct__eagle3,meta-llama/Llama-3.1-8B-Instruct,yuhuili/EAGLE3-LLaMA3.1-Instruct-8B,eagle3,eagle3,V2 accept-test-only,gsm8k_llama31,mentored_dec,0.35,,calib,3,3,done,K1,0.00
2,llama31-8b-instruct__eagle3,meta-llama/Llama-3.1-8B-Instruct,yuhuili/EAGLE3-LLaMA3.1-Instruct-8B,eagle3,eagle3,V2 accept-test-only,gsm8k_llama31,mentored_dec,0.55,,calib,3,3,done,K8,0.00
2,llama31-8b-instruct__eagle3,meta-llama/Llama-3.1-8B-Instruct,yuhuili/EAGLE3-LLaMA3.1-Instruct-8B,eagle3,eagle3,V2 accept-test-only,gsm8k_llama31,mentored_dec,0.75,,calib,3,3,done,K7,0.00
2,llama31-8b-instruct__eagle3,meta-llama/Llama-3.1-8B-Instruct,yuhuili/EAGLE3-LLaMA3.1-Instruct-8B,eagle3,eagle3,V2 accept-test-only,gsm8k_llama31,cactus,0.03,,calib,3,3,done,K4,0.00
2,llama31-8b-instruct__eagle3,meta-llama/Llama-3.1-8B-Instruct,yuhuili/EAGLE3-LLaMA3.1-Instruct-8B,eagle3,eagle3,V2 accept-test-only,gsm8k_llama31,cactus,0.08,,calib,3,3,done,K5,0.00
2,llama31-8b-instruct__eagle3,meta-llama/Llama-3.1-8B-Instruct,yuhuili/EAGLE3-LLaMA3.1-Instruct-8B,eagle3,eagle3,V2 accept-test-only,gsm8k_llama31,cactus,0.18,,calib,3,3,done,K6,0.00
2,llama31-8b-instruct__eagle3,meta-llama/Llama-3.1-8B-Instruct,yuhuili/EAGLE3-LLaMA3.1-Instruct-8B,eagle3,eagle3,V2 accept-test-only,gsm8k_llama31,cactus,0.35,,calib,3,3,done,K2,0.00
2,llama31-8b-instruct__eagle3,meta-llama/Llama-3.1-8B-Instruct,yuhuili/EAGLE3-LLaMA3.1-Instruct-8B,eagle3,eagle3,V2 accept-test-only,gsm8k_llama31,spec_casc_opt,-0.3,,calib,3,3,done,K1,0.00
2,llama31-8b-instruct__eagle3,meta-llama/Llama-3.1-8B-Instruct,yuhuili/EAGLE3-LLaMA3.1-Instruct-8B,eagle3,eagle3,V2 accept-test-only,gsm8k_llama31,spec_casc_opt,-0.1,,calib,3,3,done,K8,0.00
2,llama31-8b-instruct__eagle3,meta-llama/Llama-3.1-8B-Instruct,yuhuili/EAGLE3-LLaMA3.1-Instruct-8B,eagle3,eagle3,V2 accept-test-only,gsm8k_llama31,spec_casc_opt,-0.02,,calib,3,3,done,K3,0.00
2,llama31-8b-instruct__eagle3,meta-llama/Llama-3.1-8B-Instruct,yuhuili/EAGLE3-LLaMA3.1-Instruct-8B,eagle3,eagle3,V2 accept-test-only,gsm8k_llama31,spec_casc_opt,0.05,,calib,3,3,done,K7,0.00
2,llama31-8b-instruct__eagle3,meta-llama/Llama-3.1-8B-Instruct,yuhuili/EAGLE3-LLaMA3.1-Instruct-8B,eagle3,eagle3,V2 accept-test-only,gsm8k_llama31,r_fuzzy,0.03,,calib,3,3,done,K4,0.00
2,llama31-8b-instruct__eagle3,meta-llama/Llama-3.1-8B-Instruct,yuhuili/EAGLE3-LLaMA3.1-Instruct-8B,eagle3,eagle3,V2 accept-test-only,gsm8k_llama31,r_fuzzy,0.08,,calib,3,3,done,K5,0.00
2,llama31-8b-instruct__eagle3,meta-llama/Llama-3.1-8B-Instruct,yuhuili/EAGLE3-LLaMA3.1-Instruct-8B,eagle3,eagle3,V2 accept-test-only,gsm8k_llama31,r_fuzzy,0.15,,calib,3,3,done,K6,0.00
2,llama31-8b-instruct__eagle3,meta-llama/Llama-3.1-8B-Instruct,yuhuili/EAGLE3-LLaMA3.1-Instruct-8B,eagle3,eagle3,V2 accept-test-only,gsm8k_llama31,r_fuzzy,0.25,,calib,3,3,done,K2,0.00
2,llama31-8b-instruct__eagle3,meta-llama/Llama-3.1-8B-Instruct,yuhuili/EAGLE3-LLaMA3.1-Instruct-8B,eagle3,eagle3,V2 accept-test-only,gsm8k_llama31,spec_casc_tok,0.15,,calib,3,3,done,K1,0.00
2,llama31-8b-instruct__eagle3,meta-llama/Llama-3.1-8B-Instruct,yuhuili/EAGLE3-LLaMA3.1-Instruct-8B,eagle3,eagle3,V2 accept-test-only,gsm8k_llama31,spec_casc_tok,0.35,,calib,3,3,done,K8,0.00
2,llama31-8b-instruct__eagle3,meta-llama/Llama-3.1-8B-Instruct,yuhuili/EAGLE3-LLaMA3.1-Instruct-8B,eagle3,eagle3,V2 accept-test-only,gsm8k_llama31,spec_casc_tok,0.55,,calib,3,3,done,K3,0.00
2,llama31-8b-instruct__eagle3,meta-llama/Llama-3.1-8B-Instruct,yuhuili/EAGLE3-LLaMA3.1-Instruct-8B,eagle3,eagle3,V2 accept-test-only,gsm8k_llama31,spec_casc_tok,0.8,,calib,3,3,done,K7,0.00
2,llama31-8b-instruct__eagle3,meta-llama/Llama-3.1-8B-Instruct,yuhuili/EAGLE3-LLaMA3.1-Instruct-8B,eagle3,eagle3,V2 accept-test-only,gsm8k_llama31,mentored_dec,0.35,,full,147,147,done,K2,0.00
2,llama31-8b-instruct__eagle3,meta-llama/Llama-3.1-8B-Instruct,yuhuili/EAGLE3-LLaMA3.1-Instruct-8B,eagle3,eagle3,V2 accept-test-only,gsm8k_llama31,mentored_dec,0.55,,full,147,147,done,K5,0.00
2,llama31-8b-instruct__eagle3,meta-llama/Llama-3.1-8B-Instruct,yuhuili/EAGLE3-LLaMA3.1-Instruct-8B,eagle3,eagle3,V2 accept-test-only,gsm8k_llama31,mentored_dec,0.75,,full,147,147,done,K3,0.00
2,llama31-8b-instruct__eagle3,meta-llama/Llama-3.1-8B-Instruct,yuhuili/EAGLE3-LLaMA3.1-Instruct-8B,eagle3,eagle3,V2 accept-test-only,gsm8k_llama31,cactus,0.03,,full,147,147,done,K4,0.00
2,llama31-8b-instruct__eagle3,meta-llama/Llama-3.1-8B-Instruct,yuhuili/EAGLE3-LLaMA3.1-Instruct-8B,eagle3,eagle3,V2 accept-test-only,gsm8k_llama31,cactus,0.18,,full,147,147,done,K1,0.00
2,llama31-8b-instruct__eagle3,meta-llama/Llama-3.1-8B-Instruct,yuhuili/EAGLE3-LLaMA3.1-Instruct-8B,eagle3,eagle3,V2 accept-test-only,gsm8k_llama31,cactus,0.35,,full,147,147,done,K2,0.00
2,llama31-8b-instruct__eagle3,meta-llama/Llama-3.1-8B-Instruct,yuhuili/EAGLE3-LLaMA3.1-Instruct-8B,eagle3,eagle3,V2 accept-test-only,gsm8k_llama31,spec_casc_opt,-0.1,,full,147,147,done,K5,0.00
2,llama31-8b-instruct__eagle3,meta-llama/Llama-3.1-8B-Instruct,yuhuili/EAGLE3-LLaMA3.1-Instruct-8B,eagle3,eagle3,V2 accept-test-only,gsm8k_llama31,spec_casc_opt,-0.02,,full,147,147,done,K3,0.00
2,llama31-8b-instruct__eagle3,meta-llama/Llama-3.1-8B-Instruct,yuhuili/EAGLE3-LLaMA3.1-Instruct-8B,eagle3,eagle3,V2 accept-test-only,gsm8k_llama31,spec_casc_opt,0.05,,full,147,147,done,K8,0.00
2,llama31-8b-instruct__eagle3,meta-llama/Llama-3.1-8B-Instruct,yuhuili/EAGLE3-LLaMA3.1-Instruct-8B,eagle3,eagle3,V2 accept-test-only,gsm8k_llama31,r_fuzzy,0.15,,full,147,147,done,K7,0.00
2,llama31-8b-instruct__eagle3,meta-llama/Llama-3.1-8B-Instruct,yuhuili/EAGLE3-LLaMA3.1-Instruct-8B,eagle3,eagle3,V2 accept-test-only,gsm8k_llama31,r_fuzzy,0.03,,full,147,147,done,K6,0.00
2,llama31-8b-instruct__eagle3,meta-llama/Llama-3.1-8B-Instruct,yuhuili/EAGLE3-LLaMA3.1-Instruct-8B,eagle3,eagle3,V2 accept-test-only,gsm8k_llama31,r_fuzzy,0.25,,full,147,147,done,K4,0.00
2,llama31-8b-instruct__eagle3,meta-llama/Llama-3.1-8B-Instruct,yuhuili/EAGLE3-LLaMA3.1-Instruct-8B,eagle3,eagle3,V2 accept-test-only,gsm8k_llama31,spec_casc_tok,0.15,,full,147,147,done,K1,0.00
2,llama31-8b-instruct__eagle3,meta-llama/Llama-3.1-8B-Instruct,yuhuili/EAGLE3-LLaMA3.1-Instruct-8B,eagle3,eagle3,V2 accept-test-only,gsm8k_llama31,spec_casc_tok,0.8,,full,147,147,done,K2,0.00
2,llama31-8b-instruct__eagle3,meta-llama/Llama-3.1-8B-Instruct,yuhuili/EAGLE3-LLaMA3.1-Instruct-8B,eagle3,eagle3,V2 accept-test-only,livecodebench_llama31,strict,strict,,full,90,90,done,K2,0.00
2,llama31-8b-instruct__eagle3,meta-llama/Llama-3.1-8B-Instruct,yuhuili/EAGLE3-LLaMA3.1-Instruct-8B,eagle3,eagle3,V2 accept-test-only,livecodebench_llama31,mentored_dec,0.15,,calib,3,3,done,K6,0.00
2,llama31-8b-instruct__eagle3,meta-llama/Llama-3.1-8B-Instruct,yuhuili/EAGLE3-LLaMA3.1-Instruct-8B,eagle3,eagle3,V2 accept-test-only,livecodebench_llama31,mentored_dec,0.35,,calib,3,3,done,K2,0.00
2,llama31-8b-instruct__eagle3,meta-llama/Llama-3.1-8B-Instruct,yuhuili/EAGLE3-LLaMA3.1-Instruct-8B,eagle3,eagle3,V2 accept-test-only,livecodebench_llama31,mentored_dec,0.55,,calib,3,3,done,K6,0.00
2,llama31-8b-instruct__eagle3,meta-llama/Llama-3.1-8B-Instruct,yuhuili/EAGLE3-LLaMA3.1-Instruct-8B,eagle3,eagle3,V2 accept-test-only,livecodebench_llama31,mentored_dec,0.75,,calib,3,3,done,K3,0.00
2,llama31-8b-instruct__eagle3,meta-llama/Llama-3.1-8B-Instruct,yuhuili/EAGLE3-LLaMA3.1-Instruct-8B,eagle3,eagle3,V2 accept-test-only,livecodebench_llama31,cactus,0.03,,calib,3,3,done,K2,0.00
2,llama31-8b-instruct__eagle3,meta-llama/Llama-3.1-8B-Instruct,yuhuili/EAGLE3-LLaMA3.1-Instruct-8B,eagle3,eagle3,V2 accept-test-only,livecodebench_llama31,cactus,0.08,,calib,3,3,done,K1,0.00
2,llama31-8b-instruct__eagle3,meta-llama/Llama-3.1-8B-Instruct,yuhuili/EAGLE3-LLaMA3.1-Instruct-8B,eagle3,eagle3,V2 accept-test-only,livecodebench_llama31,cactus,0.18,,calib,3,3,done,K8,0.00
2,llama31-8b-instruct__eagle3,meta-llama/Llama-3.1-8B-Instruct,yuhuili/EAGLE3-LLaMA3.1-Instruct-8B,eagle3,eagle3,V2 accept-test-only,livecodebench_llama31,cactus,0.35,,calib,3,3,done,K7,0.00
2,llama31-8b-instruct__eagle3,meta-llama/Llama-3.1-8B-Instruct,yuhuili/EAGLE3-LLaMA3.1-Instruct-8B,eagle3,eagle3,V2 accept-test-only,livecodebench_llama31,spec_casc_opt,-0.3,,calib,3,3,done,K4,0.00
2,llama31-8b-instruct__eagle3,meta-llama/Llama-3.1-8B-Instruct,yuhuili/EAGLE3-LLaMA3.1-Instruct-8B,eagle3,eagle3,V2 accept-test-only,livecodebench_llama31,spec_casc_opt,-0.1,,calib,3,3,done,K5,0.00
2,llama31-8b-instruct__eagle3,meta-llama/Llama-3.1-8B-Instruct,yuhuili/EAGLE3-LLaMA3.1-Instruct-8B,eagle3,eagle3,V2 accept-test-only,livecodebench_llama31,spec_casc_opt,-0.02,,calib,3,3,done,K6,0.00
2,llama31-8b-instruct__eagle3,meta-llama/Llama-3.1-8B-Instruct,yuhuili/EAGLE3-LLaMA3.1-Instruct-8B,eagle3,eagle3,V2 accept-test-only,livecodebench_llama31,spec_casc_opt,0.05,,calib,3,3,done,K3,0.00
2,llama31-8b-instruct__eagle3,meta-llama/Llama-3.1-8B-Instruct,yuhuili/EAGLE3-LLaMA3.1-Instruct-8B,eagle3,eagle3,V2 accept-test-only,livecodebench_llama31,r_fuzzy,0.03,,calib,3,3,done,K2,0.00
2,llama31-8b-instruct__eagle3,meta-llama/Llama-3.1-8B-Instruct,yuhuili/EAGLE3-LLaMA3.1-Instruct-8B,eagle3,eagle3,V2 accept-test-only,livecodebench_llama31,r_fuzzy,0.08,,calib,3,3,done,K1,0.00
2,llama31-8b-instruct__eagle3,meta-llama/Llama-3.1-8B-Instruct,yuhuili/EAGLE3-LLaMA3.1-Instruct-8B,eagle3,eagle3,V2 accept-test-only,livecodebench_llama31,r_fuzzy,0.15,,calib,3,3,done,K8,0.00
2,llama31-8b-instruct__eagle3,meta-llama/Llama-3.1-8B-Instruct,yuhuili/EAGLE3-LLaMA3.1-Instruct-8B,eagle3,eagle3,V2 accept-test-only,livecodebench_llama31,r_fuzzy,0.25,,calib,3,3,done,K7,0.00
2,llama31-8b-instruct__eagle3,meta-llama/Llama-3.1-8B-Instruct,yuhuili/EAGLE3-LLaMA3.1-Instruct-8B,eagle3,eagle3,V2 accept-test-only,livecodebench_llama31,spec_casc_tok,0.15,,calib,3,3,done,K4,0.00
2,llama31-8b-instruct__eagle3,meta-llama/Llama-3.1-8B-Instruct,yuhuili/EAGLE3-LLaMA3.1-Instruct-8B,eagle3,eagle3,V2 accept-test-only,livecodebench_llama31,spec_casc_tok,0.35,,calib,3,3,done,K5,0.00
2,llama31-8b-instruct__eagle3,meta-llama/Llama-3.1-8B-Instruct,yuhuili/EAGLE3-LLaMA3.1-Instruct-8B,eagle3,eagle3,V2 accept-test-only,livecodebench_llama31,spec_casc_tok,0.55,,calib,3,3,done,K6,0.00
2,llama31-8b-instruct__eagle3,meta-llama/Llama-3.1-8B-Instruct,yuhuili/EAGLE3-LLaMA3.1-Instruct-8B,eagle3,eagle3,V2 accept-test-only,livecodebench_llama31,spec_casc_tok,0.8,,calib,3,3,done,K3,0.00
2,llama31-8b-instruct__eagle3,meta-llama/Llama-3.1-8B-Instruct,yuhuili/EAGLE3-LLaMA3.1-Instruct-8B,eagle3,eagle3,V2 accept-test-only,livecodebench_llama31,mentored_dec,0.75,,full,87,87,done,K8,0.00
2,llama31-8b-instruct__eagle3,meta-llama/Llama-3.1-8B-Instruct,yuhuili/EAGLE3-LLaMA3.1-Instruct-8B,eagle3,eagle3,V2 accept-test-only,livecodebench_llama31,mentored_dec,0.35,,full,87,87,done,K7,0.00
2,llama31-8b-instruct__eagle3,meta-llama/Llama-3.1-8B-Instruct,yuhuili/EAGLE3-LLaMA3.1-Instruct-8B,eagle3,eagle3,V2 accept-test-only,livecodebench_llama31,mentored_dec,0.15,,full,87,87,done,K6,0.00
2,llama31-8b-instruct__eagle3,meta-llama/Llama-3.1-8B-Instruct,yuhuili/EAGLE3-LLaMA3.1-Instruct-8B,eagle3,eagle3,V2 accept-test-only,livecodebench_llama31,cactus,0.03,,full,87,87,done,K4,0.00
2,llama31-8b-instruct__eagle3,meta-llama/Llama-3.1-8B-Instruct,yuhuili/EAGLE3-LLaMA3.1-Instruct-8B,eagle3,eagle3,V2 accept-test-only,livecodebench_llama31,cactus,0.08,,full,87,87,done,K1,0.00
2,llama31-8b-instruct__eagle3,meta-llama/Llama-3.1-8B-Instruct,yuhuili/EAGLE3-LLaMA3.1-Instruct-8B,eagle3,eagle3,V2 accept-test-only,livecodebench_llama31,cactus,0.35,,full,87,87,done,K8,0.00
2,llama31-8b-instruct__eagle3,meta-llama/Llama-3.1-8B-Instruct,yuhuili/EAGLE3-LLaMA3.1-Instruct-8B,eagle3,eagle3,V2 accept-test-only,livecodebench_llama31,spec_casc_opt,-0.3,,full,87,87,done,K7,0.00
2,llama31-8b-instruct__eagle3,meta-llama/Llama-3.1-8B-Instruct,yuhuili/EAGLE3-LLaMA3.1-Instruct-8B,eagle3,eagle3,V2 accept-test-only,livecodebench_llama31,spec_casc_opt,-0.02,,full,87,87,done,K6,0.00
2,llama31-8b-instruct__eagle3,meta-llama/Llama-3.1-8B-Instruct,yuhuili/EAGLE3-LLaMA3.1-Instruct-8B,eagle3,eagle3,V2 accept-test-only,livecodebench_llama31,spec_casc_opt,0.05,,full,87,87,done,K2,0.00
2,llama31-8b-instruct__eagle3,meta-llama/Llama-3.1-8B-Instruct,yuhuili/EAGLE3-LLaMA3.1-Instruct-8B,eagle3,eagle3,V2 accept-test-only,livecodebench_llama31,r_fuzzy,0.08,,full,87,87,done,K5,0.00
2,llama31-8b-instruct__eagle3,meta-llama/Llama-3.1-8B-Instruct,yuhuili/EAGLE3-LLaMA3.1-Instruct-8B,eagle3,eagle3,V2 accept-test-only,livecodebench_llama31,r_fuzzy,0.03,,full,87,87,done,K4,0.00
2,llama31-8b-instruct__eagle3,meta-llama/Llama-3.1-8B-Instruct,yuhuili/EAGLE3-LLaMA3.1-Instruct-8B,eagle3,eagle3,V2 accept-test-only,livecodebench_llama31,r_fuzzy,0.25,,full,87,87,done,K1,0.00
2,llama31-8b-instruct__eagle3,meta-llama/Llama-3.1-8B-Instruct,yuhuili/EAGLE3-LLaMA3.1-Instruct-8B,eagle3,eagle3,V2 accept-test-only,livecodebench_llama31,spec_casc_tok,0.35,,full,87,87,done,K8,0.00
2,llama31-8b-instruct__eagle3,meta-llama/Llama-3.1-8B-Instruct,yuhuili/EAGLE3-LLaMA3.1-Instruct-8B,eagle3,eagle3,V2 accept-test-only,livecodebench_llama31,spec_casc_tok,0.8,,full,87,87,done,K7,0.00
2,llama31-8b-instruct__eagle3,meta-llama/Llama-3.1-8B-Instruct,yuhuili/EAGLE3-LLaMA3.1-Instruct-8B,eagle3,eagle3,V2 accept-test-only,livecodebench_llama31,spec_casc_tok,0.15,,full,87,87,done,K6,0.00
2,llama31-8b-instruct__eagle3,meta-llama/Llama-3.1-8B-Instruct,yuhuili/EAGLE3-LLaMA3.1-Instruct-8B,eagle3,eagle3,V2 accept-test-only,mtbench_llama31,strict,strict,,full,80,80,done,K8,0.00
2,llama31-8b-instruct__eagle3,meta-llama/Llama-3.1-8B-Instruct,yuhuili/EAGLE3-LLaMA3.1-Instruct-8B,eagle3,eagle3,V2 accept-test-only,mtbench_llama31,mentored_dec,0.15,,calib,3,3,done,K2,0.00
2,llama31-8b-instruct__eagle3,meta-llama/Llama-3.1-8B-Instruct,yuhuili/EAGLE3-LLaMA3.1-Instruct-8B,eagle3,eagle3,V2 accept-test-only,mtbench_llama31,mentored_dec,0.35,,calib,3,3,done,K1,0.00
2,llama31-8b-instruct__eagle3,meta-llama/Llama-3.1-8B-Instruct,yuhuili/EAGLE3-LLaMA3.1-Instruct-8B,eagle3,eagle3,V2 accept-test-only,mtbench_llama31,mentored_dec,0.55,,calib,3,3,done,K8,0.00
2,llama31-8b-instruct__eagle3,meta-llama/Llama-3.1-8B-Instruct,yuhuili/EAGLE3-LLaMA3.1-Instruct-8B,eagle3,eagle3,V2 accept-test-only,mtbench_llama31,mentored_dec,0.75,,calib,3,3,done,K7,0.00
2,llama31-8b-instruct__eagle3,meta-llama/Llama-3.1-8B-Instruct,yuhuili/EAGLE3-LLaMA3.1-Instruct-8B,eagle3,eagle3,V2 accept-test-only,mtbench_llama31,cactus,0.03,,calib,3,3,done,K4,0.00
2,llama31-8b-instruct__eagle3,meta-llama/Llama-3.1-8B-Instruct,yuhuili/EAGLE3-LLaMA3.1-Instruct-8B,eagle3,eagle3,V2 accept-test-only,mtbench_llama31,cactus,0.08,,calib,3,3,done,K5,0.00
2,llama31-8b-instruct__eagle3,meta-llama/Llama-3.1-8B-Instruct,yuhuili/EAGLE3-LLaMA3.1-Instruct-8B,eagle3,eagle3,V2 accept-test-only,mtbench_llama31,cactus,0.18,,calib,3,3,done,K6,0.00
2,llama31-8b-instruct__eagle3,meta-llama/Llama-3.1-8B-Instruct,yuhuili/EAGLE3-LLaMA3.1-Instruct-8B,eagle3,eagle3,V2 accept-test-only,mtbench_llama31,cactus,0.35,,calib,3,3,done,K3,0.00
2,llama31-8b-instruct__eagle3,meta-llama/Llama-3.1-8B-Instruct,yuhuili/EAGLE3-LLaMA3.1-Instruct-8B,eagle3,eagle3,V2 accept-test-only,mtbench_llama31,spec_casc_opt,-0.3,,calib,3,3,done,K2,0.00
2,llama31-8b-instruct__eagle3,meta-llama/Llama-3.1-8B-Instruct,yuhuili/EAGLE3-LLaMA3.1-Instruct-8B,eagle3,eagle3,V2 accept-test-only,mtbench_llama31,spec_casc_opt,-0.1,,calib,3,3,done,K1,0.00
2,llama31-8b-instruct__eagle3,meta-llama/Llama-3.1-8B-Instruct,yuhuili/EAGLE3-LLaMA3.1-Instruct-8B,eagle3,eagle3,V2 accept-test-only,mtbench_llama31,spec_casc_opt,-0.02,,calib,3,3,done,K8,0.00
2,llama31-8b-instruct__eagle3,meta-llama/Llama-3.1-8B-Instruct,yuhuili/EAGLE3-LLaMA3.1-Instruct-8B,eagle3,eagle3,V2 accept-test-only,mtbench_llama31,spec_casc_opt,0.05,,calib,3,3,done,K7,0.00
2,llama31-8b-instruct__eagle3,meta-llama/Llama-3.1-8B-Instruct,yuhuili/EAGLE3-LLaMA3.1-Instruct-8B,eagle3,eagle3,V2 accept-test-only,mtbench_llama31,r_fuzzy,0.03,,calib,3,3,done,K4,0.00
2,llama31-8b-instruct__eagle3,meta-llama/Llama-3.1-8B-Instruct,yuhuili/EAGLE3-LLaMA3.1-Instruct-8B,eagle3,eagle3,V2 accept-test-only,mtbench_llama31,r_fuzzy,0.08,,calib,3,3,done,K5,0.00
2,llama31-8b-instruct__eagle3,meta-llama/Llama-3.1-8B-Instruct,yuhuili/EAGLE3-LLaMA3.1-Instruct-8B,eagle3,eagle3,V2 accept-test-only,mtbench_llama31,r_fuzzy,0.15,,calib,3,3,done,K6,0.00
2,llama31-8b-instruct__eagle3,meta-llama/Llama-3.1-8B-Instruct,yuhuili/EAGLE3-LLaMA3.1-Instruct-8B,eagle3,eagle3,V2 accept-test-only,mtbench_llama31,r_fuzzy,0.25,,calib,3,3,done,K3,0.00
2,llama31-8b-instruct__eagle3,meta-llama/Llama-3.1-8B-Instruct,yuhuili/EAGLE3-LLaMA3.1-Instruct-8B,eagle3,eagle3,V2 accept-test-only,mtbench_llama31,spec_casc_tok,0.15,,calib,3,3,done,K2,0.00
2,llama31-8b-instruct__eagle3,meta-llama/Llama-3.1-8B-Instruct,yuhuili/EAGLE3-LLaMA3.1-Instruct-8B,eagle3,eagle3,V2 accept-test-only,mtbench_llama31,spec_casc_tok,0.35,,calib,3,3,done,K1,0.00
2,llama31-8b-instruct__eagle3,meta-llama/Llama-3.1-8B-Instruct,yuhuili/EAGLE3-LLaMA3.1-Instruct-8B,eagle3,eagle3,V2 accept-test-only,mtbench_llama31,spec_casc_tok,0.55,,calib,3,3,done,K8,0.00
2,llama31-8b-instruct__eagle3,meta-llama/Llama-3.1-8B-Instruct,yuhuili/EAGLE3-LLaMA3.1-Instruct-8B,eagle3,eagle3,V2 accept-test-only,mtbench_llama31,spec_casc_tok,0.8,,calib,3,3,done,K7,0.00
2,llama31-8b-instruct__eagle3,meta-llama/Llama-3.1-8B-Instruct,yuhuili/EAGLE3-LLaMA3.1-Instruct-8B,eagle3,eagle3,V2 accept-test-only,mtbench_llama31,mentored_dec,0.15,,full,77,77,done,K2,0.00
2,llama31-8b-instruct__eagle3,meta-llama/Llama-3.1-8B-Instruct,yuhuili/EAGLE3-LLaMA3.1-Instruct-8B,eagle3,eagle3,V2 accept-test-only,mtbench_llama31,mentored_dec,0.75,,full,77,77,done,K5,0.00
2,llama31-8b-instruct__eagle3,meta-llama/Llama-3.1-8B-Instruct,yuhuili/EAGLE3-LLaMA3.1-Instruct-8B,eagle3,eagle3,V2 accept-test-only,mtbench_llama31,cactus,0.03,,full,77,77,done,K3,0.00
2,llama31-8b-instruct__eagle3,meta-llama/Llama-3.1-8B-Instruct,yuhuili/EAGLE3-LLaMA3.1-Instruct-8B,eagle3,eagle3,V2 accept-test-only,mtbench_llama31,cactus,0.18,,full,77,77,done,K8,0.00
2,llama31-8b-instruct__eagle3,meta-llama/Llama-3.1-8B-Instruct,yuhuili/EAGLE3-LLaMA3.1-Instruct-8B,eagle3,eagle3,V2 accept-test-only,mtbench_llama31,cactus,0.35,,full,77,77,done,K7,0.00
2,llama31-8b-instruct__eagle3,meta-llama/Llama-3.1-8B-Instruct,yuhuili/EAGLE3-LLaMA3.1-Instruct-8B,eagle3,eagle3,V2 accept-test-only,mtbench_llama31,spec_casc_opt,-0.3,,full,77,77,done,K6,0.00
2,llama31-8b-instruct__eagle3,meta-llama/Llama-3.1-8B-Instruct,yuhuili/EAGLE3-LLaMA3.1-Instruct-8B,eagle3,eagle3,V2 accept-test-only,mtbench_llama31,spec_casc_opt,0.05,,full,77,77,done,K4,0.00
2,llama31-8b-instruct__eagle3,meta-llama/Llama-3.1-8B-Instruct,yuhuili/EAGLE3-LLaMA3.1-Instruct-8B,eagle3,eagle3,V2 accept-test-only,mtbench_llama31,r_fuzzy,0.15,,full,77,77,done,K1,0.00
2,llama31-8b-instruct__eagle3,meta-llama/Llama-3.1-8B-Instruct,yuhuili/EAGLE3-LLaMA3.1-Instruct-8B,eagle3,eagle3,V2 accept-test-only,mtbench_llama31,r_fuzzy,0.03,,full,77,77,done,K2,0.00
2,llama31-8b-instruct__eagle3,meta-llama/Llama-3.1-8B-Instruct,yuhuili/EAGLE3-LLaMA3.1-Instruct-8B,eagle3,eagle3,V2 accept-test-only,mtbench_llama31,r_fuzzy,0.25,,full,77,77,done,K5,0.00
2,llama31-8b-instruct__eagle3,meta-llama/Llama-3.1-8B-Instruct,yuhuili/EAGLE3-LLaMA3.1-Instruct-8B,eagle3,eagle3,V2 accept-test-only,mtbench_llama31,spec_casc_tok,0.55,,full,77,77,done,K3,0.00
2,llama31-8b-instruct__eagle3,meta-llama/Llama-3.1-8B-Instruct,yuhuili/EAGLE3-LLaMA3.1-Instruct-8B,eagle3,eagle3,V2 accept-test-only,mtbench_llama31,spec_casc_tok,0.8,,full,77,77,done,K8,0.00
2,llama31-8b-instruct__eagle3,meta-llama/Llama-3.1-8B-Instruct,yuhuili/EAGLE3-LLaMA3.1-Instruct-8B,eagle3,eagle3,V2 accept-test-only,mtbench_llama31,spec_casc_tok,0.15,,full,77,77,done,K7,0.00
2,llama31-8b-instruct__eagle1,meta-llama/Llama-3.1-8B-Instruct,yuhuili/EAGLE-LLaMA3.1-Instruct-8B,eagle,eagle1,V2 accept-test-only,gsm8k_llama31,strict,strict,,full,150,150,done,K3,0.00
2,llama31-8b-instruct__eagle1,meta-llama/Llama-3.1-8B-Instruct,yuhuili/EAGLE-LLaMA3.1-Instruct-8B,eagle,eagle1,V2 accept-test-only,gsm8k_llama31,mentored_dec,0.15,,calib,3,3,done,K4,0.00
2,llama31-8b-instruct__eagle1,meta-llama/Llama-3.1-8B-Instruct,yuhuili/EAGLE-LLaMA3.1-Instruct-8B,eagle,eagle1,V2 accept-test-only,gsm8k_llama31,mentored_dec,0.35,,calib,3,3,done,K5,0.00
2,llama31-8b-instruct__eagle1,meta-llama/Llama-3.1-8B-Instruct,yuhuili/EAGLE-LLaMA3.1-Instruct-8B,eagle,eagle1,V2 accept-test-only,gsm8k_llama31,mentored_dec,0.55,,calib,3,3,done,K6,0.00
2,llama31-8b-instruct__eagle1,meta-llama/Llama-3.1-8B-Instruct,yuhuili/EAGLE-LLaMA3.1-Instruct-8B,eagle,eagle1,V2 accept-test-only,gsm8k_llama31,mentored_dec,0.75,,calib,3,3,done,K2,0.00
2,llama31-8b-instruct__eagle1,meta-llama/Llama-3.1-8B-Instruct,yuhuili/EAGLE-LLaMA3.1-Instruct-8B,eagle,eagle1,V2 accept-test-only,gsm8k_llama31,cactus,0.03,,calib,3,3,done,K1,0.00
2,llama31-8b-instruct__eagle1,meta-llama/Llama-3.1-8B-Instruct,yuhuili/EAGLE-LLaMA3.1-Instruct-8B,eagle,eagle1,V2 accept-test-only,gsm8k_llama31,cactus,0.08,,calib,3,3,done,K8,0.00
2,llama31-8b-instruct__eagle1,meta-llama/Llama-3.1-8B-Instruct,yuhuili/EAGLE-LLaMA3.1-Instruct-8B,eagle,eagle1,V2 accept-test-only,gsm8k_llama31,cactus,0.18,,calib,3,3,done,K3,0.00
2,llama31-8b-instruct__eagle1,meta-llama/Llama-3.1-8B-Instruct,yuhuili/EAGLE-LLaMA3.1-Instruct-8B,eagle,eagle1,V2 accept-test-only,gsm8k_llama31,cactus,0.35,,calib,3,3,done,K7,0.00
2,llama31-8b-instruct__eagle1,meta-llama/Llama-3.1-8B-Instruct,yuhuili/EAGLE-LLaMA3.1-Instruct-8B,eagle,eagle1,V2 accept-test-only,gsm8k_llama31,spec_casc_opt,-0.3,,calib,3,3,done,K4,0.00
2,llama31-8b-instruct__eagle1,meta-llama/Llama-3.1-8B-Instruct,yuhuili/EAGLE-LLaMA3.1-Instruct-8B,eagle,eagle1,V2 accept-test-only,gsm8k_llama31,spec_casc_opt,-0.1,,calib,3,3,done,K5,0.00
2,llama31-8b-instruct__eagle1,meta-llama/Llama-3.1-8B-Instruct,yuhuili/EAGLE-LLaMA3.1-Instruct-8B,eagle,eagle1,V2 accept-test-only,gsm8k_llama31,spec_casc_opt,-0.02,,calib,3,3,done,K6,0.00
2,llama31-8b-instruct__eagle1,meta-llama/Llama-3.1-8B-Instruct,yuhuili/EAGLE-LLaMA3.1-Instruct-8B,eagle,eagle1,V2 accept-test-only,gsm8k_llama31,spec_casc_opt,0.05,,calib,3,3,done,K2,0.00
2,llama31-8b-instruct__eagle1,meta-llama/Llama-3.1-8B-Instruct,yuhuili/EAGLE-LLaMA3.1-Instruct-8B,eagle,eagle1,V2 accept-test-only,gsm8k_llama31,r_fuzzy,0.03,,calib,3,3,done,K1,0.00
2,llama31-8b-instruct__eagle1,meta-llama/Llama-3.1-8B-Instruct,yuhuili/EAGLE-LLaMA3.1-Instruct-8B,eagle,eagle1,V2 accept-test-only,gsm8k_llama31,r_fuzzy,0.08,,calib,3,3,done,K8,0.00
2,llama31-8b-instruct__eagle1,meta-llama/Llama-3.1-8B-Instruct,yuhuili/EAGLE-LLaMA3.1-Instruct-8B,eagle,eagle1,V2 accept-test-only,gsm8k_llama31,r_fuzzy,0.15,,calib,3,3,done,K3,0.00
2,llama31-8b-instruct__eagle1,meta-llama/Llama-3.1-8B-Instruct,yuhuili/EAGLE-LLaMA3.1-Instruct-8B,eagle,eagle1,V2 accept-test-only,gsm8k_llama31,r_fuzzy,0.25,,calib,3,3,done,K7,0.00
2,llama31-8b-instruct__eagle1,meta-llama/Llama-3.1-8B-Instruct,yuhuili/EAGLE-LLaMA3.1-Instruct-8B,eagle,eagle1,V2 accept-test-only,gsm8k_llama31,spec_casc_tok,0.15,,calib,3,3,done,K4,0.00
2,llama31-8b-instruct__eagle1,meta-llama/Llama-3.1-8B-Instruct,yuhuili/EAGLE-LLaMA3.1-Instruct-8B,eagle,eagle1,V2 accept-test-only,gsm8k_llama31,spec_casc_tok,0.35,,calib,3,3,done,K5,0.00
2,llama31-8b-instruct__eagle1,meta-llama/Llama-3.1-8B-Instruct,yuhuili/EAGLE-LLaMA3.1-Instruct-8B,eagle,eagle1,V2 accept-test-only,gsm8k_llama31,spec_casc_tok,0.55,,calib,3,3,done,K6,0.00
2,llama31-8b-instruct__eagle1,meta-llama/Llama-3.1-8B-Instruct,yuhuili/EAGLE-LLaMA3.1-Instruct-8B,eagle,eagle1,V2 accept-test-only,gsm8k_llama31,spec_casc_tok,0.8,,calib,3,3,done,K2,0.00
2,llama31-8b-instruct__eagle1,meta-llama/Llama-3.1-8B-Instruct,yuhuili/EAGLE-LLaMA3.1-Instruct-8B,eagle,eagle1,V2 accept-test-only,gsm8k_llama31,mentored_dec,0.55,,full,147,147,done,K5,0.00
2,llama31-8b-instruct__eagle1,meta-llama/Llama-3.1-8B-Instruct,yuhuili/EAGLE-LLaMA3.1-Instruct-8B,eagle,eagle1,V2 accept-test-only,gsm8k_llama31,mentored_dec,0.75,,full,147,147,done,K3,0.00
2,llama31-8b-instruct__eagle1,meta-llama/Llama-3.1-8B-Instruct,yuhuili/EAGLE-LLaMA3.1-Instruct-8B,eagle,eagle1,V2 accept-test-only,gsm8k_llama31,mentored_dec,0.15,,full,147,147,done,K8,0.00
2,llama31-8b-instruct__eagle1,meta-llama/Llama-3.1-8B-Instruct,yuhuili/EAGLE-LLaMA3.1-Instruct-8B,eagle,eagle1,V2 accept-test-only,gsm8k_llama31,cactus,0.03,,full,147,147,done,K7,0.00
2,llama31-8b-instruct__eagle1,meta-llama/Llama-3.1-8B-Instruct,yuhuili/EAGLE-LLaMA3.1-Instruct-8B,eagle,eagle1,V2 accept-test-only,gsm8k_llama31,cactus,0.08,,full,147,147,done,K6,0.00
2,llama31-8b-instruct__eagle1,meta-llama/Llama-3.1-8B-Instruct,yuhuili/EAGLE-LLaMA3.1-Instruct-8B,eagle,eagle1,V2 accept-test-only,gsm8k_llama31,cactus,0.35,,full,147,147,done,K4,0.00
2,llama31-8b-instruct__eagle1,meta-llama/Llama-3.1-8B-Instruct,yuhuili/EAGLE-LLaMA3.1-Instruct-8B,eagle,eagle1,V2 accept-test-only,gsm8k_llama31,spec_casc_opt,-0.3,,full,147,147,done,K1,0.00
2,llama31-8b-instruct__eagle1,meta-llama/Llama-3.1-8B-Instruct,yuhuili/EAGLE-LLaMA3.1-Instruct-8B,eagle,eagle1,V2 accept-test-only,gsm8k_llama31,spec_casc_opt,0.05,,full,147,147,done,K2,0.00
2,llama31-8b-instruct__eagle1,meta-llama/Llama-3.1-8B-Instruct,yuhuili/EAGLE-LLaMA3.1-Instruct-8B,eagle,eagle1,V2 accept-test-only,gsm8k_llama31,spec_casc_opt,-0.02,,full,147,147,done,K5,0.00
2,llama31-8b-instruct__eagle1,meta-llama/Llama-3.1-8B-Instruct,yuhuili/EAGLE-LLaMA3.1-Instruct-8B,eagle,eagle1,V2 accept-test-only,gsm8k_llama31,r_fuzzy,0.15,,full,147,147,done,K3,0.00
2,llama31-8b-instruct__eagle1,meta-llama/Llama-3.1-8B-Instruct,yuhuili/EAGLE-LLaMA3.1-Instruct-8B,eagle,eagle1,V2 accept-test-only,gsm8k_llama31,r_fuzzy,0.25,,full,147,147,done,K8,0.00
2,llama31-8b-instruct__eagle1,meta-llama/Llama-3.1-8B-Instruct,yuhuili/EAGLE-LLaMA3.1-Instruct-8B,eagle,eagle1,V2 accept-test-only,gsm8k_llama31,r_fuzzy,0.03,,full,147,147,done,K7,0.00
2,llama31-8b-instruct__eagle1,meta-llama/Llama-3.1-8B-Instruct,yuhuili/EAGLE-LLaMA3.1-Instruct-8B,eagle,eagle1,V2 accept-test-only,gsm8k_llama31,spec_casc_tok,0.55,,full,147,147,done,K6,0.00
2,llama31-8b-instruct__eagle1,meta-llama/Llama-3.1-8B-Instruct,yuhuili/EAGLE-LLaMA3.1-Instruct-8B,eagle,eagle1,V2 accept-test-only,gsm8k_llama31,spec_casc_tok,0.8,,full,147,147,done,K4,0.00
2,llama31-8b-instruct__eagle1,meta-llama/Llama-3.1-8B-Instruct,yuhuili/EAGLE-LLaMA3.1-Instruct-8B,eagle,eagle1,V2 accept-test-only,gsm8k_llama31,spec_casc_tok,0.15,,full,147,147,done,K1,0.00
2,llama31-8b-instruct__eagle1,meta-llama/Llama-3.1-8B-Instruct,yuhuili/EAGLE-LLaMA3.1-Instruct-8B,eagle,eagle1,V2 accept-test-only,livecodebench_llama31,strict,strict,,full,90,90,done,K3,0.00
2,llama31-8b-instruct__eagle1,meta-llama/Llama-3.1-8B-Instruct,yuhuili/EAGLE-LLaMA3.1-Instruct-8B,eagle,eagle1,V2 accept-test-only,livecodebench_llama31,mentored_dec,0.15,,calib,3,3,done,K2,0.00
2,llama31-8b-instruct__eagle1,meta-llama/Llama-3.1-8B-Instruct,yuhuili/EAGLE-LLaMA3.1-Instruct-8B,eagle,eagle1,V2 accept-test-only,livecodebench_llama31,mentored_dec,0.35,,calib,3,3,done,K1,0.00
2,llama31-8b-instruct__eagle1,meta-llama/Llama-3.1-8B-Instruct,yuhuili/EAGLE-LLaMA3.1-Instruct-8B,eagle,eagle1,V2 accept-test-only,livecodebench_llama31,mentored_dec,0.55,,calib,3,3,done,K8,0.00
2,llama31-8b-instruct__eagle1,meta-llama/Llama-3.1-8B-Instruct,yuhuili/EAGLE-LLaMA3.1-Instruct-8B,eagle,eagle1,V2 accept-test-only,livecodebench_llama31,mentored_dec,0.75,,calib,3,3,done,K7,0.00
2,llama31-8b-instruct__eagle1,meta-llama/Llama-3.1-8B-Instruct,yuhuili/EAGLE-LLaMA3.1-Instruct-8B,eagle,eagle1,V2 accept-test-only,livecodebench_llama31,cactus,0.03,,calib,3,3,done,K4,0.00
2,llama31-8b-instruct__eagle1,meta-llama/Llama-3.1-8B-Instruct,yuhuili/EAGLE-LLaMA3.1-Instruct-8B,eagle,eagle1,V2 accept-test-only,livecodebench_llama31,cactus,0.08,,calib,3,3,done,K5,0.00
2,llama31-8b-instruct__eagle1,meta-llama/Llama-3.1-8B-Instruct,yuhuili/EAGLE-LLaMA3.1-Instruct-8B,eagle,eagle1,V2 accept-test-only,livecodebench_llama31,cactus,0.18,,calib,3,3,done,K6,0.00
2,llama31-8b-instruct__eagle1,meta-llama/Llama-3.1-8B-Instruct,yuhuili/EAGLE-LLaMA3.1-Instruct-8B,eagle,eagle1,V2 accept-test-only,livecodebench_llama31,cactus,0.35,,calib,3,3,done,K3,0.00
2,llama31-8b-instruct__eagle1,meta-llama/Llama-3.1-8B-Instruct,yuhuili/EAGLE-LLaMA3.1-Instruct-8B,eagle,eagle1,V2 accept-test-only,livecodebench_llama31,spec_casc_opt,-0.3,,calib,3,3,done,K2,0.00
2,llama31-8b-instruct__eagle1,meta-llama/Llama-3.1-8B-Instruct,yuhuili/EAGLE-LLaMA3.1-Instruct-8B,eagle,eagle1,V2 accept-test-only,livecodebench_llama31,spec_casc_opt,-0.1,,calib,3,3,done,K1,0.00
2,llama31-8b-instruct__eagle1,meta-llama/Llama-3.1-8B-Instruct,yuhuili/EAGLE-LLaMA3.1-Instruct-8B,eagle,eagle1,V2 accept-test-only,livecodebench_llama31,spec_casc_opt,-0.02,,calib,3,3,done,K8,0.00
2,llama31-8b-instruct__eagle1,meta-llama/Llama-3.1-8B-Instruct,yuhuili/EAGLE-LLaMA3.1-Instruct-8B,eagle,eagle1,V2 accept-test-only,livecodebench_llama31,spec_casc_opt,0.05,,calib,3,3,done,K7,0.00
2,llama31-8b-instruct__eagle1,meta-llama/Llama-3.1-8B-Instruct,yuhuili/EAGLE-LLaMA3.1-Instruct-8B,eagle,eagle1,V2 accept-test-only,livecodebench_llama31,r_fuzzy,0.03,,calib,3,3,done,K4,0.00
2,llama31-8b-instruct__eagle1,meta-llama/Llama-3.1-8B-Instruct,yuhuili/EAGLE-LLaMA3.1-Instruct-8B,eagle,eagle1,V2 accept-test-only,livecodebench_llama31,r_fuzzy,0.08,,calib,3,3,done,K5,0.00
2,llama31-8b-instruct__eagle1,meta-llama/Llama-3.1-8B-Instruct,yuhuili/EAGLE-LLaMA3.1-Instruct-8B,eagle,eagle1,V2 accept-test-only,livecodebench_llama31,r_fuzzy,0.15,,calib,3,3,done,K6,0.00
2,llama31-8b-instruct__eagle1,meta-llama/Llama-3.1-8B-Instruct,yuhuili/EAGLE-LLaMA3.1-Instruct-8B,eagle,eagle1,V2 accept-test-only,livecodebench_llama31,r_fuzzy,0.25,,calib,3,3,done,K3,0.00
2,llama31-8b-instruct__eagle1,meta-llama/Llama-3.1-8B-Instruct,yuhuili/EAGLE-LLaMA3.1-Instruct-8B,eagle,eagle1,V2 accept-test-only,livecodebench_llama31,spec_casc_tok,0.15,,calib,3,3,done,K2,0.00
2,llama31-8b-instruct__eagle1,meta-llama/Llama-3.1-8B-Instruct,yuhuili/EAGLE-LLaMA3.1-Instruct-8B,eagle,eagle1,V2 accept-test-only,livecodebench_llama31,spec_casc_tok,0.35,,calib,3,3,done,K1,0.00
2,llama31-8b-instruct__eagle1,meta-llama/Llama-3.1-8B-Instruct,yuhuili/EAGLE-LLaMA3.1-Instruct-8B,eagle,eagle1,V2 accept-test-only,livecodebench_llama31,spec_casc_tok,0.55,,calib,3,3,done,K8,0.00
2,llama31-8b-instruct__eagle1,meta-llama/Llama-3.1-8B-Instruct,yuhuili/EAGLE-LLaMA3.1-Instruct-8B,eagle,eagle1,V2 accept-test-only,livecodebench_llama31,spec_casc_tok,0.8,,calib,3,3,done,K7,0.00
2,llama31-8b-instruct__eagle1,meta-llama/Llama-3.1-8B-Instruct,yuhuili/EAGLE-LLaMA3.1-Instruct-8B,eagle,eagle1,V2 accept-test-only,livecodebench_llama31,mentored_dec,0.35,,full,87,87,done,K3,0.00
2,llama31-8b-instruct__eagle1,meta-llama/Llama-3.1-8B-Instruct,yuhuili/EAGLE-LLaMA3.1-Instruct-8B,eagle,eagle1,V2 accept-test-only,livecodebench_llama31,mentored_dec,0.75,,full,87,87,done,K2,0.00
2,llama31-8b-instruct__eagle1,meta-llama/Llama-3.1-8B-Instruct,yuhuili/EAGLE-LLaMA3.1-Instruct-8B,eagle,eagle1,V2 accept-test-only,livecodebench_llama31,mentored_dec,0.15,,full,87,87,done,K6,0.00
2,llama31-8b-instruct__eagle1,meta-llama/Llama-3.1-8B-Instruct,yuhuili/EAGLE-LLaMA3.1-Instruct-8B,eagle,eagle1,V2 accept-test-only,livecodebench_llama31,cactus,0.08,,full,87,87,done,K5,0.00
2,llama31-8b-instruct__eagle1,meta-llama/Llama-3.1-8B-Instruct,yuhuili/EAGLE-LLaMA3.1-Instruct-8B,eagle,eagle1,V2 accept-test-only,livecodebench_llama31,cactus,0.03,,full,87,87,done,K7,0.00
2,llama31-8b-instruct__eagle1,meta-llama/Llama-3.1-8B-Instruct,yuhuili/EAGLE-LLaMA3.1-Instruct-8B,eagle,eagle1,V2 accept-test-only,livecodebench_llama31,cactus,0.35,,full,87,87,done,K1,0.00
2,llama31-8b-instruct__eagle1,meta-llama/Llama-3.1-8B-Instruct,yuhuili/EAGLE-LLaMA3.1-Instruct-8B,eagle,eagle1,V2 accept-test-only,livecodebench_llama31,spec_casc_opt,-0.3,,full,87,87,done,K4,0.00
2,llama31-8b-instruct__eagle1,meta-llama/Llama-3.1-8B-Instruct,yuhuili/EAGLE-LLaMA3.1-Instruct-8B,eagle,eagle1,V2 accept-test-only,livecodebench_llama31,spec_casc_opt,0.05,,full,87,87,done,K3,0.00
2,llama31-8b-instruct__eagle1,meta-llama/Llama-3.1-8B-Instruct,yuhuili/EAGLE-LLaMA3.1-Instruct-8B,eagle,eagle1,V2 accept-test-only,livecodebench_llama31,r_fuzzy,0.15,,full,87,87,done,K2,0.00
2,llama31-8b-instruct__eagle1,meta-llama/Llama-3.1-8B-Instruct,yuhuili/EAGLE-LLaMA3.1-Instruct-8B,eagle,eagle1,V2 accept-test-only,livecodebench_llama31,r_fuzzy,0.03,,full,87,87,done,K6,0.00
2,llama31-8b-instruct__eagle1,meta-llama/Llama-3.1-8B-Instruct,yuhuili/EAGLE-LLaMA3.1-Instruct-8B,eagle,eagle1,V2 accept-test-only,livecodebench_llama31,r_fuzzy,0.25,,full,87,87,done,K8,0.00
2,llama31-8b-instruct__eagle1,meta-llama/Llama-3.1-8B-Instruct,yuhuili/EAGLE-LLaMA3.1-Instruct-8B,eagle,eagle1,V2 accept-test-only,livecodebench_llama31,spec_casc_tok,0.35,,full,87,87,done,K5,0.00
2,llama31-8b-instruct__eagle1,meta-llama/Llama-3.1-8B-Instruct,yuhuili/EAGLE-LLaMA3.1-Instruct-8B,eagle,eagle1,V2 accept-test-only,livecodebench_llama31,spec_casc_tok,0.15,,full,87,87,done,K7,0.00
2,llama31-8b-instruct__eagle1,meta-llama/Llama-3.1-8B-Instruct,yuhuili/EAGLE-LLaMA3.1-Instruct-8B,eagle,eagle1,V2 accept-test-only,livecodebench_llama31,spec_casc_tok,0.8,,full,87,87,done,K1,0.00
2,llama31-8b-instruct__eagle1,meta-llama/Llama-3.1-8B-Instruct,yuhuili/EAGLE-LLaMA3.1-Instruct-8B,eagle,eagle1,V2 accept-test-only,mtbench_llama31,strict,strict,,full,80,80,done,K3,0.00
2,llama31-8b-instruct__eagle1,meta-llama/Llama-3.1-8B-Instruct,yuhuili/EAGLE-LLaMA3.1-Instruct-8B,eagle,eagle1,V2 accept-test-only,mtbench_llama31,mentored_dec,0.15,,calib,3,3,done,K4,0.00
2,llama31-8b-instruct__eagle1,meta-llama/Llama-3.1-8B-Instruct,yuhuili/EAGLE-LLaMA3.1-Instruct-8B,eagle,eagle1,V2 accept-test-only,mtbench_llama31,mentored_dec,0.35,,calib,3,3,done,K5,0.00
2,llama31-8b-instruct__eagle1,meta-llama/Llama-3.1-8B-Instruct,yuhuili/EAGLE-LLaMA3.1-Instruct-8B,eagle,eagle1,V2 accept-test-only,mtbench_llama31,mentored_dec,0.55,,calib,3,3,done,K6,0.00
2,llama31-8b-instruct__eagle1,meta-llama/Llama-3.1-8B-Instruct,yuhuili/EAGLE-LLaMA3.1-Instruct-8B,eagle,eagle1,V2 accept-test-only,mtbench_llama31,mentored_dec,0.75,,calib,3,3,done,K3,0.00
2,llama31-8b-instruct__eagle1,meta-llama/Llama-3.1-8B-Instruct,yuhuili/EAGLE-LLaMA3.1-Instruct-8B,eagle,eagle1,V2 accept-test-only,mtbench_llama31,cactus,0.03,,calib,3,3,done,K2,0.00
2,llama31-8b-instruct__eagle1,meta-llama/Llama-3.1-8B-Instruct,yuhuili/EAGLE-LLaMA3.1-Instruct-8B,eagle,eagle1,V2 accept-test-only,mtbench_llama31,cactus,0.08,,calib,3,3,done,K1,0.00
2,llama31-8b-instruct__eagle1,meta-llama/Llama-3.1-8B-Instruct,yuhuili/EAGLE-LLaMA3.1-Instruct-8B,eagle,eagle1,V2 accept-test-only,mtbench_llama31,cactus,0.18,,calib,3,3,done,K8,0.00
2,llama31-8b-instruct__eagle1,meta-llama/Llama-3.1-8B-Instruct,yuhuili/EAGLE-LLaMA3.1-Instruct-8B,eagle,eagle1,V2 accept-test-only,mtbench_llama31,cactus,0.35,,calib,3,3,done,K7,0.00
2,llama31-8b-instruct__eagle1,meta-llama/Llama-3.1-8B-Instruct,yuhuili/EAGLE-LLaMA3.1-Instruct-8B,eagle,eagle1,V2 accept-test-only,mtbench_llama31,spec_casc_opt,-0.3,,calib,3,3,done,K4,0.00
2,llama31-8b-instruct__eagle1,meta-llama/Llama-3.1-8B-Instruct,yuhuili/EAGLE-LLaMA3.1-Instruct-8B,eagle,eagle1,V2 accept-test-only,mtbench_llama31,spec_casc_opt,-0.1,,calib,3,3,done,K5,0.00
2,llama31-8b-instruct__eagle1,meta-llama/Llama-3.1-8B-Instruct,yuhuili/EAGLE-LLaMA3.1-Instruct-8B,eagle,eagle1,V2 accept-test-only,mtbench_llama31,spec_casc_opt,-0.02,,calib,3,3,done,K6,0.00
2,llama31-8b-instruct__eagle1,meta-llama/Llama-3.1-8B-Instruct,yuhuili/EAGLE-LLaMA3.1-Instruct-8B,eagle,eagle1,V2 accept-test-only,mtbench_llama31,spec_casc_opt,0.05,,calib,3,3,done,K3,0.00
2,llama31-8b-instruct__eagle1,meta-llama/Llama-3.1-8B-Instruct,yuhuili/EAGLE-LLaMA3.1-Instruct-8B,eagle,eagle1,V2 accept-test-only,mtbench_llama31,r_fuzzy,0.03,,calib,3,3,done,K2,0.00
2,llama31-8b-instruct__eagle1,meta-llama/Llama-3.1-8B-Instruct,yuhuili/EAGLE-LLaMA3.1-Instruct-8B,eagle,eagle1,V2 accept-test-only,mtbench_llama31,r_fuzzy,0.08,,calib,3,3,done,K1,0.00
2,llama31-8b-instruct__eagle1,meta-llama/Llama-3.1-8B-Instruct,yuhuili/EAGLE-LLaMA3.1-Instruct-8B,eagle,eagle1,V2 accept-test-only,mtbench_llama31,r_fuzzy,0.15,,calib,3,3,done,K8,0.00
2,llama31-8b-instruct__eagle1,meta-llama/Llama-3.1-8B-Instruct,yuhuili/EAGLE-LLaMA3.1-Instruct-8B,eagle,eagle1,V2 accept-test-only,mtbench_llama31,r_fuzzy,0.25,,calib,3,3,done,K7,0.00
2,llama31-8b-instruct__eagle1,meta-llama/Llama-3.1-8B-Instruct,yuhuili/EAGLE-LLaMA3.1-Instruct-8B,eagle,eagle1,V2 accept-test-only,mtbench_llama31,spec_casc_tok,0.15,,calib,3,3,done,K4,0.00
2,llama31-8b-instruct__eagle1,meta-llama/Llama-3.1-8B-Instruct,yuhuili/EAGLE-LLaMA3.1-Instruct-8B,eagle,eagle1,V2 accept-test-only,mtbench_llama31,spec_casc_tok,0.35,,calib,3,3,done,K5,0.00
2,llama31-8b-instruct__eagle1,meta-llama/Llama-3.1-8B-Instruct,yuhuili/EAGLE-LLaMA3.1-Instruct-8B,eagle,eagle1,V2 accept-test-only,mtbench_llama31,spec_casc_tok,0.55,,calib,3,3,done,K6,0.00
2,llama31-8b-instruct__eagle1,meta-llama/Llama-3.1-8B-Instruct,yuhuili/EAGLE-LLaMA3.1-Instruct-8B,eagle,eagle1,V2 accept-test-only,mtbench_llama31,spec_casc_tok,0.8,,calib,3,3,done,K3,0.00
2,llama31-8b-instruct__eagle1,meta-llama/Llama-3.1-8B-Instruct,yuhuili/EAGLE-LLaMA3.1-Instruct-8B,eagle,eagle1,V2 accept-test-only,mtbench_llama31,mentored_dec,0.75,,full,77,77,done,K5,0.00
2,llama31-8b-instruct__eagle1,meta-llama/Llama-3.1-8B-Instruct,yuhuili/EAGLE-LLaMA3.1-Instruct-8B,eagle,eagle1,V2 accept-test-only,mtbench_llama31,mentored_dec,0.15,,full,77,77,done,K7,0.00
2,llama31-8b-instruct__eagle1,meta-llama/Llama-3.1-8B-Instruct,yuhuili/EAGLE-LLaMA3.1-Instruct-8B,eagle,eagle1,V2 accept-test-only,mtbench_llama31,cactus,0.03,,full,77,77,done,K1,0.00
2,llama31-8b-instruct__eagle1,meta-llama/Llama-3.1-8B-Instruct,yuhuili/EAGLE-LLaMA3.1-Instruct-8B,eagle,eagle1,V2 accept-test-only,mtbench_llama31,cactus,0.08,,full,77,77,done,K4,0.00
2,llama31-8b-instruct__eagle1,meta-llama/Llama-3.1-8B-Instruct,yuhuili/EAGLE-LLaMA3.1-Instruct-8B,eagle,eagle1,V2 accept-test-only,mtbench_llama31,cactus,0.35,,full,77,77,done,K3,0.00
2,llama31-8b-instruct__eagle1,meta-llama/Llama-3.1-8B-Instruct,yuhuili/EAGLE-LLaMA3.1-Instruct-8B,eagle,eagle1,V2 accept-test-only,mtbench_llama31,spec_casc_opt,-0.3,,full,77,77,done,K5,0.00
2,llama31-8b-instruct__eagle1,meta-llama/Llama-3.1-8B-Instruct,yuhuili/EAGLE-LLaMA3.1-Instruct-8B,eagle,eagle1,V2 accept-test-only,mtbench_llama31,spec_casc_opt,-0.1,,full,77,77,done,K2,0.00
2,llama31-8b-instruct__eagle1,meta-llama/Llama-3.1-8B-Instruct,yuhuili/EAGLE-LLaMA3.1-Instruct-8B,eagle,eagle1,V2 accept-test-only,mtbench_llama31,spec_casc_opt,0.05,,full,77,77,done,K6,0.00
2,llama31-8b-instruct__eagle1,meta-llama/Llama-3.1-8B-Instruct,yuhuili/EAGLE-LLaMA3.1-Instruct-8B,eagle,eagle1,V2 accept-test-only,mtbench_llama31,r_fuzzy,0.25,,full,77,77,done,K7,0.00
2,llama31-8b-instruct__eagle1,meta-llama/Llama-3.1-8B-Instruct,yuhuili/EAGLE-LLaMA3.1-Instruct-8B,eagle,eagle1,V2 accept-test-only,mtbench_llama31,r_fuzzy,0.03,,full,77,77,done,K1,0.00
2,llama31-8b-instruct__eagle1,meta-llama/Llama-3.1-8B-Instruct,yuhuili/EAGLE-LLaMA3.1-Instruct-8B,eagle,eagle1,V2 accept-test-only,mtbench_llama31,spec_casc_tok,0.35,,full,77,77,done,K8,0.00
2,llama31-8b-instruct__eagle1,meta-llama/Llama-3.1-8B-Instruct,yuhuili/EAGLE-LLaMA3.1-Instruct-8B,eagle,eagle1,V2 accept-test-only,mtbench_llama31,spec_casc_tok,0.15,,full,77,77,done,K4,0.00
2,llama31-8b-instruct__eagle1,meta-llama/Llama-3.1-8B-Instruct,yuhuili/EAGLE-LLaMA3.1-Instruct-8B,eagle,eagle1,V2 accept-test-only,mtbench_llama31,spec_casc_tok,0.8,,full,77,77,done,K3,0.00
2,llama31-8b-instruct__llama32-1b,meta-llama/Llama-3.1-8B-Instruct,meta-llama/Llama-3.2-1B-Instruct,draft_model,draft_model,V1 full patches,gsm8k_llama31,strict,strict,,full,150,150,done,K4,0.00
2,llama31-8b-instruct__llama32-1b,meta-llama/Llama-3.1-8B-Instruct,meta-llama/Llama-3.2-1B-Instruct,draft_model,draft_model,V1 full patches,gsm8k_llama31,mentored_dec,0.75,,full,150,150,done,K5,0.00
2,llama31-8b-instruct__llama32-1b,meta-llama/Llama-3.1-8B-Instruct,meta-llama/Llama-3.2-1B-Instruct,draft_model,draft_model,V1 full patches,gsm8k_llama31,cactus,0.35,,full,150,150,done,K6,0.00
2,llama31-8b-instruct__llama32-1b,meta-llama/Llama-3.1-8B-Instruct,meta-llama/Llama-3.2-1B-Instruct,draft_model,draft_model,V1 full patches,gsm8k_llama31,spec_casc_opt,0.05,,full,150,150,done,K7,0.00
2,llama31-8b-instruct__llama32-1b,meta-llama/Llama-3.1-8B-Instruct,meta-llama/Llama-3.2-1B-Instruct,draft_model,draft_model,V1 full patches,gsm8k_llama31,r_fuzzy,0.25,,full,150,150,done,K2,0.00
2,llama31-8b-instruct__llama32-1b,meta-llama/Llama-3.1-8B-Instruct,meta-llama/Llama-3.2-1B-Instruct,draft_model,draft_model,V1 full patches,gsm8k_llama31,spec_casc_tok,0.8,,full,150,150,done,K1,0.00
2,llama31-8b-instruct__llama32-1b,meta-llama/Llama-3.1-8B-Instruct,meta-llama/Llama-3.2-1B-Instruct,draft_model,draft_model,V1 full patches,livecodebench_llama31,strict,strict,,full,90,90,done,K4,0.00
2,llama31-8b-instruct__llama32-1b,meta-llama/Llama-3.1-8B-Instruct,meta-llama/Llama-3.2-1B-Instruct,draft_model,draft_model,V1 full patches,livecodebench_llama31,mentored_dec,0.75,,full,90,90,done,K5,0.00
2,llama31-8b-instruct__llama32-1b,meta-llama/Llama-3.1-8B-Instruct,meta-llama/Llama-3.2-1B-Instruct,draft_model,draft_model,V1 full patches,livecodebench_llama31,cactus,0.35,,full,90,90,done,K6,0.00
2,llama31-8b-instruct__llama32-1b,meta-llama/Llama-3.1-8B-Instruct,meta-llama/Llama-3.2-1B-Instruct,draft_model,draft_model,V1 full patches,livecodebench_llama31,spec_casc_opt,0.05,,full,90,90,done,K7,0.00
2,llama31-8b-instruct__llama32-1b,meta-llama/Llama-3.1-8B-Instruct,meta-llama/Llama-3.2-1B-Instruct,draft_model,draft_model,V1 full patches,livecodebench_llama31,r_fuzzy,0.25,,full,90,90,done,K2,0.00
2,llama31-8b-instruct__llama32-1b,meta-llama/Llama-3.1-8B-Instruct,meta-llama/Llama-3.2-1B-Instruct,draft_model,draft_model,V1 full patches,livecodebench_llama31,spec_casc_tok,0.8,,full,90,90,done,K3,0.00
3,qwen3-8b__dspark,Qwen/Qwen3-8B,deepseek-ai/dspark_qwen3_8b_block7,dspark,dspark,V2 accept-test-only,gsm8k_qwen3,strict,strict,,full,150,150,done,K4,0.00
3,qwen3-8b__dspark,Qwen/Qwen3-8B,deepseek-ai/dspark_qwen3_8b_block7,dspark,dspark,V2 accept-test-only,gsm8k_qwen3,mentored_dec,0.15,,calib,3,3,done,K4,0.00
3,qwen3-8b__dspark,Qwen/Qwen3-8B,deepseek-ai/dspark_qwen3_8b_block7,dspark,dspark,V2 accept-test-only,gsm8k_qwen3,mentored_dec,0.35,,calib,3,3,done,K5,0.00
3,qwen3-8b__dspark,Qwen/Qwen3-8B,deepseek-ai/dspark_qwen3_8b_block7,dspark,dspark,V2 accept-test-only,gsm8k_qwen3,mentored_dec,0.55,,calib,3,3,done,K6,0.00
3,qwen3-8b__dspark,Qwen/Qwen3-8B,deepseek-ai/dspark_qwen3_8b_block7,dspark,dspark,V2 accept-test-only,gsm8k_qwen3,mentored_dec,0.75,,calib,3,3,done,K3,0.00
3,qwen3-8b__dspark,Qwen/Qwen3-8B,deepseek-ai/dspark_qwen3_8b_block7,dspark,dspark,V2 accept-test-only,gsm8k_qwen3,cactus,0.03,,calib,3,3,done,K2,0.00
3,qwen3-8b__dspark,Qwen/Qwen3-8B,deepseek-ai/dspark_qwen3_8b_block7,dspark,dspark,V2 accept-test-only,gsm8k_qwen3,cactus,0.08,,calib,3,3,done,K1,0.00
3,qwen3-8b__dspark,Qwen/Qwen3-8B,deepseek-ai/dspark_qwen3_8b_block7,dspark,dspark,V2 accept-test-only,gsm8k_qwen3,cactus,0.18,,calib,3,3,done,K8,0.00
3,qwen3-8b__dspark,Qwen/Qwen3-8B,deepseek-ai/dspark_qwen3_8b_block7,dspark,dspark,V2 accept-test-only,gsm8k_qwen3,cactus,0.35,,calib,3,3,done,K7,0.00
3,qwen3-8b__dspark,Qwen/Qwen3-8B,deepseek-ai/dspark_qwen3_8b_block7,dspark,dspark,V2 accept-test-only,gsm8k_qwen3,spec_casc_opt,-0.3,,calib,3,3,done,K4,0.00
3,qwen3-8b__dspark,Qwen/Qwen3-8B,deepseek-ai/dspark_qwen3_8b_block7,dspark,dspark,V2 accept-test-only,gsm8k_qwen3,spec_casc_opt,-0.1,,calib,3,3,done,K5,0.00
3,qwen3-8b__dspark,Qwen/Qwen3-8B,deepseek-ai/dspark_qwen3_8b_block7,dspark,dspark,V2 accept-test-only,gsm8k_qwen3,spec_casc_opt,-0.02,,calib,3,3,done,K6,0.00
3,qwen3-8b__dspark,Qwen/Qwen3-8B,deepseek-ai/dspark_qwen3_8b_block7,dspark,dspark,V2 accept-test-only,gsm8k_qwen3,spec_casc_opt,0.05,,calib,3,3,done,K3,0.00
3,qwen3-8b__dspark,Qwen/Qwen3-8B,deepseek-ai/dspark_qwen3_8b_block7,dspark,dspark,V2 accept-test-only,gsm8k_qwen3,r_fuzzy,0.03,,calib,3,3,done,K2,0.00
3,qwen3-8b__dspark,Qwen/Qwen3-8B,deepseek-ai/dspark_qwen3_8b_block7,dspark,dspark,V2 accept-test-only,gsm8k_qwen3,r_fuzzy,0.08,,calib,3,3,done,K1,0.00
3,qwen3-8b__dspark,Qwen/Qwen3-8B,deepseek-ai/dspark_qwen3_8b_block7,dspark,dspark,V2 accept-test-only,gsm8k_qwen3,r_fuzzy,0.15,,calib,3,3,done,K8,0.00
3,qwen3-8b__dspark,Qwen/Qwen3-8B,deepseek-ai/dspark_qwen3_8b_block7,dspark,dspark,V2 accept-test-only,gsm8k_qwen3,r_fuzzy,0.25,,calib,3,3,done,K7,0.00
3,qwen3-8b__dspark,Qwen/Qwen3-8B,deepseek-ai/dspark_qwen3_8b_block7,dspark,dspark,V2 accept-test-only,gsm8k_qwen3,spec_casc_tok,0.15,,calib,3,3,done,K4,0.00
3,qwen3-8b__dspark,Qwen/Qwen3-8B,deepseek-ai/dspark_qwen3_8b_block7,dspark,dspark,V2 accept-test-only,gsm8k_qwen3,spec_casc_tok,0.35,,calib,3,3,done,K5,0.00
3,qwen3-8b__dspark,Qwen/Qwen3-8B,deepseek-ai/dspark_qwen3_8b_block7,dspark,dspark,V2 accept-test-only,gsm8k_qwen3,spec_casc_tok,0.55,,calib,3,3,done,K6,0.00
3,qwen3-8b__dspark,Qwen/Qwen3-8B,deepseek-ai/dspark_qwen3_8b_block7,dspark,dspark,V2 accept-test-only,gsm8k_qwen3,spec_casc_tok,0.8,,calib,3,3,done,K3,0.00
3,qwen3-8b__dspark,Qwen/Qwen3-8B,deepseek-ai/dspark_qwen3_8b_block7,dspark,dspark,V2 accept-test-only,gsm8k_qwen3,mentored_dec,0.35,,full,147,147,done,K4,0.00
3,qwen3-8b__dspark,Qwen/Qwen3-8B,deepseek-ai/dspark_qwen3_8b_block7,dspark,dspark,V2 accept-test-only,gsm8k_qwen3,mentored_dec,0.75,,full,147,147,done,K3,0.00
3,qwen3-8b__dspark,Qwen/Qwen3-8B,deepseek-ai/dspark_qwen3_8b_block7,dspark,dspark,V2 accept-test-only,gsm8k_qwen3,mentored_dec,0.15,,full,147,147,done,K2,0.00
3,qwen3-8b__dspark,Qwen/Qwen3-8B,deepseek-ai/dspark_qwen3_8b_block7,dspark,dspark,V2 accept-test-only,gsm8k_qwen3,cactus,0.03,,full,147,147,done,K6,0.00
3,qwen3-8b__dspark,Qwen/Qwen3-8B,deepseek-ai/dspark_qwen3_8b_block7,dspark,dspark,V2 accept-test-only,gsm8k_qwen3,cactus,0.35,,full,147,147,done,K8,0.00
3,qwen3-8b__dspark,Qwen/Qwen3-8B,deepseek-ai/dspark_qwen3_8b_block7,dspark,dspark,V2 accept-test-only,gsm8k_qwen3,spec_casc_opt,-0.3,,full,147,147,done,K5,0.00
3,qwen3-8b__dspark,Qwen/Qwen3-8B,deepseek-ai/dspark_qwen3_8b_block7,dspark,dspark,V2 accept-test-only,gsm8k_qwen3,spec_casc_opt,-0.1,,full,147,147,done,K7,0.00
3,qwen3-8b__dspark,Qwen/Qwen3-8B,deepseek-ai/dspark_qwen3_8b_block7,dspark,dspark,V2 accept-test-only,gsm8k_qwen3,spec_casc_opt,0.05,,full,147,147,done,K1,0.00
3,qwen3-8b__dspark,Qwen/Qwen3-8B,deepseek-ai/dspark_qwen3_8b_block7,dspark,dspark,V2 accept-test-only,gsm8k_qwen3,r_fuzzy,0.08,,full,147,147,done,K4,0.00
3,qwen3-8b__dspark,Qwen/Qwen3-8B,deepseek-ai/dspark_qwen3_8b_block7,dspark,dspark,V2 accept-test-only,gsm8k_qwen3,r_fuzzy,0.25,,full,147,147,done,K3,0.00
3,qwen3-8b__dspark,Qwen/Qwen3-8B,deepseek-ai/dspark_qwen3_8b_block7,dspark,dspark,V2 accept-test-only,gsm8k_qwen3,r_fuzzy,0.03,,full,147,147,done,K2,0.00
3,qwen3-8b__dspark,Qwen/Qwen3-8B,deepseek-ai/dspark_qwen3_8b_block7,dspark,dspark,V2 accept-test-only,gsm8k_qwen3,spec_casc_tok,0.8,,full,147,147,done,K6,0.00
3,qwen3-8b__dspark,Qwen/Qwen3-8B,deepseek-ai/dspark_qwen3_8b_block7,dspark,dspark,V2 accept-test-only,gsm8k_qwen3,spec_casc_tok,0.15,,full,147,147,done,K8,0.00
3,qwen3-8b__dspark,Qwen/Qwen3-8B,deepseek-ai/dspark_qwen3_8b_block7,dspark,dspark,V2 accept-test-only,livecodebench_qwen3,strict,strict,,full,90,90,done,K8,0.00
3,qwen3-8b__dspark,Qwen/Qwen3-8B,deepseek-ai/dspark_qwen3_8b_block7,dspark,dspark,V2 accept-test-only,livecodebench_qwen3,mentored_dec,0.15,,calib,3,3,done,K3,0.00
3,qwen3-8b__dspark,Qwen/Qwen3-8B,deepseek-ai/dspark_qwen3_8b_block7,dspark,dspark,V2 accept-test-only,livecodebench_qwen3,mentored_dec,0.35,,calib,3,3,done,K7,0.00
3,qwen3-8b__dspark,Qwen/Qwen3-8B,deepseek-ai/dspark_qwen3_8b_block7,dspark,dspark,V2 accept-test-only,livecodebench_qwen3,mentored_dec,0.55,,calib,3,3,done,K4,0.00
3,qwen3-8b__dspark,Qwen/Qwen3-8B,deepseek-ai/dspark_qwen3_8b_block7,dspark,dspark,V2 accept-test-only,livecodebench_qwen3,mentored_dec,0.75,,calib,3,3,done,K5,0.00
3,qwen3-8b__dspark,Qwen/Qwen3-8B,deepseek-ai/dspark_qwen3_8b_block7,dspark,dspark,V2 accept-test-only,livecodebench_qwen3,cactus,0.03,,calib,3,3,done,K6,0.00
3,qwen3-8b__dspark,Qwen/Qwen3-8B,deepseek-ai/dspark_qwen3_8b_block7,dspark,dspark,V2 accept-test-only,livecodebench_qwen3,cactus,0.08,,calib,3,3,done,K2,0.00
3,qwen3-8b__dspark,Qwen/Qwen3-8B,deepseek-ai/dspark_qwen3_8b_block7,dspark,dspark,V2 accept-test-only,livecodebench_qwen3,cactus,0.18,,calib,3,3,done,K3,0.00
3,qwen3-8b__dspark,Qwen/Qwen3-8B,deepseek-ai/dspark_qwen3_8b_block7,dspark,dspark,V2 accept-test-only,livecodebench_qwen3,cactus,0.35,,calib,3,3,done,K1,0.00
3,qwen3-8b__dspark,Qwen/Qwen3-8B,deepseek-ai/dspark_qwen3_8b_block7,dspark,dspark,V2 accept-test-only,livecodebench_qwen3,spec_casc_opt,-0.3,,calib,3,3,done,K8,0.00
3,qwen3-8b__dspark,Qwen/Qwen3-8B,deepseek-ai/dspark_qwen3_8b_block7,dspark,dspark,V2 accept-test-only,livecodebench_qwen3,spec_casc_opt,-0.1,,calib,3,3,done,K7,0.00
3,qwen3-8b__dspark,Qwen/Qwen3-8B,deepseek-ai/dspark_qwen3_8b_block7,dspark,dspark,V2 accept-test-only,livecodebench_qwen3,spec_casc_opt,-0.02,,calib,3,3,done,K4,0.00
3,qwen3-8b__dspark,Qwen/Qwen3-8B,deepseek-ai/dspark_qwen3_8b_block7,dspark,dspark,V2 accept-test-only,livecodebench_qwen3,spec_casc_opt,0.05,,calib,3,3,done,K5,0.00
3,qwen3-8b__dspark,Qwen/Qwen3-8B,deepseek-ai/dspark_qwen3_8b_block7,dspark,dspark,V2 accept-test-only,livecodebench_qwen3,r_fuzzy,0.03,,calib,3,3,done,K6,0.00
3,qwen3-8b__dspark,Qwen/Qwen3-8B,deepseek-ai/dspark_qwen3_8b_block7,dspark,dspark,V2 accept-test-only,livecodebench_qwen3,r_fuzzy,0.08,,calib,3,3,done,K2,0.00
3,qwen3-8b__dspark,Qwen/Qwen3-8B,deepseek-ai/dspark_qwen3_8b_block7,dspark,dspark,V2 accept-test-only,livecodebench_qwen3,r_fuzzy,0.15,,calib,3,3,done,K3,0.00
3,qwen3-8b__dspark,Qwen/Qwen3-8B,deepseek-ai/dspark_qwen3_8b_block7,dspark,dspark,V2 accept-test-only,livecodebench_qwen3,r_fuzzy,0.25,,calib,3,3,done,K1,0.00
3,qwen3-8b__dspark,Qwen/Qwen3-8B,deepseek-ai/dspark_qwen3_8b_block7,dspark,dspark,V2 accept-test-only,livecodebench_qwen3,spec_casc_tok,0.15,,calib,3,3,done,K8,0.00
3,qwen3-8b__dspark,Qwen/Qwen3-8B,deepseek-ai/dspark_qwen3_8b_block7,dspark,dspark,V2 accept-test-only,livecodebench_qwen3,spec_casc_tok,0.35,,calib,3,3,done,K7,0.00
3,qwen3-8b__dspark,Qwen/Qwen3-8B,deepseek-ai/dspark_qwen3_8b_block7,dspark,dspark,V2 accept-test-only,livecodebench_qwen3,spec_casc_tok,0.55,,calib,3,3,done,K4,0.00
3,qwen3-8b__dspark,Qwen/Qwen3-8B,deepseek-ai/dspark_qwen3_8b_block7,dspark,dspark,V2 accept-test-only,livecodebench_qwen3,spec_casc_tok,0.8,,calib,3,3,done,K5,0.00
3,qwen3-8b__dspark,Qwen/Qwen3-8B,deepseek-ai/dspark_qwen3_8b_block7,dspark,dspark,V2 accept-test-only,livecodebench_qwen3,mentored_dec,0.35,,full,87,87,done,K5,0.00
3,qwen3-8b__dspark,Qwen/Qwen3-8B,deepseek-ai/dspark_qwen3_8b_block7,dspark,dspark,V2 accept-test-only,livecodebench_qwen3,mentored_dec,0.55,,full,87,87,done,K4,0.00
3,qwen3-8b__dspark,Qwen/Qwen3-8B,deepseek-ai/dspark_qwen3_8b_block7,dspark,dspark,V2 accept-test-only,livecodebench_qwen3,mentored_dec,0.15,,full,87,87,done,K1,0.00
3,qwen3-8b__dspark,Qwen/Qwen3-8B,deepseek-ai/dspark_qwen3_8b_block7,dspark,dspark,V2 accept-test-only,livecodebench_qwen3,cactus,0.08,,full,87,87,done,K2,0.00
3,qwen3-8b__dspark,Qwen/Qwen3-8B,deepseek-ai/dspark_qwen3_8b_block7,dspark,dspark,V2 accept-test-only,livecodebench_qwen3,cactus,0.03,,full,87,87,done,K6,0.00
3,qwen3-8b__dspark,Qwen/Qwen3-8B,deepseek-ai/dspark_qwen3_8b_block7,dspark,dspark,V2 accept-test-only,livecodebench_qwen3,cactus,0.35,,full,87,87,done,K8,0.00
3,qwen3-8b__dspark,Qwen/Qwen3-8B,deepseek-ai/dspark_qwen3_8b_block7,dspark,dspark,V2 accept-test-only,livecodebench_qwen3,spec_casc_opt,-0.3,,full,87,87,done,K7,0.00
3,qwen3-8b__dspark,Qwen/Qwen3-8B,deepseek-ai/dspark_qwen3_8b_block7,dspark,dspark,V2 accept-test-only,livecodebench_qwen3,spec_casc_opt,0.05,,full,87,87,done,K3,0.00
3,qwen3-8b__dspark,Qwen/Qwen3-8B,deepseek-ai/dspark_qwen3_8b_block7,dspark,dspark,V2 accept-test-only,livecodebench_qwen3,r_fuzzy,0.15,,full,87,87,done,K5,0.00
3,qwen3-8b__dspark,Qwen/Qwen3-8B,deepseek-ai/dspark_qwen3_8b_block7,dspark,dspark,V2 accept-test-only,livecodebench_qwen3,r_fuzzy,0.03,,full,87,87,done,K4,0.00
3,qwen3-8b__dspark,Qwen/Qwen3-8B,deepseek-ai/dspark_qwen3_8b_block7,dspark,dspark,V2 accept-test-only,livecodebench_qwen3,r_fuzzy,0.25,,full,87,87,done,K1,0.00
3,qwen3-8b__dspark,Qwen/Qwen3-8B,deepseek-ai/dspark_qwen3_8b_block7,dspark,dspark,V2 accept-test-only,livecodebench_qwen3,spec_casc_tok,0.8,,full,87,87,done,K2,0.00
3,qwen3-8b__dspark,Qwen/Qwen3-8B,deepseek-ai/dspark_qwen3_8b_block7,dspark,dspark,V2 accept-test-only,livecodebench_qwen3,spec_casc_tok,0.15,,full,87,87,done,K6,0.00
3,qwen3-8b__dspark,Qwen/Qwen3-8B,deepseek-ai/dspark_qwen3_8b_block7,dspark,dspark,V2 accept-test-only,mtbench_qwen3,strict,strict,,full,80,80,done,K3,0.00
3,qwen3-8b__dspark,Qwen/Qwen3-8B,deepseek-ai/dspark_qwen3_8b_block7,dspark,dspark,V2 accept-test-only,mtbench_qwen3,mentored_dec,0.15,,calib,3,3,done,K4,0.00
3,qwen3-8b__dspark,Qwen/Qwen3-8B,deepseek-ai/dspark_qwen3_8b_block7,dspark,dspark,V2 accept-test-only,mtbench_qwen3,mentored_dec,0.35,,calib,3,3,done,K5,0.00
3,qwen3-8b__dspark,Qwen/Qwen3-8B,deepseek-ai/dspark_qwen3_8b_block7,dspark,dspark,V2 accept-test-only,mtbench_qwen3,mentored_dec,0.55,,calib,3,3,done,K6,0.00
3,qwen3-8b__dspark,Qwen/Qwen3-8B,deepseek-ai/dspark_qwen3_8b_block7,dspark,dspark,V2 accept-test-only,mtbench_qwen3,mentored_dec,0.75,,calib,3,3,done,K3,0.00
3,qwen3-8b__dspark,Qwen/Qwen3-8B,deepseek-ai/dspark_qwen3_8b_block7,dspark,dspark,V2 accept-test-only,mtbench_qwen3,cactus,0.03,,calib,3,3,done,K2,0.00
3,qwen3-8b__dspark,Qwen/Qwen3-8B,deepseek-ai/dspark_qwen3_8b_block7,dspark,dspark,V2 accept-test-only,mtbench_qwen3,cactus,0.08,,calib,3,3,done,K1,0.00
3,qwen3-8b__dspark,Qwen/Qwen3-8B,deepseek-ai/dspark_qwen3_8b_block7,dspark,dspark,V2 accept-test-only,mtbench_qwen3,cactus,0.18,,calib,3,3,done,K8,0.00
3,qwen3-8b__dspark,Qwen/Qwen3-8B,deepseek-ai/dspark_qwen3_8b_block7,dspark,dspark,V2 accept-test-only,mtbench_qwen3,cactus,0.35,,calib,3,3,done,K7,0.00
3,qwen3-8b__dspark,Qwen/Qwen3-8B,deepseek-ai/dspark_qwen3_8b_block7,dspark,dspark,V2 accept-test-only,mtbench_qwen3,spec_casc_opt,-0.3,,calib,3,3,done,K4,0.00
3,qwen3-8b__dspark,Qwen/Qwen3-8B,deepseek-ai/dspark_qwen3_8b_block7,dspark,dspark,V2 accept-test-only,mtbench_qwen3,spec_casc_opt,-0.1,,calib,3,3,done,K5,0.00
3,qwen3-8b__dspark,Qwen/Qwen3-8B,deepseek-ai/dspark_qwen3_8b_block7,dspark,dspark,V2 accept-test-only,mtbench_qwen3,spec_casc_opt,-0.02,,calib,3,3,done,K6,0.00
3,qwen3-8b__dspark,Qwen/Qwen3-8B,deepseek-ai/dspark_qwen3_8b_block7,dspark,dspark,V2 accept-test-only,mtbench_qwen3,spec_casc_opt,0.05,,calib,3,3,done,K3,0.00
3,qwen3-8b__dspark,Qwen/Qwen3-8B,deepseek-ai/dspark_qwen3_8b_block7,dspark,dspark,V2 accept-test-only,mtbench_qwen3,r_fuzzy,0.03,,calib,3,3,done,K2,0.00
3,qwen3-8b__dspark,Qwen/Qwen3-8B,deepseek-ai/dspark_qwen3_8b_block7,dspark,dspark,V2 accept-test-only,mtbench_qwen3,r_fuzzy,0.08,,calib,3,3,done,K1,0.00
3,qwen3-8b__dspark,Qwen/Qwen3-8B,deepseek-ai/dspark_qwen3_8b_block7,dspark,dspark,V2 accept-test-only,mtbench_qwen3,r_fuzzy,0.15,,calib,3,3,done,K8,0.00
3,qwen3-8b__dspark,Qwen/Qwen3-8B,deepseek-ai/dspark_qwen3_8b_block7,dspark,dspark,V2 accept-test-only,mtbench_qwen3,r_fuzzy,0.25,,calib,3,3,done,K7,0.00
3,qwen3-8b__dspark,Qwen/Qwen3-8B,deepseek-ai/dspark_qwen3_8b_block7,dspark,dspark,V2 accept-test-only,mtbench_qwen3,spec_casc_tok,0.15,,calib,3,3,done,K4,0.00
3,qwen3-8b__dspark,Qwen/Qwen3-8B,deepseek-ai/dspark_qwen3_8b_block7,dspark,dspark,V2 accept-test-only,mtbench_qwen3,spec_casc_tok,0.35,,calib,3,3,done,K5,0.00
3,qwen3-8b__dspark,Qwen/Qwen3-8B,deepseek-ai/dspark_qwen3_8b_block7,dspark,dspark,V2 accept-test-only,mtbench_qwen3,spec_casc_tok,0.55,,calib,3,3,done,K6,0.00
3,qwen3-8b__dspark,Qwen/Qwen3-8B,deepseek-ai/dspark_qwen3_8b_block7,dspark,dspark,V2 accept-test-only,mtbench_qwen3,spec_casc_tok,0.8,,calib,3,3,done,K3,0.00
3,qwen3-8b__dspark,Qwen/Qwen3-8B,deepseek-ai/dspark_qwen3_8b_block7,dspark,dspark,V2 accept-test-only,mtbench_qwen3,mentored_dec,0.55,,full,77,77,done,K8,0.00
3,qwen3-8b__dspark,Qwen/Qwen3-8B,deepseek-ai/dspark_qwen3_8b_block7,dspark,dspark,V2 accept-test-only,mtbench_qwen3,mentored_dec,0.75,,full,77,77,done,K7,0.00
3,qwen3-8b__dspark,Qwen/Qwen3-8B,deepseek-ai/dspark_qwen3_8b_block7,dspark,dspark,V2 accept-test-only,mtbench_qwen3,mentored_dec,0.15,,full,77,77,done,K3,0.00
3,qwen3-8b__dspark,Qwen/Qwen3-8B,deepseek-ai/dspark_qwen3_8b_block7,dspark,dspark,V2 accept-test-only,mtbench_qwen3,cactus,0.08,,full,77,77,done,K8,0.00
3,qwen3-8b__dspark,Qwen/Qwen3-8B,deepseek-ai/dspark_qwen3_8b_block7,dspark,dspark,V2 accept-test-only,mtbench_qwen3,cactus,0.35,,full,77,77,done,K7,0.00
3,qwen3-8b__dspark,Qwen/Qwen3-8B,deepseek-ai/dspark_qwen3_8b_block7,dspark,dspark,V2 accept-test-only,mtbench_qwen3,cactus,0.03,,full,77,77,done,K3,0.00
3,qwen3-8b__dspark,Qwen/Qwen3-8B,deepseek-ai/dspark_qwen3_8b_block7,dspark,dspark,V2 accept-test-only,mtbench_qwen3,spec_casc_opt,-0.3,,full,77,77,done,K8,0.00
3,qwen3-8b__dspark,Qwen/Qwen3-8B,deepseek-ai/dspark_qwen3_8b_block7,dspark,dspark,V2 accept-test-only,mtbench_qwen3,spec_casc_opt,-0.1,,full,77,77,done,K7,0.00
3,qwen3-8b__dspark,Qwen/Qwen3-8B,deepseek-ai/dspark_qwen3_8b_block7,dspark,dspark,V2 accept-test-only,mtbench_qwen3,spec_casc_opt,0.05,,full,77,77,done,K3,0.00
3,qwen3-8b__dspark,Qwen/Qwen3-8B,deepseek-ai/dspark_qwen3_8b_block7,dspark,dspark,V2 accept-test-only,mtbench_qwen3,r_fuzzy,0.15,,full,77,77,done,K8,0.00
3,qwen3-8b__dspark,Qwen/Qwen3-8B,deepseek-ai/dspark_qwen3_8b_block7,dspark,dspark,V2 accept-test-only,mtbench_qwen3,r_fuzzy,0.25,,full,77,77,done,K7,0.00
3,qwen3-8b__dspark,Qwen/Qwen3-8B,deepseek-ai/dspark_qwen3_8b_block7,dspark,dspark,V2 accept-test-only,mtbench_qwen3,r_fuzzy,0.03,,full,77,77,done,K5,0.00
3,qwen3-8b__dspark,Qwen/Qwen3-8B,deepseek-ai/dspark_qwen3_8b_block7,dspark,dspark,V2 accept-test-only,mtbench_qwen3,spec_casc_tok,0.8,,full,77,77,done,K4,0.00
3,qwen3-8b__dspark,Qwen/Qwen3-8B,deepseek-ai/dspark_qwen3_8b_block7,dspark,dspark,V2 accept-test-only,mtbench_qwen3,spec_casc_tok,0.15,,full,77,77,done,K1,0.00
3,qwen3-8b__qwen3-1.7b,Qwen/Qwen3-8B,Qwen/Qwen3-1.7B,draft_model,draft_model,V1 full patches,gsm8k_qwen3,strict,strict,,full,150,150,done,K5,0.00
3,qwen3-8b__qwen3-1.7b,Qwen/Qwen3-8B,Qwen/Qwen3-1.7B,draft_model,draft_model,V1 full patches,gsm8k_qwen3,mentored_dec,0.75,,full,150,150,done,K6,0.00
3,qwen3-8b__qwen3-1.7b,Qwen/Qwen3-8B,Qwen/Qwen3-1.7B,draft_model,draft_model,V1 full patches,gsm8k_qwen3,cactus,0.35,,full,150,150,done,K7,0.00
3,qwen3-8b__qwen3-1.7b,Qwen/Qwen3-8B,Qwen/Qwen3-1.7B,draft_model,draft_model,V1 full patches,gsm8k_qwen3,spec_casc_opt,0.05,,full,150,150,done,K8,0.00
3,qwen3-8b__qwen3-1.7b,Qwen/Qwen3-8B,Qwen/Qwen3-1.7B,draft_model,draft_model,V1 full patches,gsm8k_qwen3,r_fuzzy,0.25,,full,150,150,done,K4,0.00
3,qwen3-8b__qwen3-1.7b,Qwen/Qwen3-8B,Qwen/Qwen3-1.7B,draft_model,draft_model,V1 full patches,gsm8k_qwen3,spec_casc_tok,0.8,,full,150,150,done,K5,0.00
3,qwen3-8b__qwen3-1.7b,Qwen/Qwen3-8B,Qwen/Qwen3-1.7B,draft_model,draft_model,V1 full patches,livecodebench_qwen3,strict,strict,,full,90,90,done,K8,0.00
3,qwen3-8b__qwen3-1.7b,Qwen/Qwen3-8B,Qwen/Qwen3-1.7B,draft_model,draft_model,V1 full patches,livecodebench_qwen3,mentored_dec,0.75,,full,90,90,done,K1,0.00
3,qwen3-8b__qwen3-1.7b,Qwen/Qwen3-8B,Qwen/Qwen3-1.7B,draft_model,draft_model,V1 full patches,livecodebench_qwen3,cactus,0.35,,full,90,90,done,K2,0.00
3,qwen3-8b__qwen3-1.7b,Qwen/Qwen3-8B,Qwen/Qwen3-1.7B,draft_model,draft_model,V1 full patches,livecodebench_qwen3,spec_casc_opt,0.05,,full,90,90,done,K3,0.00
3,qwen3-8b__qwen3-1.7b,Qwen/Qwen3-8B,Qwen/Qwen3-1.7B,draft_model,draft_model,V1 full patches,livecodebench_qwen3,r_fuzzy,0.25,,full,90,90,done,K4,0.00
3,qwen3-8b__qwen3-1.7b,Qwen/Qwen3-8B,Qwen/Qwen3-1.7B,draft_model,draft_model,V1 full patches,livecodebench_qwen3,spec_casc_tok,0.8,,full,90,90,done,K5,0.00
4,gpt-oss-20b__rh-eagle3,openai/gpt-oss-20b,RedHatAI/gpt-oss-20b-speculator.eagle3,eagle3,eagle3,V1 full patches,gsm8k,strict,strict,,full,150,150,done,K5,0.00
4,gpt-oss-20b__rh-eagle3,openai/gpt-oss-20b,RedHatAI/gpt-oss-20b-speculator.eagle3,eagle3,eagle3,V1 full patches,gsm8k,mentored_dec,0.15,,calib,3,3,done,K4,0.00
4,gpt-oss-20b__rh-eagle3,openai/gpt-oss-20b,RedHatAI/gpt-oss-20b-speculator.eagle3,eagle3,eagle3,V1 full patches,gsm8k,mentored_dec,0.35,,calib,3,3,done,K5,0.00
4,gpt-oss-20b__rh-eagle3,openai/gpt-oss-20b,RedHatAI/gpt-oss-20b-speculator.eagle3,eagle3,eagle3,V1 full patches,gsm8k,mentored_dec,0.55,,calib,3,3,done,K3,0.00
4,gpt-oss-20b__rh-eagle3,openai/gpt-oss-20b,RedHatAI/gpt-oss-20b-speculator.eagle3,eagle3,eagle3,V1 full patches,gsm8k,mentored_dec,0.75,,calib,3,3,done,K2,0.00
4,gpt-oss-20b__rh-eagle3,openai/gpt-oss-20b,RedHatAI/gpt-oss-20b-speculator.eagle3,eagle3,eagle3,V1 full patches,gsm8k,cactus,0.03,,calib,3,3,done,K8,0.00
4,gpt-oss-20b__rh-eagle3,openai/gpt-oss-20b,RedHatAI/gpt-oss-20b-speculator.eagle3,eagle3,eagle3,V1 full patches,gsm8k,cactus,0.08,,calib,3,3,done,K1,0.00
4,gpt-oss-20b__rh-eagle3,openai/gpt-oss-20b,RedHatAI/gpt-oss-20b-speculator.eagle3,eagle3,eagle3,V1 full patches,gsm8k,cactus,0.18,,calib,3,3,done,K6,0.00
4,gpt-oss-20b__rh-eagle3,openai/gpt-oss-20b,RedHatAI/gpt-oss-20b-speculator.eagle3,eagle3,eagle3,V1 full patches,gsm8k,cactus,0.35,,calib,3,3,done,K7,0.00
4,gpt-oss-20b__rh-eagle3,openai/gpt-oss-20b,RedHatAI/gpt-oss-20b-speculator.eagle3,eagle3,eagle3,V1 full patches,gsm8k,spec_casc_opt,-0.3,,calib,3,3,done,K4,0.00
4,gpt-oss-20b__rh-eagle3,openai/gpt-oss-20b,RedHatAI/gpt-oss-20b-speculator.eagle3,eagle3,eagle3,V1 full patches,gsm8k,spec_casc_opt,-0.1,,calib,3,3,done,K5,0.00
4,gpt-oss-20b__rh-eagle3,openai/gpt-oss-20b,RedHatAI/gpt-oss-20b-speculator.eagle3,eagle3,eagle3,V1 full patches,gsm8k,spec_casc_opt,-0.02,,calib,3,3,done,K3,0.00
4,gpt-oss-20b__rh-eagle3,openai/gpt-oss-20b,RedHatAI/gpt-oss-20b-speculator.eagle3,eagle3,eagle3,V1 full patches,gsm8k,spec_casc_opt,0.05,,calib,3,3,done,K2,0.00
4,gpt-oss-20b__rh-eagle3,openai/gpt-oss-20b,RedHatAI/gpt-oss-20b-speculator.eagle3,eagle3,eagle3,V1 full patches,gsm8k,r_fuzzy,0.03,,calib,3,3,done,K8,0.00
4,gpt-oss-20b__rh-eagle3,openai/gpt-oss-20b,RedHatAI/gpt-oss-20b-speculator.eagle3,eagle3,eagle3,V1 full patches,gsm8k,r_fuzzy,0.08,,calib,3,3,done,K1,0.00
4,gpt-oss-20b__rh-eagle3,openai/gpt-oss-20b,RedHatAI/gpt-oss-20b-speculator.eagle3,eagle3,eagle3,V1 full patches,gsm8k,r_fuzzy,0.15,,calib,3,3,done,K6,0.00
4,gpt-oss-20b__rh-eagle3,openai/gpt-oss-20b,RedHatAI/gpt-oss-20b-speculator.eagle3,eagle3,eagle3,V1 full patches,gsm8k,r_fuzzy,0.25,,calib,3,3,done,K7,0.00
4,gpt-oss-20b__rh-eagle3,openai/gpt-oss-20b,RedHatAI/gpt-oss-20b-speculator.eagle3,eagle3,eagle3,V1 full patches,gsm8k,spec_casc_tok,0.15,,calib,3,3,done,K4,0.00
4,gpt-oss-20b__rh-eagle3,openai/gpt-oss-20b,RedHatAI/gpt-oss-20b-speculator.eagle3,eagle3,eagle3,V1 full patches,gsm8k,spec_casc_tok,0.35,,calib,3,3,done,K5,0.00
4,gpt-oss-20b__rh-eagle3,openai/gpt-oss-20b,RedHatAI/gpt-oss-20b-speculator.eagle3,eagle3,eagle3,V1 full patches,gsm8k,spec_casc_tok,0.55,,calib,3,3,done,K3,0.00
4,gpt-oss-20b__rh-eagle3,openai/gpt-oss-20b,RedHatAI/gpt-oss-20b-speculator.eagle3,eagle3,eagle3,V1 full patches,gsm8k,spec_casc_tok,0.8,,calib,3,3,done,K2,0.00
4,gpt-oss-20b__rh-eagle3,openai/gpt-oss-20b,RedHatAI/gpt-oss-20b-speculator.eagle3,eagle3,eagle3,V1 full patches,gsm8k,mentored_dec,0.35,,full,147,147,done,K3,0.00
4,gpt-oss-20b__rh-eagle3,openai/gpt-oss-20b,RedHatAI/gpt-oss-20b-speculator.eagle3,eagle3,eagle3,V1 full patches,gsm8k,mentored_dec,0.75,,full,147,147,done,K3,0.00
4,gpt-oss-20b__rh-eagle3,openai/gpt-oss-20b,RedHatAI/gpt-oss-20b-speculator.eagle3,eagle3,eagle3,V1 full patches,gsm8k,mentored_dec,0.15,,full,147,147,done,K2,0.00
4,gpt-oss-20b__rh-eagle3,openai/gpt-oss-20b,RedHatAI/gpt-oss-20b-speculator.eagle3,eagle3,eagle3,V1 full patches,gsm8k,cactus,0.03,,full,147,147,done,K6,0.00
4,gpt-oss-20b__rh-eagle3,openai/gpt-oss-20b,RedHatAI/gpt-oss-20b-speculator.eagle3,eagle3,eagle3,V1 full patches,gsm8k,cactus,0.35,,full,147,147,done,K8,0.00
4,gpt-oss-20b__rh-eagle3,openai/gpt-oss-20b,RedHatAI/gpt-oss-20b-speculator.eagle3,eagle3,eagle3,V1 full patches,gsm8k,spec_casc_opt,-0.1,,full,147,147,done,K3,0.00
4,gpt-oss-20b__rh-eagle3,openai/gpt-oss-20b,RedHatAI/gpt-oss-20b-speculator.eagle3,eagle3,eagle3,V1 full patches,gsm8k,spec_casc_opt,0.05,,full,147,147,done,K2,0.00
4,gpt-oss-20b__rh-eagle3,openai/gpt-oss-20b,RedHatAI/gpt-oss-20b-speculator.eagle3,eagle3,eagle3,V1 full patches,gsm8k,spec_casc_opt,-0.3,,full,147,147,done,K4,0.00
4,gpt-oss-20b__rh-eagle3,openai/gpt-oss-20b,RedHatAI/gpt-oss-20b-speculator.eagle3,eagle3,eagle3,V1 full patches,gsm8k,r_fuzzy,0.15,,full,147,147,done,K5,0.00
4,gpt-oss-20b__rh-eagle3,openai/gpt-oss-20b,RedHatAI/gpt-oss-20b-speculator.eagle3,eagle3,eagle3,V1 full patches,gsm8k,r_fuzzy,0.25,,full,147,147,done,K7,0.00
4,gpt-oss-20b__rh-eagle3,openai/gpt-oss-20b,RedHatAI/gpt-oss-20b-speculator.eagle3,eagle3,eagle3,V1 full patches,gsm8k,r_fuzzy,0.03,,full,147,147,done,K6,0.00
4,gpt-oss-20b__rh-eagle3,openai/gpt-oss-20b,RedHatAI/gpt-oss-20b-speculator.eagle3,eagle3,eagle3,V1 full patches,gsm8k,spec_casc_tok,0.55,,full,147,147,done,K1,0.00
4,gpt-oss-20b__rh-eagle3,openai/gpt-oss-20b,RedHatAI/gpt-oss-20b-speculator.eagle3,eagle3,eagle3,V1 full patches,gsm8k,spec_casc_tok,0.15,,full,147,147,done,K8,0.00
4,gpt-oss-20b__rh-eagle3,openai/gpt-oss-20b,RedHatAI/gpt-oss-20b-speculator.eagle3,eagle3,eagle3,V1 full patches,gsm8k,spec_casc_tok,0.8,,full,147,147,done,K3,0.00
4,gpt-oss-20b__rh-eagle3,openai/gpt-oss-20b,RedHatAI/gpt-oss-20b-speculator.eagle3,eagle3,eagle3,V1 full patches,livecodebench,strict,strict,,full,90,90,done,K4,0.00
4,gpt-oss-20b__rh-eagle3,openai/gpt-oss-20b,RedHatAI/gpt-oss-20b-speculator.eagle3,eagle3,eagle3,V1 full patches,livecodebench,mentored_dec,0.15,,calib,3,3,done,K8,0.00
4,gpt-oss-20b__rh-eagle3,openai/gpt-oss-20b,RedHatAI/gpt-oss-20b-speculator.eagle3,eagle3,eagle3,V1 full patches,livecodebench,mentored_dec,0.35,,calib,3,3,done,K1,0.00
4,gpt-oss-20b__rh-eagle3,openai/gpt-oss-20b,RedHatAI/gpt-oss-20b-speculator.eagle3,eagle3,eagle3,V1 full patches,livecodebench,mentored_dec,0.55,,calib,3,3,done,K3,0.00
4,gpt-oss-20b__rh-eagle3,openai/gpt-oss-20b,RedHatAI/gpt-oss-20b-speculator.eagle3,eagle3,eagle3,V1 full patches,livecodebench,mentored_dec,0.75,,calib,3,3,done,K2,0.00
4,gpt-oss-20b__rh-eagle3,openai/gpt-oss-20b,RedHatAI/gpt-oss-20b-speculator.eagle3,eagle3,eagle3,V1 full patches,livecodebench,cactus,0.03,,calib,3,3,done,K7,0.00
4,gpt-oss-20b__rh-eagle3,openai/gpt-oss-20b,RedHatAI/gpt-oss-20b-speculator.eagle3,eagle3,eagle3,V1 full patches,livecodebench,cactus,0.08,,calib,3,3,done,K8,0.00
4,gpt-oss-20b__rh-eagle3,openai/gpt-oss-20b,RedHatAI/gpt-oss-20b-speculator.eagle3,eagle3,eagle3,V1 full patches,livecodebench,cactus,0.18,,calib,3,3,done,K1,0.00
4,gpt-oss-20b__rh-eagle3,openai/gpt-oss-20b,RedHatAI/gpt-oss-20b-speculator.eagle3,eagle3,eagle3,V1 full patches,livecodebench,cactus,0.35,,calib,3,3,done,K3,0.00
4,gpt-oss-20b__rh-eagle3,openai/gpt-oss-20b,RedHatAI/gpt-oss-20b-speculator.eagle3,eagle3,eagle3,V1 full patches,livecodebench,spec_casc_opt,-0.3,,calib,3,3,done,K2,0.00
4,gpt-oss-20b__rh-eagle3,openai/gpt-oss-20b,RedHatAI/gpt-oss-20b-speculator.eagle3,eagle3,eagle3,V1 full patches,livecodebench,spec_casc_opt,-0.1,,calib,3,3,done,K7,0.00
4,gpt-oss-20b__rh-eagle3,openai/gpt-oss-20b,RedHatAI/gpt-oss-20b-speculator.eagle3,eagle3,eagle3,V1 full patches,livecodebench,spec_casc_opt,-0.02,,calib,3,3,done,K5,0.00
4,gpt-oss-20b__rh-eagle3,openai/gpt-oss-20b,RedHatAI/gpt-oss-20b-speculator.eagle3,eagle3,eagle3,V1 full patches,livecodebench,spec_casc_opt,0.05,,calib,3,3,done,K8,0.00
4,gpt-oss-20b__rh-eagle3,openai/gpt-oss-20b,RedHatAI/gpt-oss-20b-speculator.eagle3,eagle3,eagle3,V1 full patches,livecodebench,r_fuzzy,0.03,,calib,3,3,done,K1,0.00
4,gpt-oss-20b__rh-eagle3,openai/gpt-oss-20b,RedHatAI/gpt-oss-20b-speculator.eagle3,eagle3,eagle3,V1 full patches,livecodebench,r_fuzzy,0.08,,calib,3,3,done,K3,0.00
4,gpt-oss-20b__rh-eagle3,openai/gpt-oss-20b,RedHatAI/gpt-oss-20b-speculator.eagle3,eagle3,eagle3,V1 full patches,livecodebench,r_fuzzy,0.15,,calib,3,3,done,K2,0.00
4,gpt-oss-20b__rh-eagle3,openai/gpt-oss-20b,RedHatAI/gpt-oss-20b-speculator.eagle3,eagle3,eagle3,V1 full patches,livecodebench,r_fuzzy,0.25,,calib,3,3,done,K6,0.00
4,gpt-oss-20b__rh-eagle3,openai/gpt-oss-20b,RedHatAI/gpt-oss-20b-speculator.eagle3,eagle3,eagle3,V1 full patches,livecodebench,spec_casc_tok,0.15,,calib,3,3,done,K7,0.00
4,gpt-oss-20b__rh-eagle3,openai/gpt-oss-20b,RedHatAI/gpt-oss-20b-speculator.eagle3,eagle3,eagle3,V1 full patches,livecodebench,spec_casc_tok,0.35,,calib,3,3,done,K5,0.00
4,gpt-oss-20b__rh-eagle3,openai/gpt-oss-20b,RedHatAI/gpt-oss-20b-speculator.eagle3,eagle3,eagle3,V1 full patches,livecodebench,spec_casc_tok,0.55,,calib,3,3,done,K8,0.00
4,gpt-oss-20b__rh-eagle3,openai/gpt-oss-20b,RedHatAI/gpt-oss-20b-speculator.eagle3,eagle3,eagle3,V1 full patches,livecodebench,spec_casc_tok,0.8,,calib,3,3,done,K1,0.00
4,gpt-oss-20b__rh-eagle3,openai/gpt-oss-20b,RedHatAI/gpt-oss-20b-speculator.eagle3,eagle3,eagle3,V1 full patches,livecodebench,mentored_dec,0.55,,full,87,87,done,K4,0.00
4,gpt-oss-20b__rh-eagle3,openai/gpt-oss-20b,RedHatAI/gpt-oss-20b-speculator.eagle3,eagle3,eagle3,V1 full patches,livecodebench,mentored_dec,0.75,,full,87,87,done,K3,0.00
4,gpt-oss-20b__rh-eagle3,openai/gpt-oss-20b,RedHatAI/gpt-oss-20b-speculator.eagle3,eagle3,eagle3,V1 full patches,livecodebench,mentored_dec,0.15,,full,87,87,done,K7,0.00
4,gpt-oss-20b__rh-eagle3,openai/gpt-oss-20b,RedHatAI/gpt-oss-20b-speculator.eagle3,eagle3,eagle3,V1 full patches,livecodebench,cactus,0.03,,full,87,87,done,K5,0.00
4,gpt-oss-20b__rh-eagle3,openai/gpt-oss-20b,RedHatAI/gpt-oss-20b-speculator.eagle3,eagle3,eagle3,V1 full patches,livecodebench,cactus,0.08,,full,87,87,done,K2,0.00
4,gpt-oss-20b__rh-eagle3,openai/gpt-oss-20b,RedHatAI/gpt-oss-20b-speculator.eagle3,eagle3,eagle3,V1 full patches,livecodebench,cactus,0.18,,full,87,87,done,K8,0.00
4,gpt-oss-20b__rh-eagle3,openai/gpt-oss-20b,RedHatAI/gpt-oss-20b-speculator.eagle3,eagle3,eagle3,V1 full patches,livecodebench,spec_casc_opt,-0.02,,full,87,87,done,K1,0.00
4,gpt-oss-20b__rh-eagle3,openai/gpt-oss-20b,RedHatAI/gpt-oss-20b-speculator.eagle3,eagle3,eagle3,V1 full patches,livecodebench,spec_casc_opt,-0.3,,full,87,87,done,K6,0.00
4,gpt-oss-20b__rh-eagle3,openai/gpt-oss-20b,RedHatAI/gpt-oss-20b-speculator.eagle3,eagle3,eagle3,V1 full patches,livecodebench,spec_casc_opt,0.05,,full,87,87,done,K4,0.00
4,gpt-oss-20b__rh-eagle3,openai/gpt-oss-20b,RedHatAI/gpt-oss-20b-speculator.eagle3,eagle3,eagle3,V1 full patches,livecodebench,r_fuzzy,0.08,,full,87,87,done,K3,0.00
4,gpt-oss-20b__rh-eagle3,openai/gpt-oss-20b,RedHatAI/gpt-oss-20b-speculator.eagle3,eagle3,eagle3,V1 full patches,livecodebench,r_fuzzy,0.03,,full,87,87,done,K7,0.00
4,gpt-oss-20b__rh-eagle3,openai/gpt-oss-20b,RedHatAI/gpt-oss-20b-speculator.eagle3,eagle3,eagle3,V1 full patches,livecodebench,r_fuzzy,0.25,,full,87,87,done,K5,0.00
4,gpt-oss-20b__rh-eagle3,openai/gpt-oss-20b,RedHatAI/gpt-oss-20b-speculator.eagle3,eagle3,eagle3,V1 full patches,livecodebench,spec_casc_tok,0.55,,full,87,87,done,K2,0.00
4,gpt-oss-20b__rh-eagle3,openai/gpt-oss-20b,RedHatAI/gpt-oss-20b-speculator.eagle3,eagle3,eagle3,V1 full patches,livecodebench,spec_casc_tok,0.15,,full,87,87,done,K8,0.00
4,gpt-oss-20b__rh-eagle3,openai/gpt-oss-20b,RedHatAI/gpt-oss-20b-speculator.eagle3,eagle3,eagle3,V1 full patches,livecodebench,spec_casc_tok,0.8,,full,87,87,done,K1,0.00
4,gpt-oss-20b__rh-eagle3,openai/gpt-oss-20b,RedHatAI/gpt-oss-20b-speculator.eagle3,eagle3,eagle3,V1 full patches,mtbench,strict,strict,,full,80,80,done,K6,0.00
4,gpt-oss-20b__rh-eagle3,openai/gpt-oss-20b,RedHatAI/gpt-oss-20b-speculator.eagle3,eagle3,eagle3,V1 full patches,mtbench,mentored_dec,0.15,,calib,3,3,done,K3,0.00
4,gpt-oss-20b__rh-eagle3,openai/gpt-oss-20b,RedHatAI/gpt-oss-20b-speculator.eagle3,eagle3,eagle3,V1 full patches,mtbench,mentored_dec,0.35,,calib,3,3,done,K2,0.00
4,gpt-oss-20b__rh-eagle3,openai/gpt-oss-20b,RedHatAI/gpt-oss-20b-speculator.eagle3,eagle3,eagle3,V1 full patches,mtbench,mentored_dec,0.55,,calib,3,3,done,K6,0.00
4,gpt-oss-20b__rh-eagle3,openai/gpt-oss-20b,RedHatAI/gpt-oss-20b-speculator.eagle3,eagle3,eagle3,V1 full patches,mtbench,mentored_dec,0.75,,calib,3,3,done,K7,0.00
4,gpt-oss-20b__rh-eagle3,openai/gpt-oss-20b,RedHatAI/gpt-oss-20b-speculator.eagle3,eagle3,eagle3,V1 full patches,mtbench,cactus,0.03,,calib,3,3,done,K4,0.00
4,gpt-oss-20b__rh-eagle3,openai/gpt-oss-20b,RedHatAI/gpt-oss-20b-speculator.eagle3,eagle3,eagle3,V1 full patches,mtbench,cactus,0.08,,calib,3,3,done,K5,0.00
4,gpt-oss-20b__rh-eagle3,openai/gpt-oss-20b,RedHatAI/gpt-oss-20b-speculator.eagle3,eagle3,eagle3,V1 full patches,mtbench,cactus,0.18,,calib,3,3,done,K3,0.00
4,gpt-oss-20b__rh-eagle3,openai/gpt-oss-20b,RedHatAI/gpt-oss-20b-speculator.eagle3,eagle3,eagle3,V1 full patches,mtbench,cactus,0.35,,calib,3,3,done,K2,0.00
4,gpt-oss-20b__rh-eagle3,openai/gpt-oss-20b,RedHatAI/gpt-oss-20b-speculator.eagle3,eagle3,eagle3,V1 full patches,mtbench,spec_casc_opt,-0.3,,calib,3,3,done,K8,0.00
4,gpt-oss-20b__rh-eagle3,openai/gpt-oss-20b,RedHatAI/gpt-oss-20b-speculator.eagle3,eagle3,eagle3,V1 full patches,mtbench,spec_casc_opt,-0.1,,calib,3,3,done,K1,0.00
4,gpt-oss-20b__rh-eagle3,openai/gpt-oss-20b,RedHatAI/gpt-oss-20b-speculator.eagle3,eagle3,eagle3,V1 full patches,mtbench,spec_casc_opt,-0.02,,calib,3,3,done,K6,0.00
4,gpt-oss-20b__rh-eagle3,openai/gpt-oss-20b,RedHatAI/gpt-oss-20b-speculator.eagle3,eagle3,eagle3,V1 full patches,mtbench,spec_casc_opt,0.05,,calib,3,3,done,K7,0.00
4,gpt-oss-20b__rh-eagle3,openai/gpt-oss-20b,RedHatAI/gpt-oss-20b-speculator.eagle3,eagle3,eagle3,V1 full patches,mtbench,r_fuzzy,0.03,,calib,3,3,done,K4,0.00
4,gpt-oss-20b__rh-eagle3,openai/gpt-oss-20b,RedHatAI/gpt-oss-20b-speculator.eagle3,eagle3,eagle3,V1 full patches,mtbench,r_fuzzy,0.08,,calib,3,3,done,K5,0.00
4,gpt-oss-20b__rh-eagle3,openai/gpt-oss-20b,RedHatAI/gpt-oss-20b-speculator.eagle3,eagle3,eagle3,V1 full patches,mtbench,r_fuzzy,0.15,,calib,3,3,done,K3,0.00
4,gpt-oss-20b__rh-eagle3,openai/gpt-oss-20b,RedHatAI/gpt-oss-20b-speculator.eagle3,eagle3,eagle3,V1 full patches,mtbench,r_fuzzy,0.25,,calib,3,3,done,K2,0.00
4,gpt-oss-20b__rh-eagle3,openai/gpt-oss-20b,RedHatAI/gpt-oss-20b-speculator.eagle3,eagle3,eagle3,V1 full patches,mtbench,spec_casc_tok,0.15,,calib,3,3,done,K8,0.00
4,gpt-oss-20b__rh-eagle3,openai/gpt-oss-20b,RedHatAI/gpt-oss-20b-speculator.eagle3,eagle3,eagle3,V1 full patches,mtbench,spec_casc_tok,0.35,,calib,3,3,done,K1,0.00
4,gpt-oss-20b__rh-eagle3,openai/gpt-oss-20b,RedHatAI/gpt-oss-20b-speculator.eagle3,eagle3,eagle3,V1 full patches,mtbench,spec_casc_tok,0.55,,calib,3,3,done,K6,0.00
4,gpt-oss-20b__rh-eagle3,openai/gpt-oss-20b,RedHatAI/gpt-oss-20b-speculator.eagle3,eagle3,eagle3,V1 full patches,mtbench,spec_casc_tok,0.8,,calib,3,3,done,K7,0.00
4,gpt-oss-20b__rh-eagle3,openai/gpt-oss-20b,RedHatAI/gpt-oss-20b-speculator.eagle3,eagle3,eagle3,V1 full patches,mtbench,mentored_dec,0.35,,full,77,77,done,K6,0.00
4,gpt-oss-20b__rh-eagle3,openai/gpt-oss-20b,RedHatAI/gpt-oss-20b-speculator.eagle3,eagle3,eagle3,V1 full patches,mtbench,mentored_dec,0.75,,full,77,77,done,K4,0.00
4,gpt-oss-20b__rh-eagle3,openai/gpt-oss-20b,RedHatAI/gpt-oss-20b-speculator.eagle3,eagle3,eagle3,V1 full patches,mtbench,mentored_dec,0.15,,full,77,77,done,K3,0.00
4,gpt-oss-20b__rh-eagle3,openai/gpt-oss-20b,RedHatAI/gpt-oss-20b-speculator.eagle3,eagle3,eagle3,V1 full patches,mtbench,cactus,0.03,,full,77,77,done,K6,0.00
4,gpt-oss-20b__rh-eagle3,openai/gpt-oss-20b,RedHatAI/gpt-oss-20b-speculator.eagle3,eagle3,eagle3,V1 full patches,mtbench,cactus,0.18,,full,77,77,done,K7,0.00
4,gpt-oss-20b__rh-eagle3,openai/gpt-oss-20b,RedHatAI/gpt-oss-20b-speculator.eagle3,eagle3,eagle3,V1 full patches,mtbench,cactus,0.35,,full,77,77,done,K5,0.00
4,gpt-oss-20b__rh-eagle3,openai/gpt-oss-20b,RedHatAI/gpt-oss-20b-speculator.eagle3,eagle3,eagle3,V1 full patches,mtbench,spec_casc_opt,-0.02,,full,77,77,done,K2,0.00
4,gpt-oss-20b__rh-eagle3,openai/gpt-oss-20b,RedHatAI/gpt-oss-20b-speculator.eagle3,eagle3,eagle3,V1 full patches,mtbench,spec_casc_opt,0.05,,full,77,77,done,K4,0.00
4,gpt-oss-20b__rh-eagle3,openai/gpt-oss-20b,RedHatAI/gpt-oss-20b-speculator.eagle3,eagle3,eagle3,V1 full patches,mtbench,spec_casc_opt,-0.3,,full,77,77,done,K8,0.00
4,gpt-oss-20b__rh-eagle3,openai/gpt-oss-20b,RedHatAI/gpt-oss-20b-speculator.eagle3,eagle3,eagle3,V1 full patches,mtbench,r_fuzzy,0.08,,full,77,77,done,K1,0.00
4,gpt-oss-20b__rh-eagle3,openai/gpt-oss-20b,RedHatAI/gpt-oss-20b-speculator.eagle3,eagle3,eagle3,V1 full patches,mtbench,r_fuzzy,0.25,,full,77,77,done,K3,0.00
4,gpt-oss-20b__rh-eagle3,openai/gpt-oss-20b,RedHatAI/gpt-oss-20b-speculator.eagle3,eagle3,eagle3,V1 full patches,mtbench,r_fuzzy,0.03,,full,77,77,done,K6,0.00
4,gpt-oss-20b__rh-eagle3,openai/gpt-oss-20b,RedHatAI/gpt-oss-20b-speculator.eagle3,eagle3,eagle3,V1 full patches,mtbench,spec_casc_tok,0.8,,full,77,77,done,K7,0.00
4,gpt-oss-20b__rh-eagle3,openai/gpt-oss-20b,RedHatAI/gpt-oss-20b-speculator.eagle3,eagle3,eagle3,V1 full patches,mtbench,spec_casc_tok,0.15,,full,77,77,done,K5,0.00
5,r1-distill-llama-8b__llama32-1b,deepseek-ai/DeepSeek-R1-Distill-Llama-8B,meta-llama/Llama-3.2-1B-Instruct,draft_model,draft_model,V1 full patches,gsm8k_r1llama,strict,strict,,full,150,150,done,K1,0.00
5,r1-distill-llama-8b__llama32-1b,deepseek-ai/DeepSeek-R1-Distill-Llama-8B,meta-llama/Llama-3.2-1B-Instruct,draft_model,draft_model,V1 full patches,gsm8k_r1llama,mentored_dec,0.75,,full,150,150,done,K8,0.00
5,r1-distill-llama-8b__llama32-1b,deepseek-ai/DeepSeek-R1-Distill-Llama-8B,meta-llama/Llama-3.2-1B-Instruct,draft_model,draft_model,V1 full patches,gsm8k_r1llama,cactus,0.35,,full,150,150,done,K3,0.00
5,r1-distill-llama-8b__llama32-1b,deepseek-ai/DeepSeek-R1-Distill-Llama-8B,meta-llama/Llama-3.2-1B-Instruct,draft_model,draft_model,V1 full patches,gsm8k_r1llama,spec_casc_opt,0.05,,full,150,150,done,K4,0.00
5,r1-distill-llama-8b__llama32-1b,deepseek-ai/DeepSeek-R1-Distill-Llama-8B,meta-llama/Llama-3.2-1B-Instruct,draft_model,draft_model,V1 full patches,gsm8k_r1llama,r_fuzzy,0.25,,full,150,150,done,K5,0.00
5,r1-distill-llama-8b__llama32-1b,deepseek-ai/DeepSeek-R1-Distill-Llama-8B,meta-llama/Llama-3.2-1B-Instruct,draft_model,draft_model,V1 full patches,gsm8k_r1llama,spec_casc_tok,0.8,,full,150,150,done,K6,0.00
5,r1-distill-llama-8b__llama32-1b,deepseek-ai/DeepSeek-R1-Distill-Llama-8B,meta-llama/Llama-3.2-1B-Instruct,draft_model,draft_model,V1 full patches,livecodebench_r1llama,strict,strict,,full,90,90,done,K2,0.00
5,r1-distill-llama-8b__llama32-1b,deepseek-ai/DeepSeek-R1-Distill-Llama-8B,meta-llama/Llama-3.2-1B-Instruct,draft_model,draft_model,V1 full patches,livecodebench_r1llama,mentored_dec,0.75,,full,90,90,done,K3,0.00
5,r1-distill-llama-8b__llama32-1b,deepseek-ai/DeepSeek-R1-Distill-Llama-8B,meta-llama/Llama-3.2-1B-Instruct,draft_model,draft_model,V1 full patches,livecodebench_r1llama,cactus,0.35,,full,90,90,done,K4,0.00
5,r1-distill-llama-8b__llama32-1b,deepseek-ai/DeepSeek-R1-Distill-Llama-8B,meta-llama/Llama-3.2-1B-Instruct,draft_model,draft_model,V1 full patches,livecodebench_r1llama,spec_casc_opt,0.05,,full,90,90,done,K5,0.00
5,r1-distill-llama-8b__llama32-1b,deepseek-ai/DeepSeek-R1-Distill-Llama-8B,meta-llama/Llama-3.2-1B-Instruct,draft_model,draft_model,V1 full patches,livecodebench_r1llama,r_fuzzy,0.25,,full,90,90,done,K6,0.00
5,r1-distill-llama-8b__llama32-1b,deepseek-ai/DeepSeek-R1-Distill-Llama-8B,meta-llama/Llama-3.2-1B-Instruct,draft_model,draft_model,V1 full patches,livecodebench_r1llama,spec_casc_tok,0.8,,full,90,90,done,K7,0.00
6,qwen3-8b__eagle3-fix,Qwen/Qwen3-8B,RedHatAI/Qwen3-8B-speculator.eagle3,eagle3,eagle3,V2 accept-test-only,gsm8k_qwen3,spec_casc_tok_lt,0.15,,full,150,150,done,K6,0.00
6,qwen3-8b__eagle3-fix,Qwen/Qwen3-8B,RedHatAI/Qwen3-8B-speculator.eagle3,eagle3,eagle3,V2 accept-test-only,gsm8k_qwen3,spec_casc_tok_lt,0.2,,full,150,150,done,K7,0.00
6,qwen3-8b__eagle3-fix,Qwen/Qwen3-8B,RedHatAI/Qwen3-8B-speculator.eagle3,eagle3,eagle3,V2 accept-test-only,gsm8k_qwen3,spec_casc_opt_head,0.05,0.15,full,150,150,done,K2,0.00
6,qwen3-8b__eagle3-fix,Qwen/Qwen3-8B,RedHatAI/Qwen3-8B-speculator.eagle3,eagle3,eagle3,V2 accept-test-only,livecodebench_qwen3,spec_casc_tok_lt,0.15,,full,90,90,done,K6,0.00
6,qwen3-8b__eagle3-fix,Qwen/Qwen3-8B,RedHatAI/Qwen3-8B-speculator.eagle3,eagle3,eagle3,V2 accept-test-only,livecodebench_qwen3,spec_casc_tok_lt,0.2,,full,90,90,done,K7,0.00
6,qwen3-8b__eagle3-fix,Qwen/Qwen3-8B,RedHatAI/Qwen3-8B-speculator.eagle3,eagle3,eagle3,V2 accept-test-only,livecodebench_qwen3,spec_casc_opt_head,0.05,0.15,full,90,90,done,K8,0.00
7,qwen3-8b__peagle,Qwen/Qwen3-8B,RedHatAI/Qwen3-8B-speculator.peagle,eagle3,eagle3,V1 full patches,gsm8k_qwen3,strict,strict,,full,150,150,done,K7,0.00
7,qwen3-8b__peagle,Qwen/Qwen3-8B,RedHatAI/Qwen3-8B-speculator.peagle,eagle3,eagle3,V1 full patches,gsm8k_qwen3,mentored_dec,0.75,,full,150,150,done,K8,0.00
7,qwen3-8b__peagle,Qwen/Qwen3-8B,RedHatAI/Qwen3-8B-speculator.peagle,eagle3,eagle3,V1 full patches,gsm8k_qwen3,cactus,0.35,,full,150,150,done,K7,0.00
7,qwen3-8b__peagle,Qwen/Qwen3-8B,RedHatAI/Qwen3-8B-speculator.peagle,eagle3,eagle3,V1 full patches,gsm8k_qwen3,spec_casc_opt,0.05,,full,150,150,done,K8,0.00
7,qwen3-8b__peagle,Qwen/Qwen3-8B,RedHatAI/Qwen3-8B-speculator.peagle,eagle3,eagle3,V1 full patches,gsm8k_qwen3,r_fuzzy,0.25,,full,150,150,done,K7,0.00
7,qwen3-8b__peagle,Qwen/Qwen3-8B,RedHatAI/Qwen3-8B-speculator.peagle,eagle3,eagle3,V1 full patches,gsm8k_qwen3,spec_casc_tok,0.8,,full,150,150,done,K8,0.00
7,qwen3-8b__peagle,Qwen/Qwen3-8B,RedHatAI/Qwen3-8B-speculator.peagle,eagle3,eagle3,V1 full patches,livecodebench_qwen3,strict,strict,,full,90,90,done,K1,0.00
7,qwen3-8b__peagle,Qwen/Qwen3-8B,RedHatAI/Qwen3-8B-speculator.peagle,eagle3,eagle3,V1 full patches,livecodebench_qwen3,mentored_dec,0.75,,full,90,90,done,K2,0.00
7,qwen3-8b__peagle,Qwen/Qwen3-8B,RedHatAI/Qwen3-8B-speculator.peagle,eagle3,eagle3,V1 full patches,livecodebench_qwen3,cactus,0.35,,full,90,90,done,K3,0.00
7,qwen3-8b__peagle,Qwen/Qwen3-8B,RedHatAI/Qwen3-8B-speculator.peagle,eagle3,eagle3,V1 full patches,livecodebench_qwen3,spec_casc_opt,0.05,,full,90,90,done,K4,0.00
7,qwen3-8b__peagle,Qwen/Qwen3-8B,RedHatAI/Qwen3-8B-speculator.peagle,eagle3,eagle3,V1 full patches,livecodebench_qwen3,r_fuzzy,0.25,,full,90,90,done,K5,0.00
7,qwen3-8b__peagle,Qwen/Qwen3-8B,RedHatAI/Qwen3-8B-speculator.peagle,eagle3,eagle3,V1 full patches,livecodebench_qwen3,spec_casc_tok,0.8,,full,90,90,done,K6,0.00
