=== extend50 job (pid 1910221) exited at 2026-08-28T23:19:43Z, starting extend150 ===
1 server(s) (one per arm/seed), 100 case(s) total

[1/1] arm=mentored_dec seed=0 -> 100 case(s), one server -> /home/chiatzen/lossy-token-eff/logs/campaign_gsm8k_extend50_reuse/mentoredDec0.15_batch_20260828T231944Z.log
case_051 seed=0 mode=mentoredDec0.15: L=175 finish=stop l_bar=2.07 L/l_bar=84.5 final_ch=True wall=1.06s
case_052 seed=0 mode=mentoredDec0.15: L=247 finish=stop l_bar=2.952 L/l_bar=83.7 final_ch=True wall=1.54s
case_053 seed=0 mode=mentoredDec0.15: L=170 finish=stop l_bar=2.778 L/l_bar=61.2 final_ch=True wall=1.51s
case_054 seed=0 mode=mentoredDec0.15: L=179 finish=stop l_bar=2.729 L/l_bar=65.6 final_ch=True wall=1.67s
case_055 seed=0 mode=mentoredDec0.15: L=535 finish=stop l_bar=2.809 L/l_bar=190.5 final_ch=True wall=3.88s
case_056 seed=0 mode=mentoredDec0.15: L=209 finish=stop l_bar=3.795 L/l_bar=55.1 final_ch=True wall=1.60s
case_057 seed=0 mode=mentoredDec0.15: L=280 finish=stop l_bar=3.103 L/l_bar=90.2 final_ch=True wall=2.09s
case_058 seed=0 mode=mentoredDec0.15: L=132 finish=stop l_bar=2.8 L/l_bar=47.1 final_ch=True wall=1.26s
case_059 seed=0 mode=mentoredDec0.15: L=453 finish=stop l_bar=2.775 L/l_bar=163.2 final_ch=True wall=3.19s
case_060 seed=0 mode=mentoredDec0.15: L=66 finish=stop l_bar=3.188 L/l_bar=20.7 final_ch=True wall=0.73s
case_061 seed=0 mode=mentoredDec0.15: L=303 finish=stop l_bar=2.523 L/l_bar=120.1 final_ch=True wall=2.24s
case_062 seed=0 mode=mentoredDec0.15: L=197 finish=stop l_bar=2.92 L/l_bar=67.5 final_ch=True wall=1.56s
case_063 seed=0 mode=mentoredDec0.15: L=2048 finish=length l_bar=2.895 L/l_bar=707.3 final_ch=False wall=12.37s
case_064 seed=0 mode=mentoredDec0.15: L=206 finish=stop l_bar=2.732 L/l_bar=75.4 final_ch=True wall=1.68s
case_065 seed=0 mode=mentoredDec0.15: L=90 finish=stop l_bar=2.75 L/l_bar=32.7 final_ch=True wall=1.03s
case_066 seed=0 mode=mentoredDec0.15: L=187 finish=stop l_bar=3.318 L/l_bar=56.4 final_ch=True wall=1.42s
case_067 seed=0 mode=mentoredDec0.15: L=290 finish=stop l_bar=3.439 L/l_bar=84.3 final_ch=True wall=1.98s
case_068 seed=0 mode=mentoredDec0.15: L=129 finish=stop l_bar=2.686 L/l_bar=48.0 final_ch=True wall=1.17s
case_069 seed=0 mode=mentoredDec0.15: L=141 finish=stop l_bar=3.303 L/l_bar=42.7 final_ch=True wall=1.17s
case_070 seed=0 mode=mentoredDec0.15: L=69 finish=stop l_bar=2.833 L/l_bar=24.4 final_ch=True wall=0.80s
case_071 seed=0 mode=mentoredDec0.15: L=315 finish=stop l_bar=2.738 L/l_bar=115.0 final_ch=True wall=2.33s
case_072 seed=0 mode=mentoredDec0.15: L=168 finish=stop l_bar=4.152 L/l_bar=40.5 final_ch=True wall=1.28s
case_073 seed=0 mode=mentoredDec0.15: L=96 finish=stop l_bar=3.0 L/l_bar=32.0 final_ch=True wall=0.95s
case_074 seed=0 mode=mentoredDec0.15: L=689 finish=stop l_bar=2.327 L/l_bar=296.1 final_ch=True wall=4.89s
case_075 seed=0 mode=mentoredDec0.15: L=188 finish=stop l_bar=3.372 L/l_bar=55.8 final_ch=True wall=1.62s
case_076 seed=0 mode=mentoredDec0.15: L=507 finish=stop l_bar=2.49 L/l_bar=203.6 final_ch=True wall=3.56s
case_077 seed=0 mode=mentoredDec0.15: L=212 finish=stop l_bar=2.61 L/l_bar=81.2 final_ch=True wall=1.75s
case_078 seed=0 mode=mentoredDec0.15: L=190 finish=stop l_bar=2.745 L/l_bar=69.2 final_ch=True wall=1.55s
case_079 seed=0 mode=mentoredDec0.15: L=1010 finish=stop l_bar=2.611 L/l_bar=386.9 final_ch=True wall=6.50s
case_080 seed=0 mode=mentoredDec0.15: L=114 finish=stop l_bar=2.257 L/l_bar=50.5 final_ch=True wall=1.12s
case_081 seed=0 mode=mentoredDec0.15: L=140 finish=stop l_bar=3.086 L/l_bar=45.4 final_ch=True wall=1.16s
case_082 seed=0 mode=mentoredDec0.15: L=101 finish=stop l_bar=3.208 L/l_bar=31.5 final_ch=True wall=0.96s
case_083 seed=0 mode=mentoredDec0.15: L=91 finish=stop l_bar=2.64 L/l_bar=34.5 final_ch=True wall=0.87s
case_084 seed=0 mode=mentoredDec0.15: L=90 finish=stop l_bar=2.462 L/l_bar=36.6 final_ch=True wall=0.91s
case_085 seed=0 mode=mentoredDec0.15: L=208 finish=stop l_bar=2.714 L/l_bar=76.6 final_ch=True wall=1.56s
case_086 seed=0 mode=mentoredDec0.15: L=1600 finish=stop l_bar=2.524 L/l_bar=633.9 final_ch=True wall=10.43s
case_087 seed=0 mode=mentoredDec0.15: L=237 finish=stop l_bar=3.389 L/l_bar=69.9 final_ch=True wall=1.79s
case_088 seed=0 mode=mentoredDec0.15: L=884 finish=stop l_bar=2.794 L/l_bar=316.4 final_ch=True wall=5.66s
case_089 seed=0 mode=mentoredDec0.15: L=101 finish=stop l_bar=3.04 L/l_bar=33.2 final_ch=True wall=0.92s
case_090 seed=0 mode=mentoredDec0.15: L=278 finish=stop l_bar=2.77 L/l_bar=100.4 final_ch=True wall=2.04s
case_091 seed=0 mode=mentoredDec0.15: L=116 finish=stop l_bar=2.515 L/l_bar=46.1 final_ch=True wall=1.18s
case_092 seed=0 mode=mentoredDec0.15: L=128 finish=stop l_bar=2.969 L/l_bar=43.1 final_ch=True wall=1.09s
case_093 seed=0 mode=mentoredDec0.15: L=245 finish=stop l_bar=2.141 L/l_bar=114.4 final_ch=True wall=1.99s
case_094 seed=0 mode=mentoredDec0.15: L=1106 finish=stop l_bar=2.674 L/l_bar=413.5 final_ch=True wall=7.12s
case_095 seed=0 mode=mentoredDec0.15: L=219 finish=stop l_bar=3.056 L/l_bar=71.7 final_ch=True wall=1.62s
case_096 seed=0 mode=mentoredDec0.15: L=132 finish=stop l_bar=3.0 L/l_bar=44.0 final_ch=True wall=1.12s
case_097 seed=0 mode=mentoredDec0.15: L=73 finish=stop l_bar=2.476 L/l_bar=29.5 final_ch=True wall=0.79s
case_098 seed=0 mode=mentoredDec0.15: L=335 finish=stop l_bar=2.36 L/l_bar=141.9 final_ch=True wall=2.53s
case_099 seed=0 mode=mentoredDec0.15: L=306 finish=stop l_bar=3.781 L/l_bar=80.9 final_ch=True wall=2.06s
case_100 seed=0 mode=mentoredDec0.15: L=213 finish=stop l_bar=2.789 L/l_bar=76.4 final_ch=True wall=1.76s
case_101 seed=0 mode=mentoredDec0.15: L=311 finish=stop l_bar=2.84 L/l_bar=109.5 final_ch=True wall=2.34s
case_102 seed=0 mode=mentoredDec0.15: L=307 finish=stop l_bar=3.338 L/l_bar=92.0 final_ch=True wall=2.18s
case_103 seed=0 mode=mentoredDec0.15: L=429 finish=stop l_bar=2.722 L/l_bar=157.6 final_ch=True wall=3.03s
case_104 seed=0 mode=mentoredDec0.15: L=311 finish=stop l_bar=2.229 L/l_bar=139.5 final_ch=True wall=2.42s
case_105 seed=0 mode=mentoredDec0.15: L=209 finish=stop l_bar=2.981 L/l_bar=70.1 final_ch=True wall=1.57s
case_106 seed=0 mode=mentoredDec0.15: L=77 finish=stop l_bar=3.278 L/l_bar=23.5 final_ch=True wall=0.75s
case_107 seed=0 mode=mentoredDec0.15: L=404 finish=stop l_bar=2.821 L/l_bar=143.2 final_ch=True wall=2.69s
case_108 seed=0 mode=mentoredDec0.15: L=649 finish=stop l_bar=3.514 L/l_bar=184.7 final_ch=True wall=3.97s
case_109 seed=0 mode=mentoredDec0.15: L=184 finish=stop l_bar=2.608 L/l_bar=70.6 final_ch=True wall=1.57s
case_110 seed=0 mode=mentoredDec0.15: L=85 finish=stop l_bar=2.864 L/l_bar=29.7 final_ch=True wall=0.91s
case_111 seed=0 mode=mentoredDec0.15: L=512 finish=stop l_bar=2.545 L/l_bar=201.2 final_ch=True wall=3.64s
case_112 seed=0 mode=mentoredDec0.15: L=254 finish=stop l_bar=2.06 L/l_bar=123.3 final_ch=True wall=2.16s
case_113 seed=0 mode=mentoredDec0.15: L=243 finish=stop l_bar=3.537 L/l_bar=68.7 final_ch=True wall=1.72s
case_114 seed=0 mode=mentoredDec0.15: L=219 finish=stop l_bar=2.65 L/l_bar=82.6 final_ch=True wall=1.66s
case_115 seed=0 mode=mentoredDec0.15: L=590 finish=stop l_bar=2.947 L/l_bar=200.2 final_ch=True wall=3.84s
case_116 seed=0 mode=mentoredDec0.15: L=342 finish=stop l_bar=2.33 L/l_bar=146.8 final_ch=True wall=2.64s
case_117 seed=0 mode=mentoredDec0.15: L=333 finish=stop l_bar=2.63 L/l_bar=126.6 final_ch=True wall=2.39s
case_118 seed=0 mode=mentoredDec0.15: L=106 finish=stop l_bar=4.143 L/l_bar=25.6 final_ch=True wall=0.86s
case_119 seed=0 mode=mentoredDec0.15: L=151 finish=stop l_bar=3.371 L/l_bar=44.8 final_ch=True wall=1.27s
case_120 seed=0 mode=mentoredDec0.15: L=2048 finish=length l_bar=2.78 L/l_bar=736.6 final_ch=False wall=12.68s
case_121 seed=0 mode=mentoredDec0.15: L=183 finish=stop l_bar=2.155 L/l_bar=84.9 final_ch=True wall=1.54s
case_122 seed=0 mode=mentoredDec0.15: L=181 finish=stop l_bar=3.186 L/l_bar=56.8 final_ch=True wall=1.39s
case_123 seed=0 mode=mentoredDec0.15: L=399 finish=stop l_bar=2.562 L/l_bar=155.7 final_ch=True wall=2.81s
case_124 seed=0 mode=mentoredDec0.15: L=178 finish=stop l_bar=3.045 L/l_bar=58.4 final_ch=True wall=1.38s
case_125 seed=0 mode=mentoredDec0.15: L=351 finish=stop l_bar=2.978 L/l_bar=117.9 final_ch=True wall=2.43s
case_126 seed=0 mode=mentoredDec0.15: L=905 finish=stop l_bar=2.263 L/l_bar=400.0 final_ch=True wall=6.29s
case_127 seed=0 mode=mentoredDec0.15: L=73 finish=stop l_bar=2.842 L/l_bar=25.7 final_ch=True wall=0.81s
case_128 seed=0 mode=mentoredDec0.15: L=61 finish=stop l_bar=2.588 L/l_bar=23.6 final_ch=True wall=0.72s
case_129 seed=0 mode=mentoredDec0.15: L=142 finish=stop l_bar=2.349 L/l_bar=60.5 final_ch=True wall=1.36s
case_130 seed=0 mode=mentoredDec0.15: L=427 finish=stop l_bar=2.65 L/l_bar=161.2 final_ch=True wall=2.95s
case_131 seed=0 mode=mentoredDec0.15: L=116 finish=stop l_bar=3.68 L/l_bar=31.5 final_ch=True wall=0.99s
case_132 seed=0 mode=mentoredDec0.15: L=105 finish=stop l_bar=2.786 L/l_bar=37.7 final_ch=True wall=0.96s
case_133 seed=0 mode=mentoredDec0.15: L=250 finish=stop l_bar=2.623 L/l_bar=95.3 final_ch=True wall=1.92s
case_134 seed=0 mode=mentoredDec0.15: L=101 finish=stop l_bar=2.643 L/l_bar=38.2 final_ch=True wall=0.98s
case_135 seed=0 mode=mentoredDec0.15: L=76 finish=stop l_bar=3.0 L/l_bar=25.3 final_ch=True wall=0.75s
case_136 seed=0 mode=mentoredDec0.15: L=529 finish=stop l_bar=2.977 L/l_bar=177.7 final_ch=True wall=3.39s
case_137 seed=0 mode=mentoredDec0.15: L=80 finish=stop l_bar=2.375 L/l_bar=33.7 final_ch=True wall=0.89s
case_138 seed=0 mode=mentoredDec0.15: L=303 finish=stop l_bar=3.591 L/l_bar=84.4 final_ch=True wall=2.04s
case_139 seed=0 mode=mentoredDec0.15: L=520 finish=stop l_bar=2.537 L/l_bar=204.9 final_ch=True wall=3.60s
case_140 seed=0 mode=mentoredDec0.15: L=1377 finish=stop l_bar=3.7 L/l_bar=372.2 final_ch=True wall=7.59s
case_141 seed=0 mode=mentoredDec0.15: L=154 finish=stop l_bar=3.026 L/l_bar=50.9 final_ch=True wall=1.27s
case_142 seed=0 mode=mentoredDec0.15: L=294 finish=stop l_bar=3.439 L/l_bar=85.5 final_ch=True wall=1.98s
case_143 seed=0 mode=mentoredDec0.15: L=145 finish=stop l_bar=3.028 L/l_bar=47.9 final_ch=True wall=1.22s
case_144 seed=0 mode=mentoredDec0.15: L=311 finish=stop l_bar=3.026 L/l_bar=102.8 final_ch=True wall=2.23s
case_145 seed=0 mode=mentoredDec0.15: L=193 finish=stop l_bar=2.784 L/l_bar=69.3 final_ch=True wall=1.74s
case_146 seed=0 mode=mentoredDec0.15: L=193 finish=stop l_bar=2.92 L/l_bar=66.1 final_ch=True wall=1.49s
case_147 seed=0 mode=mentoredDec0.15: L=346 finish=stop l_bar=2.867 L/l_bar=120.7 final_ch=True wall=2.49s
case_148 seed=0 mode=mentoredDec0.15: L=2048 finish=length l_bar=2.719 L/l_bar=753.3 final_ch=False wall=12.96s
case_149 seed=0 mode=mentoredDec0.15: L=69 finish=stop l_bar=1.654 L/l_bar=41.7 final_ch=True wall=0.93s
case_150 seed=0 mode=mentoredDec0.15: L=109 finish=stop l_bar=2.964 L/l_bar=36.8 final_ch=True wall=1.02s
[1/1] ok in 351s for 100 case(s)

wrote /home/chiatzen/lossy-token-eff/runs/gsm8k/persistent_arm_replay.json; 1/1 group(s) ok, 100 case(s) attempted
1 server(s) (one per arm/seed), 100 case(s) total

[1/1] arm=mentored_dec seed=0 -> 100 case(s), one server -> /home/chiatzen/lossy-token-eff/logs/campaign_gsm8k_extend50_reuse/mentoredDec0.35_batch_20260828T232535Z.log
case_051 seed=0 mode=mentoredDec0.35: L=120 finish=stop l_bar=2.606 L/l_bar=46.0 final_ch=True wall=0.73s
case_052 seed=0 mode=mentoredDec0.35: L=169 finish=stop l_bar=3.3 L/l_bar=51.2 final_ch=True wall=1.00s
case_053 seed=0 mode=mentoredDec0.35: L=281 finish=stop l_bar=3.258 L/l_bar=86.3 final_ch=True wall=2.05s
case_054 seed=0 mode=mentoredDec0.35: L=97 finish=stop l_bar=2.88 L/l_bar=33.7 final_ch=True wall=1.13s
case_055 seed=0 mode=mentoredDec0.35: L=677 finish=stop l_bar=3.564 L/l_bar=190.0 final_ch=True wall=4.24s
case_056 seed=0 mode=mentoredDec0.35: L=89 finish=stop l_bar=4.625 L/l_bar=19.2 final_ch=True wall=0.85s
case_057 seed=0 mode=mentoredDec0.35: L=437 finish=stop l_bar=3.192 L/l_bar=136.9 final_ch=True wall=2.89s
case_058 seed=0 mode=mentoredDec0.35: L=245 finish=stop l_bar=2.514 L/l_bar=97.4 final_ch=True wall=2.02s
case_059 seed=0 mode=mentoredDec0.35: L=360 finish=stop l_bar=3.045 L/l_bar=118.2 final_ch=True wall=2.60s
case_060 seed=0 mode=mentoredDec0.35: L=119 finish=stop l_bar=4.217 L/l_bar=28.2 final_ch=True wall=0.94s
case_061 seed=0 mode=mentoredDec0.35: L=397 finish=stop l_bar=3.337 L/l_bar=119.0 final_ch=True wall=2.65s
case_062 seed=0 mode=mentoredDec0.35: L=228 finish=stop l_bar=2.931 L/l_bar=77.8 final_ch=True wall=1.77s
case_063 seed=0 mode=mentoredDec0.35: L=2048 finish=length l_bar=3.0 L/l_bar=682.7 final_ch=False wall=12.23s
case_064 seed=0 mode=mentoredDec0.35: L=134 finish=stop l_bar=2.829 L/l_bar=47.4 final_ch=True wall=1.25s
case_065 seed=0 mode=mentoredDec0.35: L=118 finish=stop l_bar=3.917 L/l_bar=30.1 final_ch=True wall=1.11s
case_066 seed=0 mode=mentoredDec0.35: L=296 finish=stop l_bar=3.353 L/l_bar=88.3 final_ch=True wall=2.07s
case_067 seed=0 mode=mentoredDec0.35: L=208 finish=stop l_bar=3.447 L/l_bar=60.3 final_ch=True wall=1.59s
case_068 seed=0 mode=mentoredDec0.35: L=174 finish=stop l_bar=3.375 L/l_bar=51.6 final_ch=True wall=1.38s
case_069 seed=0 mode=mentoredDec0.35: L=130 finish=stop l_bar=2.97 L/l_bar=43.8 final_ch=True wall=1.14s
case_070 seed=0 mode=mentoredDec0.35: L=152 finish=stop l_bar=3.576 L/l_bar=42.5 final_ch=True wall=1.23s
case_071 seed=0 mode=mentoredDec0.35: L=207 finish=stop l_bar=2.764 L/l_bar=74.9 final_ch=True wall=1.65s
case_072 seed=0 mode=mentoredDec0.35: L=86 finish=stop l_bar=3.778 L/l_bar=22.8 final_ch=True wall=0.84s
case_073 seed=0 mode=mentoredDec0.35: L=161 finish=stop l_bar=3.025 L/l_bar=53.2 final_ch=True wall=1.30s
case_074 seed=0 mode=mentoredDec0.35: L=600 finish=stop l_bar=2.745 L/l_bar=218.6 final_ch=True wall=3.97s
case_075 seed=0 mode=mentoredDec0.35: L=347 finish=stop l_bar=3.131 L/l_bar=110.8 final_ch=True wall=2.51s
case_076 seed=0 mode=mentoredDec0.35: L=316 finish=stop l_bar=3.038 L/l_bar=104.0 final_ch=True wall=2.23s
case_077 seed=0 mode=mentoredDec0.35: L=258 finish=stop l_bar=2.881 L/l_bar=89.6 final_ch=True wall=2.04s
case_078 seed=0 mode=mentoredDec0.35: L=220 finish=stop l_bar=3.25 L/l_bar=67.7 final_ch=True wall=1.60s
case_079 seed=0 mode=mentoredDec0.35: L=973 finish=stop l_bar=2.865 L/l_bar=339.6 final_ch=True wall=6.00s
case_080 seed=0 mode=mentoredDec0.35: L=73 finish=stop l_bar=3.294 L/l_bar=22.2 final_ch=True wall=0.77s
case_081 seed=0 mode=mentoredDec0.35: L=162 finish=stop l_bar=3.179 L/l_bar=51.0 final_ch=True wall=1.26s
case_082 seed=0 mode=mentoredDec0.35: L=106 finish=stop l_bar=3.32 L/l_bar=31.9 final_ch=True wall=0.99s
case_083 seed=0 mode=mentoredDec0.35: L=189 finish=stop l_bar=3.585 L/l_bar=52.7 final_ch=True wall=1.38s
case_084 seed=0 mode=mentoredDec0.35: L=190 finish=stop l_bar=4.135 L/l_bar=45.9 final_ch=True wall=1.35s
case_085 seed=0 mode=mentoredDec0.35: L=212 finish=stop l_bar=2.655 L/l_bar=79.8 final_ch=True wall=1.63s
case_086 seed=0 mode=mentoredDec0.35: L=509 finish=stop l_bar=2.688 L/l_bar=189.3 final_ch=True wall=3.63s
case_087 seed=0 mode=mentoredDec0.35: L=372 finish=stop l_bar=3.088 L/l_bar=120.5 final_ch=True wall=2.60s
case_088 seed=0 mode=mentoredDec0.35: L=1430 finish=stop l_bar=2.921 L/l_bar=489.6 final_ch=True wall=8.76s
case_089 seed=0 mode=mentoredDec0.35: L=114 finish=stop l_bar=3.423 L/l_bar=33.3 final_ch=True wall=0.97s
case_090 seed=0 mode=mentoredDec0.35: L=611 finish=stop l_bar=2.778 L/l_bar=220.0 final_ch=True wall=4.00s
case_091 seed=0 mode=mentoredDec0.35: L=173 finish=stop l_bar=3.195 L/l_bar=54.1 final_ch=True wall=1.44s
case_092 seed=0 mode=mentoredDec0.35: L=95 finish=stop l_bar=3.0 L/l_bar=31.7 final_ch=True wall=0.90s
case_093 seed=0 mode=mentoredDec0.35: L=213 finish=stop l_bar=2.944 L/l_bar=72.3 final_ch=True wall=1.59s
case_094 seed=0 mode=mentoredDec0.35: L=1039 finish=stop l_bar=2.816 L/l_bar=368.9 final_ch=True wall=6.72s
case_095 seed=0 mode=mentoredDec0.35: L=300 finish=stop l_bar=3.778 L/l_bar=79.4 final_ch=True wall=1.95s
case_096 seed=0 mode=mentoredDec0.35: L=143 finish=stop l_bar=3.613 L/l_bar=39.6 final_ch=True wall=1.11s
case_097 seed=0 mode=mentoredDec0.35: L=98 finish=stop l_bar=3.083 L/l_bar=31.8 final_ch=True wall=0.90s
case_098 seed=0 mode=mentoredDec0.35: L=353 finish=stop l_bar=2.89 L/l_bar=122.1 final_ch=True wall=2.45s
case_099 seed=0 mode=mentoredDec0.35: L=386 finish=stop l_bar=2.676 L/l_bar=144.2 final_ch=True wall=2.80s
case_100 seed=0 mode=mentoredDec0.35: L=418 finish=stop l_bar=2.925 L/l_bar=142.9 final_ch=True wall=2.92s
case_101 seed=0 mode=mentoredDec0.35: L=659 finish=stop l_bar=3.545 L/l_bar=185.9 final_ch=True wall=4.11s
case_102 seed=0 mode=mentoredDec0.35: L=241 finish=stop l_bar=2.766 L/l_bar=87.1 final_ch=True wall=1.91s
case_103 seed=0 mode=mentoredDec0.35: L=524 finish=stop l_bar=2.853 L/l_bar=183.7 final_ch=True wall=3.57s
case_104 seed=0 mode=mentoredDec0.35: L=330 finish=stop l_bar=3.244 L/l_bar=101.7 final_ch=True wall=2.24s
case_105 seed=0 mode=mentoredDec0.35: L=143 finish=stop l_bar=2.667 L/l_bar=53.6 final_ch=True wall=1.23s
case_106 seed=0 mode=mentoredDec0.35: L=72 finish=stop l_bar=2.789 L/l_bar=25.8 final_ch=True wall=0.76s
case_107 seed=0 mode=mentoredDec0.35: L=192 finish=stop l_bar=2.556 L/l_bar=75.1 final_ch=True wall=1.53s
case_108 seed=0 mode=mentoredDec0.35: L=405 finish=stop l_bar=3.667 L/l_bar=110.5 final_ch=True wall=2.64s
case_109 seed=0 mode=mentoredDec0.35: L=363 finish=stop l_bar=3.427 L/l_bar=105.9 final_ch=True wall=2.38s
case_110 seed=0 mode=mentoredDec0.35: L=226 finish=stop l_bar=3.52 L/l_bar=64.2 final_ch=True wall=1.58s
case_111 seed=0 mode=mentoredDec0.35: L=443 finish=stop l_bar=2.812 L/l_bar=157.5 final_ch=True wall=3.04s
case_112 seed=0 mode=mentoredDec0.35: L=526 finish=stop l_bar=2.86 L/l_bar=183.9 final_ch=True wall=3.43s
case_113 seed=0 mode=mentoredDec0.35: L=242 finish=stop l_bar=3.207 L/l_bar=75.5 final_ch=True wall=1.75s
case_114 seed=0 mode=mentoredDec0.35: L=223 finish=stop l_bar=3.208 L/l_bar=69.5 final_ch=True wall=1.56s
case_115 seed=0 mode=mentoredDec0.35: L=420 finish=stop l_bar=3.178 L/l_bar=132.1 final_ch=True wall=2.78s
case_116 seed=0 mode=mentoredDec0.35: L=488 finish=stop l_bar=3.179 L/l_bar=153.5 final_ch=True wall=3.16s
case_117 seed=0 mode=mentoredDec0.35: L=192 finish=stop l_bar=3.174 L/l_bar=60.5 final_ch=True wall=1.44s
case_118 seed=0 mode=mentoredDec0.35: L=96 finish=stop l_bar=3.0 L/l_bar=32.0 final_ch=True wall=0.87s
case_119 seed=0 mode=mentoredDec0.35: L=143 finish=stop l_bar=3.235 L/l_bar=44.2 final_ch=True wall=1.22s
case_120 seed=0 mode=mentoredDec0.35: L=2048 finish=length l_bar=3.039 L/l_bar=673.8 final_ch=False wall=11.93s
case_121 seed=0 mode=mentoredDec0.35: L=312 finish=stop l_bar=3.0 L/l_bar=104.0 final_ch=True wall=2.10s
case_122 seed=0 mode=mentoredDec0.35: L=112 finish=stop l_bar=3.308 L/l_bar=33.9 final_ch=True wall=0.99s
case_123 seed=0 mode=mentoredDec0.35: L=213 finish=stop l_bar=3.367 L/l_bar=63.3 final_ch=True wall=1.57s
case_124 seed=0 mode=mentoredDec0.35: L=180 finish=stop l_bar=3.667 L/l_bar=49.1 final_ch=True wall=1.30s
case_125 seed=0 mode=mentoredDec0.35: L=230 finish=stop l_bar=2.609 L/l_bar=88.1 final_ch=True wall=1.83s
case_126 seed=0 mode=mentoredDec0.35: L=364 finish=stop l_bar=2.914 L/l_bar=124.9 final_ch=True wall=2.63s
case_127 seed=0 mode=mentoredDec0.35: L=73 finish=stop l_bar=2.895 L/l_bar=25.2 final_ch=True wall=0.80s
case_128 seed=0 mode=mentoredDec0.35: L=60 finish=stop l_bar=4.455 L/l_bar=13.5 final_ch=True wall=0.63s
case_129 seed=0 mode=mentoredDec0.35: L=185 finish=stop l_bar=3.512 L/l_bar=52.7 final_ch=True wall=1.42s
case_130 seed=0 mode=mentoredDec0.35: L=753 finish=stop l_bar=2.728 L/l_bar=276.1 final_ch=True wall=4.83s
case_131 seed=0 mode=mentoredDec0.35: L=176 finish=stop l_bar=3.4 L/l_bar=51.8 final_ch=True wall=1.33s
case_132 seed=0 mode=mentoredDec0.35: L=64 finish=stop l_bar=2.765 L/l_bar=23.1 final_ch=True wall=0.72s
case_133 seed=0 mode=mentoredDec0.35: L=176 finish=stop l_bar=3.0 L/l_bar=58.7 final_ch=True wall=1.41s
case_134 seed=0 mode=mentoredDec0.35: L=156 finish=stop l_bar=3.647 L/l_bar=42.8 final_ch=True wall=1.18s
case_135 seed=0 mode=mentoredDec0.35: L=74 finish=stop l_bar=2.524 L/l_bar=29.3 final_ch=True wall=0.76s
case_136 seed=0 mode=mentoredDec0.35: L=190 finish=stop l_bar=3.419 L/l_bar=55.6 final_ch=True wall=1.38s
case_137 seed=0 mode=mentoredDec0.35: L=110 finish=stop l_bar=3.385 L/l_bar=32.5 final_ch=True wall=0.97s
case_138 seed=0 mode=mentoredDec0.35: L=289 finish=stop l_bar=3.721 L/l_bar=77.7 final_ch=True wall=1.92s
case_139 seed=0 mode=mentoredDec0.35: L=377 finish=stop l_bar=3.065 L/l_bar=123.0 final_ch=True wall=2.62s
case_140 seed=0 mode=mentoredDec0.35: L=1667 finish=stop l_bar=3.846 L/l_bar=433.4 final_ch=True wall=9.22s
case_141 seed=0 mode=mentoredDec0.35: L=92 finish=stop l_bar=3.571 L/l_bar=25.8 final_ch=True wall=0.88s
case_142 seed=0 mode=mentoredDec0.35: L=241 finish=stop l_bar=2.708 L/l_bar=89.0 final_ch=True wall=1.82s
case_143 seed=0 mode=mentoredDec0.35: L=132 finish=stop l_bar=2.771 L/l_bar=47.6 final_ch=True wall=1.17s
case_144 seed=0 mode=mentoredDec0.35: L=275 finish=stop l_bar=3.911 L/l_bar=70.3 final_ch=True wall=1.78s
case_145 seed=0 mode=mentoredDec0.35: L=228 finish=stop l_bar=2.738 L/l_bar=83.3 final_ch=True wall=1.93s
case_146 seed=0 mode=mentoredDec0.35: L=150 finish=stop l_bar=2.261 L/l_bar=66.3 final_ch=True wall=1.33s
case_147 seed=0 mode=mentoredDec0.35: L=757 finish=stop l_bar=3.277 L/l_bar=231.0 final_ch=True wall=4.56s
case_148 seed=0 mode=mentoredDec0.35: L=2048 finish=length l_bar=3.012 L/l_bar=680.0 final_ch=False wall=12.12s
case_149 seed=0 mode=mentoredDec0.35: L=189 finish=stop l_bar=3.395 L/l_bar=55.7 final_ch=True wall=1.43s
case_150 seed=0 mode=mentoredDec0.35: L=134 finish=stop l_bar=3.786 L/l_bar=35.4 final_ch=True wall=1.08s
[1/1] ok in 346s for 100 case(s)

wrote /home/chiatzen/lossy-token-eff/runs/gsm8k/persistent_arm_replay.json; 1/1 group(s) ok, 100 case(s) attempted
1 server(s) (one per arm/seed), 100 case(s) total

[1/1] arm=mentored_dec seed=0 -> 100 case(s), one server -> /home/chiatzen/lossy-token-eff/logs/campaign_gsm8k_extend50_reuse/mentoredDec0.75_batch_20260828T233121Z.log
case_051 seed=0 mode=mentoredDec0.75: L=131 finish=stop l_bar=2.743 L/l_bar=47.8 final_ch=True wall=0.76s
case_052 seed=0 mode=mentoredDec0.75: L=264 finish=stop l_bar=4.115 L/l_bar=64.1 final_ch=True wall=1.39s
case_053 seed=0 mode=mentoredDec0.75: L=190 finish=stop l_bar=3.222 L/l_bar=59.0 final_ch=True wall=1.47s
case_054 seed=0 mode=mentoredDec0.75: L=203 finish=stop l_bar=3.833 L/l_bar=53.0 final_ch=True wall=1.57s
case_055 seed=0 mode=mentoredDec0.75: L=362 finish=stop l_bar=3.427 L/l_bar=105.6 final_ch=True wall=2.57s
case_056 seed=0 mode=mentoredDec0.75: L=306 finish=stop l_bar=4.276 L/l_bar=71.6 final_ch=True wall=2.06s
case_057 seed=0 mode=mentoredDec0.75: L=56 finish=stop l_bar=2.5 L/l_bar=22.4 final_ch=True wall=0.76s
case_058 seed=0 mode=mentoredDec0.75: L=120 finish=stop l_bar=3.138 L/l_bar=38.2 final_ch=True wall=1.17s
case_059 seed=0 mode=mentoredDec0.75: L=148 finish=stop l_bar=3.806 L/l_bar=38.9 final_ch=True wall=1.30s
case_060 seed=0 mode=mentoredDec0.75: L=95 finish=stop l_bar=4.588 L/l_bar=20.7 final_ch=True wall=0.83s
case_061 seed=0 mode=mentoredDec0.75: L=205 finish=stop l_bar=3.522 L/l_bar=58.2 final_ch=True wall=1.59s
case_062 seed=0 mode=mentoredDec0.75: L=401 finish=stop l_bar=4.076 L/l_bar=98.4 final_ch=True wall=2.52s
case_063 seed=0 mode=mentoredDec0.75: L=2048 finish=length l_bar=4.336 L/l_bar=472.3 final_ch=False wall=10.80s
case_064 seed=0 mode=mentoredDec0.75: L=295 finish=stop l_bar=3.967 L/l_bar=74.4 final_ch=True wall=2.00s
case_065 seed=0 mode=mentoredDec0.75: L=539 finish=stop l_bar=4.262 L/l_bar=126.5 final_ch=True wall=3.24s
case_066 seed=0 mode=mentoredDec0.75: L=280 finish=stop l_bar=4.51 L/l_bar=62.1 final_ch=True wall=1.77s
case_067 seed=0 mode=mentoredDec0.75: L=288 finish=stop l_bar=3.8 L/l_bar=75.8 final_ch=True wall=1.92s
case_068 seed=0 mode=mentoredDec0.75: L=399 finish=stop l_bar=4.507 L/l_bar=88.5 final_ch=True wall=2.35s
case_069 seed=0 mode=mentoredDec0.75: L=181 finish=stop l_bar=3.919 L/l_bar=46.2 final_ch=True wall=1.29s
case_070 seed=0 mode=mentoredDec0.75: L=129 finish=stop l_bar=3.448 L/l_bar=37.4 final_ch=True wall=1.10s
case_071 seed=0 mode=mentoredDec0.75: L=203 finish=stop l_bar=3.122 L/l_bar=65.0 final_ch=True wall=1.54s
case_072 seed=0 mode=mentoredDec0.75: L=95 finish=stop l_bar=4.278 L/l_bar=22.2 final_ch=True wall=0.85s
case_073 seed=0 mode=mentoredDec0.75: L=54 finish=stop l_bar=2.929 L/l_bar=18.4 final_ch=True wall=0.72s
case_074 seed=0 mode=mentoredDec0.75: L=454 finish=stop l_bar=3.54 L/l_bar=128.2 final_ch=True wall=2.89s
case_075 seed=0 mode=mentoredDec0.75: L=504 finish=stop l_bar=3.5 L/l_bar=144.0 final_ch=True wall=3.30s
case_076 seed=0 mode=mentoredDec0.75: L=600 finish=stop l_bar=3.631 L/l_bar=165.3 final_ch=True wall=3.63s
case_077 seed=0 mode=mentoredDec0.75: L=250 finish=stop l_bar=4.163 L/l_bar=60.0 final_ch=True wall=1.81s
case_078 seed=0 mode=mentoredDec0.75: L=309 finish=stop l_bar=3.769 L/l_bar=82.0 final_ch=True wall=2.05s
case_079 seed=0 mode=mentoredDec0.75: L=2048 finish=length l_bar=3.862 L/l_bar=530.3 final_ch=False wall=10.84s
case_080 seed=0 mode=mentoredDec0.75: L=122 finish=stop l_bar=4.81 L/l_bar=25.4 final_ch=True wall=0.95s
case_081 seed=0 mode=mentoredDec0.75: L=285 finish=stop l_bar=3.54 L/l_bar=80.5 final_ch=True wall=1.89s
case_082 seed=0 mode=mentoredDec0.75: L=56 finish=stop l_bar=2.5 L/l_bar=22.4 final_ch=True wall=0.74s
case_083 seed=0 mode=mentoredDec0.75: L=96 finish=stop l_bar=3.174 L/l_bar=30.2 final_ch=True wall=0.87s
case_084 seed=0 mode=mentoredDec0.75: L=88 finish=stop l_bar=3.889 L/l_bar=22.6 final_ch=True wall=0.79s
case_085 seed=0 mode=mentoredDec0.75: L=179 finish=stop l_bar=3.262 L/l_bar=54.9 final_ch=True wall=1.31s
case_086 seed=0 mode=mentoredDec0.75: L=2048 finish=length l_bar=3.981 L/l_bar=514.5 final_ch=False wall=11.37s
case_087 seed=0 mode=mentoredDec0.75: L=679 finish=stop l_bar=3.843 L/l_bar=176.7 final_ch=True wall=4.14s
case_088 seed=0 mode=mentoredDec0.75: L=1562 finish=stop l_bar=4.248 L/l_bar=367.7 final_ch=True wall=8.53s
case_089 seed=0 mode=mentoredDec0.75: L=129 finish=stop l_bar=3.741 L/l_bar=34.5 final_ch=True wall=1.05s
case_090 seed=0 mode=mentoredDec0.75: L=305 finish=stop l_bar=4.016 L/l_bar=75.9 final_ch=True wall=2.00s
case_091 seed=0 mode=mentoredDec0.75: L=105 finish=stop l_bar=3.077 L/l_bar=34.1 final_ch=True wall=1.10s
case_092 seed=0 mode=mentoredDec0.75: L=93 finish=stop l_bar=3.429 L/l_bar=27.1 final_ch=True wall=0.88s
case_093 seed=0 mode=mentoredDec0.75: L=176 finish=stop l_bar=3.889 L/l_bar=45.3 final_ch=True wall=1.33s
case_094 seed=0 mode=mentoredDec0.75: L=870 finish=stop l_bar=2.946 L/l_bar=295.3 final_ch=True wall=5.57s
case_095 seed=0 mode=mentoredDec0.75: L=325 finish=stop l_bar=4.0 L/l_bar=81.2 final_ch=True wall=2.04s
case_096 seed=0 mode=mentoredDec0.75: L=123 finish=stop l_bar=4.04 L/l_bar=30.4 final_ch=True wall=1.00s
case_097 seed=0 mode=mentoredDec0.75: L=121 finish=stop l_bar=3.519 L/l_bar=34.4 final_ch=True wall=1.00s
case_098 seed=0 mode=mentoredDec0.75: L=442 finish=stop l_bar=3.796 L/l_bar=116.4 final_ch=True wall=2.71s
case_099 seed=0 mode=mentoredDec0.75: L=530 finish=stop l_bar=3.784 L/l_bar=140.1 final_ch=True wall=3.22s
case_100 seed=0 mode=mentoredDec0.75: L=278 finish=stop l_bar=3.667 L/l_bar=75.8 final_ch=True wall=1.94s
case_101 seed=0 mode=mentoredDec0.75: L=1336 finish=stop l_bar=3.985 L/l_bar=335.3 final_ch=True wall=7.24s
case_102 seed=0 mode=mentoredDec0.75: L=188 finish=stop l_bar=4.135 L/l_bar=45.5 final_ch=True wall=1.40s
case_103 seed=0 mode=mentoredDec0.75: L=397 finish=stop l_bar=3.75 L/l_bar=105.9 final_ch=True wall=2.49s
case_104 seed=0 mode=mentoredDec0.75: L=582 finish=stop l_bar=3.635 L/l_bar=160.1 final_ch=True wall=3.46s
case_105 seed=0 mode=mentoredDec0.75: L=256 finish=stop l_bar=3.906 L/l_bar=65.5 final_ch=True wall=1.69s
case_106 seed=0 mode=mentoredDec0.75: L=162 finish=stop l_bar=3.939 L/l_bar=41.1 final_ch=True wall=1.16s
case_107 seed=0 mode=mentoredDec0.75: L=411 finish=stop l_bar=3.791 L/l_bar=108.4 final_ch=True wall=2.46s
case_108 seed=0 mode=mentoredDec0.75: L=257 finish=stop l_bar=3.849 L/l_bar=66.8 final_ch=True wall=1.82s
case_109 seed=0 mode=mentoredDec0.75: L=173 finish=stop l_bar=2.761 L/l_bar=62.7 final_ch=True wall=1.45s
case_110 seed=0 mode=mentoredDec0.75: L=251 finish=stop l_bar=4.705 L/l_bar=53.4 final_ch=True wall=1.58s
case_111 seed=0 mode=mentoredDec0.75: L=261 finish=stop l_bar=3.508 L/l_bar=74.4 final_ch=True wall=1.89s
case_112 seed=0 mode=mentoredDec0.75: L=834 finish=stop l_bar=3.65 L/l_bar=228.5 final_ch=True wall=4.76s
case_113 seed=0 mode=mentoredDec0.75: L=291 finish=stop l_bar=4.389 L/l_bar=66.3 final_ch=True wall=1.81s
case_114 seed=0 mode=mentoredDec0.75: L=202 finish=stop l_bar=3.489 L/l_bar=57.9 final_ch=True wall=1.39s
case_115 seed=0 mode=mentoredDec0.75: L=425 finish=stop l_bar=4.0 L/l_bar=106.2 final_ch=True wall=2.58s
case_116 seed=0 mode=mentoredDec0.75: L=764 finish=stop l_bar=3.897 L/l_bar=196.0 final_ch=True wall=4.33s
case_117 seed=0 mode=mentoredDec0.75: L=156 finish=stop l_bar=3.243 L/l_bar=48.1 final_ch=True wall=1.21s
case_118 seed=0 mode=mentoredDec0.75: L=150 finish=stop l_bar=4.357 L/l_bar=34.4 final_ch=True wall=1.07s
case_119 seed=0 mode=mentoredDec0.75: L=299 finish=stop l_bar=4.298 L/l_bar=69.6 final_ch=True wall=1.89s
case_120 seed=0 mode=mentoredDec0.75: L=2048 finish=length l_bar=3.923 L/l_bar=522.0 final_ch=False wall=10.79s
case_121 seed=0 mode=mentoredDec0.75: L=226 finish=stop l_bar=3.52 L/l_bar=64.2 final_ch=True wall=1.54s
case_122 seed=0 mode=mentoredDec0.75: L=158 finish=stop l_bar=3.938 L/l_bar=40.1 final_ch=True wall=1.19s
case_123 seed=0 mode=mentoredDec0.75: L=523 finish=stop l_bar=3.73 L/l_bar=140.2 final_ch=True wall=3.09s
case_124 seed=0 mode=mentoredDec0.75: L=124 finish=stop l_bar=3.429 L/l_bar=36.2 final_ch=True wall=1.01s
case_125 seed=0 mode=mentoredDec0.75: L=320 finish=stop l_bar=3.267 L/l_bar=98.0 final_ch=True wall=2.20s
case_126 seed=0 mode=mentoredDec0.75: L=925 finish=stop l_bar=3.622 L/l_bar=255.4 final_ch=True wall=5.41s
case_127 seed=0 mode=mentoredDec0.75: L=111 finish=stop l_bar=3.625 L/l_bar=30.6 final_ch=True wall=0.96s
case_128 seed=0 mode=mentoredDec0.75: L=58 finish=stop l_bar=3.462 L/l_bar=16.8 final_ch=True wall=0.64s
case_129 seed=0 mode=mentoredDec0.75: L=119 finish=stop l_bar=3.138 L/l_bar=37.9 final_ch=True wall=1.11s
case_130 seed=0 mode=mentoredDec0.75: L=338 finish=stop l_bar=3.429 L/l_bar=98.6 final_ch=True wall=2.20s
case_131 seed=0 mode=mentoredDec0.75: L=116 finish=stop l_bar=3.462 L/l_bar=33.5 final_ch=True wall=1.01s
case_132 seed=0 mode=mentoredDec0.75: L=129 finish=stop l_bar=3.3 L/l_bar=39.1 final_ch=True wall=1.03s
case_133 seed=0 mode=mentoredDec0.75: L=142 finish=stop l_bar=4.071 L/l_bar=34.9 final_ch=True wall=1.10s
case_134 seed=0 mode=mentoredDec0.75: L=312 finish=stop l_bar=3.831 L/l_bar=81.4 final_ch=True wall=1.98s
case_135 seed=0 mode=mentoredDec0.75: L=261 finish=stop l_bar=2.955 L/l_bar=88.3 final_ch=True wall=1.81s
case_136 seed=0 mode=mentoredDec0.75: L=137 finish=stop l_bar=3.567 L/l_bar=38.4 final_ch=True wall=1.09s
case_137 seed=0 mode=mentoredDec0.75: L=122 finish=stop l_bar=3.92 L/l_bar=31.1 final_ch=True wall=1.01s
case_138 seed=0 mode=mentoredDec0.75: L=202 finish=stop l_bar=4.125 L/l_bar=49.0 final_ch=True wall=1.49s
case_139 seed=0 mode=mentoredDec0.75: L=1568 finish=stop l_bar=4.213 L/l_bar=372.2 final_ch=True wall=8.49s
case_140 seed=0 mode=mentoredDec0.75: L=792 finish=stop l_bar=4.315 L/l_bar=183.5 final_ch=True wall=4.39s
case_141 seed=0 mode=mentoredDec0.75: L=99 finish=stop l_bar=3.304 L/l_bar=30.0 final_ch=True wall=0.89s
case_142 seed=0 mode=mentoredDec0.75: L=195 finish=stop l_bar=3.0 L/l_bar=65.0 final_ch=True wall=1.48s
case_143 seed=0 mode=mentoredDec0.75: L=173 finish=stop l_bar=3.553 L/l_bar=48.7 final_ch=True wall=1.30s
case_144 seed=0 mode=mentoredDec0.75: L=255 finish=stop l_bar=4.333 L/l_bar=58.8 final_ch=True wall=1.64s
case_145 seed=0 mode=mentoredDec0.75: L=295 finish=stop l_bar=3.852 L/l_bar=76.6 final_ch=True wall=2.08s
case_146 seed=0 mode=mentoredDec0.75: L=287 finish=stop l_bar=4.088 L/l_bar=70.2 final_ch=True wall=1.80s
case_147 seed=0 mode=mentoredDec0.75: L=209 finish=stop l_bar=4.778 L/l_bar=43.7 final_ch=True wall=1.42s
case_148 seed=0 mode=mentoredDec0.75: L=2048 finish=length l_bar=3.71 L/l_bar=552.0 final_ch=False wall=11.13s
case_149 seed=0 mode=mentoredDec0.75: L=265 finish=stop l_bar=3.339 L/l_bar=79.4 final_ch=True wall=1.87s
case_150 seed=0 mode=mentoredDec0.75: L=87 finish=stop l_bar=2.955 L/l_bar=29.4 final_ch=True wall=0.86s
[1/1] ok in 357s for 100 case(s)

wrote /home/chiatzen/lossy-token-eff/runs/gsm8k/persistent_arm_replay.json; 1/1 group(s) ok, 100 case(s) attempted
1 server(s) (one per arm/seed), 100 case(s) total

[1/1] arm=cactus seed=0 -> 100 case(s), one server -> /home/chiatzen/lossy-token-eff/logs/campaign_gsm8k_extend50_reuse/cactus0.03_batch_20260828T233717Z.log
case_051 seed=0 mode=cactus0.03: L=302 finish=stop l_bar=3.108 L/l_bar=97.2 final_ch=True wall=1.46s
case_052 seed=0 mode=cactus0.03: L=379 finish=stop l_bar=3.716 L/l_bar=102.0 final_ch=True wall=2.28s
case_053 seed=0 mode=cactus0.03: L=253 finish=stop l_bar=3.439 L/l_bar=73.6 final_ch=True wall=1.85s
case_054 seed=0 mode=cactus0.03: L=268 finish=stop l_bar=3.339 L/l_bar=80.3 final_ch=True wall=2.03s
case_055 seed=0 mode=cactus0.03: L=1009 finish=stop l_bar=3.898 L/l_bar=258.8 final_ch=True wall=5.89s
case_056 seed=0 mode=cactus0.03: L=126 finish=stop l_bar=4.04 L/l_bar=31.2 final_ch=True wall=1.06s
case_057 seed=0 mode=cactus0.03: L=185 finish=stop l_bar=3.675 L/l_bar=50.3 final_ch=True wall=1.42s
case_058 seed=0 mode=cactus0.03: L=274 finish=stop l_bar=3.266 L/l_bar=83.9 final_ch=True wall=1.96s
case_059 seed=0 mode=cactus0.03: L=679 finish=stop l_bar=3.697 L/l_bar=183.7 final_ch=True wall=4.14s
case_060 seed=0 mode=cactus0.03: L=104 finish=stop l_bar=3.333 L/l_bar=31.2 final_ch=True wall=0.92s
case_061 seed=0 mode=cactus0.03: L=325 finish=stop l_bar=3.075 L/l_bar=105.7 final_ch=True wall=2.21s
case_062 seed=0 mode=cactus0.03: L=375 finish=stop l_bar=4.137 L/l_bar=90.6 final_ch=True wall=2.38s
case_063 seed=0 mode=cactus0.03: L=2048 finish=length l_bar=3.55 L/l_bar=576.9 final_ch=False wall=11.61s
case_064 seed=0 mode=cactus0.03: L=302 finish=stop l_bar=3.377 L/l_bar=89.4 final_ch=True wall=2.11s
case_065 seed=0 mode=cactus0.03: L=309 finish=stop l_bar=3.292 L/l_bar=93.9 final_ch=True wall=2.22s
case_066 seed=0 mode=cactus0.03: L=335 finish=stop l_bar=3.2 L/l_bar=104.7 final_ch=True wall=2.25s
case_067 seed=0 mode=cactus0.03: L=302 finish=stop l_bar=3.646 L/l_bar=82.8 final_ch=True wall=2.00s
case_068 seed=0 mode=cactus0.03: L=69 finish=stop l_bar=4.071 L/l_bar=16.9 final_ch=True wall=0.73s
case_069 seed=0 mode=cactus0.03: L=136 finish=stop l_bar=2.317 L/l_bar=58.7 final_ch=True wall=1.22s
case_070 seed=0 mode=cactus0.03: L=74 finish=stop l_bar=3.111 L/l_bar=23.8 final_ch=True wall=0.81s
case_071 seed=0 mode=cactus0.03: L=171 finish=stop l_bar=2.638 L/l_bar=64.8 final_ch=True wall=1.41s
case_072 seed=0 mode=cactus0.03: L=73 finish=stop l_bar=2.476 L/l_bar=29.5 final_ch=True wall=0.83s
case_073 seed=0 mode=cactus0.03: L=144 finish=stop l_bar=2.892 L/l_bar=49.8 final_ch=True wall=1.22s
case_074 seed=0 mode=cactus0.03: L=405 finish=stop l_bar=3.402 L/l_bar=119.0 final_ch=True wall=2.58s
case_075 seed=0 mode=cactus0.03: L=327 finish=stop l_bar=3.493 L/l_bar=93.6 final_ch=True wall=2.33s
case_076 seed=0 mode=cactus0.03: L=130 finish=stop l_bar=2.541 L/l_bar=51.2 final_ch=True wall=1.22s
case_077 seed=0 mode=cactus0.03: L=181 finish=stop l_bar=2.62 L/l_bar=69.1 final_ch=True wall=1.61s
case_078 seed=0 mode=cactus0.03: L=184 finish=stop l_bar=3.0 L/l_bar=61.3 final_ch=True wall=1.42s
case_079 seed=0 mode=cactus0.03: L=851 finish=stop l_bar=3.244 L/l_bar=262.3 final_ch=True wall=5.25s
case_080 seed=0 mode=cactus0.03: L=72 finish=stop l_bar=3.235 L/l_bar=22.3 final_ch=True wall=0.80s
case_081 seed=0 mode=cactus0.03: L=158 finish=stop l_bar=3.5 L/l_bar=45.1 final_ch=True wall=1.27s
case_082 seed=0 mode=cactus0.03: L=580 finish=stop l_bar=3.496 L/l_bar=165.9 final_ch=True wall=3.54s
case_083 seed=0 mode=cactus0.03: L=176 finish=stop l_bar=3.116 L/l_bar=56.5 final_ch=True wall=1.34s
case_084 seed=0 mode=cactus0.03: L=114 finish=stop l_bar=3.75 L/l_bar=30.4 final_ch=True wall=0.94s
case_085 seed=0 mode=cactus0.03: L=153 finish=stop l_bar=3.529 L/l_bar=43.4 final_ch=True wall=1.18s
case_086 seed=0 mode=cactus0.03: L=2048 finish=length l_bar=3.499 L/l_bar=585.3 final_ch=False wall=11.44s
case_087 seed=0 mode=cactus0.03: L=845 finish=stop l_bar=3.742 L/l_bar=225.8 final_ch=True wall=4.87s
case_088 seed=0 mode=cactus0.03: L=1901 finish=stop l_bar=3.457 L/l_bar=550.0 final_ch=True wall=10.66s
case_089 seed=0 mode=cactus0.03: L=326 finish=stop l_bar=2.976 L/l_bar=109.6 final_ch=True wall=2.22s
case_090 seed=0 mode=cactus0.03: L=235 finish=stop l_bar=3.214 L/l_bar=73.1 final_ch=True wall=1.69s
case_091 seed=0 mode=cactus0.03: L=167 finish=stop l_bar=3.122 L/l_bar=53.5 final_ch=True wall=1.42s
case_092 seed=0 mode=cactus0.03: L=134 finish=stop l_bar=3.091 L/l_bar=43.4 final_ch=True wall=1.11s
case_093 seed=0 mode=cactus0.03: L=449 finish=stop l_bar=2.982 L/l_bar=150.6 final_ch=True wall=2.95s
case_094 seed=0 mode=cactus0.03: L=2048 finish=length l_bar=3.264 L/l_bar=627.4 final_ch=False wall=11.71s
case_095 seed=0 mode=cactus0.03: L=380 finish=stop l_bar=3.442 L/l_bar=110.4 final_ch=True wall=2.43s
case_096 seed=0 mode=cactus0.03: L=159 finish=stop l_bar=3.297 L/l_bar=48.2 final_ch=True wall=1.22s
case_097 seed=0 mode=cactus0.03: L=102 finish=stop l_bar=4.1 L/l_bar=24.9 final_ch=True wall=0.84s
case_098 seed=0 mode=cactus0.03: L=1130 finish=stop l_bar=3.478 L/l_bar=324.9 final_ch=True wall=6.43s
case_099 seed=0 mode=cactus0.03: L=410 finish=stop l_bar=4.0 L/l_bar=102.5 final_ch=True wall=2.54s
case_100 seed=0 mode=cactus0.03: L=526 finish=stop l_bar=3.723 L/l_bar=141.3 final_ch=True wall=3.19s
case_101 seed=0 mode=cactus0.03: L=465 finish=stop l_bar=3.68 L/l_bar=126.4 final_ch=True wall=3.01s
case_102 seed=0 mode=cactus0.03: L=538 finish=stop l_bar=3.339 L/l_bar=161.1 final_ch=True wall=3.46s
case_103 seed=0 mode=cactus0.03: L=542 finish=stop l_bar=3.037 L/l_bar=178.4 final_ch=True wall=3.57s
case_104 seed=0 mode=cactus0.03: L=151 finish=stop l_bar=3.314 L/l_bar=45.6 final_ch=True wall=1.26s
case_105 seed=0 mode=cactus0.03: L=252 finish=stop l_bar=3.065 L/l_bar=82.2 final_ch=True wall=1.81s
case_106 seed=0 mode=cactus0.03: L=99 finish=stop l_bar=3.304 L/l_bar=30.0 final_ch=True wall=0.90s
case_107 seed=0 mode=cactus0.03: L=472 finish=stop l_bar=3.505 L/l_bar=134.7 final_ch=True wall=2.91s
case_108 seed=0 mode=cactus0.03: L=556 finish=stop l_bar=4.082 L/l_bar=136.2 final_ch=True wall=3.29s
case_109 seed=0 mode=cactus0.03: L=251 finish=stop l_bar=3.518 L/l_bar=71.4 final_ch=True wall=1.78s
case_110 seed=0 mode=cactus0.03: L=202 finish=stop l_bar=3.489 L/l_bar=57.9 final_ch=True wall=1.48s
case_111 seed=0 mode=cactus0.03: L=759 finish=stop l_bar=3.841 L/l_bar=197.6 final_ch=True wall=4.35s
case_112 seed=0 mode=cactus0.03: L=953 finish=stop l_bar=3.569 L/l_bar=267.0 final_ch=True wall=5.48s
case_113 seed=0 mode=cactus0.03: L=126 finish=stop l_bar=3.161 L/l_bar=39.9 final_ch=True wall=1.14s
case_114 seed=0 mode=cactus0.03: L=289 finish=stop l_bar=3.508 L/l_bar=82.4 final_ch=True wall=1.90s
case_115 seed=0 mode=cactus0.03: L=746 finish=stop l_bar=3.844 L/l_bar=194.1 final_ch=True wall=4.25s
case_116 seed=0 mode=cactus0.03: L=808 finish=stop l_bar=3.214 L/l_bar=251.4 final_ch=True wall=4.90s
case_117 seed=0 mode=cactus0.03: L=571 finish=stop l_bar=3.914 L/l_bar=145.9 final_ch=True wall=3.26s
case_118 seed=0 mode=cactus0.03: L=152 finish=stop l_bar=3.75 L/l_bar=40.5 final_ch=True wall=1.12s
case_119 seed=0 mode=cactus0.03: L=404 finish=stop l_bar=4.69 L/l_bar=86.1 final_ch=True wall=2.37s
case_120 seed=0 mode=cactus0.03: L=2048 finish=length l_bar=3.515 L/l_bar=582.6 final_ch=False wall=11.29s
case_121 seed=0 mode=cactus0.03: L=375 finish=stop l_bar=3.808 L/l_bar=98.5 final_ch=True wall=2.29s
case_122 seed=0 mode=cactus0.03: L=188 finish=stop l_bar=3.178 L/l_bar=59.2 final_ch=True wall=1.43s
case_123 seed=0 mode=cactus0.03: L=559 finish=stop l_bar=3.658 L/l_bar=152.8 final_ch=True wall=3.43s
case_124 seed=0 mode=cactus0.03: L=239 finish=stop l_bar=3.686 L/l_bar=64.8 final_ch=True wall=1.62s
case_125 seed=0 mode=cactus0.03: L=809 finish=stop l_bar=3.5 L/l_bar=231.1 final_ch=True wall=4.86s
case_126 seed=0 mode=cactus0.03: L=410 finish=stop l_bar=3.131 L/l_bar=130.9 final_ch=True wall=2.84s
case_127 seed=0 mode=cactus0.03: L=74 finish=stop l_bar=3.353 L/l_bar=22.1 final_ch=True wall=0.78s
case_128 seed=0 mode=cactus0.03: L=148 finish=stop l_bar=3.933 L/l_bar=37.6 final_ch=True wall=1.10s
case_129 seed=0 mode=cactus0.03: L=174 finish=stop l_bar=3.244 L/l_bar=53.6 final_ch=True wall=1.40s
case_130 seed=0 mode=cactus0.03: L=773 finish=stop l_bar=3.443 L/l_bar=224.5 final_ch=True wall=4.53s
case_131 seed=0 mode=cactus0.03: L=156 finish=stop l_bar=3.727 L/l_bar=41.9 final_ch=True wall=1.23s
case_132 seed=0 mode=cactus0.03: L=72 finish=stop l_bar=3.8 L/l_bar=18.9 final_ch=True wall=0.71s
case_133 seed=0 mode=cactus0.03: L=119 finish=stop l_bar=3.103 L/l_bar=38.3 final_ch=True wall=1.07s
case_134 seed=0 mode=cactus0.03: L=85 finish=stop l_bar=3.25 L/l_bar=26.2 final_ch=True wall=0.84s
case_135 seed=0 mode=cactus0.03: L=197 finish=stop l_bar=3.283 L/l_bar=60.0 final_ch=True wall=1.41s
case_136 seed=0 mode=cactus0.03: L=331 finish=stop l_bar=3.473 L/l_bar=95.3 final_ch=True wall=2.13s
case_137 seed=0 mode=cactus0.03: L=168 finish=stop l_bar=3.778 L/l_bar=44.5 final_ch=True wall=1.24s
case_138 seed=0 mode=cactus0.03: L=286 finish=stop l_bar=3.754 L/l_bar=76.2 final_ch=True wall=1.92s
case_139 seed=0 mode=cactus0.03: L=763 finish=stop l_bar=3.416 L/l_bar=223.3 final_ch=True wall=4.56s
case_140 seed=0 mode=cactus0.03: L=946 finish=stop l_bar=3.783 L/l_bar=250.1 final_ch=True wall=5.27s
case_141 seed=0 mode=cactus0.03: L=79 finish=stop l_bar=3.5 L/l_bar=22.6 final_ch=True wall=0.78s
case_142 seed=0 mode=cactus0.03: L=162 finish=stop l_bar=3.316 L/l_bar=48.9 final_ch=True wall=1.23s
case_143 seed=0 mode=cactus0.03: L=165 finish=stop l_bar=3.853 L/l_bar=42.8 final_ch=True wall=1.21s
case_144 seed=0 mode=cactus0.03: L=220 finish=stop l_bar=3.333 L/l_bar=66.0 final_ch=True wall=1.60s
case_145 seed=0 mode=cactus0.03: L=497 finish=stop l_bar=3.743 L/l_bar=132.8 final_ch=True wall=3.13s
case_146 seed=0 mode=cactus0.03: L=560 finish=stop l_bar=3.398 L/l_bar=164.8 final_ch=True wall=3.40s
case_147 seed=0 mode=cactus0.03: L=1119 finish=stop l_bar=3.865 L/l_bar=289.5 final_ch=True wall=6.15s
case_148 seed=0 mode=cactus0.03: L=2048 finish=length l_bar=3.686 L/l_bar=555.5 final_ch=False wall=11.15s
case_149 seed=0 mode=cactus0.03: L=114 finish=stop l_bar=3.222 L/l_bar=35.4 final_ch=True wall=1.04s
case_150 seed=0 mode=cactus0.03: L=86 finish=stop l_bar=2.667 L/l_bar=32.2 final_ch=True wall=0.89s
[1/1] ok in 387s for 100 case(s)

wrote /home/chiatzen/lossy-token-eff/runs/gsm8k/persistent_arm_replay.json; 1/1 group(s) ok, 100 case(s) attempted
1 server(s) (one per arm/seed), 100 case(s) total

[1/1] arm=cactus seed=0 -> 100 case(s), one server -> /home/chiatzen/lossy-token-eff/logs/campaign_gsm8k_extend50_reuse/cactus0.18_batch_20260828T234344Z.log
case_051 seed=0 mode=cactus0.18: L=98 finish=stop l_bar=3.261 L/l_bar=30.1 final_ch=True wall=0.58s
case_052 seed=0 mode=cactus0.18: L=370 finish=stop l_bar=4.471 L/l_bar=82.8 final_ch=True wall=1.81s
case_053 seed=0 mode=cactus0.18: L=358 finish=stop l_bar=3.89 L/l_bar=92.0 final_ch=True wall=2.33s
case_054 seed=0 mode=cactus0.18: L=124 finish=stop l_bar=3.593 L/l_bar=34.5 final_ch=True wall=1.19s
case_055 seed=0 mode=cactus0.18: L=539 finish=stop l_bar=4.42 L/l_bar=121.9 final_ch=True wall=3.24s
case_056 seed=0 mode=cactus0.18: L=103 finish=stop l_bar=4.579 L/l_bar=22.5 final_ch=True wall=0.90s
case_057 seed=0 mode=cactus0.18: L=114 finish=stop l_bar=3.75 L/l_bar=30.4 final_ch=True wall=0.96s
case_058 seed=0 mode=cactus0.18: L=153 finish=stop l_bar=3.053 L/l_bar=50.1 final_ch=True wall=1.32s
case_059 seed=0 mode=cactus0.18: L=634 finish=stop l_bar=4.436 L/l_bar=142.9 final_ch=True wall=3.56s
case_060 seed=0 mode=cactus0.18: L=158 finish=stop l_bar=4.194 L/l_bar=37.7 final_ch=True wall=1.16s
case_061 seed=0 mode=cactus0.18: L=191 finish=stop l_bar=4.053 L/l_bar=47.1 final_ch=True wall=1.36s
case_062 seed=0 mode=cactus0.18: L=477 finish=stop l_bar=4.3 L/l_bar=110.9 final_ch=True wall=2.84s
case_063 seed=0 mode=cactus0.18: L=2048 finish=length l_bar=4.788 L/l_bar=427.7 final_ch=False wall=10.64s
case_064 seed=0 mode=cactus0.18: L=522 finish=stop l_bar=4.038 L/l_bar=129.3 final_ch=True wall=3.22s
case_065 seed=0 mode=cactus0.18: L=489 finish=stop l_bar=4.326 L/l_bar=113.0 final_ch=True wall=2.94s
case_066 seed=0 mode=cactus0.18: L=242 finish=stop l_bar=3.82 L/l_bar=63.4 final_ch=True wall=1.65s
case_067 seed=0 mode=cactus0.18: L=230 finish=stop l_bar=4.61 L/l_bar=49.9 final_ch=True wall=1.52s
case_068 seed=0 mode=cactus0.18: L=137 finish=stop l_bar=3.567 L/l_bar=38.4 final_ch=True wall=1.13s
case_069 seed=0 mode=cactus0.18: L=297 finish=stop l_bar=4.138 L/l_bar=71.8 final_ch=True wall=1.84s
case_070 seed=0 mode=cactus0.18: L=110 finish=stop l_bar=3.111 L/l_bar=35.4 final_ch=True wall=1.00s
case_071 seed=0 mode=cactus0.18: L=398 finish=stop l_bar=3.795 L/l_bar=104.9 final_ch=True wall=2.45s
case_072 seed=0 mode=cactus0.18: L=157 finish=stop l_bar=4.571 L/l_bar=34.3 final_ch=True wall=1.13s
case_073 seed=0 mode=cactus0.18: L=167 finish=stop l_bar=4.219 L/l_bar=39.6 final_ch=True wall=1.20s
case_074 seed=0 mode=cactus0.18: L=999 finish=stop l_bar=4.203 L/l_bar=237.7 final_ch=True wall=5.32s
case_075 seed=0 mode=cactus0.18: L=284 finish=stop l_bar=3.524 L/l_bar=80.6 final_ch=True wall=2.10s
case_076 seed=0 mode=cactus0.18: L=385 finish=stop l_bar=3.477 L/l_bar=110.7 final_ch=True wall=2.59s
case_077 seed=0 mode=cactus0.18: L=371 finish=stop l_bar=3.947 L/l_bar=94.0 final_ch=True wall=2.45s
case_078 seed=0 mode=cactus0.18: L=193 finish=stop l_bar=3.289 L/l_bar=58.7 final_ch=True wall=1.48s
case_079 seed=0 mode=cactus0.18: L=1119 finish=stop l_bar=3.908 L/l_bar=286.3 final_ch=True wall=6.06s
case_080 seed=0 mode=cactus0.18: L=89 finish=stop l_bar=3.944 L/l_bar=22.6 final_ch=True wall=0.83s
case_081 seed=0 mode=cactus0.18: L=132 finish=stop l_bar=3.467 L/l_bar=38.1 final_ch=True wall=1.09s
case_082 seed=0 mode=cactus0.18: L=147 finish=stop l_bar=3.424 L/l_bar=42.9 final_ch=True wall=1.21s
case_083 seed=0 mode=cactus0.18: L=164 finish=stop l_bar=3.97 L/l_bar=41.3 final_ch=True wall=1.16s
case_084 seed=0 mode=cactus0.18: L=99 finish=stop l_bar=3.714 L/l_bar=26.7 final_ch=True wall=0.86s
case_085 seed=0 mode=cactus0.18: L=329 finish=stop l_bar=4.188 L/l_bar=78.6 final_ch=True wall=1.99s
case_086 seed=0 mode=cactus0.18: L=2048 finish=length l_bar=4.224 L/l_bar=484.8 final_ch=False wall=10.59s
case_087 seed=0 mode=cactus0.18: L=664 finish=stop l_bar=4.597 L/l_bar=144.5 final_ch=True wall=3.66s
case_088 seed=0 mode=cactus0.18: L=2048 finish=length l_bar=4.549 L/l_bar=450.2 final_ch=False wall=10.26s
case_089 seed=0 mode=cactus0.18: L=97 finish=stop l_bar=3.714 L/l_bar=26.1 final_ch=True wall=0.87s
case_090 seed=0 mode=cactus0.18: L=120 finish=stop l_bar=4.083 L/l_bar=29.4 final_ch=True wall=1.00s
case_091 seed=0 mode=cactus0.18: L=120 finish=stop l_bar=4.0 L/l_bar=30.0 final_ch=True wall=1.06s
case_092 seed=0 mode=cactus0.18: L=124 finish=stop l_bar=3.276 L/l_bar=37.9 final_ch=True wall=1.04s
case_093 seed=0 mode=cactus0.18: L=397 finish=stop l_bar=3.829 L/l_bar=103.7 final_ch=True wall=2.40s
case_094 seed=0 mode=cactus0.18: L=2048 finish=length l_bar=4.541 L/l_bar=451.0 final_ch=False wall=10.25s
case_095 seed=0 mode=cactus0.18: L=255 finish=stop l_bar=4.312 L/l_bar=59.1 final_ch=True wall=1.64s
case_096 seed=0 mode=cactus0.18: L=604 finish=stop l_bar=4.171 L/l_bar=144.8 final_ch=True wall=3.45s
case_097 seed=0 mode=cactus0.18: L=91 finish=stop l_bar=3.789 L/l_bar=24.0 final_ch=True wall=0.85s
case_098 seed=0 mode=cactus0.18: L=328 finish=stop l_bar=3.985 L/l_bar=82.3 final_ch=True wall=2.13s
case_099 seed=0 mode=cactus0.18: L=1566 finish=stop l_bar=4.463 L/l_bar=350.9 final_ch=True wall=8.38s
case_100 seed=0 mode=cactus0.18: L=243 finish=stop l_bar=3.712 L/l_bar=65.5 final_ch=True wall=1.73s
case_101 seed=0 mode=cactus0.18: L=1416 finish=stop l_bar=4.51 L/l_bar=314.0 final_ch=True wall=7.20s
case_102 seed=0 mode=cactus0.18: L=289 finish=stop l_bar=4.273 L/l_bar=67.6 final_ch=True wall=1.87s
case_103 seed=0 mode=cactus0.18: L=701 finish=stop l_bar=3.986 L/l_bar=175.9 final_ch=True wall=3.95s
case_104 seed=0 mode=cactus0.18: L=437 finish=stop l_bar=4.582 L/l_bar=95.4 final_ch=True wall=2.48s
case_105 seed=0 mode=cactus0.18: L=183 finish=stop l_bar=3.692 L/l_bar=49.6 final_ch=True wall=1.31s
case_106 seed=0 mode=cactus0.18: L=119 finish=stop l_bar=3.76 L/l_bar=31.6 final_ch=True wall=0.94s
case_107 seed=0 mode=cactus0.18: L=200 finish=stop l_bar=3.674 L/l_bar=54.4 final_ch=True wall=1.40s
case_108 seed=0 mode=cactus0.18: L=284 finish=stop l_bar=4.182 L/l_bar=67.9 final_ch=True wall=1.95s
case_109 seed=0 mode=cactus0.18: L=388 finish=stop l_bar=3.911 L/l_bar=99.2 final_ch=True wall=2.40s
case_110 seed=0 mode=cactus0.18: L=141 finish=stop l_bar=4.333 L/l_bar=32.5 final_ch=True wall=1.10s
case_111 seed=0 mode=cactus0.18: L=538 finish=stop l_bar=4.38 L/l_bar=122.8 final_ch=True wall=3.08s
case_112 seed=0 mode=cactus0.18: L=610 finish=stop l_bar=3.795 L/l_bar=160.7 final_ch=True wall=3.54s
case_113 seed=0 mode=cactus0.18: L=152 finish=stop l_bar=4.667 L/l_bar=32.6 final_ch=True wall=1.14s
case_114 seed=0 mode=cactus0.18: L=294 finish=stop l_bar=3.883 L/l_bar=75.7 final_ch=True wall=1.82s
case_115 seed=0 mode=cactus0.18: L=989 finish=stop l_bar=4.188 L/l_bar=236.1 final_ch=True wall=5.33s
case_116 seed=0 mode=cactus0.18: L=790 finish=stop l_bar=4.13 L/l_bar=191.3 final_ch=True wall=4.37s
case_117 seed=0 mode=cactus0.18: L=575 finish=stop l_bar=4.583 L/l_bar=125.5 final_ch=True wall=3.09s
case_118 seed=0 mode=cactus0.18: L=115 finish=stop l_bar=4.227 L/l_bar=27.2 final_ch=True wall=0.90s
case_119 seed=0 mode=cactus0.18: L=312 finish=stop l_bar=4.691 L/l_bar=66.5 final_ch=True wall=1.92s
case_120 seed=0 mode=cactus0.18: L=2048 finish=length l_bar=4.444 L/l_bar=460.8 final_ch=False wall=10.26s
case_121 seed=0 mode=cactus0.18: L=319 finish=stop l_bar=3.984 L/l_bar=80.1 final_ch=True wall=1.97s
case_122 seed=0 mode=cactus0.18: L=175 finish=stop l_bar=3.375 L/l_bar=51.9 final_ch=True wall=1.33s
case_123 seed=0 mode=cactus0.18: L=626 finish=stop l_bar=4.164 L/l_bar=150.3 final_ch=True wall=3.50s
case_124 seed=0 mode=cactus0.18: L=111 finish=stop l_bar=4.286 L/l_bar=25.9 final_ch=True wall=0.89s
case_125 seed=0 mode=cactus0.18: L=611 finish=stop l_bar=4.05 L/l_bar=150.9 final_ch=True wall=3.46s
case_126 seed=0 mode=cactus0.18: L=2048 finish=length l_bar=4.455 L/l_bar=459.7 final_ch=False wall=10.33s
case_127 seed=0 mode=cactus0.18: L=188 finish=stop l_bar=3.775 L/l_bar=49.8 final_ch=True wall=1.36s
case_128 seed=0 mode=cactus0.18: L=241 finish=stop l_bar=4.5 L/l_bar=53.6 final_ch=True wall=1.49s
case_129 seed=0 mode=cactus0.18: L=184 finish=stop l_bar=3.6 L/l_bar=51.1 final_ch=True wall=1.41s
case_130 seed=0 mode=cactus0.18: L=515 finish=stop l_bar=3.752 L/l_bar=137.2 final_ch=True wall=3.06s
case_131 seed=0 mode=cactus0.18: L=211 finish=stop l_bar=3.396 L/l_bar=62.1 final_ch=True wall=1.55s
case_132 seed=0 mode=cactus0.18: L=82 finish=stop l_bar=4.188 L/l_bar=19.6 final_ch=True wall=0.76s
case_133 seed=0 mode=cactus0.18: L=117 finish=stop l_bar=3.577 L/l_bar=32.7 final_ch=True wall=1.04s
case_134 seed=0 mode=cactus0.18: L=203 finish=stop l_bar=4.667 L/l_bar=43.5 final_ch=True wall=1.33s
case_135 seed=0 mode=cactus0.18: L=193 finish=stop l_bar=3.488 L/l_bar=55.3 final_ch=True wall=1.36s
case_136 seed=0 mode=cactus0.18: L=1167 finish=stop l_bar=4.777 L/l_bar=244.3 final_ch=True wall=5.77s
case_137 seed=0 mode=cactus0.18: L=127 finish=stop l_bar=3.852 L/l_bar=33.0 final_ch=True wall=1.05s
case_138 seed=0 mode=cactus0.18: L=182 finish=stop l_bar=4.2 L/l_bar=43.3 final_ch=True wall=1.33s
case_139 seed=0 mode=cactus0.18: L=640 finish=stop l_bar=4.087 L/l_bar=156.6 final_ch=True wall=3.61s
case_140 seed=0 mode=cactus0.18: L=1717 finish=stop l_bar=4.84 L/l_bar=354.7 final_ch=True wall=8.30s
case_141 seed=0 mode=cactus0.18: L=202 finish=stop l_bar=3.413 L/l_bar=59.2 final_ch=True wall=1.44s
case_142 seed=0 mode=cactus0.18: L=329 finish=stop l_bar=4.254 L/l_bar=77.3 final_ch=True wall=1.96s
case_143 seed=0 mode=cactus0.18: L=205 finish=stop l_bar=4.125 L/l_bar=49.7 final_ch=True wall=1.38s
case_144 seed=0 mode=cactus0.18: L=817 finish=stop l_bar=4.177 L/l_bar=195.6 final_ch=True wall=4.41s
case_145 seed=0 mode=cactus0.18: L=368 finish=stop l_bar=4.169 L/l_bar=88.3 final_ch=True wall=2.42s
case_146 seed=0 mode=cactus0.18: L=378 finish=stop l_bar=4.178 L/l_bar=90.5 final_ch=True wall=2.31s
case_147 seed=0 mode=cactus0.18: L=725 finish=stop l_bar=4.55 L/l_bar=159.4 final_ch=True wall=4.09s
case_148 seed=0 mode=cactus0.18: L=2048 finish=length l_bar=4.259 L/l_bar=480.9 final_ch=False wall=11.01s
case_149 seed=0 mode=cactus0.18: L=134 finish=stop l_bar=4.154 L/l_bar=32.3 final_ch=True wall=1.08s
case_150 seed=0 mode=cactus0.18: L=69 finish=stop l_bar=3.312 L/l_bar=20.8 final_ch=True wall=0.73s
[1/1] ok in 388s for 100 case(s)

wrote /home/chiatzen/lossy-token-eff/runs/gsm8k/persistent_arm_replay.json; 1/1 group(s) ok, 100 case(s) attempted
1 server(s) (one per arm/seed), 100 case(s) total

[1/1] arm=cactus seed=0 -> 100 case(s), one server -> /home/chiatzen/lossy-token-eff/logs/campaign_gsm8k_extend50_reuse/cactus0.35_batch_20260828T235012Z.log
case_051 seed=0 mode=cactus0.35: L=174 finish=stop l_bar=4.088 L/l_bar=42.6 final_ch=True wall=0.78s
case_052 seed=0 mode=cactus0.35: L=495 finish=stop l_bar=4.659 L/l_bar=106.2 final_ch=True wall=2.66s
case_053 seed=0 mode=cactus0.35: L=153 finish=stop l_bar=3.5 L/l_bar=43.7 final_ch=True wall=1.30s
case_054 seed=0 mode=cactus0.35: L=161 finish=stop l_bar=3.735 L/l_bar=43.1 final_ch=True wall=1.35s
case_055 seed=0 mode=cactus0.35: L=1738 finish=stop l_bar=4.979 L/l_bar=349.0 final_ch=True wall=8.83s
case_056 seed=0 mode=cactus0.35: L=271 finish=stop l_bar=4.787 L/l_bar=56.6 final_ch=True wall=1.77s
case_057 seed=0 mode=cactus0.35: L=534 finish=stop l_bar=4.434 L/l_bar=120.4 final_ch=True wall=3.28s
case_058 seed=0 mode=cactus0.35: L=365 finish=stop l_bar=4.448 L/l_bar=82.1 final_ch=True wall=2.29s
case_059 seed=0 mode=cactus0.35: L=466 finish=stop l_bar=4.683 L/l_bar=99.5 final_ch=True wall=2.72s
case_060 seed=0 mode=cactus0.35: L=94 finish=stop l_bar=4.765 L/l_bar=19.7 final_ch=True wall=0.81s
case_061 seed=0 mode=cactus0.35: L=342 finish=stop l_bar=4.516 L/l_bar=75.7 final_ch=True wall=2.03s
case_062 seed=0 mode=cactus0.35: L=1368 finish=stop l_bar=4.974 L/l_bar=275.0 final_ch=True wall=6.78s
case_063 seed=0 mode=cactus0.35: L=2048 finish=length l_bar=5.153 L/l_bar=397.4 final_ch=False wall=9.83s
case_064 seed=0 mode=cactus0.35: L=327 finish=stop l_bar=4.559 L/l_bar=71.7 final_ch=True wall=2.01s
case_065 seed=0 mode=cactus0.35: L=80 finish=stop l_bar=3.556 L/l_bar=22.5 final_ch=True wall=0.93s
case_066 seed=0 mode=cactus0.35: L=425 finish=stop l_bar=4.171 L/l_bar=101.9 final_ch=True wall=2.52s
case_067 seed=0 mode=cactus0.35: L=292 finish=stop l_bar=4.765 L/l_bar=61.3 final_ch=True wall=1.81s
case_068 seed=0 mode=cactus0.35: L=306 finish=stop l_bar=4.667 L/l_bar=65.6 final_ch=True wall=1.85s
case_069 seed=0 mode=cactus0.35: L=273 finish=stop l_bar=4.25 L/l_bar=64.2 final_ch=True wall=1.70s
case_070 seed=0 mode=cactus0.35: L=79 finish=stop l_bar=4.267 L/l_bar=18.5 final_ch=True wall=0.78s
case_071 seed=0 mode=cactus0.35: L=272 finish=stop l_bar=4.353 L/l_bar=62.5 final_ch=True wall=1.75s
case_072 seed=0 mode=cactus0.35: L=149 finish=stop l_bar=4.556 L/l_bar=32.7 final_ch=True wall=1.10s
case_073 seed=0 mode=cactus0.35: L=76 finish=stop l_bar=4.067 L/l_bar=18.7 final_ch=True wall=0.76s
case_074 seed=0 mode=cactus0.35: L=1679 finish=stop l_bar=4.711 L/l_bar=356.4 final_ch=True wall=8.36s
case_075 seed=0 mode=cactus0.35: L=311 finish=stop l_bar=4.065 L/l_bar=76.5 final_ch=True wall=2.24s
case_076 seed=0 mode=cactus0.35: L=1005 finish=stop l_bar=4.522 L/l_bar=222.2 final_ch=True wall=5.25s
case_077 seed=0 mode=cactus0.35: L=326 finish=stop l_bar=4.754 L/l_bar=68.6 final_ch=True wall=2.02s
case_078 seed=0 mode=cactus0.35: L=277 finish=stop l_bar=4.111 L/l_bar=67.4 final_ch=True wall=1.78s
case_079 seed=0 mode=cactus0.35: L=563 finish=stop l_bar=4.28 L/l_bar=131.5 final_ch=True wall=3.16s
case_080 seed=0 mode=cactus0.35: L=258 finish=stop l_bar=4.609 L/l_bar=56.0 final_ch=True wall=1.62s
case_081 seed=0 mode=cactus0.35: L=443 finish=stop l_bar=4.274 L/l_bar=103.7 final_ch=True wall=2.54s
case_082 seed=0 mode=cactus0.35: L=120 finish=stop l_bar=3.958 L/l_bar=30.3 final_ch=True wall=1.00s
case_083 seed=0 mode=cactus0.35: L=272 finish=stop l_bar=4.392 L/l_bar=61.9 final_ch=True wall=1.70s
case_084 seed=0 mode=cactus0.35: L=89 finish=stop l_bar=4.056 L/l_bar=21.9 final_ch=True wall=0.80s
case_085 seed=0 mode=cactus0.35: L=163 finish=stop l_bar=4.094 L/l_bar=39.8 final_ch=True wall=1.13s
case_086 seed=0 mode=cactus0.35: L=2048 finish=length l_bar=4.721 L/l_bar=433.8 final_ch=False wall=10.13s
case_087 seed=0 mode=cactus0.35: L=385 finish=stop l_bar=4.486 L/l_bar=85.8 final_ch=True wall=2.35s
case_088 seed=0 mode=cactus0.35: L=2048 finish=length l_bar=4.899 L/l_bar=418.0 final_ch=False wall=10.47s
case_089 seed=0 mode=cactus0.35: L=123 finish=stop l_bar=3.1 L/l_bar=39.7 final_ch=True wall=1.06s
case_090 seed=0 mode=cactus0.35: L=318 finish=stop l_bar=4.317 L/l_bar=73.7 final_ch=True wall=2.01s
case_091 seed=0 mode=cactus0.35: L=126 finish=stop l_bar=4.375 L/l_bar=28.8 final_ch=True wall=1.12s
case_092 seed=0 mode=cactus0.35: L=90 finish=stop l_bar=3.286 L/l_bar=27.4 final_ch=True wall=0.88s
case_093 seed=0 mode=cactus0.35: L=511 finish=stop l_bar=3.769 L/l_bar=135.6 final_ch=True wall=3.07s
case_094 seed=0 mode=cactus0.35: L=2048 finish=length l_bar=4.846 L/l_bar=422.6 final_ch=False wall=9.93s
case_095 seed=0 mode=cactus0.35: L=197 finish=stop l_bar=3.651 L/l_bar=54.0 final_ch=True wall=1.44s
case_096 seed=0 mode=cactus0.35: L=320 finish=stop l_bar=4.714 L/l_bar=67.9 final_ch=True wall=1.85s
case_097 seed=0 mode=cactus0.35: L=247 finish=stop l_bar=4.319 L/l_bar=57.2 final_ch=True wall=1.55s
case_098 seed=0 mode=cactus0.35: L=522 finish=stop l_bar=4.438 L/l_bar=117.6 final_ch=True wall=2.91s
case_099 seed=0 mode=cactus0.35: L=2048 finish=length l_bar=4.854 L/l_bar=421.9 final_ch=False wall=9.95s
case_100 seed=0 mode=cactus0.35: L=272 finish=stop l_bar=4.208 L/l_bar=64.6 final_ch=True wall=1.84s
case_101 seed=0 mode=cactus0.35: L=477 finish=stop l_bar=4.612 L/l_bar=103.4 final_ch=True wall=2.74s
case_102 seed=0 mode=cactus0.35: L=329 finish=stop l_bar=4.655 L/l_bar=70.7 final_ch=True wall=2.00s
case_103 seed=0 mode=cactus0.35: L=1428 finish=stop l_bar=4.857 L/l_bar=294.0 final_ch=True wall=6.98s
case_104 seed=0 mode=cactus0.35: L=1369 finish=stop l_bar=4.502 L/l_bar=304.1 final_ch=True wall=7.25s
case_105 seed=0 mode=cactus0.35: L=349 finish=stop l_bar=4.147 L/l_bar=84.2 final_ch=True wall=2.13s
case_106 seed=0 mode=cactus0.35: L=63 finish=stop l_bar=3.5 L/l_bar=18.0 final_ch=True wall=0.70s
case_107 seed=0 mode=cactus0.35: L=439 finish=stop l_bar=4.789 L/l_bar=91.7 final_ch=True wall=2.51s
case_108 seed=0 mode=cactus0.35: L=302 finish=stop l_bar=4.033 L/l_bar=74.9 final_ch=True wall=2.10s
case_109 seed=0 mode=cactus0.35: L=1166 finish=stop l_bar=4.924 L/l_bar=236.8 final_ch=True wall=5.84s
case_110 seed=0 mode=cactus0.35: L=329 finish=stop l_bar=4.627 L/l_bar=71.1 final_ch=True wall=1.97s
case_111 seed=0 mode=cactus0.35: L=781 finish=stop l_bar=4.688 L/l_bar=166.6 final_ch=True wall=4.14s
case_112 seed=0 mode=cactus0.35: L=1179 finish=stop l_bar=4.373 L/l_bar=269.6 final_ch=True wall=6.07s
case_113 seed=0 mode=cactus0.35: L=316 finish=stop l_bar=4.764 L/l_bar=66.3 final_ch=True wall=1.89s
case_114 seed=0 mode=cactus0.35: L=282 finish=stop l_bar=4.222 L/l_bar=66.8 final_ch=True wall=1.71s
case_115 seed=0 mode=cactus0.35: L=1406 finish=stop l_bar=4.62 L/l_bar=304.3 final_ch=True wall=7.03s
case_116 seed=0 mode=cactus0.35: L=939 finish=stop l_bar=4.103 L/l_bar=228.8 final_ch=True wall=5.11s
case_117 seed=0 mode=cactus0.35: L=867 finish=stop l_bar=4.529 L/l_bar=191.4 final_ch=True wall=4.52s
case_118 seed=0 mode=cactus0.35: L=164 finish=stop l_bar=4.29 L/l_bar=38.2 final_ch=True wall=1.12s
case_119 seed=0 mode=cactus0.35: L=254 finish=stop l_bar=4.426 L/l_bar=57.4 final_ch=True wall=1.73s
case_120 seed=0 mode=cactus0.35: L=2048 finish=length l_bar=4.679 L/l_bar=437.7 final_ch=False wall=10.01s
case_121 seed=0 mode=cactus0.35: L=208 finish=stop l_bar=3.976 L/l_bar=52.3 final_ch=True wall=1.40s
case_122 seed=0 mode=cactus0.35: L=203 finish=stop l_bar=3.511 L/l_bar=57.8 final_ch=True wall=1.46s
case_123 seed=0 mode=cactus0.35: L=404 finish=stop l_bar=4.387 L/l_bar=92.1 final_ch=True wall=2.34s
case_124 seed=0 mode=cactus0.35: L=191 finish=stop l_bar=4.909 L/l_bar=38.9 final_ch=True wall=1.26s
case_125 seed=0 mode=cactus0.35: L=1186 finish=stop l_bar=4.785 L/l_bar=247.8 final_ch=True wall=5.95s
case_126 seed=0 mode=cactus0.35: L=749 finish=stop l_bar=4.829 L/l_bar=155.1 final_ch=True wall=4.01s
case_127 seed=0 mode=cactus0.35: L=84 finish=stop l_bar=3.2 L/l_bar=26.2 final_ch=True wall=0.85s
case_128 seed=0 mode=cactus0.35: L=65 finish=stop l_bar=4.0 L/l_bar=16.2 final_ch=True wall=0.67s
case_129 seed=0 mode=cactus0.35: L=151 finish=stop l_bar=3.719 L/l_bar=40.6 final_ch=True wall=1.22s
case_130 seed=0 mode=cactus0.35: L=738 finish=stop l_bar=4.225 L/l_bar=174.7 final_ch=True wall=4.02s
case_131 seed=0 mode=cactus0.35: L=96 finish=stop l_bar=3.619 L/l_bar=26.5 final_ch=True wall=0.91s
case_132 seed=0 mode=cactus0.35: L=134 finish=stop l_bar=4.583 L/l_bar=29.2 final_ch=True wall=0.98s
case_133 seed=0 mode=cactus0.35: L=367 finish=stop l_bar=3.893 L/l_bar=94.3 final_ch=True wall=2.34s
case_134 seed=0 mode=cactus0.35: L=169 finish=stop l_bar=4.029 L/l_bar=41.9 final_ch=True wall=1.22s
case_135 seed=0 mode=cactus0.35: L=139 finish=stop l_bar=3.452 L/l_bar=40.3 final_ch=True wall=1.08s
case_136 seed=0 mode=cactus0.35: L=446 finish=stop l_bar=4.646 L/l_bar=96.0 final_ch=True wall=2.47s
case_137 seed=0 mode=cactus0.35: L=82 finish=stop l_bar=4.467 L/l_bar=18.4 final_ch=True wall=0.75s
case_138 seed=0 mode=cactus0.35: L=191 finish=stop l_bar=4.306 L/l_bar=44.4 final_ch=True wall=1.36s
case_139 seed=0 mode=cactus0.35: L=323 finish=stop l_bar=4.047 L/l_bar=79.8 final_ch=True wall=2.01s
case_140 seed=0 mode=cactus0.35: L=104 finish=stop l_bar=4.778 L/l_bar=21.8 final_ch=True wall=0.85s
case_141 seed=0 mode=cactus0.35: L=177 finish=stop l_bar=4.0 L/l_bar=44.2 final_ch=True wall=1.26s
case_142 seed=0 mode=cactus0.35: L=616 finish=stop l_bar=4.5 L/l_bar=136.9 final_ch=True wall=3.32s
case_143 seed=0 mode=cactus0.35: L=160 finish=stop l_bar=4.161 L/l_bar=38.4 final_ch=True wall=1.19s
case_144 seed=0 mode=cactus0.35: L=472 finish=stop l_bar=4.805 L/l_bar=98.2 final_ch=True wall=2.73s
case_145 seed=0 mode=cactus0.35: L=458 finish=stop l_bar=4.585 L/l_bar=99.9 final_ch=True wall=2.86s
case_146 seed=0 mode=cactus0.35: L=446 finish=stop l_bar=5.068 L/l_bar=88.0 final_ch=True wall=2.40s
case_147 seed=0 mode=cactus0.35: L=603 finish=stop l_bar=4.854 L/l_bar=124.2 final_ch=True wall=3.24s
case_148 seed=0 mode=cactus0.35: L=2048 finish=length l_bar=5.032 L/l_bar=407.0 final_ch=False wall=9.90s
case_149 seed=0 mode=cactus0.35: L=84 finish=stop l_bar=3.421 L/l_bar=24.6 final_ch=True wall=0.86s
case_150 seed=0 mode=cactus0.35: L=446 finish=stop l_bar=4.463 L/l_bar=99.9 final_ch=True wall=2.51s
[1/1] ok in 402s for 100 case(s)

wrote /home/chiatzen/lossy-token-eff/runs/gsm8k/persistent_arm_replay.json; 1/1 group(s) ok, 100 case(s) attempted
1 server(s) (one per arm/seed), 100 case(s) total

[1/1] arm=spec_casc_opt seed=0 -> 100 case(s), one server -> /home/chiatzen/lossy-token-eff/logs/campaign_gsm8k_extend50_reuse/specCascOptneg0.3_batch_20260828T235654Z.log
case_051 seed=0 mode=specCascOptneg0.3: L=208 finish=stop l_bar=2.852 L/l_bar=72.9 final_ch=True wall=1.06s
case_052 seed=0 mode=specCascOptneg0.3: L=194 finish=stop l_bar=3.17 L/l_bar=61.2 final_ch=True wall=1.31s
case_053 seed=0 mode=specCascOptneg0.3: L=224 finish=stop l_bar=3.392 L/l_bar=66.0 final_ch=True wall=1.73s
case_054 seed=0 mode=specCascOptneg0.3: L=207 finish=stop l_bar=3.404 L/l_bar=60.8 final_ch=True wall=1.70s
case_055 seed=0 mode=specCascOptneg0.3: L=509 finish=stop l_bar=3.67 L/l_bar=138.7 final_ch=True wall=3.27s
case_056 seed=0 mode=specCascOptneg0.3: L=96 finish=stop l_bar=3.174 L/l_bar=30.2 final_ch=True wall=0.95s
case_057 seed=0 mode=specCascOptneg0.3: L=293 finish=stop l_bar=3.492 L/l_bar=83.9 final_ch=True wall=2.04s
case_058 seed=0 mode=specCascOptneg0.3: L=191 finish=stop l_bar=2.731 L/l_bar=69.9 final_ch=True wall=1.66s
case_059 seed=0 mode=specCascOptneg0.3: L=278 finish=stop l_bar=3.5 L/l_bar=79.4 final_ch=True wall=2.06s
case_060 seed=0 mode=specCascOptneg0.3: L=140 finish=stop l_bar=4.143 L/l_bar=33.8 final_ch=True wall=1.12s
case_061 seed=0 mode=specCascOptneg0.3: L=272 finish=stop l_bar=3.015 L/l_bar=90.2 final_ch=True wall=2.02s
case_062 seed=0 mode=specCascOptneg0.3: L=305 finish=stop l_bar=3.485 L/l_bar=87.5 final_ch=True wall=2.13s
case_063 seed=0 mode=specCascOptneg0.3: L=1480 finish=stop l_bar=3.346 L/l_bar=442.3 final_ch=True wall=8.89s
case_064 seed=0 mode=specCascOptneg0.3: L=108 finish=stop l_bar=2.929 L/l_bar=36.9 final_ch=True wall=1.11s
case_065 seed=0 mode=specCascOptneg0.3: L=499 finish=stop l_bar=3.263 L/l_bar=152.9 final_ch=True wall=3.42s
case_066 seed=0 mode=specCascOptneg0.3: L=245 finish=stop l_bar=3.033 L/l_bar=80.8 final_ch=True wall=1.88s
case_067 seed=0 mode=specCascOptneg0.3: L=296 finish=stop l_bar=3.839 L/l_bar=77.1 final_ch=True wall=2.06s
case_068 seed=0 mode=specCascOptneg0.3: L=71 finish=stop l_bar=3.8 L/l_bar=18.7 final_ch=True wall=0.79s
case_069 seed=0 mode=specCascOptneg0.3: L=104 finish=stop l_bar=3.333 L/l_bar=31.2 final_ch=True wall=0.95s
case_070 seed=0 mode=specCascOptneg0.3: L=173 finish=stop l_bar=3.317 L/l_bar=52.2 final_ch=True wall=1.41s
case_071 seed=0 mode=specCascOptneg0.3: L=198 finish=stop l_bar=2.882 L/l_bar=68.7 final_ch=True wall=1.59s
case_072 seed=0 mode=specCascOptneg0.3: L=112 finish=stop l_bar=4.895 L/l_bar=22.9 final_ch=True wall=0.97s
case_073 seed=0 mode=specCascOptneg0.3: L=116 finish=stop l_bar=3.296 L/l_bar=35.2 final_ch=True wall=1.07s
case_074 seed=0 mode=specCascOptneg0.3: L=943 finish=stop l_bar=2.772 L/l_bar=340.2 final_ch=True wall=6.35s
case_075 seed=0 mode=specCascOptneg0.3: L=198 finish=stop l_bar=3.304 L/l_bar=59.9 final_ch=True wall=1.75s
case_076 seed=0 mode=specCascOptneg0.3: L=551 finish=stop l_bar=3.015 L/l_bar=182.8 final_ch=True wall=3.72s
case_077 seed=0 mode=specCascOptneg0.3: L=285 finish=stop l_bar=2.904 L/l_bar=98.1 final_ch=True wall=2.25s
case_078 seed=0 mode=specCascOptneg0.3: L=126 finish=stop l_bar=2.818 L/l_bar=44.7 final_ch=True wall=1.17s
case_079 seed=0 mode=specCascOptneg0.3: L=744 finish=stop l_bar=2.865 L/l_bar=259.7 final_ch=True wall=4.89s
case_080 seed=0 mode=specCascOptneg0.3: L=146 finish=stop l_bar=3.677 L/l_bar=39.7 final_ch=True wall=1.18s
case_081 seed=0 mode=specCascOptneg0.3: L=185 finish=stop l_bar=3.795 L/l_bar=48.8 final_ch=True wall=1.35s
case_082 seed=0 mode=specCascOptneg0.3: L=123 finish=stop l_bar=4.125 L/l_bar=29.8 final_ch=True wall=1.04s
case_083 seed=0 mode=specCascOptneg0.3: L=248 finish=stop l_bar=3.276 L/l_bar=75.7 final_ch=True wall=1.76s
case_084 seed=0 mode=specCascOptneg0.3: L=67 finish=stop l_bar=3.467 L/l_bar=19.3 final_ch=True wall=0.73s
case_085 seed=0 mode=specCascOptneg0.3: L=90 finish=stop l_bar=2.913 L/l_bar=30.9 final_ch=False wall=0.86s
case_086 seed=0 mode=specCascOptneg0.3: L=1583 finish=stop l_bar=2.785 L/l_bar=568.4 final_ch=True wall=10.11s
case_087 seed=0 mode=specCascOptneg0.3: L=942 finish=stop l_bar=2.81 L/l_bar=335.3 final_ch=True wall=6.13s
case_088 seed=0 mode=specCascOptneg0.3: L=664 finish=stop l_bar=3.176 L/l_bar=209.1 final_ch=True wall=4.20s
case_089 seed=0 mode=specCascOptneg0.3: L=78 finish=stop l_bar=1.786 L/l_bar=43.7 final_ch=True wall=0.92s
case_090 seed=0 mode=specCascOptneg0.3: L=178 finish=stop l_bar=3.045 L/l_bar=58.4 final_ch=True wall=1.40s
case_091 seed=0 mode=specCascOptneg0.3: L=107 finish=stop l_bar=2.7 L/l_bar=39.6 final_ch=True wall=1.16s
case_092 seed=0 mode=specCascOptneg0.3: L=88 finish=stop l_bar=3.45 L/l_bar=25.5 final_ch=True wall=0.84s
case_093 seed=0 mode=specCascOptneg0.3: L=350 finish=stop l_bar=3.106 L/l_bar=112.7 final_ch=True wall=2.40s
case_094 seed=0 mode=specCascOptneg0.3: L=1107 finish=stop l_bar=2.94 L/l_bar=376.6 final_ch=True wall=6.91s
case_095 seed=0 mode=specCascOptneg0.3: L=208 finish=stop l_bar=3.16 L/l_bar=65.8 final_ch=True wall=1.56s
case_096 seed=0 mode=specCascOptneg0.3: L=161 finish=stop l_bar=3.237 L/l_bar=49.7 final_ch=True wall=1.30s
case_097 seed=0 mode=specCascOptneg0.3: L=67 finish=stop l_bar=3.467 L/l_bar=19.3 final_ch=True wall=0.74s
case_098 seed=0 mode=specCascOptneg0.3: L=886 finish=stop l_bar=2.886 L/l_bar=307.0 final_ch=True wall=5.62s
case_099 seed=0 mode=specCascOptneg0.3: L=239 finish=stop l_bar=3.585 L/l_bar=66.7 final_ch=True wall=1.77s
case_100 seed=0 mode=specCascOptneg0.3: L=581 finish=stop l_bar=3.232 L/l_bar=179.8 final_ch=True wall=3.85s
case_101 seed=0 mode=specCascOptneg0.3: L=551 finish=stop l_bar=3.271 L/l_bar=168.4 final_ch=True wall=3.61s
case_102 seed=0 mode=specCascOptneg0.3: L=227 finish=stop l_bar=3.321 L/l_bar=68.4 final_ch=True wall=1.74s
case_103 seed=0 mode=specCascOptneg0.3: L=393 finish=stop l_bar=2.5 L/l_bar=157.2 final_ch=True wall=2.91s
case_104 seed=0 mode=specCascOptneg0.3: L=461 finish=stop l_bar=3.278 L/l_bar=140.6 final_ch=True wall=3.01s
case_105 seed=0 mode=specCascOptneg0.3: L=200 finish=stop l_bar=2.636 L/l_bar=75.9 final_ch=True wall=1.61s
case_106 seed=0 mode=specCascOptneg0.3: L=64 finish=stop l_bar=3.267 L/l_bar=19.6 final_ch=True wall=0.70s
case_107 seed=0 mode=specCascOptneg0.3: L=579 finish=stop l_bar=3.219 L/l_bar=179.9 final_ch=True wall=3.60s
case_108 seed=0 mode=specCascOptneg0.3: L=449 finish=stop l_bar=3.758 L/l_bar=119.5 final_ch=True wall=2.90s
case_109 seed=0 mode=specCascOptneg0.3: L=247 finish=stop l_bar=3.203 L/l_bar=77.1 final_ch=True wall=1.87s
case_110 seed=0 mode=specCascOptneg0.3: L=340 finish=stop l_bar=3.5 L/l_bar=97.1 final_ch=True wall=2.35s
case_111 seed=0 mode=specCascOptneg0.3: L=345 finish=stop l_bar=2.551 L/l_bar=135.2 final_ch=True wall=2.71s
case_112 seed=0 mode=specCascOptneg0.3: L=708 finish=stop l_bar=2.578 L/l_bar=274.6 final_ch=True wall=4.94s
case_113 seed=0 mode=specCascOptneg0.3: L=258 finish=stop l_bar=3.39 L/l_bar=76.1 final_ch=True wall=1.91s
case_114 seed=0 mode=specCascOptneg0.3: L=105 finish=stop l_bar=2.889 L/l_bar=36.3 final_ch=True wall=0.99s
case_115 seed=0 mode=specCascOptneg0.3: L=452 finish=stop l_bar=3.072 L/l_bar=147.1 final_ch=True wall=3.12s
case_116 seed=0 mode=specCascOptneg0.3: L=452 finish=stop l_bar=2.939 L/l_bar=153.8 final_ch=True wall=3.20s
case_117 seed=0 mode=specCascOptneg0.3: L=300 finish=stop l_bar=2.56 L/l_bar=117.2 final_ch=True wall=2.28s
case_118 seed=0 mode=specCascOptneg0.3: L=106 finish=stop l_bar=3.417 L/l_bar=31.0 final_ch=True wall=0.94s
case_119 seed=0 mode=specCascOptneg0.3: L=187 finish=stop l_bar=3.452 L/l_bar=54.2 final_ch=True wall=1.48s
case_120 seed=0 mode=specCascOptneg0.3: L=2048 finish=length l_bar=2.921 L/l_bar=701.0 final_ch=False wall=12.53s
case_121 seed=0 mode=specCascOptneg0.3: L=135 finish=stop l_bar=2.214 L/l_bar=61.0 final_ch=True wall=1.42s
case_122 seed=0 mode=specCascOptneg0.3: L=211 finish=stop l_bar=3.907 L/l_bar=54.0 final_ch=True wall=1.53s
case_123 seed=0 mode=specCascOptneg0.3: L=311 finish=stop l_bar=3.319 L/l_bar=93.7 final_ch=True wall=2.22s
case_124 seed=0 mode=specCascOptneg0.3: L=286 finish=stop l_bar=3.881 L/l_bar=73.7 final_ch=True wall=1.87s
case_125 seed=0 mode=specCascOptneg0.3: L=251 finish=stop l_bar=3.065 L/l_bar=81.9 final_ch=True wall=1.88s
case_126 seed=0 mode=specCascOptneg0.3: L=793 finish=stop l_bar=3.01 L/l_bar=263.4 final_ch=True wall=5.11s
case_127 seed=0 mode=specCascOptneg0.3: L=69 finish=stop l_bar=3.6 L/l_bar=19.2 final_ch=True wall=0.76s
case_128 seed=0 mode=specCascOptneg0.3: L=109 finish=stop l_bar=3.32 L/l_bar=32.8 final_ch=True wall=0.96s
case_129 seed=0 mode=specCascOptneg0.3: L=253 finish=stop l_bar=3.685 L/l_bar=68.7 final_ch=True wall=1.81s
case_130 seed=0 mode=specCascOptneg0.3: L=441 finish=stop l_bar=2.5 L/l_bar=176.4 final_ch=True wall=3.21s
case_131 seed=0 mode=specCascOptneg0.3: L=171 finish=stop l_bar=3.914 L/l_bar=43.7 final_ch=True wall=1.33s
case_132 seed=0 mode=specCascOptneg0.3: L=66 finish=stop l_bar=2.667 L/l_bar=24.8 final_ch=True wall=0.76s
case_133 seed=0 mode=specCascOptneg0.3: L=133 finish=stop l_bar=2.8 L/l_bar=47.5 final_ch=True wall=1.23s
case_134 seed=0 mode=specCascOptneg0.3: L=92 finish=stop l_bar=3.381 L/l_bar=27.2 final_ch=True wall=0.90s
case_135 seed=0 mode=specCascOptneg0.3: L=76 finish=stop l_bar=2.619 L/l_bar=29.0 final_ch=True wall=0.81s
case_136 seed=0 mode=specCascOptneg0.3: L=463 finish=stop l_bar=3.248 L/l_bar=142.6 final_ch=True wall=2.99s
case_137 seed=0 mode=specCascOptneg0.3: L=104 finish=stop l_bar=3.038 L/l_bar=34.2 final_ch=True wall=1.00s
case_138 seed=0 mode=specCascOptneg0.3: L=166 finish=stop l_bar=3.024 L/l_bar=54.9 final_ch=True wall=1.43s
case_139 seed=0 mode=specCascOptneg0.3: L=689 finish=stop l_bar=3.151 L/l_bar=218.7 final_ch=True wall=4.34s
case_140 seed=0 mode=specCascOptneg0.3: L=900 finish=stop l_bar=3.818 L/l_bar=235.7 final_ch=True wall=5.19s
case_141 seed=0 mode=specCascOptneg0.3: L=139 finish=stop l_bar=3.6 L/l_bar=38.6 final_ch=True wall=1.11s
case_142 seed=0 mode=specCascOptneg0.3: L=217 finish=stop l_bar=2.807 L/l_bar=77.3 final_ch=True wall=1.66s
case_143 seed=0 mode=specCascOptneg0.3: L=135 finish=stop l_bar=3.387 L/l_bar=39.9 final_ch=True wall=1.13s
case_144 seed=0 mode=specCascOptneg0.3: L=283 finish=stop l_bar=3.717 L/l_bar=76.1 final_ch=True wall=1.87s
case_145 seed=0 mode=specCascOptneg0.3: L=280 finish=stop l_bar=3.476 L/l_bar=80.5 final_ch=True wall=2.14s
case_146 seed=0 mode=specCascOptneg0.3: L=426 finish=stop l_bar=2.763 L/l_bar=154.2 final_ch=True wall=2.95s
case_147 seed=0 mode=specCascOptneg0.3: L=365 finish=stop l_bar=3.0 L/l_bar=121.7 final_ch=True wall=2.67s
case_148 seed=0 mode=specCascOptneg0.3: L=2048 finish=length l_bar=2.585 L/l_bar=792.3 final_ch=False wall=13.26s
case_149 seed=0 mode=specCascOptneg0.3: L=130 finish=stop l_bar=2.395 L/l_bar=54.3 final_ch=True wall=1.25s
case_150 seed=0 mode=specCascOptneg0.3: L=66 finish=stop l_bar=3.714 L/l_bar=17.8 final_ch=True wall=0.72s
[1/1] ok in 351s for 100 case(s)

wrote /home/chiatzen/lossy-token-eff/runs/gsm8k/persistent_arm_replay.json; 1/1 group(s) ok, 100 case(s) attempted
1 server(s) (one per arm/seed), 100 case(s) total

[1/1] arm=spec_casc_opt seed=0 -> 100 case(s), one server -> /home/chiatzen/lossy-token-eff/logs/campaign_gsm8k_extend50_reuse/specCascOptneg0.1_batch_20260829T000245Z.log
case_051 seed=0 mode=specCascOptneg0.1: L=139 finish=stop l_bar=2.971 L/l_bar=46.8 final_ch=True wall=0.79s
case_052 seed=0 mode=specCascOptneg0.1: L=295 finish=stop l_bar=3.823 L/l_bar=77.2 final_ch=True wall=1.68s
case_053 seed=0 mode=specCascOptneg0.1: L=257 finish=stop l_bar=3.607 L/l_bar=71.2 final_ch=True wall=1.91s
case_054 seed=0 mode=specCascOptneg0.1: L=124 finish=stop l_bar=3.429 L/l_bar=36.2 final_ch=True wall=1.25s
case_055 seed=0 mode=specCascOptneg0.1: L=896 finish=stop l_bar=3.661 L/l_bar=244.7 final_ch=True wall=5.57s
case_056 seed=0 mode=specCascOptneg0.1: L=227 finish=stop l_bar=4.279 L/l_bar=53.0 final_ch=True wall=1.63s
case_057 seed=0 mode=specCascOptneg0.1: L=170 finish=stop l_bar=3.971 L/l_bar=42.8 final_ch=True wall=1.34s
case_058 seed=0 mode=specCascOptneg0.1: L=172 finish=stop l_bar=3.0 L/l_bar=57.3 final_ch=True wall=1.48s
case_059 seed=0 mode=specCascOptneg0.1: L=388 finish=stop l_bar=3.226 L/l_bar=120.3 final_ch=True wall=2.73s
case_060 seed=0 mode=specCascOptneg0.1: L=57 finish=stop l_bar=3.071 L/l_bar=18.6 final_ch=True wall=0.68s
case_061 seed=0 mode=specCascOptneg0.1: L=271 finish=stop l_bar=2.712 L/l_bar=99.9 final_ch=True wall=2.05s
case_062 seed=0 mode=specCascOptneg0.1: L=213 finish=stop l_bar=3.438 L/l_bar=62.0 final_ch=True wall=1.60s
case_063 seed=0 mode=specCascOptneg0.1: L=2048 finish=length l_bar=3.276 L/l_bar=625.2 final_ch=False wall=12.14s
case_064 seed=0 mode=specCascOptneg0.1: L=164 finish=stop l_bar=3.125 L/l_bar=52.5 final_ch=True wall=1.40s
case_065 seed=0 mode=specCascOptneg0.1: L=1321 finish=stop l_bar=3.493 L/l_bar=378.2 final_ch=True wall=7.65s
case_066 seed=0 mode=specCascOptneg0.1: L=125 finish=stop l_bar=3.63 L/l_bar=34.4 final_ch=True wall=1.05s
case_067 seed=0 mode=specCascOptneg0.1: L=175 finish=stop l_bar=3.811 L/l_bar=45.9 final_ch=True wall=1.34s
case_068 seed=0 mode=specCascOptneg0.1: L=80 finish=stop l_bar=2.636 L/l_bar=30.3 final_ch=True wall=0.90s
case_069 seed=0 mode=specCascOptneg0.1: L=140 finish=stop l_bar=4.64 L/l_bar=30.2 final_ch=True wall=1.08s
case_070 seed=0 mode=specCascOptneg0.1: L=184 finish=stop l_bar=3.744 L/l_bar=49.2 final_ch=True wall=1.42s
case_071 seed=0 mode=specCascOptneg0.1: L=200 finish=stop l_bar=2.811 L/l_bar=71.1 final_ch=True wall=1.63s
case_072 seed=0 mode=specCascOptneg0.1: L=109 finish=stop l_bar=4.238 L/l_bar=25.7 final_ch=True wall=0.93s
case_073 seed=0 mode=specCascOptneg0.1: L=92 finish=stop l_bar=4.412 L/l_bar=20.9 final_ch=True wall=0.82s
case_074 seed=0 mode=specCascOptneg0.1: L=706 finish=stop l_bar=3.081 L/l_bar=229.2 final_ch=True wall=4.41s
case_075 seed=0 mode=specCascOptneg0.1: L=334 finish=stop l_bar=3.718 L/l_bar=89.8 final_ch=True wall=2.34s
case_076 seed=0 mode=specCascOptneg0.1: L=733 finish=stop l_bar=3.112 L/l_bar=235.5 final_ch=True wall=4.65s
case_077 seed=0 mode=specCascOptneg0.1: L=368 finish=stop l_bar=2.989 L/l_bar=123.1 final_ch=True wall=2.61s
case_078 seed=0 mode=specCascOptneg0.1: L=171 finish=stop l_bar=3.622 L/l_bar=47.2 final_ch=True wall=1.28s
case_079 seed=0 mode=specCascOptneg0.1: L=839 finish=stop l_bar=2.976 L/l_bar=281.9 final_ch=True wall=5.68s
case_080 seed=0 mode=specCascOptneg0.1: L=118 finish=stop l_bar=3.84 L/l_bar=30.7 final_ch=True wall=1.08s
case_081 seed=0 mode=specCascOptneg0.1: L=227 finish=stop l_bar=3.404 L/l_bar=66.7 final_ch=True wall=1.65s
case_082 seed=0 mode=specCascOptneg0.1: L=135 finish=stop l_bar=4.0 L/l_bar=33.8 final_ch=True wall=1.11s
case_083 seed=0 mode=specCascOptneg0.1: L=93 finish=stop l_bar=3.895 L/l_bar=23.9 final_ch=True wall=0.88s
case_084 seed=0 mode=specCascOptneg0.1: L=86 finish=stop l_bar=3.778 L/l_bar=22.8 final_ch=True wall=0.81s
case_085 seed=0 mode=specCascOptneg0.1: L=128 finish=stop l_bar=2.657 L/l_bar=48.2 final_ch=True wall=1.10s
case_086 seed=0 mode=specCascOptneg0.1: L=704 finish=stop l_bar=3.745 L/l_bar=188.0 final_ch=True wall=4.17s
case_087 seed=0 mode=specCascOptneg0.1: L=1318 finish=stop l_bar=3.307 L/l_bar=398.5 final_ch=True wall=7.81s
case_088 seed=0 mode=specCascOptneg0.1: L=725 finish=stop l_bar=3.333 L/l_bar=217.5 final_ch=True wall=4.45s
case_089 seed=0 mode=specCascOptneg0.1: L=146 finish=stop l_bar=3.294 L/l_bar=44.3 final_ch=True wall=1.16s
case_090 seed=0 mode=specCascOptneg0.1: L=484 finish=stop l_bar=3.745 L/l_bar=129.2 final_ch=True wall=3.04s
case_091 seed=0 mode=specCascOptneg0.1: L=75 finish=stop l_bar=2.947 L/l_bar=25.4 final_ch=True wall=0.92s
case_092 seed=0 mode=specCascOptneg0.1: L=182 finish=stop l_bar=3.463 L/l_bar=52.5 final_ch=True wall=1.37s
case_093 seed=0 mode=specCascOptneg0.1: L=205 finish=stop l_bar=2.596 L/l_bar=79.0 final_ch=True wall=1.63s
case_094 seed=0 mode=specCascOptneg0.1: L=1219 finish=stop l_bar=3.228 L/l_bar=377.6 final_ch=True wall=7.26s
case_095 seed=0 mode=specCascOptneg0.1: L=339 finish=stop l_bar=4.06 L/l_bar=83.5 final_ch=True wall=2.20s
case_096 seed=0 mode=specCascOptneg0.1: L=150 finish=stop l_bar=3.812 L/l_bar=39.3 final_ch=True wall=1.21s
case_097 seed=0 mode=specCascOptneg0.1: L=107 finish=stop l_bar=3.458 L/l_bar=30.9 final_ch=True wall=0.94s
case_098 seed=0 mode=specCascOptneg0.1: L=337 finish=stop l_bar=3.39 L/l_bar=99.4 final_ch=True wall=2.30s
case_099 seed=0 mode=specCascOptneg0.1: L=1006 finish=stop l_bar=3.341 L/l_bar=301.2 final_ch=True wall=5.96s
case_100 seed=0 mode=specCascOptneg0.1: L=774 finish=stop l_bar=3.293 L/l_bar=235.1 final_ch=True wall=4.73s
case_101 seed=0 mode=specCascOptneg0.1: L=518 finish=stop l_bar=3.896 L/l_bar=132.9 final_ch=True wall=3.15s
case_102 seed=0 mode=specCascOptneg0.1: L=149 finish=stop l_bar=3.229 L/l_bar=46.2 final_ch=True wall=1.28s
case_103 seed=0 mode=specCascOptneg0.1: L=653 finish=stop l_bar=3.025 L/l_bar=215.9 final_ch=True wall=4.08s
case_104 seed=0 mode=specCascOptneg0.1: L=201 finish=stop l_bar=3.25 L/l_bar=61.8 final_ch=True wall=1.53s
case_105 seed=0 mode=specCascOptneg0.1: L=411 finish=stop l_bar=3.419 L/l_bar=120.2 final_ch=True wall=2.59s
case_106 seed=0 mode=specCascOptneg0.1: L=103 finish=stop l_bar=3.522 L/l_bar=29.2 final_ch=True wall=0.88s
case_107 seed=0 mode=specCascOptneg0.1: L=210 finish=stop l_bar=3.118 L/l_bar=67.4 final_ch=True wall=1.53s
case_108 seed=0 mode=specCascOptneg0.1: L=407 finish=stop l_bar=3.779 L/l_bar=107.7 final_ch=True wall=2.64s
case_109 seed=0 mode=specCascOptneg0.1: L=288 finish=stop l_bar=2.789 L/l_bar=103.2 final_ch=True wall=2.14s
case_110 seed=0 mode=specCascOptneg0.1: L=180 finish=stop l_bar=3.838 L/l_bar=46.9 final_ch=True wall=1.36s
case_111 seed=0 mode=specCascOptneg0.1: L=227 finish=stop l_bar=2.831 L/l_bar=80.2 final_ch=True wall=1.84s
case_112 seed=0 mode=specCascOptneg0.1: L=660 finish=stop l_bar=3.196 L/l_bar=206.5 final_ch=True wall=4.27s
case_113 seed=0 mode=specCascOptneg0.1: L=185 finish=stop l_bar=3.795 L/l_bar=48.8 final_ch=True wall=1.38s
case_114 seed=0 mode=specCascOptneg0.1: L=162 finish=stop l_bar=3.05 L/l_bar=53.1 final_ch=True wall=1.32s
case_115 seed=0 mode=specCascOptneg0.1: L=332 finish=stop l_bar=3.548 L/l_bar=93.6 final_ch=True wall=2.20s
case_116 seed=0 mode=specCascOptneg0.1: L=507 finish=stop l_bar=3.215 L/l_bar=157.7 final_ch=True wall=3.27s
case_117 seed=0 mode=specCascOptneg0.1: L=331 finish=stop l_bar=3.086 L/l_bar=107.2 final_ch=True wall=2.37s
case_118 seed=0 mode=specCascOptneg0.1: L=108 finish=stop l_bar=3.696 L/l_bar=29.2 final_ch=True wall=0.90s
case_119 seed=0 mode=specCascOptneg0.1: L=266 finish=stop l_bar=3.377 L/l_bar=78.8 final_ch=True wall=1.89s
case_120 seed=0 mode=specCascOptneg0.1: L=2048 finish=length l_bar=3.38 L/l_bar=605.9 final_ch=False wall=11.49s
case_121 seed=0 mode=specCascOptneg0.1: L=410 finish=stop l_bar=3.713 L/l_bar=110.4 final_ch=True wall=2.48s
case_122 seed=0 mode=specCascOptneg0.1: L=105 finish=stop l_bar=2.889 L/l_bar=36.3 final_ch=True wall=1.00s
case_123 seed=0 mode=specCascOptneg0.1: L=296 finish=stop l_bar=3.554 L/l_bar=83.3 final_ch=True wall=1.97s
case_124 seed=0 mode=specCascOptneg0.1: L=114 finish=stop l_bar=3.875 L/l_bar=29.4 final_ch=True wall=0.94s
case_125 seed=0 mode=specCascOptneg0.1: L=233 finish=stop l_bar=3.017 L/l_bar=77.2 final_ch=True wall=1.77s
case_126 seed=0 mode=specCascOptneg0.1: L=961 finish=stop l_bar=3.191 L/l_bar=301.1 final_ch=True wall=5.88s
case_127 seed=0 mode=specCascOptneg0.1: L=76 finish=stop l_bar=3.471 L/l_bar=21.9 final_ch=True wall=0.78s
case_128 seed=0 mode=specCascOptneg0.1: L=63 finish=stop l_bar=3.2 L/l_bar=19.7 final_ch=True wall=0.69s
case_129 seed=0 mode=specCascOptneg0.1: L=133 finish=stop l_bar=3.433 L/l_bar=38.7 final_ch=True wall=1.16s
case_130 seed=0 mode=specCascOptneg0.1: L=486 finish=stop l_bar=3.252 L/l_bar=149.4 final_ch=True wall=3.09s
case_131 seed=0 mode=specCascOptneg0.1: L=134 finish=stop l_bar=3.5 L/l_bar=38.3 final_ch=True wall=1.12s
case_132 seed=0 mode=specCascOptneg0.1: L=73 finish=stop l_bar=3.867 L/l_bar=18.9 final_ch=True wall=0.71s
case_133 seed=0 mode=specCascOptneg0.1: L=212 finish=stop l_bar=3.63 L/l_bar=58.4 final_ch=True wall=1.53s
case_134 seed=0 mode=specCascOptneg0.1: L=122 finish=stop l_bar=3.519 L/l_bar=34.7 final_ch=True wall=1.02s
case_135 seed=0 mode=specCascOptneg0.1: L=69 finish=stop l_bar=2.136 L/l_bar=32.3 final_ch=True wall=0.79s
case_136 seed=0 mode=specCascOptneg0.1: L=297 finish=stop l_bar=3.5 L/l_bar=84.9 final_ch=True wall=1.96s
case_137 seed=0 mode=specCascOptneg0.1: L=187 finish=stop l_bar=4.081 L/l_bar=45.8 final_ch=True wall=1.31s
case_138 seed=0 mode=specCascOptneg0.1: L=191 finish=stop l_bar=3.571 L/l_bar=53.5 final_ch=True wall=1.45s
case_139 seed=0 mode=specCascOptneg0.1: L=1622 finish=stop l_bar=3.588 L/l_bar=452.1 final_ch=True wall=8.95s
case_140 seed=0 mode=specCascOptneg0.1: L=2048 finish=length l_bar=4.102 L/l_bar=499.3 final_ch=False wall=10.64s
case_141 seed=0 mode=specCascOptneg0.1: L=261 finish=stop l_bar=3.852 L/l_bar=67.8 final_ch=True wall=1.69s
case_142 seed=0 mode=specCascOptneg0.1: L=226 finish=stop l_bar=3.145 L/l_bar=71.8 final_ch=True wall=1.61s
case_143 seed=0 mode=specCascOptneg0.1: L=277 finish=stop l_bar=3.525 L/l_bar=78.6 final_ch=True wall=1.82s
case_144 seed=0 mode=specCascOptneg0.1: L=222 finish=stop l_bar=3.848 L/l_bar=57.7 final_ch=True wall=1.54s
case_145 seed=0 mode=specCascOptneg0.1: L=296 finish=stop l_bar=3.29 L/l_bar=90.0 final_ch=True wall=2.20s
case_146 seed=0 mode=specCascOptneg0.1: L=274 finish=stop l_bar=3.044 L/l_bar=90.0 final_ch=True wall=1.94s
case_147 seed=0 mode=specCascOptneg0.1: L=567 finish=stop l_bar=3.773 L/l_bar=150.3 final_ch=True wall=3.40s
case_148 seed=0 mode=specCascOptneg0.1: L=2048 finish=length l_bar=3.144 L/l_bar=651.5 final_ch=False wall=12.40s
case_149 seed=0 mode=specCascOptneg0.1: L=117 finish=stop l_bar=2.656 L/l_bar=44.0 final_ch=True wall=1.16s
case_150 seed=0 mode=specCascOptneg0.1: L=180 finish=stop l_bar=3.615 L/l_bar=49.8 final_ch=True wall=1.33s
[1/1] ok in 361s for 100 case(s)

wrote /home/chiatzen/lossy-token-eff/runs/gsm8k/persistent_arm_replay.json; 1/1 group(s) ok, 100 case(s) attempted
1 server(s) (one per arm/seed), 100 case(s) total

[1/1] arm=spec_casc_opt seed=0 -> 100 case(s), one server -> /home/chiatzen/lossy-token-eff/logs/campaign_gsm8k_extend50_reuse/specCascOpt0.05_batch_20260829T000847Z.log
case_051 seed=0 mode=specCascOpt0.05: L=181 finish=stop l_bar=3.114 L/l_bar=58.1 final_ch=True wall=0.90s
case_052 seed=0 mode=specCascOpt0.05: L=160 finish=stop l_bar=3.824 L/l_bar=41.8 final_ch=True wall=0.97s
case_053 seed=0 mode=specCascOpt0.05: L=497 finish=stop l_bar=3.771 L/l_bar=131.8 final_ch=True wall=3.04s
case_054 seed=0 mode=specCascOpt0.05: L=129 finish=stop l_bar=3.607 L/l_bar=35.8 final_ch=True wall=1.19s
case_055 seed=0 mode=specCascOpt0.05: L=604 finish=stop l_bar=3.951 L/l_bar=152.9 final_ch=True wall=3.72s
case_056 seed=0 mode=specCascOpt0.05: L=219 finish=stop l_bar=4.116 L/l_bar=53.2 final_ch=True wall=1.50s
case_057 seed=0 mode=specCascOpt0.05: L=160 finish=stop l_bar=4.0 L/l_bar=40.0 final_ch=True wall=1.20s
case_058 seed=0 mode=specCascOpt0.05: L=254 finish=stop l_bar=2.776 L/l_bar=91.5 final_ch=True wall=1.96s
case_059 seed=0 mode=specCascOpt0.05: L=1282 finish=stop l_bar=3.996 L/l_bar=320.8 final_ch=True wall=7.00s
case_060 seed=0 mode=specCascOpt0.05: L=183 finish=stop l_bar=3.919 L/l_bar=46.7 final_ch=True wall=1.28s
case_061 seed=0 mode=specCascOpt0.05: L=478 finish=stop l_bar=3.888 L/l_bar=123.0 final_ch=True wall=2.82s
case_062 seed=0 mode=specCascOpt0.05: L=442 finish=stop l_bar=3.702 L/l_bar=119.4 final_ch=True wall=2.75s
case_063 seed=0 mode=specCascOpt0.05: L=2048 finish=length l_bar=3.693 L/l_bar=554.5 final_ch=False wall=11.21s
case_064 seed=0 mode=specCascOpt0.05: L=299 finish=stop l_bar=3.478 L/l_bar=86.0 final_ch=True wall=2.01s
case_065 seed=0 mode=specCascOpt0.05: L=125 finish=stop l_bar=4.0 L/l_bar=31.2 final_ch=True wall=1.11s
case_066 seed=0 mode=specCascOpt0.05: L=212 finish=stop l_bar=3.778 L/l_bar=56.1 final_ch=True wall=1.50s
case_067 seed=0 mode=specCascOpt0.05: L=433 finish=stop l_bar=4.081 L/l_bar=106.1 final_ch=True wall=2.61s
case_068 seed=0 mode=specCascOpt0.05: L=276 finish=stop l_bar=4.208 L/l_bar=65.6 final_ch=True wall=1.78s
case_069 seed=0 mode=specCascOpt0.05: L=194 finish=stop l_bar=3.974 L/l_bar=48.8 final_ch=True wall=1.35s
case_070 seed=0 mode=specCascOpt0.05: L=74 finish=stop l_bar=3.353 L/l_bar=22.1 final_ch=True wall=0.78s
case_071 seed=0 mode=specCascOpt0.05: L=437 finish=stop l_bar=3.084 L/l_bar=141.7 final_ch=True wall=2.88s
case_072 seed=0 mode=specCascOpt0.05: L=63 finish=stop l_bar=3.846 L/l_bar=16.4 final_ch=True wall=0.69s
case_073 seed=0 mode=specCascOpt0.05: L=74 finish=stop l_bar=2.524 L/l_bar=29.3 final_ch=True wall=0.84s
case_074 seed=0 mode=specCascOpt0.05: L=1542 finish=stop l_bar=3.801 L/l_bar=405.7 final_ch=True wall=8.49s
case_075 seed=0 mode=specCascOpt0.05: L=429 finish=stop l_bar=3.82 L/l_bar=112.3 final_ch=True wall=2.82s
case_076 seed=0 mode=specCascOpt0.05: L=366 finish=stop l_bar=3.805 L/l_bar=96.2 final_ch=True wall=2.40s
case_077 seed=0 mode=specCascOpt0.05: L=207 finish=stop l_bar=3.396 L/l_bar=61.0 final_ch=True wall=1.63s
case_078 seed=0 mode=specCascOpt0.05: L=284 finish=stop l_bar=3.176 L/l_bar=89.4 final_ch=True wall=1.98s
case_079 seed=0 mode=specCascOpt0.05: L=1937 finish=stop l_bar=3.697 L/l_bar=523.9 final_ch=True wall=10.53s
case_080 seed=0 mode=specCascOpt0.05: L=58 finish=stop l_bar=3.462 L/l_bar=16.8 final_ch=True wall=0.69s
case_081 seed=0 mode=specCascOpt0.05: L=129 finish=stop l_bar=4.038 L/l_bar=31.9 final_ch=True wall=1.03s
case_082 seed=0 mode=specCascOpt0.05: L=222 finish=stop l_bar=3.269 L/l_bar=67.9 final_ch=True wall=1.63s
case_083 seed=0 mode=specCascOpt0.05: L=75 finish=stop l_bar=3.167 L/l_bar=23.7 final_ch=True wall=0.76s
case_084 seed=0 mode=specCascOpt0.05: L=83 finish=stop l_bar=3.824 L/l_bar=21.7 final_ch=True wall=0.78s
case_085 seed=0 mode=specCascOpt0.05: L=147 finish=stop l_bar=3.933 L/l_bar=37.4 final_ch=True wall=1.07s
case_086 seed=0 mode=specCascOpt0.05: L=1203 finish=stop l_bar=3.786 L/l_bar=317.8 final_ch=True wall=6.75s
case_087 seed=0 mode=specCascOpt0.05: L=866 finish=stop l_bar=4.012 L/l_bar=215.9 final_ch=True wall=4.86s
case_088 seed=0 mode=specCascOpt0.05: L=2048 finish=length l_bar=3.765 L/l_bar=543.9 final_ch=False wall=11.04s
case_089 seed=0 mode=specCascOpt0.05: L=111 finish=stop l_bar=3.269 L/l_bar=34.0 final_ch=True wall=0.95s
case_090 seed=0 mode=specCascOpt0.05: L=576 finish=stop l_bar=3.274 L/l_bar=175.9 final_ch=True wall=3.57s
case_091 seed=0 mode=specCascOpt0.05: L=140 finish=stop l_bar=3.767 L/l_bar=37.2 final_ch=True wall=1.22s
case_092 seed=0 mode=specCascOpt0.05: L=78 finish=stop l_bar=2.9 L/l_bar=26.9 final_ch=True wall=0.80s
case_093 seed=0 mode=specCascOpt0.05: L=351 finish=stop l_bar=2.955 L/l_bar=118.8 final_ch=True wall=2.46s
case_094 seed=0 mode=specCascOpt0.05: L=2048 finish=length l_bar=3.258 L/l_bar=628.6 final_ch=False wall=11.70s
case_095 seed=0 mode=specCascOpt0.05: L=1130 finish=stop l_bar=4.27 L/l_bar=264.7 final_ch=True wall=5.93s
case_096 seed=0 mode=specCascOpt0.05: L=113 finish=stop l_bar=3.56 L/l_bar=31.7 final_ch=True wall=0.96s
case_097 seed=0 mode=specCascOpt0.05: L=132 finish=stop l_bar=3.433 L/l_bar=38.4 final_ch=True wall=1.06s
case_098 seed=0 mode=specCascOpt0.05: L=377 finish=stop l_bar=3.284 L/l_bar=114.8 final_ch=True wall=2.45s
case_099 seed=0 mode=specCascOpt0.05: L=732 finish=stop l_bar=3.287 L/l_bar=222.7 final_ch=True wall=4.45s
case_100 seed=0 mode=specCascOpt0.05: L=1646 finish=stop l_bar=3.698 L/l_bar=445.1 final_ch=True wall=9.03s
case_101 seed=0 mode=specCascOpt0.05: L=1305 finish=stop l_bar=3.884 L/l_bar=336.0 final_ch=True wall=7.15s
case_102 seed=0 mode=specCascOpt0.05: L=277 finish=stop l_bar=3.65 L/l_bar=75.9 final_ch=True wall=1.91s
case_103 seed=0 mode=specCascOpt0.05: L=759 finish=stop l_bar=3.356 L/l_bar=226.1 final_ch=True wall=4.51s
case_104 seed=0 mode=specCascOpt0.05: L=337 finish=stop l_bar=3.447 L/l_bar=97.8 final_ch=True wall=2.22s
case_105 seed=0 mode=specCascOpt0.05: L=124 finish=stop l_bar=3.379 L/l_bar=36.7 final_ch=True wall=1.06s
case_106 seed=0 mode=specCascOpt0.05: L=70 finish=stop l_bar=2.889 L/l_bar=24.2 final_ch=True wall=0.73s
case_107 seed=0 mode=specCascOpt0.05: L=573 finish=stop l_bar=3.608 L/l_bar=158.8 final_ch=True wall=3.40s
case_108 seed=0 mode=specCascOpt0.05: L=311 finish=stop l_bar=3.844 L/l_bar=80.9 final_ch=True wall=2.11s
case_109 seed=0 mode=specCascOpt0.05: L=1475 finish=stop l_bar=3.662 L/l_bar=402.7 final_ch=True wall=8.14s
case_110 seed=0 mode=specCascOpt0.05: L=167 finish=stop l_bar=4.091 L/l_bar=40.8 final_ch=True wall=1.23s
case_111 seed=0 mode=specCascOpt0.05: L=183 finish=stop l_bar=3.537 L/l_bar=51.7 final_ch=True wall=1.45s
case_112 seed=0 mode=specCascOpt0.05: L=528 finish=stop l_bar=3.298 L/l_bar=160.1 final_ch=True wall=3.33s
case_113 seed=0 mode=specCascOpt0.05: L=169 finish=stop l_bar=4.862 L/l_bar=34.8 final_ch=True wall=1.20s
case_114 seed=0 mode=specCascOpt0.05: L=130 finish=stop l_bar=3.679 L/l_bar=35.3 final_ch=True wall=1.03s
case_115 seed=0 mode=specCascOpt0.05: L=726 finish=stop l_bar=4.36 L/l_bar=166.5 final_ch=True wall=3.99s
case_116 seed=0 mode=specCascOpt0.05: L=474 finish=stop l_bar=3.306 L/l_bar=143.4 final_ch=True wall=3.10s
case_117 seed=0 mode=specCascOpt0.05: L=213 finish=stop l_bar=3.176 L/l_bar=67.1 final_ch=True wall=1.57s
case_118 seed=0 mode=specCascOpt0.05: L=87 finish=stop l_bar=3.833 L/l_bar=22.7 final_ch=True wall=0.77s
case_119 seed=0 mode=specCascOpt0.05: L=208 finish=stop l_bar=4.25 L/l_bar=48.9 final_ch=True wall=1.48s
case_120 seed=0 mode=specCascOpt0.05: L=2048 finish=length l_bar=3.732 L/l_bar=548.8 final_ch=False wall=11.02s
case_121 seed=0 mode=specCascOpt0.05: L=218 finish=stop l_bar=2.893 L/l_bar=75.4 final_ch=True wall=1.62s
case_122 seed=0 mode=specCascOpt0.05: L=262 finish=stop l_bar=3.782 L/l_bar=69.3 final_ch=True wall=1.73s
case_123 seed=0 mode=specCascOpt0.05: L=262 finish=stop l_bar=3.094 L/l_bar=84.7 final_ch=True wall=1.88s
case_124 seed=0 mode=specCascOpt0.05: L=115 finish=stop l_bar=3.76 L/l_bar=30.6 final_ch=True wall=0.96s
case_125 seed=0 mode=specCascOpt0.05: L=884 finish=stop l_bar=3.126 L/l_bar=282.8 final_ch=True wall=5.40s
case_126 seed=0 mode=specCascOpt0.05: L=2048 finish=length l_bar=3.888 L/l_bar=526.8 final_ch=False wall=10.89s
case_127 seed=0 mode=specCascOpt0.05: L=103 finish=stop l_bar=3.905 L/l_bar=26.4 final_ch=True wall=0.90s
case_128 seed=0 mode=specCascOpt0.05: L=53 finish=stop l_bar=2.786 L/l_bar=19.0 final_ch=True wall=0.65s
case_129 seed=0 mode=specCascOpt0.05: L=200 finish=stop l_bar=3.786 L/l_bar=52.8 final_ch=True wall=1.49s
case_130 seed=0 mode=specCascOpt0.05: L=847 finish=stop l_bar=3.468 L/l_bar=244.2 final_ch=True wall=4.95s
case_131 seed=0 mode=specCascOpt0.05: L=185 finish=stop l_bar=3.279 L/l_bar=56.4 final_ch=True wall=1.43s
case_132 seed=0 mode=specCascOpt0.05: L=68 finish=stop l_bar=3.0 L/l_bar=22.7 final_ch=True wall=0.73s
case_133 seed=0 mode=specCascOpt0.05: L=150 finish=stop l_bar=3.839 L/l_bar=39.1 final_ch=True wall=1.19s
case_134 seed=0 mode=specCascOpt0.05: L=154 finish=stop l_bar=3.667 L/l_bar=42.0 final_ch=True wall=1.18s
case_135 seed=0 mode=specCascOpt0.05: L=80 finish=stop l_bar=3.706 L/l_bar=21.6 final_ch=True wall=0.74s
case_136 seed=0 mode=specCascOpt0.05: L=733 finish=stop l_bar=4.162 L/l_bar=176.1 final_ch=True wall=4.06s
case_137 seed=0 mode=specCascOpt0.05: L=85 finish=stop l_bar=2.739 L/l_bar=31.0 final_ch=True wall=0.89s
case_138 seed=0 mode=specCascOpt0.05: L=438 finish=stop l_bar=3.933 L/l_bar=111.4 final_ch=True wall=2.71s
case_139 seed=0 mode=specCascOpt0.05: L=798 finish=stop l_bar=3.778 L/l_bar=211.2 final_ch=True wall=4.52s
case_140 seed=0 mode=specCascOpt0.05: L=1565 finish=stop l_bar=4.483 L/l_bar=349.1 final_ch=True wall=7.99s
case_141 seed=0 mode=specCascOpt0.05: L=87 finish=stop l_bar=3.55 L/l_bar=24.5 final_ch=True wall=0.86s
case_142 seed=0 mode=specCascOpt0.05: L=176 finish=stop l_bar=3.116 L/l_bar=56.5 final_ch=True wall=1.35s
case_143 seed=0 mode=specCascOpt0.05: L=208 finish=stop l_bar=3.884 L/l_bar=53.6 final_ch=True wall=1.43s
case_144 seed=0 mode=specCascOpt0.05: L=509 finish=stop l_bar=3.904 L/l_bar=130.4 final_ch=True wall=2.97s
case_145 seed=0 mode=specCascOpt0.05: L=336 finish=stop l_bar=4.508 L/l_bar=74.5 final_ch=True wall=2.17s
case_146 seed=0 mode=specCascOpt0.05: L=387 finish=stop l_bar=3.9 L/l_bar=99.2 final_ch=True wall=2.38s
case_147 seed=0 mode=specCascOpt0.05: L=676 finish=stop l_bar=4.208 L/l_bar=160.7 final_ch=True wall=3.75s
case_148 seed=0 mode=specCascOpt0.05: L=2048 finish=length l_bar=3.309 L/l_bar=618.8 final_ch=False wall=11.66s
case_149 seed=0 mode=specCascOpt0.05: L=223 finish=stop l_bar=4.068 L/l_bar=54.8 final_ch=True wall=1.52s
case_150 seed=0 mode=specCascOpt0.05: L=240 finish=stop l_bar=3.635 L/l_bar=66.0 final_ch=True wall=1.61s
[1/1] ok in 405s for 100 case(s)

wrote /home/chiatzen/lossy-token-eff/runs/gsm8k/persistent_arm_replay.json; 1/1 group(s) ok, 100 case(s) attempted
1 server(s) (one per arm/seed), 100 case(s) total

[1/1] arm=r_fuzzy seed=0 -> 100 case(s), one server -> /home/chiatzen/lossy-token-eff/logs/campaign_gsm8k_extend50_reuse/rFuzzy0.08_batch_20260829T001532Z.log
case_051 seed=0 mode=rFuzzy0.08: L=161 finish=stop l_bar=2.115 L/l_bar=76.1 final_ch=True wall=0.99s
case_052 seed=0 mode=rFuzzy0.08: L=571 finish=stop l_bar=2.979 L/l_bar=191.7 final_ch=True wall=3.36s
case_053 seed=0 mode=rFuzzy0.08: L=217 finish=stop l_bar=3.408 L/l_bar=63.7 final_ch=True wall=1.66s
case_054 seed=0 mode=rFuzzy0.08: L=189 finish=stop l_bar=2.635 L/l_bar=71.7 final_ch=True wall=1.67s
case_055 seed=0 mode=rFuzzy0.08: L=290 finish=stop l_bar=2.718 L/l_bar=106.7 final_ch=True wall=2.21s
case_056 seed=0 mode=rFuzzy0.08: L=94 finish=stop l_bar=3.13 L/l_bar=30.0 final_ch=True wall=0.92s
case_057 seed=0 mode=rFuzzy0.08: L=235 finish=stop l_bar=3.0 L/l_bar=78.3 final_ch=True wall=1.73s
case_058 seed=0 mode=rFuzzy0.08: L=217 finish=stop l_bar=2.406 L/l_bar=90.2 final_ch=True wall=1.82s
case_059 seed=0 mode=rFuzzy0.08: L=470 finish=stop l_bar=3.214 L/l_bar=146.2 final_ch=True wall=3.10s
case_060 seed=0 mode=rFuzzy0.08: L=146 finish=stop l_bar=2.744 L/l_bar=53.2 final_ch=True wall=1.22s
case_061 seed=0 mode=rFuzzy0.08: L=284 finish=stop l_bar=2.789 L/l_bar=101.8 final_ch=True wall=2.09s
case_062 seed=0 mode=rFuzzy0.08: L=79 finish=stop l_bar=2.591 L/l_bar=30.5 final_ch=True wall=0.90s
case_063 seed=0 mode=rFuzzy0.08: L=968 finish=stop l_bar=2.815 L/l_bar=343.9 final_ch=True wall=6.19s
case_064 seed=0 mode=rFuzzy0.08: L=338 finish=stop l_bar=2.852 L/l_bar=118.5 final_ch=True wall=2.44s
case_065 seed=0 mode=rFuzzy0.08: L=271 finish=stop l_bar=2.14 L/l_bar=126.7 final_ch=True wall=2.32s
case_066 seed=0 mode=rFuzzy0.08: L=186 finish=stop l_bar=2.896 L/l_bar=64.2 final_ch=True wall=1.48s
case_067 seed=0 mode=rFuzzy0.08: L=148 finish=stop l_bar=2.846 L/l_bar=52.0 final_ch=True wall=1.30s
case_068 seed=0 mode=rFuzzy0.08: L=122 finish=stop l_bar=3.393 L/l_bar=36.0 final_ch=True wall=1.08s
case_069 seed=0 mode=rFuzzy0.08: L=399 finish=stop l_bar=3.156 L/l_bar=126.4 final_ch=True wall=2.62s
case_070 seed=0 mode=rFuzzy0.08: L=147 finish=stop l_bar=2.585 L/l_bar=56.9 final_ch=True wall=1.30s
case_071 seed=0 mode=rFuzzy0.08: L=400 finish=stop l_bar=2.562 L/l_bar=156.1 final_ch=True wall=2.88s
case_072 seed=0 mode=rFuzzy0.08: L=246 finish=stop l_bar=3.556 L/l_bar=69.2 final_ch=True wall=1.71s
case_073 seed=0 mode=rFuzzy0.08: L=148 finish=stop l_bar=3.0 L/l_bar=49.3 final_ch=True wall=1.24s
case_074 seed=0 mode=rFuzzy0.08: L=818 finish=stop l_bar=2.723 L/l_bar=300.4 final_ch=True wall=5.27s
case_075 seed=0 mode=rFuzzy0.08: L=299 finish=stop l_bar=2.797 L/l_bar=106.9 final_ch=True wall=2.34s
case_076 seed=0 mode=rFuzzy0.08: L=344 finish=stop l_bar=2.426 L/l_bar=141.8 final_ch=True wall=2.67s
case_077 seed=0 mode=rFuzzy0.08: L=258 finish=stop l_bar=2.851 L/l_bar=90.5 final_ch=True wall=2.01s
case_078 seed=0 mode=rFuzzy0.08: L=94 finish=stop l_bar=2.76 L/l_bar=34.1 final_ch=True wall=0.93s
case_079 seed=0 mode=rFuzzy0.08: L=337 finish=stop l_bar=2.314 L/l_bar=145.7 final_ch=True wall=2.54s
case_080 seed=0 mode=rFuzzy0.08: L=55 finish=stop l_bar=3.583 L/l_bar=15.3 final_ch=True wall=0.66s
case_081 seed=0 mode=rFuzzy0.08: L=260 finish=stop l_bar=3.407 L/l_bar=76.3 final_ch=True wall=1.79s
case_082 seed=0 mode=rFuzzy0.08: L=150 finish=stop l_bar=3.108 L/l_bar=48.3 final_ch=True wall=1.25s
case_083 seed=0 mode=rFuzzy0.08: L=131 finish=stop l_bar=3.367 L/l_bar=38.9 final_ch=True wall=1.09s
case_084 seed=0 mode=rFuzzy0.08: L=67 finish=stop l_bar=3.786 L/l_bar=17.7 final_ch=True wall=0.71s
case_085 seed=0 mode=rFuzzy0.08: L=366 finish=stop l_bar=2.481 L/l_bar=147.5 final_ch=True wall=2.67s
case_086 seed=0 mode=rFuzzy0.08: L=546 finish=stop l_bar=2.303 L/l_bar=237.1 final_ch=True wall=3.98s
case_087 seed=0 mode=rFuzzy0.08: L=249 finish=stop l_bar=2.846 L/l_bar=87.5 final_ch=True wall=1.95s
case_088 seed=0 mode=rFuzzy0.08: L=944 finish=stop l_bar=2.713 L/l_bar=348.0 final_ch=True wall=6.12s
case_089 seed=0 mode=rFuzzy0.08: L=119 finish=stop l_bar=2.967 L/l_bar=40.1 final_ch=True wall=1.03s
case_090 seed=0 mode=rFuzzy0.08: L=323 finish=stop l_bar=3.154 L/l_bar=102.4 final_ch=True wall=2.22s
case_091 seed=0 mode=rFuzzy0.08: L=145 finish=stop l_bar=3.0 L/l_bar=48.3 final_ch=True wall=1.30s
case_092 seed=0 mode=rFuzzy0.08: L=76 finish=stop l_bar=3.222 L/l_bar=23.6 final_ch=True wall=0.80s
case_093 seed=0 mode=rFuzzy0.08: L=332 finish=stop l_bar=2.423 L/l_bar=137.0 final_ch=True wall=2.52s
case_094 seed=0 mode=rFuzzy0.08: L=2044 finish=stop l_bar=2.51 L/l_bar=814.2 final_ch=True wall=13.11s
case_095 seed=0 mode=rFuzzy0.08: L=244 finish=stop l_bar=3.136 L/l_bar=77.8 final_ch=True wall=1.73s
case_096 seed=0 mode=rFuzzy0.08: L=437 finish=stop l_bar=3.327 L/l_bar=131.4 final_ch=True wall=2.75s
case_097 seed=0 mode=rFuzzy0.08: L=78 finish=stop l_bar=3.333 L/l_bar=23.4 final_ch=True wall=0.76s
case_098 seed=0 mode=rFuzzy0.08: L=431 finish=stop l_bar=2.807 L/l_bar=153.5 final_ch=True wall=3.01s
case_099 seed=0 mode=rFuzzy0.08: L=397 finish=stop l_bar=2.47 L/l_bar=160.8 final_ch=True wall=2.99s
case_100 seed=0 mode=rFuzzy0.08: L=469 finish=stop l_bar=3.415 L/l_bar=137.3 final_ch=True wall=3.09s
case_101 seed=0 mode=rFuzzy0.08: L=906 finish=stop l_bar=3.022 L/l_bar=299.8 final_ch=True wall=5.66s
case_102 seed=0 mode=rFuzzy0.08: L=219 finish=stop l_bar=3.151 L/l_bar=69.5 final_ch=True wall=1.68s
case_103 seed=0 mode=rFuzzy0.08: L=283 finish=stop l_bar=2.688 L/l_bar=105.3 final_ch=True wall=2.13s
case_104 seed=0 mode=rFuzzy0.08: L=329 finish=stop l_bar=2.685 L/l_bar=122.5 final_ch=True wall=2.38s
case_105 seed=0 mode=rFuzzy0.08: L=213 finish=stop l_bar=3.115 L/l_bar=68.4 final_ch=True wall=1.57s
case_106 seed=0 mode=rFuzzy0.08: L=79 finish=stop l_bar=2.81 L/l_bar=28.1 final_ch=True wall=0.79s
case_107 seed=0 mode=rFuzzy0.08: L=286 finish=stop l_bar=3.299 L/l_bar=86.7 final_ch=True wall=1.92s
case_108 seed=0 mode=rFuzzy0.08: L=306 finish=stop l_bar=3.435 L/l_bar=89.1 final_ch=True wall=2.17s
case_109 seed=0 mode=rFuzzy0.08: L=217 finish=stop l_bar=3.255 L/l_bar=66.7 final_ch=True wall=1.62s
case_110 seed=0 mode=rFuzzy0.08: L=197 finish=stop l_bar=3.4 L/l_bar=57.9 final_ch=True wall=1.46s
case_111 seed=0 mode=rFuzzy0.08: L=361 finish=stop l_bar=2.333 L/l_bar=154.7 final_ch=True wall=2.75s
case_112 seed=0 mode=rFuzzy0.08: L=252 finish=stop l_bar=2.342 L/l_bar=107.6 final_ch=True wall=2.03s
case_113 seed=0 mode=rFuzzy0.08: L=200 finish=stop l_bar=3.082 L/l_bar=64.9 final_ch=True wall=1.58s
case_114 seed=0 mode=rFuzzy0.08: L=500 finish=stop l_bar=2.891 L/l_bar=172.9 final_ch=True wall=3.31s
case_115 seed=0 mode=rFuzzy0.08: L=345 finish=stop l_bar=3.325 L/l_bar=103.8 final_ch=True wall=2.40s
case_116 seed=0 mode=rFuzzy0.08: L=363 finish=stop l_bar=2.63 L/l_bar=138.0 final_ch=True wall=2.73s
case_117 seed=0 mode=rFuzzy0.08: L=300 finish=stop l_bar=2.75 L/l_bar=109.1 final_ch=True wall=2.20s
case_118 seed=0 mode=rFuzzy0.08: L=108 finish=stop l_bar=3.5 L/l_bar=30.9 final_ch=True wall=0.91s
case_119 seed=0 mode=rFuzzy0.08: L=175 finish=stop l_bar=3.45 L/l_bar=50.7 final_ch=True wall=1.43s
case_120 seed=0 mode=rFuzzy0.08: L=2048 finish=length l_bar=2.606 L/l_bar=786.0 final_ch=False wall=13.15s
case_121 seed=0 mode=rFuzzy0.08: L=164 finish=stop l_bar=2.565 L/l_bar=63.9 final_ch=True wall=1.39s
case_122 seed=0 mode=rFuzzy0.08: L=287 finish=stop l_bar=3.086 L/l_bar=93.0 final_ch=True wall=2.00s
case_123 seed=0 mode=rFuzzy0.08: L=459 finish=stop l_bar=3.946 L/l_bar=116.3 final_ch=True wall=2.73s
case_124 seed=0 mode=rFuzzy0.08: L=333 finish=stop l_bar=3.48 L/l_bar=95.7 final_ch=True wall=2.16s
case_125 seed=0 mode=rFuzzy0.08: L=206 finish=stop l_bar=2.169 L/l_bar=95.0 final_ch=True wall=1.78s
case_126 seed=0 mode=rFuzzy0.08: L=832 finish=stop l_bar=2.479 L/l_bar=335.6 final_ch=True wall=5.71s
case_127 seed=0 mode=rFuzzy0.08: L=126 finish=stop l_bar=2.969 L/l_bar=42.4 final_ch=True wall=1.10s
case_128 seed=0 mode=rFuzzy0.08: L=112 finish=stop l_bar=2.613 L/l_bar=42.9 final_ch=True wall=1.02s
case_129 seed=0 mode=rFuzzy0.08: L=116 finish=stop l_bar=3.143 L/l_bar=36.9 final_ch=True wall=1.11s
case_130 seed=0 mode=rFuzzy0.08: L=441 finish=stop l_bar=2.836 L/l_bar=155.5 final_ch=True wall=3.14s
case_131 seed=0 mode=rFuzzy0.08: L=199 finish=stop l_bar=3.02 L/l_bar=65.9 final_ch=True wall=1.53s
case_132 seed=0 mode=rFuzzy0.08: L=58 finish=stop l_bar=2.625 L/l_bar=22.1 final_ch=True wall=0.70s
case_133 seed=0 mode=rFuzzy0.08: L=267 finish=stop l_bar=3.015 L/l_bar=88.6 final_ch=True wall=1.93s
case_134 seed=0 mode=rFuzzy0.08: L=136 finish=stop l_bar=3.25 L/l_bar=41.8 final_ch=True wall=1.11s
case_135 seed=0 mode=rFuzzy0.08: L=141 finish=stop l_bar=2.439 L/l_bar=57.8 final_ch=True wall=1.21s
case_136 seed=0 mode=rFuzzy0.08: L=327 finish=stop l_bar=3.556 L/l_bar=92.0 final_ch=True wall=2.12s
case_137 seed=0 mode=rFuzzy0.08: L=133 finish=stop l_bar=3.467 L/l_bar=38.4 final_ch=True wall=1.09s
case_138 seed=0 mode=rFuzzy0.08: L=214 finish=stop l_bar=3.617 L/l_bar=59.2 final_ch=True wall=1.56s
case_139 seed=0 mode=rFuzzy0.08: L=620 finish=stop l_bar=3.24 L/l_bar=191.4 final_ch=True wall=3.86s
case_140 seed=0 mode=rFuzzy0.08: L=382 finish=stop l_bar=3.198 L/l_bar=119.5 final_ch=True wall=2.48s
case_141 seed=0 mode=rFuzzy0.08: L=69 finish=stop l_bar=3.733 L/l_bar=18.5 final_ch=True wall=0.73s
case_142 seed=0 mode=rFuzzy0.08: L=203 finish=stop l_bar=3.163 L/l_bar=64.2 final_ch=True wall=1.54s
case_143 seed=0 mode=rFuzzy0.08: L=218 finish=stop l_bar=3.231 L/l_bar=67.5 final_ch=True wall=1.63s
case_144 seed=0 mode=rFuzzy0.08: L=265 finish=stop l_bar=3.156 L/l_bar=84.0 final_ch=True wall=1.93s
case_145 seed=0 mode=rFuzzy0.08: L=227 finish=stop l_bar=2.931 L/l_bar=77.4 final_ch=True wall=1.94s
case_146 seed=0 mode=rFuzzy0.08: L=125 finish=stop l_bar=2.432 L/l_bar=51.4 final_ch=True wall=1.18s
case_147 seed=0 mode=rFuzzy0.08: L=467 finish=stop l_bar=2.828 L/l_bar=165.1 final_ch=True wall=3.27s
case_148 seed=0 mode=rFuzzy0.08: L=2048 finish=length l_bar=2.688 L/l_bar=761.8 final_ch=False wall=13.04s
case_149 seed=0 mode=rFuzzy0.08: L=152 finish=stop l_bar=2.455 L/l_bar=61.9 final_ch=True wall=1.41s
case_150 seed=0 mode=rFuzzy0.08: L=192 finish=stop l_bar=3.341 L/l_bar=57.5 final_ch=True wall=1.44s
[1/1] ok in 341s for 100 case(s)

wrote /home/chiatzen/lossy-token-eff/runs/gsm8k/persistent_arm_replay.json; 1/1 group(s) ok, 100 case(s) attempted
1 server(s) (one per arm/seed), 100 case(s) total

[1/1] arm=r_fuzzy seed=0 -> 100 case(s), one server -> /home/chiatzen/lossy-token-eff/logs/campaign_gsm8k_extend50_reuse/rFuzzy0.15_batch_20260829T002113Z.log
case_051 seed=0 mode=rFuzzy0.15: L=255 finish=stop l_bar=2.984 L/l_bar=85.4 final_ch=True wall=1.24s
case_052 seed=0 mode=rFuzzy0.15: L=202 finish=stop l_bar=3.976 L/l_bar=50.8 final_ch=True wall=1.22s
case_053 seed=0 mode=rFuzzy0.15: L=315 finish=stop l_bar=3.301 L/l_bar=95.4 final_ch=True wall=2.16s
case_054 seed=0 mode=rFuzzy0.15: L=184 finish=stop l_bar=3.089 L/l_bar=59.6 final_ch=True wall=1.55s
case_055 seed=0 mode=rFuzzy0.15: L=709 finish=stop l_bar=3.516 L/l_bar=201.7 final_ch=True wall=4.30s
case_056 seed=0 mode=rFuzzy0.15: L=111 finish=stop l_bar=3.48 L/l_bar=31.9 final_ch=True wall=0.99s
case_057 seed=0 mode=rFuzzy0.15: L=198 finish=stop l_bar=3.444 L/l_bar=57.5 final_ch=True wall=1.47s
case_058 seed=0 mode=rFuzzy0.15: L=277 finish=stop l_bar=3.413 L/l_bar=81.2 final_ch=True wall=1.97s
case_059 seed=0 mode=rFuzzy0.15: L=330 finish=stop l_bar=4.061 L/l_bar=81.3 final_ch=True wall=2.16s
case_060 seed=0 mode=rFuzzy0.15: L=112 finish=stop l_bar=3.792 L/l_bar=29.5 final_ch=True wall=0.95s
case_061 seed=0 mode=rFuzzy0.15: L=295 finish=stop l_bar=3.304 L/l_bar=89.3 final_ch=True wall=2.01s
case_062 seed=0 mode=rFuzzy0.15: L=227 finish=stop l_bar=3.204 L/l_bar=70.9 final_ch=True wall=1.68s
case_063 seed=0 mode=rFuzzy0.15: L=2048 finish=length l_bar=3.732 L/l_bar=548.8 final_ch=False wall=11.12s
case_064 seed=0 mode=rFuzzy0.15: L=195 finish=stop l_bar=3.432 L/l_bar=56.8 final_ch=True wall=1.49s
case_065 seed=0 mode=rFuzzy0.15: L=864 finish=stop l_bar=3.24 L/l_bar=266.7 final_ch=True wall=5.40s
case_066 seed=0 mode=rFuzzy0.15: L=346 finish=stop l_bar=3.494 L/l_bar=99.0 final_ch=True wall=2.26s
case_067 seed=0 mode=rFuzzy0.15: L=698 finish=stop l_bar=4.109 L/l_bar=169.9 final_ch=True wall=3.94s
case_068 seed=0 mode=rFuzzy0.15: L=295 finish=stop l_bar=3.714 L/l_bar=79.4 final_ch=True wall=1.97s
case_069 seed=0 mode=rFuzzy0.15: L=173 finish=stop l_bar=4.088 L/l_bar=42.3 final_ch=True wall=1.21s
case_070 seed=0 mode=rFuzzy0.15: L=60 finish=stop l_bar=3.923 L/l_bar=15.3 final_ch=True wall=0.71s
case_071 seed=0 mode=rFuzzy0.15: L=454 finish=stop l_bar=3.394 L/l_bar=133.8 final_ch=True wall=3.00s
case_072 seed=0 mode=rFuzzy0.15: L=103 finish=stop l_bar=4.15 L/l_bar=24.8 final_ch=True wall=0.92s
case_073 seed=0 mode=rFuzzy0.15: L=127 finish=stop l_bar=3.097 L/l_bar=41.0 final_ch=True wall=1.14s
case_074 seed=0 mode=rFuzzy0.15: L=964 finish=stop l_bar=3.247 L/l_bar=296.9 final_ch=True wall=5.73s
case_075 seed=0 mode=rFuzzy0.15: L=278 finish=stop l_bar=3.164 L/l_bar=87.9 final_ch=True wall=2.11s
case_076 seed=0 mode=rFuzzy0.15: L=509 finish=stop l_bar=3.048 L/l_bar=167.0 final_ch=True wall=3.36s
case_077 seed=0 mode=rFuzzy0.15: L=264 finish=stop l_bar=3.141 L/l_bar=84.1 final_ch=True wall=1.97s
case_078 seed=0 mode=rFuzzy0.15: L=257 finish=stop l_bar=3.283 L/l_bar=78.3 final_ch=True wall=1.81s
case_079 seed=0 mode=rFuzzy0.15: L=382 finish=stop l_bar=2.227 L/l_bar=171.5 final_ch=True wall=2.89s
case_080 seed=0 mode=rFuzzy0.15: L=51 finish=stop l_bar=2.923 L/l_bar=17.4 final_ch=True wall=0.67s
case_081 seed=0 mode=rFuzzy0.15: L=177 finish=stop l_bar=3.538 L/l_bar=50.0 final_ch=False wall=1.30s
case_082 seed=0 mode=rFuzzy0.15: L=86 finish=stop l_bar=3.095 L/l_bar=27.8 final_ch=True wall=0.89s
case_083 seed=0 mode=rFuzzy0.15: L=310 finish=stop l_bar=3.785 L/l_bar=81.9 final_ch=True wall=1.96s
case_084 seed=0 mode=rFuzzy0.15: L=128 finish=stop l_bar=4.12 L/l_bar=31.1 final_ch=True wall=0.99s
case_085 seed=0 mode=rFuzzy0.15: L=255 finish=stop l_bar=3.113 L/l_bar=81.9 final_ch=True wall=1.80s
case_086 seed=0 mode=rFuzzy0.15: L=1196 finish=stop l_bar=3.204 L/l_bar=373.3 final_ch=True wall=7.17s
case_087 seed=0 mode=rFuzzy0.15: L=635 finish=stop l_bar=3.761 L/l_bar=168.8 final_ch=True wall=3.82s
case_088 seed=0 mode=rFuzzy0.15: L=1548 finish=stop l_bar=3.484 L/l_bar=444.3 final_ch=True wall=8.73s
case_089 seed=0 mode=rFuzzy0.15: L=216 finish=stop l_bar=3.388 L/l_bar=63.8 final_ch=True wall=1.50s
case_090 seed=0 mode=rFuzzy0.15: L=381 finish=stop l_bar=3.176 L/l_bar=120.0 final_ch=True wall=2.51s
case_091 seed=0 mode=rFuzzy0.15: L=164 finish=stop l_bar=3.583 L/l_bar=45.8 final_ch=True wall=1.35s
case_092 seed=0 mode=rFuzzy0.15: L=117 finish=stop l_bar=3.538 L/l_bar=33.1 final_ch=True wall=0.98s
case_093 seed=0 mode=rFuzzy0.15: L=658 finish=stop l_bar=3.476 L/l_bar=189.3 final_ch=True wall=3.90s
case_094 seed=0 mode=rFuzzy0.15: L=1673 finish=stop l_bar=3.241 L/l_bar=516.3 final_ch=True wall=9.74s
case_095 seed=0 mode=rFuzzy0.15: L=253 finish=stop l_bar=3.491 L/l_bar=72.5 final_ch=True wall=1.76s
case_096 seed=0 mode=rFuzzy0.15: L=278 finish=stop l_bar=3.444 L/l_bar=80.7 final_ch=True wall=1.86s
case_097 seed=0 mode=rFuzzy0.15: L=83 finish=stop l_bar=3.421 L/l_bar=24.3 final_ch=True wall=0.80s
case_098 seed=0 mode=rFuzzy0.15: L=859 finish=stop l_bar=3.333 L/l_bar=257.7 final_ch=True wall=5.10s
case_099 seed=0 mode=rFuzzy0.15: L=857 finish=stop l_bar=2.83 L/l_bar=302.8 final_ch=True wall=5.48s
case_100 seed=0 mode=rFuzzy0.15: L=494 finish=stop l_bar=3.117 L/l_bar=158.5 final_ch=True wall=3.24s
case_101 seed=0 mode=rFuzzy0.15: L=454 finish=stop l_bar=3.729 L/l_bar=121.7 final_ch=True wall=2.84s
case_102 seed=0 mode=rFuzzy0.15: L=116 finish=stop l_bar=3.179 L/l_bar=36.5 final_ch=True wall=1.11s
case_103 seed=0 mode=rFuzzy0.15: L=246 finish=stop l_bar=2.632 L/l_bar=93.5 final_ch=True wall=1.90s
case_104 seed=0 mode=rFuzzy0.15: L=277 finish=stop l_bar=3.59 L/l_bar=77.2 final_ch=True wall=1.89s
case_105 seed=0 mode=rFuzzy0.15: L=294 finish=stop l_bar=3.388 L/l_bar=86.8 final_ch=True wall=1.97s
case_106 seed=0 mode=rFuzzy0.15: L=83 finish=stop l_bar=2.773 L/l_bar=29.9 final_ch=True wall=0.83s
case_107 seed=0 mode=rFuzzy0.15: L=263 finish=stop l_bar=3.649 L/l_bar=72.1 final_ch=True wall=1.75s
case_108 seed=0 mode=rFuzzy0.15: L=1035 finish=stop l_bar=4.01 L/l_bar=258.1 final_ch=True wall=5.74s
case_109 seed=0 mode=rFuzzy0.15: L=368 finish=stop l_bar=3.381 L/l_bar=108.8 final_ch=True wall=2.44s
case_110 seed=0 mode=rFuzzy0.15: L=142 finish=stop l_bar=3.613 L/l_bar=39.3 final_ch=True wall=1.15s
case_111 seed=0 mode=rFuzzy0.15: L=705 finish=stop l_bar=3.196 L/l_bar=220.6 final_ch=True wall=4.39s
case_112 seed=0 mode=rFuzzy0.15: L=922 finish=stop l_bar=3.088 L/l_bar=298.5 final_ch=True wall=5.65s
case_113 seed=0 mode=rFuzzy0.15: L=222 finish=stop l_bar=3.189 L/l_bar=69.6 final_ch=True wall=1.65s
case_114 seed=0 mode=rFuzzy0.15: L=244 finish=stop l_bar=3.436 L/l_bar=71.0 final_ch=True wall=1.66s
case_115 seed=0 mode=rFuzzy0.15: L=383 finish=stop l_bar=3.56 L/l_bar=107.6 final_ch=True wall=2.47s
case_116 seed=0 mode=rFuzzy0.15: L=337 finish=stop l_bar=2.852 L/l_bar=118.2 final_ch=True wall=2.44s
case_117 seed=0 mode=rFuzzy0.15: L=1051 finish=stop l_bar=2.853 L/l_bar=368.3 final_ch=True wall=6.56s
case_118 seed=0 mode=rFuzzy0.15: L=262 finish=stop l_bar=3.159 L/l_bar=82.9 final_ch=True wall=1.85s
case_119 seed=0 mode=rFuzzy0.15: L=189 finish=stop l_bar=3.442 L/l_bar=54.9 final_ch=True wall=1.51s
case_120 seed=0 mode=rFuzzy0.15: L=2048 finish=length l_bar=3.291 L/l_bar=622.3 final_ch=False wall=12.04s
case_121 seed=0 mode=rFuzzy0.15: L=654 finish=stop l_bar=3.606 L/l_bar=181.4 final_ch=True wall=3.91s
case_122 seed=0 mode=rFuzzy0.15: L=162 finish=stop l_bar=3.824 L/l_bar=42.4 final_ch=True wall=1.27s
case_123 seed=0 mode=rFuzzy0.15: L=440 finish=stop l_bar=3.314 L/l_bar=132.8 final_ch=True wall=2.92s
case_124 seed=0 mode=rFuzzy0.15: L=189 finish=stop l_bar=4.108 L/l_bar=46.0 final_ch=True wall=1.39s
case_125 seed=0 mode=rFuzzy0.15: L=249 finish=stop l_bar=2.316 L/l_bar=107.5 final_ch=True wall=2.16s
case_126 seed=0 mode=rFuzzy0.15: L=868 finish=stop l_bar=3.603 L/l_bar=240.9 final_ch=True wall=5.40s
case_127 seed=0 mode=rFuzzy0.15: L=278 finish=stop l_bar=4.365 L/l_bar=63.7 final_ch=True wall=1.83s
case_128 seed=0 mode=rFuzzy0.15: L=58 finish=stop l_bar=2.625 L/l_bar=22.1 final_ch=True wall=0.70s
case_129 seed=0 mode=rFuzzy0.15: L=160 finish=stop l_bar=3.237 L/l_bar=49.4 final_ch=True wall=1.40s
case_130 seed=0 mode=rFuzzy0.15: L=718 finish=stop l_bar=3.487 L/l_bar=205.9 final_ch=True wall=4.26s
case_131 seed=0 mode=rFuzzy0.15: L=196 finish=stop l_bar=3.356 L/l_bar=58.4 final_ch=True wall=1.45s
case_132 seed=0 mode=rFuzzy0.15: L=51 finish=stop l_bar=2.4 L/l_bar=21.2 final_ch=True wall=0.67s
case_133 seed=0 mode=rFuzzy0.15: L=168 finish=stop l_bar=3.8 L/l_bar=44.2 final_ch=True wall=1.27s
case_134 seed=0 mode=rFuzzy0.15: L=139 finish=stop l_bar=3.516 L/l_bar=39.5 final_ch=True wall=1.15s
case_135 seed=0 mode=rFuzzy0.15: L=121 finish=stop l_bar=3.321 L/l_bar=36.4 final_ch=True wall=1.01s
case_136 seed=0 mode=rFuzzy0.15: L=332 finish=stop l_bar=3.368 L/l_bar=98.6 final_ch=True wall=2.21s
case_137 seed=0 mode=rFuzzy0.15: L=97 finish=stop l_bar=3.304 L/l_bar=29.4 final_ch=True wall=0.93s
case_138 seed=0 mode=rFuzzy0.15: L=248 finish=stop l_bar=3.464 L/l_bar=71.6 final_ch=True wall=1.77s
case_139 seed=0 mode=rFuzzy0.15: L=1066 finish=stop l_bar=3.63 L/l_bar=293.6 final_ch=True wall=6.27s
case_140 seed=0 mode=rFuzzy0.15: L=861 finish=stop l_bar=3.943 L/l_bar=218.4 final_ch=True wall=4.94s
case_141 seed=0 mode=rFuzzy0.15: L=181 finish=stop l_bar=3.0 L/l_bar=60.3 final_ch=True wall=1.45s
case_142 seed=0 mode=rFuzzy0.15: L=281 finish=stop l_bar=3.763 L/l_bar=74.7 final_ch=True wall=1.87s
case_143 seed=0 mode=rFuzzy0.15: L=196 finish=stop l_bar=2.698 L/l_bar=72.6 final_ch=True wall=1.57s
case_144 seed=0 mode=rFuzzy0.15: L=318 finish=stop l_bar=3.384 L/l_bar=94.0 final_ch=True wall=2.11s
case_145 seed=0 mode=rFuzzy0.15: L=260 finish=stop l_bar=2.924 L/l_bar=88.9 final_ch=True wall=2.09s
case_146 seed=0 mode=rFuzzy0.15: L=419 finish=stop l_bar=3.73 L/l_bar=112.3 final_ch=True wall=2.64s
case_147 seed=0 mode=rFuzzy0.15: L=504 finish=stop l_bar=3.509 L/l_bar=143.6 final_ch=True wall=3.25s
case_148 seed=0 mode=rFuzzy0.15: L=1402 finish=stop l_bar=3.114 L/l_bar=450.2 final_ch=True wall=8.68s
case_149 seed=0 mode=rFuzzy0.15: L=73 finish=stop l_bar=3.294 L/l_bar=22.2 final_ch=True wall=0.82s
case_150 seed=0 mode=rFuzzy0.15: L=125 finish=stop l_bar=3.167 L/l_bar=39.5 final_ch=True wall=1.05s
[1/1] ok in 374s for 100 case(s)

wrote /home/chiatzen/lossy-token-eff/runs/gsm8k/persistent_arm_replay.json; 1/1 group(s) ok, 100 case(s) attempted
1 server(s) (one per arm/seed), 100 case(s) total

[1/1] arm=r_fuzzy seed=0 -> 100 case(s), one server -> /home/chiatzen/lossy-token-eff/logs/campaign_gsm8k_extend50_reuse/rFuzzy0.25_batch_20260829T002727Z.log
case_051 seed=0 mode=rFuzzy0.25: L=315 finish=stop l_bar=3.647 L/l_bar=86.4 final_ch=True wall=1.43s
case_052 seed=0 mode=rFuzzy0.25: L=281 finish=stop l_bar=4.259 L/l_bar=66.0 final_ch=True wall=1.78s
case_053 seed=0 mode=rFuzzy0.25: L=223 finish=stop l_bar=3.353 L/l_bar=66.5 final_ch=True wall=1.75s
case_054 seed=0 mode=rFuzzy0.25: L=148 finish=stop l_bar=3.353 L/l_bar=44.1 final_ch=True wall=1.39s
case_055 seed=0 mode=rFuzzy0.25: L=1566 finish=stop l_bar=4.444 L/l_bar=352.3 final_ch=True wall=8.32s
case_056 seed=0 mode=rFuzzy0.25: L=334 finish=stop l_bar=4.508 L/l_bar=74.1 final_ch=True wall=2.03s
case_057 seed=0 mode=rFuzzy0.25: L=195 finish=stop l_bar=4.0 L/l_bar=48.8 final_ch=True wall=1.46s
case_058 seed=0 mode=rFuzzy0.25: L=252 finish=stop l_bar=3.131 L/l_bar=80.5 final_ch=True wall=2.00s
case_059 seed=0 mode=rFuzzy0.25: L=596 finish=stop l_bar=4.103 L/l_bar=145.3 final_ch=True wall=3.56s
case_060 seed=0 mode=rFuzzy0.25: L=162 finish=stop l_bar=4.5 L/l_bar=36.0 final_ch=True wall=1.15s
case_061 seed=0 mode=rFuzzy0.25: L=202 finish=stop l_bar=3.435 L/l_bar=58.8 final_ch=True wall=1.50s
case_062 seed=0 mode=rFuzzy0.25: L=286 finish=stop l_bar=3.847 L/l_bar=74.3 final_ch=True wall=1.90s
case_063 seed=0 mode=rFuzzy0.25: L=2048 finish=length l_bar=4.614 L/l_bar=443.9 final_ch=False wall=10.41s
case_064 seed=0 mode=rFuzzy0.25: L=376 finish=stop l_bar=3.974 L/l_bar=94.6 final_ch=True wall=2.39s
case_065 seed=0 mode=rFuzzy0.25: L=88 finish=stop l_bar=3.737 L/l_bar=23.5 final_ch=True wall=0.97s
case_066 seed=0 mode=rFuzzy0.25: L=435 finish=stop l_bar=4.724 L/l_bar=92.1 final_ch=True wall=2.51s
case_067 seed=0 mode=rFuzzy0.25: L=232 finish=stop l_bar=4.571 L/l_bar=50.8 final_ch=True wall=1.56s
case_068 seed=0 mode=rFuzzy0.25: L=283 finish=stop l_bar=3.947 L/l_bar=71.7 final_ch=True wall=1.86s
case_069 seed=0 mode=rFuzzy0.25: L=165 finish=stop l_bar=4.156 L/l_bar=39.7 final_ch=True wall=1.19s
case_070 seed=0 mode=rFuzzy0.25: L=81 finish=stop l_bar=4.467 L/l_bar=18.1 final_ch=True wall=0.82s
case_071 seed=0 mode=rFuzzy0.25: L=351 finish=stop l_bar=3.645 L/l_bar=96.3 final_ch=True wall=2.33s
case_072 seed=0 mode=rFuzzy0.25: L=117 finish=stop l_bar=4.087 L/l_bar=28.6 final_ch=True wall=1.02s
case_073 seed=0 mode=rFuzzy0.25: L=96 finish=stop l_bar=4.882 L/l_bar=19.7 final_ch=True wall=0.89s
case_074 seed=0 mode=rFuzzy0.25: L=1101 finish=stop l_bar=4.027 L/l_bar=273.4 final_ch=True wall=6.33s
case_075 seed=0 mode=rFuzzy0.25: L=433 finish=stop l_bar=3.856 L/l_bar=112.3 final_ch=True wall=2.91s
case_076 seed=0 mode=rFuzzy0.25: L=1162 finish=stop l_bar=3.694 L/l_bar=314.6 final_ch=True wall=6.75s
case_077 seed=0 mode=rFuzzy0.25: L=411 finish=stop l_bar=3.917 L/l_bar=104.9 final_ch=True wall=2.64s
case_078 seed=0 mode=rFuzzy0.25: L=264 finish=stop l_bar=3.855 L/l_bar=68.5 final_ch=True wall=1.80s
case_079 seed=0 mode=rFuzzy0.25: L=1451 finish=stop l_bar=4.186 L/l_bar=346.7 final_ch=True wall=7.69s
case_080 seed=0 mode=rFuzzy0.25: L=145 finish=stop l_bar=4.0 L/l_bar=36.2 final_ch=True wall=1.11s
case_081 seed=0 mode=rFuzzy0.25: L=218 finish=stop l_bar=3.889 L/l_bar=56.1 final_ch=True wall=1.50s
case_082 seed=0 mode=rFuzzy0.25: L=202 finish=stop l_bar=3.857 L/l_bar=52.4 final_ch=True wall=1.48s
case_083 seed=0 mode=rFuzzy0.25: L=151 finish=stop l_bar=3.781 L/l_bar=39.9 final_ch=True wall=1.12s
case_084 seed=0 mode=rFuzzy0.25: L=258 finish=stop l_bar=4.245 L/l_bar=60.8 final_ch=True wall=1.62s
case_085 seed=0 mode=rFuzzy0.25: L=341 finish=stop l_bar=3.685 L/l_bar=92.5 final_ch=True wall=2.13s
case_086 seed=0 mode=rFuzzy0.25: L=892 finish=stop l_bar=4.497 L/l_bar=198.4 final_ch=True wall=4.77s
case_087 seed=0 mode=rFuzzy0.25: L=2048 finish=length l_bar=4.429 L/l_bar=462.5 final_ch=False wall=10.50s
case_088 seed=0 mode=rFuzzy0.25: L=1628 finish=stop l_bar=4.056 L/l_bar=401.4 final_ch=True wall=8.62s
case_089 seed=0 mode=rFuzzy0.25: L=484 finish=stop l_bar=4.052 L/l_bar=119.4 final_ch=True wall=2.75s
case_090 seed=0 mode=rFuzzy0.25: L=161 finish=stop l_bar=3.706 L/l_bar=43.4 final_ch=True wall=1.21s
case_091 seed=0 mode=rFuzzy0.25: L=180 finish=stop l_bar=3.525 L/l_bar=51.1 final_ch=True wall=1.46s
case_092 seed=0 mode=rFuzzy0.25: L=101 finish=stop l_bar=3.857 L/l_bar=26.2 final_ch=True wall=0.89s
case_093 seed=0 mode=rFuzzy0.25: L=224 finish=stop l_bar=3.571 L/l_bar=62.7 final_ch=True wall=1.58s
case_094 seed=0 mode=rFuzzy0.25: L=489 finish=stop l_bar=3.692 L/l_bar=132.4 final_ch=True wall=3.01s
case_095 seed=0 mode=rFuzzy0.25: L=243 finish=stop l_bar=3.86 L/l_bar=63.0 final_ch=True wall=1.61s
case_096 seed=0 mode=rFuzzy0.25: L=206 finish=stop l_bar=3.705 L/l_bar=55.6 final_ch=True wall=1.43s
case_097 seed=0 mode=rFuzzy0.25: L=111 finish=stop l_bar=3.269 L/l_bar=34.0 final_ch=True wall=0.95s
case_098 seed=0 mode=rFuzzy0.25: L=713 finish=stop l_bar=4.035 L/l_bar=176.7 final_ch=True wall=4.02s
case_099 seed=0 mode=rFuzzy0.25: L=787 finish=stop l_bar=3.776 L/l_bar=208.4 final_ch=True wall=4.72s
case_100 seed=0 mode=rFuzzy0.25: L=638 finish=stop l_bar=3.931 L/l_bar=162.3 final_ch=True wall=3.87s
case_101 seed=0 mode=rFuzzy0.25: L=1957 finish=stop l_bar=4.616 L/l_bar=424.0 final_ch=True wall=9.72s
case_102 seed=0 mode=rFuzzy0.25: L=385 finish=stop l_bar=4.187 L/l_bar=92.0 final_ch=True wall=2.37s
case_103 seed=0 mode=rFuzzy0.25: L=2048 finish=length l_bar=4.211 L/l_bar=486.3 final_ch=True wall=10.40s
case_104 seed=0 mode=rFuzzy0.25: L=407 finish=stop l_bar=4.049 L/l_bar=100.5 final_ch=True wall=2.43s
case_105 seed=0 mode=rFuzzy0.25: L=419 finish=stop l_bar=3.719 L/l_bar=112.7 final_ch=True wall=2.53s
case_106 seed=0 mode=rFuzzy0.25: L=109 finish=stop l_bar=3.783 L/l_bar=28.8 final_ch=True wall=0.91s
case_107 seed=0 mode=rFuzzy0.25: L=786 finish=stop l_bar=4.019 L/l_bar=195.6 final_ch=True wall=4.30s
case_108 seed=0 mode=rFuzzy0.25: L=566 finish=stop l_bar=4.505 L/l_bar=125.6 final_ch=True wall=3.24s
case_109 seed=0 mode=rFuzzy0.25: L=349 finish=stop l_bar=3.847 L/l_bar=90.7 final_ch=True wall=2.23s
case_110 seed=0 mode=rFuzzy0.25: L=186 finish=stop l_bar=4.314 L/l_bar=43.1 final_ch=True wall=1.30s
case_111 seed=0 mode=rFuzzy0.25: L=711 finish=stop l_bar=4.028 L/l_bar=176.5 final_ch=True wall=4.05s
case_112 seed=0 mode=rFuzzy0.25: L=1471 finish=stop l_bar=3.814 L/l_bar=385.7 final_ch=True wall=8.29s
case_113 seed=0 mode=rFuzzy0.25: L=296 finish=stop l_bar=4.382 L/l_bar=67.6 final_ch=True wall=1.85s
case_114 seed=0 mode=rFuzzy0.25: L=291 finish=stop l_bar=4.706 L/l_bar=61.8 final_ch=True wall=1.69s
case_115 seed=0 mode=rFuzzy0.25: L=1358 finish=stop l_bar=4.305 L/l_bar=315.5 final_ch=True wall=7.04s
case_116 seed=0 mode=rFuzzy0.25: L=498 finish=stop l_bar=3.835 L/l_bar=129.9 final_ch=True wall=3.05s
case_117 seed=0 mode=rFuzzy0.25: L=672 finish=stop l_bar=3.978 L/l_bar=168.9 final_ch=True wall=3.76s
case_118 seed=0 mode=rFuzzy0.25: L=200 finish=stop l_bar=4.714 L/l_bar=42.4 final_ch=True wall=1.28s
case_119 seed=0 mode=rFuzzy0.25: L=350 finish=stop l_bar=4.087 L/l_bar=85.6 final_ch=True wall=2.19s
case_120 seed=0 mode=rFuzzy0.25: L=2048 finish=length l_bar=4.373 L/l_bar=468.4 final_ch=False wall=10.33s
case_121 seed=0 mode=rFuzzy0.25: L=569 finish=stop l_bar=4.318 L/l_bar=131.8 final_ch=True wall=3.12s
case_122 seed=0 mode=rFuzzy0.25: L=265 finish=stop l_bar=4.057 L/l_bar=65.3 final_ch=True wall=1.72s
case_123 seed=0 mode=rFuzzy0.25: L=892 finish=stop l_bar=4.315 L/l_bar=206.7 final_ch=True wall=4.75s
case_124 seed=0 mode=rFuzzy0.25: L=67 finish=stop l_bar=4.308 L/l_bar=15.6 final_ch=True wall=0.68s
case_125 seed=0 mode=rFuzzy0.25: L=510 finish=stop l_bar=3.397 L/l_bar=150.2 final_ch=True wall=3.15s
case_126 seed=0 mode=rFuzzy0.25: L=2048 finish=length l_bar=4.322 L/l_bar=473.8 final_ch=False wall=10.45s
case_127 seed=0 mode=rFuzzy0.25: L=148 finish=stop l_bar=3.625 L/l_bar=40.8 final_ch=True wall=1.15s
case_128 seed=0 mode=rFuzzy0.25: L=227 finish=stop l_bar=4.381 L/l_bar=51.8 final_ch=True wall=1.43s
case_129 seed=0 mode=rFuzzy0.25: L=478 finish=stop l_bar=4.702 L/l_bar=101.7 final_ch=True wall=2.67s
case_130 seed=0 mode=rFuzzy0.25: L=404 finish=stop l_bar=3.446 L/l_bar=117.2 final_ch=True wall=2.60s
case_131 seed=0 mode=rFuzzy0.25: L=338 finish=stop l_bar=3.857 L/l_bar=87.6 final_ch=True wall=2.13s
case_132 seed=0 mode=rFuzzy0.25: L=89 finish=stop l_bar=3.45 L/l_bar=25.8 final_ch=True wall=0.81s
case_133 seed=0 mode=rFuzzy0.25: L=182 finish=stop l_bar=3.333 L/l_bar=54.6 final_ch=True wall=1.40s
case_134 seed=0 mode=rFuzzy0.25: L=101 finish=stop l_bar=3.905 L/l_bar=25.9 final_ch=True wall=0.88s
case_135 seed=0 mode=rFuzzy0.25: L=103 finish=stop l_bar=4.15 L/l_bar=24.8 final_ch=True wall=0.83s
case_136 seed=0 mode=rFuzzy0.25: L=454 finish=stop l_bar=4.022 L/l_bar=112.9 final_ch=True wall=2.68s
case_137 seed=0 mode=rFuzzy0.25: L=184 finish=stop l_bar=3.452 L/l_bar=53.3 final_ch=True wall=1.38s
case_138 seed=0 mode=rFuzzy0.25: L=351 finish=stop l_bar=4.224 L/l_bar=83.1 final_ch=True wall=2.15s
case_139 seed=0 mode=rFuzzy0.25: L=1550 finish=stop l_bar=4.29 L/l_bar=361.3 final_ch=True wall=7.97s
case_140 seed=0 mode=rFuzzy0.25: L=911 finish=stop l_bar=4.961 L/l_bar=183.6 final_ch=True wall=4.55s
case_141 seed=0 mode=rFuzzy0.25: L=358 finish=stop l_bar=4.578 L/l_bar=78.2 final_ch=True wall=2.05s
case_142 seed=0 mode=rFuzzy0.25: L=732 finish=stop l_bar=3.98 L/l_bar=183.9 final_ch=True wall=4.02s
case_143 seed=0 mode=rFuzzy0.25: L=302 finish=stop l_bar=4.067 L/l_bar=74.3 final_ch=True wall=1.88s
case_144 seed=0 mode=rFuzzy0.25: L=209 finish=stop l_bar=3.2 L/l_bar=65.3 final_ch=True wall=1.55s
case_145 seed=0 mode=rFuzzy0.25: L=1094 finish=stop l_bar=4.285 L/l_bar=255.3 final_ch=True wall=5.90s
case_146 seed=0 mode=rFuzzy0.25: L=600 finish=stop l_bar=4.505 L/l_bar=133.2 final_ch=True wall=3.23s
case_147 seed=0 mode=rFuzzy0.25: L=542 finish=stop l_bar=4.726 L/l_bar=114.7 final_ch=True wall=2.99s
case_148 seed=0 mode=rFuzzy0.25: L=2048 finish=length l_bar=3.833 L/l_bar=534.4 final_ch=False wall=11.01s
case_149 seed=0 mode=rFuzzy0.25: L=258 finish=stop l_bar=3.448 L/l_bar=74.8 final_ch=True wall=1.79s
case_150 seed=0 mode=rFuzzy0.25: L=143 finish=stop l_bar=3.469 L/l_bar=41.2 final_ch=True wall=1.13s
[1/1] ok in 419s for 100 case(s)

wrote /home/chiatzen/lossy-token-eff/runs/gsm8k/persistent_arm_replay.json; 1/1 group(s) ok, 100 case(s) attempted
1 server(s) (one per arm/seed), 100 case(s) total

[1/1] arm=spec_casc_tok seed=0 -> 100 case(s), one server -> /home/chiatzen/lossy-token-eff/logs/campaign_gsm8k_extend50_reuse/specCascTok0.15_batch_20260829T003426Z.log
case_051 seed=0 mode=specCascTok0.15: L=153 finish=stop l_bar=2.188 L/l_bar=69.9 final_ch=True wall=0.93s
case_052 seed=0 mode=specCascTok0.15: L=258 finish=stop l_bar=2.853 L/l_bar=90.4 final_ch=True wall=1.58s
case_053 seed=0 mode=specCascTok0.15: L=187 finish=stop l_bar=2.647 L/l_bar=70.6 final_ch=True wall=1.56s
case_054 seed=0 mode=specCascTok0.15: L=131 finish=stop l_bar=2.97 L/l_bar=44.1 final_ch=True wall=1.26s
case_055 seed=0 mode=specCascTok0.15: L=375 finish=stop l_bar=3.167 L/l_bar=118.4 final_ch=True wall=2.59s
case_056 seed=0 mode=specCascTok0.15: L=260 finish=stop l_bar=2.743 L/l_bar=94.8 final_ch=True wall=1.96s
case_057 seed=0 mode=specCascTok0.15: L=121 finish=stop l_bar=3.0 L/l_bar=40.3 final_ch=True wall=1.10s
case_058 seed=0 mode=specCascTok0.15: L=159 finish=stop l_bar=2.786 L/l_bar=57.1 final_ch=True wall=1.40s
case_059 seed=0 mode=specCascTok0.15: L=349 finish=stop l_bar=3.205 L/l_bar=108.9 final_ch=True wall=2.49s
case_060 seed=0 mode=specCascTok0.15: L=104 finish=stop l_bar=3.333 L/l_bar=31.2 final_ch=True wall=0.95s
case_061 seed=0 mode=specCascTok0.15: L=256 finish=stop l_bar=2.368 L/l_bar=108.1 final_ch=True wall=2.03s
case_062 seed=0 mode=specCascTok0.15: L=108 finish=stop l_bar=2.929 L/l_bar=36.9 final_ch=True wall=1.07s
case_063 seed=0 mode=specCascTok0.15: L=712 finish=stop l_bar=2.57 L/l_bar=277.0 final_ch=True wall=4.85s
case_064 seed=0 mode=specCascTok0.15: L=160 finish=stop l_bar=2.791 L/l_bar=57.3 final_ch=True wall=1.40s
case_065 seed=0 mode=specCascTok0.15: L=112 finish=stop l_bar=2.424 L/l_bar=46.2 final_ch=True wall=1.21s
case_066 seed=0 mode=specCascTok0.15: L=371 finish=stop l_bar=3.205 L/l_bar=115.8 final_ch=True wall=2.47s
case_067 seed=0 mode=specCascTok0.15: L=237 finish=stop l_bar=3.327 L/l_bar=71.2 final_ch=True wall=1.74s
case_068 seed=0 mode=specCascTok0.15: L=156 finish=stop l_bar=2.628 L/l_bar=59.4 final_ch=True wall=1.36s
case_069 seed=0 mode=specCascTok0.15: L=146 finish=stop l_bar=3.056 L/l_bar=47.8 final_ch=True wall=1.25s
case_070 seed=0 mode=specCascTok0.15: L=109 finish=stop l_bar=2.929 L/l_bar=37.2 final_ch=True wall=1.05s
case_071 seed=0 mode=specCascTok0.15: L=220 finish=stop l_bar=2.438 L/l_bar=90.3 final_ch=True wall=1.81s
case_072 seed=0 mode=specCascTok0.15: L=129 finish=stop l_bar=3.679 L/l_bar=35.1 final_ch=True wall=1.10s
case_073 seed=0 mode=specCascTok0.15: L=69 finish=stop l_bar=4.0 L/l_bar=17.2 final_ch=True wall=0.75s
case_074 seed=0 mode=specCascTok0.15: L=606 finish=stop l_bar=2.258 L/l_bar=268.4 final_ch=True wall=4.38s
case_075 seed=0 mode=specCascTok0.15: L=165 finish=stop l_bar=2.667 L/l_bar=61.9 final_ch=True wall=1.57s
case_076 seed=0 mode=specCascTok0.15: L=217 finish=stop l_bar=2.014 L/l_bar=107.8 final_ch=True wall=1.95s
case_077 seed=0 mode=specCascTok0.15: L=236 finish=stop l_bar=2.719 L/l_bar=86.8 final_ch=True wall=1.94s
case_078 seed=0 mode=specCascTok0.15: L=107 finish=stop l_bar=2.375 L/l_bar=45.1 final_ch=True wall=1.08s
case_079 seed=0 mode=specCascTok0.15: L=312 finish=stop l_bar=1.872 L/l_bar=166.7 final_ch=True wall=2.61s
case_080 seed=0 mode=specCascTok0.15: L=58 finish=stop l_bar=2.625 L/l_bar=22.1 final_ch=True wall=0.74s
case_081 seed=0 mode=specCascTok0.15: L=159 finish=stop l_bar=3.025 L/l_bar=52.6 final_ch=True wall=1.31s
case_082 seed=0 mode=specCascTok0.15: L=81 finish=stop l_bar=2.682 L/l_bar=30.2 final_ch=True wall=0.91s
case_083 seed=0 mode=specCascTok0.15: L=110 finish=stop l_bar=3.783 L/l_bar=29.1 final_ch=True wall=0.90s
case_084 seed=0 mode=specCascTok0.15: L=81 finish=stop l_bar=3.263 L/l_bar=24.8 final_ch=True wall=0.79s
case_085 seed=0 mode=specCascTok0.15: L=144 finish=stop l_bar=2.488 L/l_bar=57.9 final_ch=True wall=1.21s
case_086 seed=0 mode=specCascTok0.15: L=1457 finish=stop l_bar=2.204 L/l_bar=661.0 final_ch=True wall=10.04s
case_087 seed=0 mode=specCascTok0.15: L=486 finish=stop l_bar=3.127 L/l_bar=155.4 final_ch=True wall=3.33s
case_088 seed=0 mode=specCascTok0.15: L=533 finish=stop l_bar=2.135 L/l_bar=249.7 final_ch=True wall=4.00s
case_089 seed=0 mode=specCascTok0.15: L=134 finish=stop l_bar=2.436 L/l_bar=55.0 final_ch=True wall=1.19s
case_090 seed=0 mode=specCascTok0.15: L=192 finish=stop l_bar=1.853 L/l_bar=103.6 final_ch=True wall=1.75s
case_091 seed=0 mode=specCascTok0.15: L=80 finish=stop l_bar=3.0 L/l_bar=26.7 final_ch=True wall=0.95s
case_092 seed=0 mode=specCascTok0.15: L=90 finish=stop l_bar=2.333 L/l_bar=38.6 final_ch=True wall=0.93s
case_093 seed=0 mode=specCascTok0.15: L=156 finish=stop l_bar=2.556 L/l_bar=61.0 final_ch=True wall=1.41s
case_094 seed=0 mode=specCascTok0.15: L=1658 finish=stop l_bar=2.166 L/l_bar=765.5 final_ch=True wall=11.40s
case_095 seed=0 mode=specCascTok0.15: L=274 finish=stop l_bar=3.6 L/l_bar=76.1 final_ch=True wall=1.84s
case_096 seed=0 mode=specCascTok0.15: L=157 finish=stop l_bar=2.925 L/l_bar=53.7 final_ch=True wall=1.30s
case_097 seed=0 mode=specCascTok0.15: L=96 finish=stop l_bar=4.0 L/l_bar=24.0 final_ch=True wall=0.83s
case_098 seed=0 mode=specCascTok0.15: L=406 finish=stop l_bar=2.282 L/l_bar=177.9 final_ch=True wall=3.01s
case_099 seed=0 mode=specCascTok0.15: L=383 finish=stop l_bar=2.84 L/l_bar=134.9 final_ch=True wall=2.72s
case_100 seed=0 mode=specCascTok0.15: L=225 finish=stop l_bar=2.931 L/l_bar=76.8 final_ch=True wall=1.78s
case_101 seed=0 mode=specCascTok0.15: L=179 finish=stop l_bar=2.434 L/l_bar=73.5 final_ch=True wall=1.64s
case_102 seed=0 mode=specCascTok0.15: L=148 finish=stop l_bar=3.0 L/l_bar=49.3 final_ch=True wall=1.30s
case_103 seed=0 mode=specCascTok0.15: L=168 finish=stop l_bar=2.17 L/l_bar=77.4 final_ch=True wall=1.52s
case_104 seed=0 mode=specCascTok0.15: L=272 finish=stop l_bar=2.545 L/l_bar=106.9 final_ch=True wall=2.10s
case_105 seed=0 mode=specCascTok0.15: L=204 finish=stop l_bar=2.344 L/l_bar=87.0 final_ch=True wall=1.67s
case_106 seed=0 mode=specCascTok0.15: L=205 finish=stop l_bar=2.696 L/l_bar=76.0 final_ch=True wall=1.60s
case_107 seed=0 mode=specCascTok0.15: L=320 finish=stop l_bar=2.678 L/l_bar=119.5 final_ch=True wall=2.28s
case_108 seed=0 mode=specCascTok0.15: L=388 finish=stop l_bar=3.041 L/l_bar=127.6 final_ch=True wall=2.76s
case_109 seed=0 mode=specCascTok0.15: L=206 finish=stop l_bar=2.377 L/l_bar=86.7 final_ch=True wall=1.76s
case_110 seed=0 mode=specCascTok0.15: L=240 finish=stop l_bar=2.841 L/l_bar=84.5 final_ch=True wall=1.82s
case_111 seed=0 mode=specCascTok0.15: L=292 finish=stop l_bar=2.573 L/l_bar=113.5 final_ch=True wall=2.26s
case_112 seed=0 mode=specCascTok0.15: L=458 finish=stop l_bar=2.13 L/l_bar=215.0 final_ch=True wall=3.44s
case_113 seed=0 mode=specCascTok0.15: L=155 finish=stop l_bar=3.429 L/l_bar=45.2 final_ch=True wall=1.25s
case_114 seed=0 mode=specCascTok0.15: L=146 finish=stop l_bar=2.65 L/l_bar=55.1 final_ch=True wall=1.20s
case_115 seed=0 mode=specCascTok0.15: L=395 finish=stop l_bar=2.701 L/l_bar=146.2 final_ch=True wall=2.80s
case_116 seed=0 mode=specCascTok0.15: L=263 finish=stop l_bar=2.554 L/l_bar=103.0 final_ch=True wall=2.08s
case_117 seed=0 mode=specCascTok0.15: L=182 finish=stop l_bar=2.569 L/l_bar=70.9 final_ch=True wall=1.49s
case_118 seed=0 mode=specCascTok0.15: L=97 finish=stop l_bar=3.042 L/l_bar=31.9 final_ch=True wall=0.88s
case_119 seed=0 mode=specCascTok0.15: L=291 finish=stop l_bar=2.779 L/l_bar=104.7 final_ch=True wall=2.15s
case_120 seed=0 mode=specCascTok0.15: L=2048 finish=length l_bar=2.47 L/l_bar=829.0 final_ch=False wall=13.02s
case_121 seed=0 mode=specCascTok0.15: L=225 finish=stop l_bar=1.935 L/l_bar=116.3 final_ch=True wall=1.91s
case_122 seed=0 mode=specCascTok0.15: L=167 finish=stop l_bar=2.795 L/l_bar=59.7 final_ch=True wall=1.37s
case_123 seed=0 mode=specCascTok0.15: L=490 finish=stop l_bar=2.92 L/l_bar=167.8 final_ch=True wall=3.22s
case_124 seed=0 mode=specCascTok0.15: L=114 finish=stop l_bar=2.485 L/l_bar=45.9 final_ch=True wall=1.06s
case_125 seed=0 mode=specCascTok0.15: L=174 finish=stop l_bar=2.551 L/l_bar=68.2 final_ch=True wall=1.48s
case_126 seed=0 mode=specCascTok0.15: L=1391 finish=stop l_bar=2.329 L/l_bar=597.2 final_ch=True wall=9.39s
case_127 seed=0 mode=specCascTok0.15: L=147 finish=stop l_bar=3.353 L/l_bar=43.8 final_ch=True wall=1.18s
case_128 seed=0 mode=specCascTok0.15: L=78 finish=stop l_bar=3.278 L/l_bar=23.8 final_ch=True wall=0.77s
case_129 seed=0 mode=specCascTok0.15: L=252 finish=stop l_bar=3.183 L/l_bar=79.2 final_ch=True wall=1.84s
case_130 seed=0 mode=specCascTok0.15: L=418 finish=stop l_bar=2.513 L/l_bar=166.4 final_ch=True wall=2.95s
case_131 seed=0 mode=specCascTok0.15: L=136 finish=stop l_bar=2.676 L/l_bar=50.8 final_ch=True wall=1.20s
case_132 seed=0 mode=specCascTok0.15: L=55 finish=stop l_bar=2.438 L/l_bar=22.6 final_ch=True wall=0.68s
case_133 seed=0 mode=specCascTok0.15: L=158 finish=stop l_bar=2.674 L/l_bar=59.1 final_ch=True wall=1.68s
case_134 seed=0 mode=specCascTok0.15: L=76 finish=stop l_bar=2.455 L/l_bar=31.0 final_ch=True wall=0.84s
case_135 seed=0 mode=specCascTok0.15: L=116 finish=stop l_bar=2.515 L/l_bar=46.1 final_ch=True wall=1.04s
case_136 seed=0 mode=specCascTok0.15: L=221 finish=stop l_bar=3.036 L/l_bar=72.8 final_ch=True wall=1.64s
case_137 seed=0 mode=specCascTok0.15: L=79 finish=stop l_bar=2.2 L/l_bar=35.9 final_ch=True wall=1.01s
case_138 seed=0 mode=specCascTok0.15: L=134 finish=stop l_bar=2.829 L/l_bar=47.4 final_ch=True wall=1.35s
case_139 seed=0 mode=specCascTok0.15: L=467 finish=stop l_bar=2.409 L/l_bar=193.9 final_ch=True wall=3.42s
case_140 seed=0 mode=specCascTok0.15: L=600 finish=stop l_bar=3.38 L/l_bar=177.5 final_ch=True wall=3.64s
case_141 seed=0 mode=specCascTok0.15: L=97 finish=stop l_bar=2.84 L/l_bar=34.2 final_ch=True wall=0.92s
case_142 seed=0 mode=specCascTok0.15: L=210 finish=stop l_bar=2.75 L/l_bar=76.4 final_ch=True wall=1.59s
case_143 seed=0 mode=specCascTok0.15: L=146 finish=stop l_bar=3.056 L/l_bar=47.8 final_ch=True wall=1.18s
case_144 seed=0 mode=specCascTok0.15: L=168 finish=stop l_bar=2.841 L/l_bar=59.1 final_ch=True wall=1.38s
case_145 seed=0 mode=specCascTok0.15: L=228 finish=stop l_bar=3.49 L/l_bar=65.3 final_ch=True wall=1.79s
case_146 seed=0 mode=specCascTok0.15: L=100 finish=stop l_bar=2.778 L/l_bar=36.0 final_ch=True wall=0.97s
case_147 seed=0 mode=specCascTok0.15: L=673 finish=stop l_bar=2.487 L/l_bar=270.6 final_ch=True wall=4.60s
case_148 seed=0 mode=specCascTok0.15: L=2048 finish=length l_bar=2.505 L/l_bar=817.5 final_ch=False wall=13.17s
case_149 seed=0 mode=specCascTok0.15: L=132 finish=stop l_bar=2.22 L/l_bar=59.5 final_ch=True wall=1.28s
case_150 seed=0 mode=specCascTok0.15: L=98 finish=stop l_bar=2.92 L/l_bar=33.6 final_ch=True wall=0.92s
[1/1] ok in 325s for 100 case(s)

wrote /home/chiatzen/lossy-token-eff/runs/gsm8k/persistent_arm_replay.json; 1/1 group(s) ok, 100 case(s) attempted
1 server(s) (one per arm/seed), 100 case(s) total

[1/1] arm=spec_casc_tok seed=0 -> 100 case(s), one server -> /home/chiatzen/lossy-token-eff/logs/campaign_gsm8k_extend50_reuse/specCascTok0.8_batch_20260829T003951Z.log
case_051 seed=0 mode=specCascTok0.8: L=137 finish=stop l_bar=2.513 L/l_bar=54.5 final_ch=True wall=0.81s
case_052 seed=0 mode=specCascTok0.8: L=289 finish=stop l_bar=3.157 L/l_bar=91.5 final_ch=True wall=1.77s
case_053 seed=0 mode=specCascTok0.8: L=220 finish=stop l_bar=3.093 L/l_bar=71.1 final_ch=True wall=1.80s
case_054 seed=0 mode=specCascTok0.8: L=119 finish=stop l_bar=3.25 L/l_bar=36.6 final_ch=True wall=1.24s
case_055 seed=0 mode=specCascTok0.8: L=731 finish=stop l_bar=3.383 L/l_bar=216.1 final_ch=True wall=4.69s
case_056 seed=0 mode=specCascTok0.8: L=88 finish=stop l_bar=3.4 L/l_bar=25.9 final_ch=True wall=0.87s
case_057 seed=0 mode=specCascTok0.8: L=243 finish=stop l_bar=3.585 L/l_bar=67.8 final_ch=True wall=1.76s
case_058 seed=0 mode=specCascTok0.8: L=164 finish=stop l_bar=3.205 L/l_bar=51.2 final_ch=True wall=1.46s
case_059 seed=0 mode=specCascTok0.8: L=326 finish=stop l_bar=2.952 L/l_bar=110.4 final_ch=True wall=2.47s
case_060 seed=0 mode=specCascTok0.8: L=70 finish=stop l_bar=3.375 L/l_bar=20.7 final_ch=True wall=0.74s
case_061 seed=0 mode=specCascTok0.8: L=314 finish=stop l_bar=2.698 L/l_bar=116.4 final_ch=True wall=2.30s
case_062 seed=0 mode=specCascTok0.8: L=280 finish=stop l_bar=3.5 L/l_bar=80.0 final_ch=True wall=1.96s
case_063 seed=0 mode=specCascTok0.8: L=1917 finish=stop l_bar=3.107 L/l_bar=617.0 final_ch=True wall=11.71s
case_064 seed=0 mode=specCascTok0.8: L=131 finish=stop l_bar=2.568 L/l_bar=51.0 final_ch=True wall=1.30s
case_065 seed=0 mode=specCascTok0.8: L=82 finish=stop l_bar=2.28 L/l_bar=36.0 final_ch=True wall=1.03s
case_066 seed=0 mode=specCascTok0.8: L=177 finish=stop l_bar=3.475 L/l_bar=50.9 final_ch=True wall=1.34s
case_067 seed=0 mode=specCascTok0.8: L=362 finish=stop l_bar=3.803 L/l_bar=95.2 final_ch=True wall=2.30s
case_068 seed=0 mode=specCascTok0.8: L=88 finish=stop l_bar=3.19 L/l_bar=27.6 final_ch=True wall=0.89s
case_069 seed=0 mode=specCascTok0.8: L=187 finish=stop l_bar=3.25 L/l_bar=57.5 final_ch=True wall=1.41s
case_070 seed=0 mode=specCascTok0.8: L=205 finish=stop l_bar=3.383 L/l_bar=60.6 final_ch=True wall=1.56s
case_071 seed=0 mode=specCascTok0.8: L=183 finish=stop l_bar=2.389 L/l_bar=76.6 final_ch=True wall=1.65s
case_072 seed=0 mode=specCascTok0.8: L=141 finish=stop l_bar=3.897 L/l_bar=36.2 final_ch=True wall=1.15s
case_073 seed=0 mode=specCascTok0.8: L=69 finish=stop l_bar=4.308 L/l_bar=16.0 final_ch=True wall=0.75s
case_074 seed=0 mode=specCascTok0.8: L=632 finish=stop l_bar=2.79 L/l_bar=226.5 final_ch=True wall=4.30s
case_075 seed=0 mode=specCascTok0.8: L=368 finish=stop l_bar=3.291 L/l_bar=111.8 final_ch=True wall=2.74s
case_076 seed=0 mode=specCascTok0.8: L=350 finish=stop l_bar=2.639 L/l_bar=132.6 final_ch=True wall=2.73s
case_077 seed=0 mode=specCascTok0.8: L=219 finish=stop l_bar=2.842 L/l_bar=77.1 final_ch=True wall=1.86s
case_078 seed=0 mode=specCascTok0.8: L=165 finish=stop l_bar=3.459 L/l_bar=47.7 final_ch=True wall=1.33s
case_079 seed=0 mode=specCascTok0.8: L=655 finish=stop l_bar=2.743 L/l_bar=238.8 final_ch=True wall=4.36s
case_080 seed=0 mode=specCascTok0.8: L=51 finish=stop l_bar=3.25 L/l_bar=15.7 final_ch=True wall=0.67s
case_081 seed=0 mode=specCascTok0.8: L=167 finish=stop l_bar=3.225 L/l_bar=51.8 final_ch=True wall=1.32s
case_082 seed=0 mode=specCascTok0.8: L=142 finish=stop l_bar=3.114 L/l_bar=45.6 final_ch=True wall=1.22s
case_083 seed=0 mode=specCascTok0.8: L=140 finish=stop l_bar=3.273 L/l_bar=42.8 final_ch=True wall=1.12s
case_084 seed=0 mode=specCascTok0.8: L=94 finish=stop l_bar=2.875 L/l_bar=32.7 final_ch=True wall=0.91s
case_085 seed=0 mode=specCascTok0.8: L=239 finish=stop l_bar=2.529 L/l_bar=94.5 final_ch=True wall=1.80s
case_086 seed=0 mode=specCascTok0.8: L=397 finish=stop l_bar=3.363 L/l_bar=118.1 final_ch=True wall=2.66s
case_087 seed=0 mode=specCascTok0.8: L=399 finish=stop l_bar=3.189 L/l_bar=125.1 final_ch=True wall=2.73s
case_088 seed=0 mode=specCascTok0.8: L=609 finish=stop l_bar=2.736 L/l_bar=222.6 final_ch=True wall=4.21s
case_089 seed=0 mode=specCascTok0.8: L=100 finish=stop l_bar=2.448 L/l_bar=40.8 final_ch=True wall=1.00s
case_090 seed=0 mode=specCascTok0.8: L=152 finish=stop l_bar=2.581 L/l_bar=58.9 final_ch=True wall=1.33s
case_091 seed=0 mode=specCascTok0.8: L=93 finish=stop l_bar=2.731 L/l_bar=34.1 final_ch=True wall=1.06s
case_092 seed=0 mode=specCascTok0.8: L=103 finish=stop l_bar=2.467 L/l_bar=41.8 final_ch=True wall=1.00s
case_093 seed=0 mode=specCascTok0.8: L=301 finish=stop l_bar=2.859 L/l_bar=105.3 final_ch=True wall=2.16s
case_094 seed=0 mode=specCascTok0.8: L=1079 finish=stop l_bar=2.404 L/l_bar=448.9 final_ch=True wall=7.35s
case_095 seed=0 mode=specCascTok0.8: L=233 finish=stop l_bar=3.315 L/l_bar=70.3 final_ch=True wall=1.67s
case_096 seed=0 mode=specCascTok0.8: L=141 finish=stop l_bar=3.862 L/l_bar=36.5 final_ch=True wall=1.10s
case_097 seed=0 mode=specCascTok0.8: L=95 finish=stop l_bar=2.84 L/l_bar=33.5 final_ch=True wall=0.91s
case_098 seed=0 mode=specCascTok0.8: L=344 finish=stop l_bar=2.772 L/l_bar=124.1 final_ch=True wall=2.46s
case_099 seed=0 mode=specCascTok0.8: L=315 finish=stop l_bar=2.901 L/l_bar=108.6 final_ch=True wall=2.32s
case_100 seed=0 mode=specCascTok0.8: L=179 finish=stop l_bar=3.286 L/l_bar=54.5 final_ch=True wall=1.48s
case_101 seed=0 mode=specCascTok0.8: L=304 finish=stop l_bar=3.692 L/l_bar=82.3 final_ch=True wall=2.10s
case_102 seed=0 mode=specCascTok0.8: L=92 finish=stop l_bar=2.875 L/l_bar=32.0 final_ch=True wall=0.99s
case_103 seed=0 mode=specCascTok0.8: L=280 finish=stop l_bar=2.636 L/l_bar=106.2 final_ch=True wall=2.12s
case_104 seed=0 mode=specCascTok0.8: L=310 finish=stop l_bar=3.319 L/l_bar=93.4 final_ch=True wall=2.12s
case_105 seed=0 mode=specCascTok0.8: L=168 finish=stop l_bar=2.818 L/l_bar=59.6 final_ch=True wall=1.40s
case_106 seed=0 mode=specCascTok0.8: L=62 finish=stop l_bar=3.133 L/l_bar=19.8 final_ch=True wall=0.70s
case_107 seed=0 mode=specCascTok0.8: L=601 finish=stop l_bar=2.699 L/l_bar=222.6 final_ch=True wall=4.07s
case_108 seed=0 mode=specCascTok0.8: L=368 finish=stop l_bar=3.779 L/l_bar=97.4 final_ch=True wall=2.47s
case_109 seed=0 mode=specCascTok0.8: L=258 finish=stop l_bar=3.095 L/l_bar=83.4 final_ch=True wall=1.97s
case_110 seed=0 mode=specCascTok0.8: L=227 finish=stop l_bar=2.738 L/l_bar=82.9 final_ch=True wall=1.80s
case_111 seed=0 mode=specCascTok0.8: L=489 finish=stop l_bar=3.281 L/l_bar=149.1 final_ch=True wall=3.17s
case_112 seed=0 mode=specCascTok0.8: L=429 finish=stop l_bar=2.891 L/l_bar=148.4 final_ch=True wall=2.92s
case_113 seed=0 mode=specCascTok0.8: L=324 finish=stop l_bar=3.514 L/l_bar=92.2 final_ch=True wall=2.16s
case_114 seed=0 mode=specCascTok0.8: L=198 finish=stop l_bar=2.882 L/l_bar=68.7 final_ch=True wall=1.50s
case_115 seed=0 mode=specCascTok0.8: L=545 finish=stop l_bar=2.678 L/l_bar=203.5 final_ch=True wall=3.84s
case_116 seed=0 mode=specCascTok0.8: L=690 finish=stop l_bar=2.812 L/l_bar=245.4 final_ch=True wall=4.50s
case_117 seed=0 mode=specCascTok0.8: L=231 finish=stop l_bar=2.726 L/l_bar=84.7 final_ch=True wall=1.74s
case_118 seed=0 mode=specCascTok0.8: L=108 finish=stop l_bar=3.696 L/l_bar=29.2 final_ch=True wall=0.89s
case_119 seed=0 mode=specCascTok0.8: L=353 finish=stop l_bar=3.597 L/l_bar=98.1 final_ch=True wall=2.29s
case_120 seed=0 mode=specCascTok0.8: L=2048 finish=length l_bar=2.668 L/l_bar=767.5 final_ch=False wall=12.67s
case_121 seed=0 mode=specCascTok0.8: L=121 finish=stop l_bar=2.27 L/l_bar=53.3 final_ch=True wall=1.16s
case_122 seed=0 mode=specCascTok0.8: L=144 finish=stop l_bar=3.562 L/l_bar=40.4 final_ch=True wall=1.18s
case_123 seed=0 mode=specCascTok0.8: L=473 finish=stop l_bar=3.008 L/l_bar=157.2 final_ch=True wall=3.18s
case_124 seed=0 mode=specCascTok0.8: L=136 finish=stop l_bar=2.886 L/l_bar=47.1 final_ch=True wall=1.18s
case_125 seed=0 mode=specCascTok0.8: L=220 finish=stop l_bar=3.018 L/l_bar=72.9 final_ch=True wall=1.72s
case_126 seed=0 mode=specCascTok0.8: L=1472 finish=stop l_bar=2.737 L/l_bar=537.9 final_ch=True wall=9.46s
case_127 seed=0 mode=specCascTok0.8: L=129 finish=stop l_bar=3.062 L/l_bar=42.1 final_ch=True wall=1.12s
case_128 seed=0 mode=specCascTok0.8: L=52 finish=stop l_bar=2.467 L/l_bar=21.1 final_ch=True wall=0.66s
case_129 seed=0 mode=specCascTok0.8: L=133 finish=stop l_bar=2.622 L/l_bar=50.7 final_ch=True wall=1.26s
case_130 seed=0 mode=specCascTok0.8: L=307 finish=stop l_bar=2.679 L/l_bar=114.6 final_ch=True wall=2.24s
case_131 seed=0 mode=specCascTok0.8: L=139 finish=stop l_bar=2.784 L/l_bar=49.9 final_ch=True wall=1.22s
case_132 seed=0 mode=specCascTok0.8: L=162 finish=stop l_bar=2.682 L/l_bar=60.4 final_ch=True wall=1.31s
case_133 seed=0 mode=specCascTok0.8: L=148 finish=stop l_bar=2.895 L/l_bar=51.1 final_ch=True wall=1.26s
case_134 seed=0 mode=specCascTok0.8: L=88 finish=stop l_bar=2.259 L/l_bar=39.0 final_ch=True wall=0.94s
case_135 seed=0 mode=specCascTok0.8: L=69 finish=stop l_bar=2.833 L/l_bar=24.4 final_ch=True wall=0.74s
case_136 seed=0 mode=specCascTok0.8: L=360 finish=stop l_bar=3.102 L/l_bar=116.0 final_ch=True wall=2.40s
case_137 seed=0 mode=specCascTok0.8: L=112 finish=stop l_bar=3.185 L/l_bar=35.2 final_ch=True wall=1.00s
case_138 seed=0 mode=specCascTok0.8: L=135 finish=stop l_bar=3.419 L/l_bar=39.5 final_ch=True wall=1.18s
case_139 seed=0 mode=specCascTok0.8: L=839 finish=stop l_bar=3.128 L/l_bar=268.2 final_ch=True wall=5.12s
case_140 seed=0 mode=specCascTok0.8: L=1228 finish=stop l_bar=3.877 L/l_bar=316.7 final_ch=True wall=6.60s
case_141 seed=0 mode=specCascTok0.8: L=145 finish=stop l_bar=3.0 L/l_bar=48.3 final_ch=True wall=1.20s
case_142 seed=0 mode=specCascTok0.8: L=166 finish=stop l_bar=2.388 L/l_bar=69.5 final_ch=True wall=1.38s
case_143 seed=0 mode=specCascTok0.8: L=182 finish=stop l_bar=3.044 L/l_bar=59.8 final_ch=True wall=1.43s
case_144 seed=0 mode=specCascTok0.8: L=204 finish=stop l_bar=3.271 L/l_bar=62.4 final_ch=True wall=1.57s
case_145 seed=0 mode=specCascTok0.8: L=349 finish=stop l_bar=3.43 L/l_bar=101.7 final_ch=True wall=2.53s
case_146 seed=0 mode=specCascTok0.8: L=186 finish=stop l_bar=2.74 L/l_bar=67.9 final_ch=True wall=1.51s
case_147 seed=0 mode=specCascTok0.8: L=641 finish=stop l_bar=3.183 L/l_bar=201.4 final_ch=True wall=4.01s
case_148 seed=0 mode=specCascTok0.8: L=2048 finish=length l_bar=2.842 L/l_bar=720.5 final_ch=False wall=12.49s
case_149 seed=0 mode=specCascTok0.8: L=195 finish=stop l_bar=2.679 L/l_bar=72.8 final_ch=True wall=1.58s
case_150 seed=0 mode=specCascTok0.8: L=84 finish=stop l_bar=2.542 L/l_bar=33.0 final_ch=True wall=0.89s
[1/1] ok in 336s for 100 case(s)

wrote /home/chiatzen/lossy-token-eff/runs/gsm8k/persistent_arm_replay.json; 1/1 group(s) ok, 100 case(s) attempted
1 server(s) (one per arm/seed), 100 case(s) total

[1/1] arm=strict seed=0 -> 100 case(s), one server -> /home/chiatzen/lossy-token-eff/logs/campaign_gsm8k_extend50_reuse/strict_batch_20260829T004527Z.log
case_051 seed=0 mode=strict: L=183 finish=stop l_bar=2.453 L/l_bar=74.6 final_ch=True wall=1.01s
case_052 seed=0 mode=strict: L=385 finish=stop l_bar=2.802 L/l_bar=137.4 final_ch=True wall=2.36s
case_053 seed=0 mode=strict: L=185 finish=stop l_bar=2.796 L/l_bar=66.2 final_ch=True wall=1.52s
case_054 seed=0 mode=strict: L=149 finish=stop l_bar=2.333 L/l_bar=63.9 final_ch=True wall=1.47s
case_055 seed=0 mode=strict: L=563 finish=stop l_bar=2.883 L/l_bar=195.3 final_ch=True wall=3.75s
case_056 seed=0 mode=strict: L=170 finish=stop l_bar=2.562 L/l_bar=66.3 final_ch=True wall=1.43s
case_057 seed=0 mode=strict: L=117 finish=stop l_bar=2.371 L/l_bar=49.3 final_ch=True wall=1.14s
case_058 seed=0 mode=strict: L=217 finish=stop l_bar=2.453 L/l_bar=88.5 final_ch=True wall=1.84s
case_059 seed=0 mode=strict: L=567 finish=stop l_bar=2.601 L/l_bar=218.0 final_ch=True wall=3.95s
case_060 seed=0 mode=strict: L=151 finish=stop l_bar=2.432 L/l_bar=62.1 final_ch=True wall=1.30s
case_061 seed=0 mode=strict: L=553 finish=stop l_bar=2.337 L/l_bar=236.6 final_ch=True wall=3.94s
case_062 seed=0 mode=strict: L=117 finish=stop l_bar=3.958 L/l_bar=29.6 final_ch=True wall=1.05s
case_063 seed=0 mode=strict: L=2048 finish=length l_bar=2.562 L/l_bar=799.2 final_ch=False wall=13.13s
case_064 seed=0 mode=strict: L=231 finish=stop l_bar=2.585 L/l_bar=89.4 final_ch=True wall=1.86s
case_065 seed=0 mode=strict: L=160 finish=stop l_bar=2.533 L/l_bar=63.2 final_ch=True wall=1.48s
case_066 seed=0 mode=strict: L=319 finish=stop l_bar=3.038 L/l_bar=105.0 final_ch=True wall=2.21s
case_067 seed=0 mode=strict: L=174 finish=stop l_bar=2.723 L/l_bar=63.9 final_ch=True wall=1.47s
case_068 seed=0 mode=strict: L=217 finish=stop l_bar=2.945 L/l_bar=73.7 final_ch=True wall=1.64s
case_069 seed=0 mode=strict: L=184 finish=stop l_bar=3.405 L/l_bar=54.0 final_ch=True wall=1.35s
case_070 seed=0 mode=strict: L=82 finish=stop l_bar=2.727 L/l_bar=30.1 final_ch=True wall=0.88s
case_071 seed=0 mode=strict: L=284 finish=stop l_bar=2.365 L/l_bar=120.1 final_ch=True wall=2.20s
case_072 seed=0 mode=strict: L=154 finish=stop l_bar=3.667 L/l_bar=42.0 final_ch=True wall=1.18s
case_073 seed=0 mode=strict: L=95 finish=stop l_bar=3.5 L/l_bar=27.1 final_ch=True wall=0.91s
case_074 seed=0 mode=strict: L=884 finish=stop l_bar=2.207 L/l_bar=400.6 final_ch=True wall=6.17s
case_075 seed=0 mode=strict: L=350 finish=stop l_bar=2.5 L/l_bar=140.0 final_ch=True wall=2.74s
case_076 seed=0 mode=strict: L=605 finish=stop l_bar=2.639 L/l_bar=229.3 final_ch=True wall=4.06s
case_077 seed=0 mode=strict: L=164 finish=stop l_bar=2.34 L/l_bar=70.1 final_ch=True wall=1.53s
case_078 seed=0 mode=strict: L=224 finish=stop l_bar=3.036 L/l_bar=73.8 final_ch=True wall=1.67s
case_079 seed=0 mode=strict: L=611 finish=stop l_bar=2.0 L/l_bar=305.5 final_ch=True wall=4.54s
case_080 seed=0 mode=strict: L=58 finish=stop l_bar=2.222 L/l_bar=26.1 final_ch=True wall=0.76s
case_081 seed=0 mode=strict: L=112 finish=stop l_bar=2.833 L/l_bar=39.5 final_ch=True wall=1.03s
case_082 seed=0 mode=strict: L=145 finish=stop l_bar=2.842 L/l_bar=51.0 final_ch=True wall=1.28s
case_083 seed=0 mode=strict: L=145 finish=stop l_bar=2.692 L/l_bar=53.9 final_ch=True wall=1.20s
case_084 seed=0 mode=strict: L=194 finish=stop l_bar=2.959 L/l_bar=65.6 final_ch=True wall=1.46s
case_085 seed=0 mode=strict: L=132 finish=stop l_bar=2.023 L/l_bar=65.3 final_ch=True wall=1.23s
case_086 seed=0 mode=strict: L=959 finish=stop l_bar=2.148 L/l_bar=446.6 final_ch=True wall=6.80s
case_087 seed=0 mode=strict: L=250 finish=stop l_bar=2.731 L/l_bar=91.5 final_ch=True wall=1.98s
case_088 seed=0 mode=strict: L=426 finish=stop l_bar=2.179 L/l_bar=195.5 final_ch=True wall=3.24s
case_089 seed=0 mode=strict: L=115 finish=stop l_bar=2.562 L/l_bar=44.9 final_ch=True wall=1.05s
case_090 seed=0 mode=strict: L=177 finish=stop l_bar=2.236 L/l_bar=79.1 final_ch=True wall=1.53s
case_091 seed=0 mode=strict: L=78 finish=stop l_bar=2.545 L/l_bar=30.6 final_ch=True wall=0.94s
case_092 seed=0 mode=strict: L=72 finish=stop l_bar=2.65 L/l_bar=27.2 final_ch=True wall=0.78s
case_093 seed=0 mode=strict: L=157 finish=stop l_bar=2.204 L/l_bar=71.2 final_ch=True wall=1.40s
case_094 seed=0 mode=strict: L=1186 finish=stop l_bar=2.191 L/l_bar=541.3 final_ch=True wall=8.31s
case_095 seed=0 mode=strict: L=315 finish=stop l_bar=2.686 L/l_bar=117.3 final_ch=True wall=2.39s
case_096 seed=0 mode=strict: L=271 finish=stop l_bar=2.519 L/l_bar=107.6 final_ch=True wall=2.09s
case_097 seed=0 mode=strict: L=72 finish=stop l_bar=3.438 L/l_bar=20.9 final_ch=True wall=0.76s
case_098 seed=0 mode=strict: L=362 finish=stop l_bar=2.241 L/l_bar=161.5 final_ch=True wall=2.84s
case_099 seed=0 mode=strict: L=494 finish=stop l_bar=2.227 L/l_bar=221.8 final_ch=True wall=4.26s
case_100 seed=0 mode=strict: L=181 finish=stop l_bar=2.673 L/l_bar=67.7 final_ch=True wall=1.56s
case_101 seed=0 mode=strict: L=429 finish=stop l_bar=2.25 L/l_bar=190.7 final_ch=True wall=3.34s
case_102 seed=0 mode=strict: L=116 finish=stop l_bar=2.412 L/l_bar=48.1 final_ch=True wall=1.17s
case_103 seed=0 mode=strict: L=293 finish=stop l_bar=2.573 L/l_bar=113.9 final_ch=True wall=2.21s
case_104 seed=0 mode=strict: L=592 finish=stop l_bar=2.448 L/l_bar=241.9 final_ch=True wall=4.10s
case_105 seed=0 mode=strict: L=162 finish=stop l_bar=2.6 L/l_bar=62.3 final_ch=True wall=1.37s
case_106 seed=0 mode=strict: L=216 finish=stop l_bar=2.6 L/l_bar=83.1 final_ch=True wall=1.65s
case_107 seed=0 mode=strict: L=222 finish=stop l_bar=2.484 L/l_bar=89.4 final_ch=True wall=1.75s
case_108 seed=0 mode=strict: L=273 finish=stop l_bar=2.986 L/l_bar=91.4 final_ch=True wall=2.12s
case_109 seed=0 mode=strict: L=304 finish=stop l_bar=2.535 L/l_bar=119.9 final_ch=True wall=2.32s
case_110 seed=0 mode=strict: L=167 finish=stop l_bar=2.884 L/l_bar=57.9 final_ch=True wall=1.38s
case_111 seed=0 mode=strict: L=332 finish=stop l_bar=2.479 L/l_bar=133.9 final_ch=True wall=2.55s
case_112 seed=0 mode=strict: L=402 finish=stop l_bar=1.906 L/l_bar=210.9 final_ch=True wall=3.21s
case_113 seed=0 mode=strict: L=242 finish=stop l_bar=2.727 L/l_bar=88.7 final_ch=True wall=1.89s
case_114 seed=0 mode=strict: L=127 finish=stop l_bar=3.379 L/l_bar=37.6 final_ch=True wall=1.03s
case_115 seed=0 mode=strict: L=372 finish=stop l_bar=2.477 L/l_bar=150.2 final_ch=True wall=2.78s
case_116 seed=0 mode=strict: L=490 finish=stop l_bar=2.85 L/l_bar=171.9 final_ch=True wall=3.64s
case_117 seed=0 mode=strict: L=518 finish=stop l_bar=2.095 L/l_bar=247.2 final_ch=True wall=4.16s
case_118 seed=0 mode=strict: L=308 finish=stop l_bar=2.711 L/l_bar=113.6 final_ch=True wall=2.24s
case_119 seed=0 mode=strict: L=187 finish=stop l_bar=2.692 L/l_bar=69.5 final_ch=True wall=1.60s
case_120 seed=0 mode=strict: L=2048 finish=length l_bar=2.423 L/l_bar=845.2 final_ch=False wall=13.48s
case_121 seed=0 mode=strict: L=214 finish=stop l_bar=2.397 L/l_bar=89.3 final_ch=True wall=1.71s
case_122 seed=0 mode=strict: L=132 finish=stop l_bar=2.0 L/l_bar=66.0 final_ch=True wall=1.31s
case_123 seed=0 mode=strict: L=361 finish=stop l_bar=2.871 L/l_bar=125.7 final_ch=True wall=2.54s
case_124 seed=0 mode=strict: L=176 finish=stop l_bar=3.116 L/l_bar=56.5 final_ch=True wall=1.39s
case_125 seed=0 mode=strict: L=400 finish=stop l_bar=2.322 L/l_bar=172.2 final_ch=True wall=3.07s
case_126 seed=0 mode=strict: L=1725 finish=stop l_bar=2.069 L/l_bar=833.6 final_ch=True wall=12.14s
case_127 seed=0 mode=strict: L=56 finish=stop l_bar=2.294 L/l_bar=24.4 final_ch=True wall=0.74s
case_128 seed=0 mode=strict: L=77 finish=stop l_bar=2.292 L/l_bar=33.6 final_ch=True wall=0.85s
case_129 seed=0 mode=strict: L=130 finish=stop l_bar=2.714 L/l_bar=47.9 final_ch=True wall=1.24s
case_130 seed=0 mode=strict: L=450 finish=stop l_bar=2.29 L/l_bar=196.5 final_ch=True wall=3.38s
case_131 seed=0 mode=strict: L=104 finish=stop l_bar=2.467 L/l_bar=42.2 final_ch=True wall=1.04s
case_132 seed=0 mode=strict: L=222 finish=stop l_bar=2.246 L/l_bar=98.8 final_ch=True wall=1.87s
case_133 seed=0 mode=strict: L=128 finish=stop l_bar=2.765 L/l_bar=46.3 final_ch=True wall=1.16s
case_134 seed=0 mode=strict: L=104 finish=stop l_bar=2.75 L/l_bar=37.8 final_ch=True wall=1.00s
case_135 seed=0 mode=strict: L=81 finish=stop l_bar=2.375 L/l_bar=34.1 final_ch=True wall=0.84s
case_136 seed=0 mode=strict: L=243 finish=stop l_bar=3.19 L/l_bar=76.2 final_ch=True wall=1.70s
case_137 seed=0 mode=strict: L=127 finish=stop l_bar=2.122 L/l_bar=59.9 final_ch=True wall=1.22s
case_138 seed=0 mode=strict: L=299 finish=stop l_bar=2.671 L/l_bar=112.0 final_ch=True wall=2.24s
case_139 seed=0 mode=strict: L=318 finish=stop l_bar=2.938 L/l_bar=108.2 final_ch=True wall=2.27s
case_140 seed=0 mode=strict: L=950 finish=stop l_bar=2.785 L/l_bar=341.1 final_ch=True wall=5.97s
case_141 seed=0 mode=strict: L=185 finish=stop l_bar=2.538 L/l_bar=72.9 final_ch=True wall=1.49s
case_142 seed=0 mode=strict: L=180 finish=stop l_bar=2.673 L/l_bar=67.3 final_ch=True wall=1.46s
case_143 seed=0 mode=strict: L=82 finish=stop l_bar=1.929 L/l_bar=42.5 final_ch=True wall=0.94s
case_144 seed=0 mode=strict: L=302 finish=stop l_bar=3.04 L/l_bar=99.3 final_ch=True wall=2.17s
case_145 seed=0 mode=strict: L=207 finish=stop l_bar=2.433 L/l_bar=85.1 final_ch=True wall=1.91s
case_146 seed=0 mode=strict: L=118 finish=stop l_bar=2.576 L/l_bar=45.8 final_ch=True wall=1.11s
case_147 seed=0 mode=strict: L=1263 finish=stop l_bar=2.058 L/l_bar=613.7 final_ch=True wall=8.96s
case_148 seed=0 mode=strict: L=2048 finish=length l_bar=1.98 L/l_bar=1034.5 final_ch=False wall=14.63s
case_149 seed=0 mode=strict: L=80 finish=stop l_bar=1.963 L/l_bar=40.8 final_ch=True wall=0.98s
case_150 seed=0 mode=strict: L=86 finish=stop l_bar=3.095 L/l_bar=27.8 final_ch=True wall=0.85s
[1/1] ok in 363s for 100 case(s)

wrote /home/chiatzen/lossy-token-eff/runs/gsm8k/persistent_arm_replay.json; 1/1 group(s) ok, 100 case(s) attempted
1 server(s) (one per arm/seed), 100 case(s) total

[1/1] arm=mentored_dec seed=0 -> 100 case(s), one server -> /home/chiatzen/lossy-token-eff/logs/campaign_gsm8k_qwen3_extend50_reuse/mentoredDec0.15_batch_20260829T005130Z.log
case_051 seed=0 mode=mentoredDec0.15: L=1029 finish=stop l_bar=1.551 L/l_bar=663.5 final_ch=False wall=7.44s
case_052 seed=0 mode=mentoredDec0.15: L=919 finish=stop l_bar=1.384 L/l_bar=663.8 final_ch=False wall=7.81s
case_053 seed=0 mode=mentoredDec0.15: L=1251 finish=stop l_bar=1.583 L/l_bar=790.4 final_ch=False wall=10.06s
case_054 seed=0 mode=mentoredDec0.15: L=1021 finish=stop l_bar=1.556 L/l_bar=656.0 final_ch=False wall=8.26s
case_055 seed=0 mode=mentoredDec0.15: L=2048 finish=length l_bar=1.494 L/l_bar=1370.9 final_ch=False wall=16.81s
case_056 seed=0 mode=mentoredDec0.15: L=383 finish=stop l_bar=1.547 L/l_bar=247.6 final_ch=False wall=3.12s
case_057 seed=0 mode=mentoredDec0.15: L=476 finish=stop l_bar=1.513 L/l_bar=314.6 final_ch=False wall=3.94s
case_058 seed=0 mode=mentoredDec0.15: L=1833 finish=stop l_bar=1.613 L/l_bar=1136.7 final_ch=False wall=14.63s
case_059 seed=0 mode=mentoredDec0.15: L=1862 finish=stop l_bar=1.94 L/l_bar=959.8 final_ch=False wall=13.74s
case_060 seed=0 mode=mentoredDec0.15: L=654 finish=stop l_bar=1.464 L/l_bar=446.7 final_ch=False wall=5.44s
case_061 seed=0 mode=mentoredDec0.15: L=2048 finish=length l_bar=1.341 L/l_bar=1527.7 final_ch=False wall=17.67s
case_062 seed=0 mode=mentoredDec0.15: L=849 finish=stop l_bar=1.718 L/l_bar=494.2 final_ch=False wall=6.62s
case_063 seed=0 mode=mentoredDec0.15: L=2048 finish=length l_bar=1.768 L/l_bar=1158.7 final_ch=False wall=15.76s
case_064 seed=0 mode=mentoredDec0.15: L=1277 finish=stop l_bar=1.786 L/l_bar=715.0 final_ch=False wall=9.76s
case_065 seed=0 mode=mentoredDec0.15: L=794 finish=stop l_bar=1.319 L/l_bar=602.1 final_ch=False wall=6.88s
case_066 seed=0 mode=mentoredDec0.15: L=975 finish=stop l_bar=1.281 L/l_bar=761.1 final_ch=False wall=8.55s
case_067 seed=0 mode=mentoredDec0.15: L=1190 finish=stop l_bar=1.422 L/l_bar=837.1 final_ch=False wall=9.96s
case_068 seed=0 mode=mentoredDec0.15: L=1547 finish=stop l_bar=1.806 L/l_bar=856.7 final_ch=False wall=11.75s
case_069 seed=0 mode=mentoredDec0.15: L=1053 finish=stop l_bar=1.684 L/l_bar=625.4 final_ch=False wall=8.22s
case_070 seed=0 mode=mentoredDec0.15: L=626 finish=stop l_bar=1.24 L/l_bar=504.8 final_ch=False wall=5.56s
case_071 seed=0 mode=mentoredDec0.15: L=1506 finish=stop l_bar=1.451 L/l_bar=1037.8 final_ch=False wall=12.54s
case_072 seed=0 mode=mentoredDec0.15: L=407 finish=stop l_bar=1.566 L/l_bar=259.9 final_ch=False wall=3.31s
case_073 seed=0 mode=mentoredDec0.15: L=608 finish=stop l_bar=1.662 L/l_bar=365.8 final_ch=False wall=4.79s
case_074 seed=0 mode=mentoredDec0.15: L=2048 finish=length l_bar=1.606 L/l_bar=1275.5 final_ch=False wall=16.35s
case_075 seed=0 mode=mentoredDec0.15: L=1257 finish=stop l_bar=1.725 L/l_bar=728.9 final_ch=False wall=9.69s
case_076 seed=0 mode=mentoredDec0.15: L=1602 finish=stop l_bar=1.591 L/l_bar=1007.2 final_ch=False wall=12.94s
case_077 seed=0 mode=mentoredDec0.15: L=1226 finish=stop l_bar=1.797 L/l_bar=682.3 final_ch=False wall=9.30s
case_078 seed=0 mode=mentoredDec0.15: L=945 finish=stop l_bar=1.517 L/l_bar=622.8 final_ch=False wall=7.73s
case_079 seed=0 mode=mentoredDec0.15: L=2048 finish=length l_bar=1.571 L/l_bar=1303.7 final_ch=False wall=16.56s
case_080 seed=0 mode=mentoredDec0.15: L=579 finish=stop l_bar=1.604 L/l_bar=361.1 final_ch=False wall=4.66s
case_081 seed=0 mode=mentoredDec0.15: L=1378 finish=stop l_bar=1.378 L/l_bar=999.8 final_ch=False wall=11.72s
case_082 seed=0 mode=mentoredDec0.15: L=695 finish=stop l_bar=1.461 L/l_bar=475.7 final_ch=False wall=5.78s
case_083 seed=0 mode=mentoredDec0.15: L=839 finish=stop l_bar=1.571 L/l_bar=534.2 final_ch=False wall=6.75s
case_084 seed=0 mode=mentoredDec0.15: L=624 finish=stop l_bar=1.674 L/l_bar=372.8 final_ch=False wall=4.90s
case_085 seed=0 mode=mentoredDec0.15: L=985 finish=stop l_bar=1.466 L/l_bar=671.8 final_ch=False wall=8.15s
case_086 seed=0 mode=mentoredDec0.15: L=2048 finish=length l_bar=1.662 L/l_bar=1232.3 final_ch=False wall=16.19s
case_087 seed=0 mode=mentoredDec0.15: L=2048 finish=length l_bar=1.693 L/l_bar=1210.0 final_ch=False wall=15.98s
case_088 seed=0 mode=mentoredDec0.15: L=2048 finish=length l_bar=1.912 L/l_bar=1071.2 final_ch=False wall=15.10s
case_089 seed=0 mode=mentoredDec0.15: L=706 finish=stop l_bar=1.564 L/l_bar=451.5 final_ch=False wall=5.73s
case_090 seed=0 mode=mentoredDec0.15: L=1514 finish=stop l_bar=1.604 L/l_bar=943.8 final_ch=False wall=12.13s
case_091 seed=0 mode=mentoredDec0.15: L=567 finish=stop l_bar=1.573 L/l_bar=360.5 final_ch=False wall=4.58s
case_092 seed=0 mode=mentoredDec0.15: L=1253 finish=stop l_bar=1.45 L/l_bar=864.1 final_ch=False wall=10.50s
case_093 seed=0 mode=mentoredDec0.15: L=514 finish=stop l_bar=1.578 L/l_bar=325.8 final_ch=False wall=4.19s
case_094 seed=0 mode=mentoredDec0.15: L=2048 finish=length l_bar=1.556 L/l_bar=1316.6 final_ch=False wall=16.66s
case_095 seed=0 mode=mentoredDec0.15: L=1392 finish=stop l_bar=1.696 L/l_bar=820.9 final_ch=False wall=10.88s
case_096 seed=0 mode=mentoredDec0.15: L=1028 finish=stop l_bar=1.607 L/l_bar=639.9 final_ch=False wall=8.20s
case_097 seed=0 mode=mentoredDec0.15: L=645 finish=stop l_bar=1.252 L/l_bar=515.3 final_ch=False wall=5.70s
case_098 seed=0 mode=mentoredDec0.15: L=2048 finish=length l_bar=1.518 L/l_bar=1348.8 final_ch=False wall=16.78s
case_099 seed=0 mode=mentoredDec0.15: L=2048 finish=length l_bar=1.927 L/l_bar=1062.7 final_ch=False wall=15.10s
case_100 seed=0 mode=mentoredDec0.15: L=1125 finish=stop l_bar=1.381 L/l_bar=814.4 final_ch=False wall=9.58s
case_101 seed=0 mode=mentoredDec0.15: L=2048 finish=length l_bar=1.634 L/l_bar=1253.0 final_ch=False wall=16.29s
case_102 seed=0 mode=mentoredDec0.15: L=857 finish=stop l_bar=1.77 L/l_bar=484.1 final_ch=False wall=6.60s
case_103 seed=0 mode=mentoredDec0.15: L=1870 finish=stop l_bar=1.427 L/l_bar=1310.2 final_ch=False wall=15.70s
case_104 seed=0 mode=mentoredDec0.15: L=1355 finish=stop l_bar=1.521 L/l_bar=890.6 final_ch=False wall=11.06s
case_105 seed=0 mode=mentoredDec0.15: L=1220 finish=stop l_bar=1.679 L/l_bar=726.6 final_ch=False wall=9.61s
case_106 seed=0 mode=mentoredDec0.15: L=1111 finish=stop l_bar=1.202 L/l_bar=924.0 final_ch=False wall=9.96s
case_107 seed=0 mode=mentoredDec0.15: L=2048 finish=length l_bar=1.375 L/l_bar=1489.8 final_ch=False wall=17.41s
case_108 seed=0 mode=mentoredDec0.15: L=1338 finish=stop l_bar=1.518 L/l_bar=881.5 final_ch=False wall=10.94s
case_109 seed=0 mode=mentoredDec0.15: L=1455 finish=stop l_bar=1.738 L/l_bar=837.1 final_ch=False wall=11.21s
case_110 seed=0 mode=mentoredDec0.15: L=671 finish=stop l_bar=1.548 L/l_bar=433.6 final_ch=False wall=5.48s
case_111 seed=0 mode=mentoredDec0.15: L=2048 finish=length l_bar=1.375 L/l_bar=1489.8 final_ch=False wall=17.45s
case_112 seed=0 mode=mentoredDec0.15: L=1793 finish=stop l_bar=1.451 L/l_bar=1235.3 final_ch=False wall=14.90s
case_113 seed=0 mode=mentoredDec0.15: L=1947 finish=stop l_bar=1.648 L/l_bar=1181.7 final_ch=False wall=15.34s
case_114 seed=0 mode=mentoredDec0.15: L=682 finish=stop l_bar=1.365 L/l_bar=499.8 final_ch=False wall=5.83s
case_115 seed=0 mode=mentoredDec0.15: L=1533 finish=stop l_bar=1.483 L/l_bar=1033.7 final_ch=False wall=12.63s
case_116 seed=0 mode=mentoredDec0.15: L=2048 finish=length l_bar=1.76 L/l_bar=1163.6 final_ch=False wall=15.69s
case_117 seed=0 mode=mentoredDec0.15: L=2048 finish=length l_bar=1.476 L/l_bar=1387.7 final_ch=False wall=16.92s
case_118 seed=0 mode=mentoredDec0.15: L=495 finish=stop l_bar=1.352 L/l_bar=366.0 final_ch=False wall=4.24s
case_119 seed=0 mode=mentoredDec0.15: L=918 finish=stop l_bar=1.519 L/l_bar=604.3 final_ch=False wall=7.54s
case_120 seed=0 mode=mentoredDec0.15: L=2048 finish=length l_bar=1.785 L/l_bar=1147.3 final_ch=False wall=15.71s
case_121 seed=0 mode=mentoredDec0.15: L=2048 finish=length l_bar=1.399 L/l_bar=1463.6 final_ch=False wall=17.39s
case_122 seed=0 mode=mentoredDec0.15: L=771 finish=stop l_bar=1.575 L/l_bar=489.4 final_ch=False wall=6.23s
case_123 seed=0 mode=mentoredDec0.15: L=2048 finish=length l_bar=1.59 L/l_bar=1287.7 final_ch=False wall=16.44s
case_124 seed=0 mode=mentoredDec0.15: L=773 finish=stop l_bar=1.548 L/l_bar=499.4 final_ch=False wall=6.29s
case_125 seed=0 mode=mentoredDec0.15: L=982 finish=stop l_bar=1.325 L/l_bar=741.3 final_ch=False wall=8.49s
case_126 seed=0 mode=mentoredDec0.15: L=1343 finish=stop l_bar=1.431 L/l_bar=938.4 final_ch=False wall=11.27s
case_127 seed=0 mode=mentoredDec0.15: L=538 finish=stop l_bar=1.903 L/l_bar=282.8 final_ch=False wall=4.03s
case_128 seed=0 mode=mentoredDec0.15: L=666 finish=stop l_bar=1.35 L/l_bar=493.4 final_ch=False wall=5.74s
case_129 seed=0 mode=mentoredDec0.15: L=1246 finish=stop l_bar=1.659 L/l_bar=751.1 final_ch=False wall=9.82s
case_130 seed=0 mode=mentoredDec0.15: L=1993 finish=stop l_bar=1.982 L/l_bar=1005.5 final_ch=False wall=14.54s
case_131 seed=0 mode=mentoredDec0.15: L=494 finish=stop l_bar=1.315 L/l_bar=375.8 final_ch=False wall=4.31s
case_132 seed=0 mode=mentoredDec0.15: L=516 finish=stop l_bar=1.55 L/l_bar=333.0 final_ch=False wall=4.19s
case_133 seed=0 mode=mentoredDec0.15: L=1014 finish=stop l_bar=1.406 L/l_bar=721.1 final_ch=False wall=8.75s
case_134 seed=0 mode=mentoredDec0.15: L=904 finish=stop l_bar=1.263 L/l_bar=715.7 final_ch=False wall=8.04s
case_135 seed=0 mode=mentoredDec0.15: L=533 finish=stop l_bar=1.57 L/l_bar=339.5 final_ch=False wall=4.31s
case_136 seed=0 mode=mentoredDec0.15: L=1195 finish=stop l_bar=1.402 L/l_bar=852.1 final_ch=False wall=10.09s
case_137 seed=0 mode=mentoredDec0.15: L=329 finish=stop l_bar=1.13 L/l_bar=291.2 final_ch=False wall=3.06s
case_138 seed=0 mode=mentoredDec0.15: L=1463 finish=stop l_bar=1.839 L/l_bar=795.6 final_ch=False wall=11.02s
case_139 seed=0 mode=mentoredDec0.15: L=2048 finish=length l_bar=1.789 L/l_bar=1144.9 final_ch=False wall=15.84s
case_140 seed=0 mode=mentoredDec0.15: L=2048 finish=length l_bar=2.127 L/l_bar=963.0 final_ch=False wall=14.50s
case_141 seed=0 mode=mentoredDec0.15: L=990 finish=stop l_bar=1.389 L/l_bar=712.8 final_ch=False wall=8.40s
case_142 seed=0 mode=mentoredDec0.15: L=1304 finish=stop l_bar=1.487 L/l_bar=877.1 final_ch=False wall=10.75s
case_143 seed=0 mode=mentoredDec0.15: L=476 finish=stop l_bar=1.387 L/l_bar=343.2 final_ch=False wall=4.08s
case_144 seed=0 mode=mentoredDec0.15: L=1230 finish=stop l_bar=1.609 L/l_bar=764.3 final_ch=False wall=9.86s
case_145 seed=0 mode=mentoredDec0.15: L=598 finish=stop l_bar=1.407 L/l_bar=424.9 final_ch=False wall=5.10s
case_146 seed=0 mode=mentoredDec0.15: L=2048 finish=length l_bar=1.56 L/l_bar=1312.8 final_ch=False wall=16.62s
case_147 seed=0 mode=mentoredDec0.15: L=2048 finish=length l_bar=1.74 L/l_bar=1176.8 final_ch=False wall=16.00s
case_148 seed=0 mode=mentoredDec0.15: L=2048 finish=length l_bar=1.813 L/l_bar=1129.5 final_ch=False wall=15.52s
case_149 seed=0 mode=mentoredDec0.15: L=558 finish=stop l_bar=1.411 L/l_bar=395.4 final_ch=False wall=5.29s
case_150 seed=0 mode=mentoredDec0.15: L=781 finish=stop l_bar=1.371 L/l_bar=569.7 final_ch=False wall=6.65s
[1/1] ok in 1112s for 100 case(s)

wrote /home/chiatzen/lossy-token-eff/runs/gsm8k_qwen3/persistent_arm_replay.json; 1/1 group(s) ok, 100 case(s) attempted
1 server(s) (one per arm/seed), 100 case(s) total

[1/1] arm=mentored_dec seed=0 -> 100 case(s), one server -> /home/chiatzen/lossy-token-eff/logs/campaign_gsm8k_qwen3_extend50_reuse/mentoredDec0.75_batch_20260829T011002Z.log
case_051 seed=0 mode=mentoredDec0.75: L=1220 finish=stop l_bar=1.583 L/l_bar=770.9 final_ch=False wall=8.89s
case_052 seed=0 mode=mentoredDec0.75: L=851 finish=stop l_bar=1.493 L/l_bar=570.1 final_ch=False wall=7.00s
case_053 seed=0 mode=mentoredDec0.75: L=667 finish=stop l_bar=1.973 L/l_bar=338.0 final_ch=False wall=4.91s
case_054 seed=0 mode=mentoredDec0.75: L=1114 finish=stop l_bar=1.663 L/l_bar=670.0 final_ch=False wall=8.81s
case_055 seed=0 mode=mentoredDec0.75: L=2048 finish=length l_bar=1.734 L/l_bar=1180.9 final_ch=False wall=15.91s
case_056 seed=0 mode=mentoredDec0.75: L=398 finish=stop l_bar=1.529 L/l_bar=260.4 final_ch=False wall=3.27s
case_057 seed=0 mode=mentoredDec0.75: L=646 finish=stop l_bar=1.398 L/l_bar=462.2 final_ch=False wall=5.51s
case_058 seed=0 mode=mentoredDec0.75: L=2048 finish=length l_bar=1.887 L/l_bar=1085.2 final_ch=False wall=15.23s
case_059 seed=0 mode=mentoredDec0.75: L=2048 finish=length l_bar=2.312 L/l_bar=885.7 final_ch=False wall=13.95s
case_060 seed=0 mode=mentoredDec0.75: L=439 finish=stop l_bar=1.532 L/l_bar=286.6 final_ch=False wall=3.62s
case_061 seed=0 mode=mentoredDec0.75: L=2048 finish=length l_bar=1.676 L/l_bar=1221.8 final_ch=False wall=16.09s
case_062 seed=0 mode=mentoredDec0.75: L=2048 finish=length l_bar=2.203 L/l_bar=929.5 final_ch=False wall=14.32s
case_063 seed=0 mode=mentoredDec0.75: L=2048 finish=length l_bar=2.246 L/l_bar=912.0 final_ch=False wall=14.24s
case_064 seed=0 mode=mentoredDec0.75: L=2048 finish=length l_bar=2.128 L/l_bar=962.4 final_ch=False wall=14.44s
case_065 seed=0 mode=mentoredDec0.75: L=823 finish=stop l_bar=1.483 L/l_bar=554.8 final_ch=False wall=6.79s
case_066 seed=0 mode=mentoredDec0.75: L=950 finish=stop l_bar=1.614 L/l_bar=588.5 final_ch=False wall=7.57s
case_067 seed=0 mode=mentoredDec0.75: L=1515 finish=stop l_bar=1.751 L/l_bar=865.0 final_ch=False wall=11.66s
case_068 seed=0 mode=mentoredDec0.75: L=1086 finish=stop l_bar=1.893 L/l_bar=573.6 final_ch=False wall=8.15s
case_069 seed=0 mode=mentoredDec0.75: L=732 finish=stop l_bar=1.96 L/l_bar=373.6 final_ch=False wall=5.47s
case_070 seed=0 mode=mentoredDec0.75: L=625 finish=stop l_bar=1.4 L/l_bar=446.4 final_ch=False wall=5.30s
case_071 seed=0 mode=mentoredDec0.75: L=1793 finish=stop l_bar=1.651 L/l_bar=1086.1 final_ch=False wall=14.27s
case_072 seed=0 mode=mentoredDec0.75: L=444 finish=stop l_bar=1.718 L/l_bar=258.5 final_ch=False wall=3.47s
case_073 seed=0 mode=mentoredDec0.75: L=630 finish=stop l_bar=1.723 L/l_bar=365.7 final_ch=False wall=4.89s
case_074 seed=0 mode=mentoredDec0.75: L=2048 finish=length l_bar=1.899 L/l_bar=1078.2 final_ch=False wall=15.14s
case_075 seed=0 mode=mentoredDec0.75: L=1092 finish=stop l_bar=1.965 L/l_bar=555.8 final_ch=False wall=7.97s
case_076 seed=0 mode=mentoredDec0.75: L=2048 finish=length l_bar=1.905 L/l_bar=1075.1 final_ch=False wall=15.15s
case_077 seed=0 mode=mentoredDec0.75: L=1972 finish=stop l_bar=1.977 L/l_bar=997.3 final_ch=False wall=14.38s
case_078 seed=0 mode=mentoredDec0.75: L=1025 finish=stop l_bar=1.612 L/l_bar=635.8 final_ch=False wall=8.16s
case_079 seed=0 mode=mentoredDec0.75: L=2048 finish=length l_bar=1.88 L/l_bar=1089.1 final_ch=False wall=15.25s
case_080 seed=0 mode=mentoredDec0.75: L=518 finish=stop l_bar=1.598 L/l_bar=324.2 final_ch=False wall=4.15s
case_081 seed=0 mode=mentoredDec0.75: L=967 finish=stop l_bar=1.59 L/l_bar=608.2 final_ch=False wall=7.80s
case_082 seed=0 mode=mentoredDec0.75: L=830 finish=stop l_bar=1.791 L/l_bar=463.4 final_ch=False wall=6.38s
case_083 seed=0 mode=mentoredDec0.75: L=1003 finish=stop l_bar=1.791 L/l_bar=560.0 final_ch=False wall=7.70s
case_084 seed=0 mode=mentoredDec0.75: L=631 finish=stop l_bar=1.864 L/l_bar=338.6 final_ch=False wall=4.76s
case_085 seed=0 mode=mentoredDec0.75: L=885 finish=stop l_bar=1.6 L/l_bar=553.1 final_ch=False wall=7.06s
case_086 seed=0 mode=mentoredDec0.75: L=2048 finish=length l_bar=1.92 L/l_bar=1066.5 final_ch=False wall=15.13s
case_087 seed=0 mode=mentoredDec0.75: L=2048 finish=length l_bar=2.036 L/l_bar=1006.1 final_ch=False wall=14.71s
case_088 seed=0 mode=mentoredDec0.75: L=2048 finish=length l_bar=2.339 L/l_bar=875.5 final_ch=False wall=13.83s
case_089 seed=0 mode=mentoredDec0.75: L=913 finish=stop l_bar=1.951 L/l_bar=467.9 final_ch=False wall=6.71s
case_090 seed=0 mode=mentoredDec0.75: L=1813 finish=stop l_bar=1.867 L/l_bar=971.0 final_ch=False wall=13.53s
case_091 seed=0 mode=mentoredDec0.75: L=896 finish=stop l_bar=1.602 L/l_bar=559.4 final_ch=False wall=7.19s
case_092 seed=0 mode=mentoredDec0.75: L=1043 finish=stop l_bar=1.554 L/l_bar=671.2 final_ch=False wall=8.44s
case_093 seed=0 mode=mentoredDec0.75: L=1136 finish=stop l_bar=1.677 L/l_bar=677.4 final_ch=False wall=8.97s
case_094 seed=0 mode=mentoredDec0.75: L=2048 finish=length l_bar=1.849 L/l_bar=1107.9 final_ch=False wall=15.53s
case_095 seed=0 mode=mentoredDec0.75: L=1783 finish=stop l_bar=1.97 L/l_bar=905.1 final_ch=False wall=13.13s
case_096 seed=0 mode=mentoredDec0.75: L=1144 finish=stop l_bar=1.946 L/l_bar=587.9 final_ch=False wall=8.47s
case_097 seed=0 mode=mentoredDec0.75: L=487 finish=stop l_bar=1.24 L/l_bar=392.9 final_ch=False wall=4.34s
case_098 seed=0 mode=mentoredDec0.75: L=1941 finish=stop l_bar=1.713 L/l_bar=1132.9 final_ch=False wall=15.10s
case_099 seed=0 mode=mentoredDec0.75: L=1500 finish=stop l_bar=1.951 L/l_bar=768.9 final_ch=False wall=11.02s
case_100 seed=0 mode=mentoredDec0.75: L=1202 finish=stop l_bar=1.705 L/l_bar=705.0 final_ch=False wall=9.37s
case_101 seed=0 mode=mentoredDec0.75: L=2048 finish=length l_bar=1.968 L/l_bar=1040.6 final_ch=False wall=15.00s
case_102 seed=0 mode=mentoredDec0.75: L=720 finish=stop l_bar=1.673 L/l_bar=430.4 final_ch=False wall=5.65s
case_103 seed=0 mode=mentoredDec0.75: L=2048 finish=length l_bar=1.898 L/l_bar=1078.9 final_ch=False wall=15.22s
case_104 seed=0 mode=mentoredDec0.75: L=2048 finish=length l_bar=1.997 L/l_bar=1025.5 final_ch=False wall=14.82s
case_105 seed=0 mode=mentoredDec0.75: L=1213 finish=stop l_bar=1.804 L/l_bar=672.5 final_ch=False wall=9.27s
case_106 seed=0 mode=mentoredDec0.75: L=601 finish=stop l_bar=1.151 L/l_bar=522.4 final_ch=False wall=5.49s
case_107 seed=0 mode=mentoredDec0.75: L=1559 finish=stop l_bar=1.605 L/l_bar=971.1 final_ch=False wall=12.46s
case_108 seed=0 mode=mentoredDec0.75: L=1063 finish=stop l_bar=1.737 L/l_bar=611.9 final_ch=False wall=8.26s
case_109 seed=0 mode=mentoredDec0.75: L=1541 finish=stop l_bar=1.962 L/l_bar=785.6 final_ch=False wall=11.31s
case_110 seed=0 mode=mentoredDec0.75: L=463 finish=stop l_bar=1.75 L/l_bar=264.6 final_ch=False wall=3.58s
case_111 seed=0 mode=mentoredDec0.75: L=2048 finish=length l_bar=1.727 L/l_bar=1185.9 final_ch=False wall=15.79s
case_112 seed=0 mode=mentoredDec0.75: L=1433 finish=stop l_bar=1.733 L/l_bar=827.0 final_ch=False wall=11.04s
case_113 seed=0 mode=mentoredDec0.75: L=1962 finish=stop l_bar=1.867 L/l_bar=1050.9 final_ch=False wall=14.72s
case_114 seed=0 mode=mentoredDec0.75: L=315 finish=stop l_bar=1.617 L/l_bar=194.8 final_ch=False wall=2.52s
case_115 seed=0 mode=mentoredDec0.75: L=2004 finish=stop l_bar=1.853 L/l_bar=1081.3 final_ch=False wall=14.99s
case_116 seed=0 mode=mentoredDec0.75: L=2048 finish=length l_bar=2.001 L/l_bar=1023.3 final_ch=False wall=14.88s
case_117 seed=0 mode=mentoredDec0.75: L=2048 finish=length l_bar=1.829 L/l_bar=1119.8 final_ch=False wall=15.44s
case_118 seed=0 mode=mentoredDec0.75: L=406 finish=stop l_bar=1.328 L/l_bar=305.8 final_ch=False wall=3.52s
case_119 seed=0 mode=mentoredDec0.75: L=879 finish=stop l_bar=1.677 L/l_bar=524.2 final_ch=False wall=6.87s
case_120 seed=0 mode=mentoredDec0.75: L=2048 finish=length l_bar=2.03 L/l_bar=1009.1 final_ch=False wall=14.75s
case_121 seed=0 mode=mentoredDec0.75: L=2048 finish=length l_bar=1.452 L/l_bar=1410.3 final_ch=False wall=17.23s
case_122 seed=0 mode=mentoredDec0.75: L=1467 finish=stop l_bar=1.847 L/l_bar=794.4 final_ch=False wall=11.12s
case_123 seed=0 mode=mentoredDec0.75: L=2048 finish=length l_bar=2.016 L/l_bar=1015.8 final_ch=False wall=14.96s
case_124 seed=0 mode=mentoredDec0.75: L=622 finish=stop l_bar=1.484 L/l_bar=419.1 final_ch=False wall=5.14s
case_125 seed=0 mode=mentoredDec0.75: L=1176 finish=stop l_bar=1.511 L/l_bar=778.5 final_ch=False wall=9.59s
case_126 seed=0 mode=mentoredDec0.75: L=1201 finish=stop l_bar=1.746 L/l_bar=687.9 final_ch=False wall=9.32s
case_127 seed=0 mode=mentoredDec0.75: L=606 finish=stop l_bar=1.98 L/l_bar=306.0 final_ch=False wall=4.46s
case_128 seed=0 mode=mentoredDec0.75: L=760 finish=stop l_bar=1.564 L/l_bar=485.9 final_ch=False wall=6.17s
case_129 seed=0 mode=mentoredDec0.75: L=1530 finish=stop l_bar=1.939 L/l_bar=789.2 final_ch=False wall=11.31s
case_130 seed=0 mode=mentoredDec0.75: L=1940 finish=stop l_bar=2.025 L/l_bar=958.0 final_ch=False wall=14.07s
case_131 seed=0 mode=mentoredDec0.75: L=524 finish=stop l_bar=1.502 L/l_bar=348.8 final_ch=False wall=4.34s
case_132 seed=0 mode=mentoredDec0.75: L=512 finish=stop l_bar=1.607 L/l_bar=318.6 final_ch=False wall=4.14s
case_133 seed=0 mode=mentoredDec0.75: L=1120 finish=stop l_bar=1.509 L/l_bar=742.2 final_ch=False wall=9.26s
case_134 seed=0 mode=mentoredDec0.75: L=954 finish=stop l_bar=1.401 L/l_bar=681.2 final_ch=False wall=8.16s
case_135 seed=0 mode=mentoredDec0.75: L=725 finish=stop l_bar=1.931 L/l_bar=375.4 final_ch=False wall=5.40s
case_136 seed=0 mode=mentoredDec0.75: L=805 finish=stop l_bar=1.602 L/l_bar=502.5 final_ch=False wall=6.52s
case_137 seed=0 mode=mentoredDec0.75: L=482 finish=stop l_bar=1.289 L/l_bar=373.9 final_ch=False wall=4.30s
case_138 seed=0 mode=mentoredDec0.75: L=1025 finish=stop l_bar=2.003 L/l_bar=511.7 final_ch=False wall=7.55s
case_139 seed=0 mode=mentoredDec0.75: L=2048 finish=length l_bar=1.893 L/l_bar=1082.1 final_ch=False wall=15.29s
case_140 seed=0 mode=mentoredDec0.75: L=2048 finish=length l_bar=2.35 L/l_bar=871.6 final_ch=False wall=13.84s
case_141 seed=0 mode=mentoredDec0.75: L=872 finish=stop l_bar=1.553 L/l_bar=561.6 final_ch=False wall=7.07s
case_142 seed=0 mode=mentoredDec0.75: L=1177 finish=stop l_bar=1.647 L/l_bar=714.5 final_ch=False wall=9.30s
case_143 seed=0 mode=mentoredDec0.75: L=1430 finish=stop l_bar=1.556 L/l_bar=918.8 final_ch=False wall=11.56s
case_144 seed=0 mode=mentoredDec0.75: L=733 finish=stop l_bar=1.652 L/l_bar=443.7 final_ch=False wall=5.79s
case_145 seed=0 mode=mentoredDec0.75: L=761 finish=stop l_bar=1.621 L/l_bar=469.6 final_ch=False wall=6.05s
case_146 seed=0 mode=mentoredDec0.75: L=1642 finish=stop l_bar=1.957 L/l_bar=839.1 final_ch=False wall=11.99s
case_147 seed=0 mode=mentoredDec0.75: L=2048 finish=length l_bar=1.901 L/l_bar=1077.3 final_ch=False wall=15.24s
case_148 seed=0 mode=mentoredDec0.75: L=2048 finish=length l_bar=1.957 L/l_bar=1046.7 final_ch=False wall=15.02s
case_149 seed=0 mode=mentoredDec0.75: L=419 finish=stop l_bar=1.488 L/l_bar=281.6 final_ch=False wall=3.47s
case_150 seed=0 mode=mentoredDec0.75: L=1026 finish=stop l_bar=1.482 L/l_bar=692.4 final_ch=False wall=8.46s
[1/1] ok in 1081s for 100 case(s)

wrote /home/chiatzen/lossy-token-eff/runs/gsm8k_qwen3/persistent_arm_replay.json; 1/1 group(s) ok, 100 case(s) attempted
1 server(s) (one per arm/seed), 100 case(s) total

[1/1] arm=cactus seed=0 -> 100 case(s), one server -> /home/chiatzen/lossy-token-eff/logs/campaign_gsm8k_qwen3_extend50_reuse/cactus0.03_batch_20260829T012803Z.log
case_051 seed=0 mode=cactus0.03: L=1030 finish=stop l_bar=1.638 L/l_bar=628.6 final_ch=False wall=7.25s
case_052 seed=0 mode=cactus0.03: L=713 finish=stop l_bar=1.397 L/l_bar=510.3 final_ch=False wall=6.14s
case_053 seed=0 mode=cactus0.03: L=1223 finish=stop l_bar=1.589 L/l_bar=769.7 final_ch=False wall=10.00s
case_054 seed=0 mode=cactus0.03: L=1244 finish=stop l_bar=1.542 L/l_bar=806.8 final_ch=False wall=10.24s
case_055 seed=0 mode=cactus0.03: L=2048 finish=length l_bar=1.582 L/l_bar=1294.7 final_ch=False wall=16.49s
case_056 seed=0 mode=cactus0.03: L=398 finish=stop l_bar=1.595 L/l_bar=249.6 final_ch=False wall=3.22s
case_057 seed=0 mode=cactus0.03: L=649 finish=stop l_bar=1.314 L/l_bar=493.8 final_ch=False wall=5.65s
case_058 seed=0 mode=cactus0.03: L=1832 finish=stop l_bar=1.658 L/l_bar=1105.0 final_ch=False wall=14.53s
case_059 seed=0 mode=cactus0.03: L=2048 finish=length l_bar=2.055 L/l_bar=996.6 final_ch=False wall=14.71s
case_060 seed=0 mode=cactus0.03: L=626 finish=stop l_bar=1.52 L/l_bar=411.8 final_ch=False wall=5.14s
case_061 seed=0 mode=cactus0.03: L=2048 finish=length l_bar=1.579 L/l_bar=1296.7 final_ch=False wall=16.57s
case_062 seed=0 mode=cactus0.03: L=898 finish=stop l_bar=1.777 L/l_bar=505.3 final_ch=False wall=6.88s
case_063 seed=0 mode=cactus0.03: L=2048 finish=length l_bar=1.879 L/l_bar=1089.9 final_ch=False wall=15.31s
case_064 seed=0 mode=cactus0.03: L=2048 finish=length l_bar=1.971 L/l_bar=1039.1 final_ch=False wall=15.01s
case_065 seed=0 mode=cactus0.03: L=2048 finish=length l_bar=1.693 L/l_bar=1210.0 final_ch=False wall=15.97s
case_066 seed=0 mode=cactus0.03: L=1152 finish=stop l_bar=1.419 L/l_bar=811.7 final_ch=False wall=9.69s
case_067 seed=0 mode=cactus0.03: L=1274 finish=stop l_bar=1.517 L/l_bar=839.9 final_ch=False wall=10.43s
case_068 seed=0 mode=cactus0.03: L=1799 finish=stop l_bar=1.868 L/l_bar=963.3 final_ch=False wall=13.51s
case_069 seed=0 mode=cactus0.03: L=830 finish=stop l_bar=1.869 L/l_bar=444.2 final_ch=False wall=6.19s
case_070 seed=0 mode=cactus0.03: L=517 finish=stop l_bar=1.283 L/l_bar=402.9 final_ch=False wall=4.55s
case_071 seed=0 mode=cactus0.03: L=1849 finish=stop l_bar=1.549 L/l_bar=1193.7 final_ch=False wall=14.99s
case_072 seed=0 mode=cactus0.03: L=591 finish=stop l_bar=1.658 L/l_bar=356.5 final_ch=False wall=4.69s
case_073 seed=0 mode=cactus0.03: L=685 finish=stop l_bar=1.581 L/l_bar=433.2 final_ch=False wall=5.50s
case_074 seed=0 mode=cactus0.03: L=2048 finish=length l_bar=1.728 L/l_bar=1184.9 final_ch=False wall=15.83s
case_075 seed=0 mode=cactus0.03: L=1172 finish=stop l_bar=1.856 L/l_bar=631.4 final_ch=False wall=8.77s
case_076 seed=0 mode=cactus0.03: L=1843 finish=stop l_bar=1.76 L/l_bar=1046.9 final_ch=False wall=14.14s
case_077 seed=0 mode=cactus0.03: L=2048 finish=length l_bar=1.848 L/l_bar=1108.0 final_ch=False wall=15.36s
case_078 seed=0 mode=cactus0.03: L=1222 finish=stop l_bar=1.523 L/l_bar=802.5 final_ch=False wall=10.03s
case_079 seed=0 mode=cactus0.03: L=1909 finish=stop l_bar=1.621 L/l_bar=1177.8 final_ch=False wall=15.26s
case_080 seed=0 mode=cactus0.03: L=373 finish=stop l_bar=1.416 L/l_bar=263.5 final_ch=False wall=3.17s
case_081 seed=0 mode=cactus0.03: L=1105 finish=stop l_bar=1.55 L/l_bar=713.1 final_ch=False wall=9.01s
case_082 seed=0 mode=cactus0.03: L=686 finish=stop l_bar=1.518 L/l_bar=451.8 final_ch=False wall=5.66s
case_083 seed=0 mode=cactus0.03: L=802 finish=stop l_bar=1.576 L/l_bar=509.0 final_ch=False wall=6.46s
case_084 seed=0 mode=cactus0.03: L=425 finish=stop l_bar=1.753 L/l_bar=242.4 final_ch=False wall=3.27s
case_085 seed=0 mode=cactus0.03: L=947 finish=stop l_bar=1.476 L/l_bar=641.4 final_ch=False wall=7.85s
case_086 seed=0 mode=cactus0.03: L=1566 finish=stop l_bar=1.574 L/l_bar=994.9 final_ch=False wall=12.61s
case_087 seed=0 mode=cactus0.03: L=2048 finish=length l_bar=1.798 L/l_bar=1139.2 final_ch=False wall=15.64s
case_088 seed=0 mode=cactus0.03: L=2048 finish=length l_bar=1.904 L/l_bar=1075.9 final_ch=False wall=15.21s
case_089 seed=0 mode=cactus0.03: L=810 finish=stop l_bar=1.528 L/l_bar=530.1 final_ch=False wall=6.62s
case_090 seed=0 mode=cactus0.03: L=1761 finish=stop l_bar=1.834 L/l_bar=960.1 final_ch=False wall=13.38s
case_091 seed=0 mode=cactus0.03: L=567 finish=stop l_bar=1.573 L/l_bar=360.5 final_ch=False wall=4.62s
case_092 seed=0 mode=cactus0.03: L=970 finish=stop l_bar=1.504 L/l_bar=645.0 final_ch=False wall=8.04s
case_093 seed=0 mode=cactus0.03: L=743 finish=stop l_bar=1.766 L/l_bar=420.8 final_ch=False wall=5.80s
case_094 seed=0 mode=cactus0.03: L=2048 finish=length l_bar=1.564 L/l_bar=1309.1 final_ch=False wall=16.72s
case_095 seed=0 mode=cactus0.03: L=1686 finish=stop l_bar=1.74 L/l_bar=969.1 final_ch=False wall=13.11s
case_096 seed=0 mode=cactus0.03: L=860 finish=stop l_bar=1.854 L/l_bar=463.9 final_ch=False wall=6.60s
case_097 seed=0 mode=cactus0.03: L=582 finish=stop l_bar=1.209 L/l_bar=481.3 final_ch=False wall=5.35s
case_098 seed=0 mode=cactus0.03: L=2048 finish=length l_bar=1.631 L/l_bar=1255.6 final_ch=False wall=16.31s
case_099 seed=0 mode=cactus0.03: L=2048 finish=length l_bar=2.12 L/l_bar=965.8 final_ch=False wall=14.64s
case_100 seed=0 mode=cactus0.03: L=928 finish=stop l_bar=1.499 L/l_bar=619.2 final_ch=False wall=7.66s
case_101 seed=0 mode=cactus0.03: L=2048 finish=length l_bar=1.715 L/l_bar=1194.3 final_ch=False wall=15.95s
case_102 seed=0 mode=cactus0.03: L=581 finish=stop l_bar=1.661 L/l_bar=349.9 final_ch=False wall=4.61s
case_103 seed=0 mode=cactus0.03: L=2048 finish=length l_bar=1.588 L/l_bar=1289.8 final_ch=False wall=16.41s
case_104 seed=0 mode=cactus0.03: L=1610 finish=stop l_bar=1.66 L/l_bar=970.2 final_ch=False wall=12.65s
case_105 seed=0 mode=cactus0.03: L=1005 finish=stop l_bar=1.684 L/l_bar=596.6 final_ch=False wall=7.86s
case_106 seed=0 mode=cactus0.03: L=780 finish=stop l_bar=1.105 L/l_bar=705.6 final_ch=False wall=7.24s
case_107 seed=0 mode=cactus0.03: L=1613 finish=stop l_bar=1.582 L/l_bar=1019.3 final_ch=False wall=12.98s
case_108 seed=0 mode=cactus0.03: L=904 finish=stop l_bar=1.64 L/l_bar=551.1 final_ch=False wall=7.15s
case_109 seed=0 mode=cactus0.03: L=1523 finish=stop l_bar=1.737 L/l_bar=876.6 final_ch=False wall=11.84s
case_110 seed=0 mode=cactus0.03: L=829 finish=stop l_bar=1.556 L/l_bar=532.9 final_ch=False wall=6.76s
case_111 seed=0 mode=cactus0.03: L=1977 finish=stop l_bar=1.431 L/l_bar=1382.0 final_ch=False wall=16.59s
case_112 seed=0 mode=cactus0.03: L=2048 finish=length l_bar=1.559 L/l_bar=1313.4 final_ch=False wall=16.58s
case_113 seed=0 mode=cactus0.03: L=1965 finish=stop l_bar=1.701 L/l_bar=1155.5 final_ch=False wall=15.44s
case_114 seed=0 mode=cactus0.03: L=554 finish=stop l_bar=1.548 L/l_bar=357.8 final_ch=False wall=4.50s
case_115 seed=0 mode=cactus0.03: L=2048 finish=length l_bar=1.68 L/l_bar=1219.2 final_ch=False wall=16.06s
case_116 seed=0 mode=cactus0.03: L=2048 finish=length l_bar=1.781 L/l_bar=1149.8 final_ch=False wall=15.59s
case_117 seed=0 mode=cactus0.03: L=2048 finish=length l_bar=1.643 L/l_bar=1246.8 final_ch=False wall=16.32s
case_118 seed=0 mode=cactus0.03: L=498 finish=stop l_bar=1.51 L/l_bar=329.8 final_ch=False wall=4.08s
case_119 seed=0 mode=cactus0.03: L=887 finish=stop l_bar=1.583 L/l_bar=560.3 final_ch=False wall=7.11s
case_120 seed=0 mode=cactus0.03: L=2048 finish=length l_bar=1.878 L/l_bar=1090.6 final_ch=False wall=15.33s
case_121 seed=0 mode=cactus0.03: L=1518 finish=stop l_bar=1.487 L/l_bar=1020.9 final_ch=False wall=12.49s
case_122 seed=0 mode=cactus0.03: L=731 finish=stop l_bar=1.755 L/l_bar=416.6 final_ch=False wall=5.65s
case_123 seed=0 mode=cactus0.03: L=2048 finish=length l_bar=1.727 L/l_bar=1185.9 final_ch=False wall=15.87s
case_124 seed=0 mode=cactus0.03: L=1242 finish=stop l_bar=1.543 L/l_bar=804.9 final_ch=False wall=10.09s
case_125 seed=0 mode=cactus0.03: L=1556 finish=stop l_bar=1.426 L/l_bar=1091.2 final_ch=False wall=13.06s
case_126 seed=0 mode=cactus0.03: L=1213 finish=stop l_bar=1.499 L/l_bar=809.2 final_ch=False wall=9.97s
case_127 seed=0 mode=cactus0.03: L=697 finish=stop l_bar=1.784 L/l_bar=390.7 final_ch=False wall=5.34s
case_128 seed=0 mode=cactus0.03: L=967 finish=stop l_bar=1.509 L/l_bar=640.8 final_ch=False wall=7.98s
case_129 seed=0 mode=cactus0.03: L=1302 finish=stop l_bar=1.7 L/l_bar=766.0 final_ch=False wall=10.17s
case_130 seed=0 mode=cactus0.03: L=1535 finish=stop l_bar=1.744 L/l_bar=880.1 final_ch=False wall=11.83s
case_131 seed=0 mode=cactus0.03: L=440 finish=stop l_bar=1.298 L/l_bar=338.9 final_ch=False wall=3.88s
case_132 seed=0 mode=cactus0.03: L=674 finish=stop l_bar=1.521 L/l_bar=443.2 final_ch=False wall=5.56s
case_133 seed=0 mode=cactus0.03: L=1166 finish=stop l_bar=1.521 L/l_bar=766.8 final_ch=False wall=9.57s
case_134 seed=0 mode=cactus0.03: L=822 finish=stop l_bar=1.373 L/l_bar=598.8 final_ch=False wall=7.01s
case_135 seed=0 mode=cactus0.03: L=590 finish=stop l_bar=1.485 L/l_bar=397.2 final_ch=False wall=4.87s
case_136 seed=0 mode=cactus0.03: L=1586 finish=stop l_bar=1.616 L/l_bar=981.7 final_ch=False wall=12.66s
case_137 seed=0 mode=cactus0.03: L=576 finish=stop l_bar=1.276 L/l_bar=451.6 final_ch=False wall=5.11s
case_138 seed=0 mode=cactus0.03: L=1179 finish=stop l_bar=1.805 L/l_bar=653.3 final_ch=False wall=8.96s
case_139 seed=0 mode=cactus0.03: L=1246 finish=stop l_bar=1.599 L/l_bar=779.2 final_ch=False wall=9.98s
case_140 seed=0 mode=cactus0.03: L=1709 finish=stop l_bar=2.002 L/l_bar=853.7 final_ch=False wall=12.39s
case_141 seed=0 mode=cactus0.03: L=932 finish=stop l_bar=1.584 L/l_bar=588.2 final_ch=False wall=7.52s
case_142 seed=0 mode=cactus0.03: L=1045 finish=stop l_bar=1.434 L/l_bar=729.0 final_ch=False wall=8.75s
case_143 seed=0 mode=cactus0.03: L=555 finish=stop l_bar=1.409 L/l_bar=394.0 final_ch=False wall=4.70s
case_144 seed=0 mode=cactus0.03: L=1141 finish=stop l_bar=1.76 L/l_bar=648.2 final_ch=False wall=8.75s
case_145 seed=0 mode=cactus0.03: L=812 finish=stop l_bar=1.428 L/l_bar=568.6 final_ch=False wall=6.80s
case_146 seed=0 mode=cactus0.03: L=2048 finish=length l_bar=1.78 L/l_bar=1150.4 final_ch=False wall=15.65s
case_147 seed=0 mode=cactus0.03: L=1478 finish=stop l_bar=1.824 L/l_bar=810.3 final_ch=False wall=11.22s
case_148 seed=0 mode=cactus0.03: L=2048 finish=length l_bar=1.728 L/l_bar=1184.9 final_ch=False wall=15.83s
case_149 seed=0 mode=cactus0.03: L=959 finish=stop l_bar=1.617 L/l_bar=592.9 final_ch=False wall=7.65s
case_150 seed=0 mode=cactus0.03: L=774 finish=stop l_bar=1.423 L/l_bar=543.8 final_ch=False wall=6.50s
[1/1] ok in 1108s for 100 case(s)

wrote /home/chiatzen/lossy-token-eff/runs/gsm8k_qwen3/persistent_arm_replay.json; 1/1 group(s) ok, 100 case(s) attempted
1 server(s) (one per arm/seed), 100 case(s) total

[1/1] arm=cactus seed=0 -> 100 case(s), one server -> /home/chiatzen/lossy-token-eff/logs/campaign_gsm8k_qwen3_extend50_reuse/cactus0.35_batch_20260829T014632Z.log
case_051 seed=0 mode=cactus0.35: L=828 finish=stop l_bar=1.668 L/l_bar=496.5 final_ch=False wall=5.60s
case_052 seed=0 mode=cactus0.35: L=950 finish=stop l_bar=1.544 L/l_bar=615.2 final_ch=False wall=7.70s
case_053 seed=0 mode=cactus0.35: L=823 finish=stop l_bar=1.844 L/l_bar=446.2 final_ch=False wall=6.19s
case_054 seed=0 mode=cactus0.35: L=1024 finish=stop l_bar=1.75 L/l_bar=585.1 final_ch=False wall=7.89s
case_055 seed=0 mode=cactus0.35: L=2048 finish=length l_bar=1.975 L/l_bar=1036.8 final_ch=False wall=14.92s
case_056 seed=0 mode=cactus0.35: L=398 finish=stop l_bar=1.578 L/l_bar=252.2 final_ch=False wall=3.21s
case_057 seed=0 mode=cactus0.35: L=481 finish=stop l_bar=1.386 L/l_bar=347.0 final_ch=False wall=4.12s
case_058 seed=0 mode=cactus0.35: L=2048 finish=length l_bar=2.003 L/l_bar=1022.5 final_ch=False wall=14.77s
case_059 seed=0 mode=cactus0.35: L=2048 finish=length l_bar=2.498 L/l_bar=819.8 final_ch=False wall=13.44s
case_060 seed=0 mode=cactus0.35: L=474 finish=stop l_bar=1.672 L/l_bar=283.4 final_ch=False wall=3.76s
case_061 seed=0 mode=cactus0.35: L=2048 finish=length l_bar=2.149 L/l_bar=953.0 final_ch=False wall=14.49s
case_062 seed=0 mode=cactus0.35: L=2048 finish=length l_bar=2.394 L/l_bar=855.5 final_ch=False wall=13.72s
case_063 seed=0 mode=cactus0.35: L=2048 finish=length l_bar=2.923 L/l_bar=700.6 final_ch=False wall=12.47s
case_064 seed=0 mode=cactus0.35: L=1732 finish=stop l_bar=2.188 L/l_bar=791.6 final_ch=False wall=12.06s
case_065 seed=0 mode=cactus0.35: L=1142 finish=stop l_bar=1.616 L/l_bar=706.9 final_ch=False wall=9.10s
case_066 seed=0 mode=cactus0.35: L=1330 finish=stop l_bar=1.606 L/l_bar=828.2 final_ch=False wall=10.62s
case_067 seed=0 mode=cactus0.35: L=1538 finish=stop l_bar=1.711 L/l_bar=899.0 final_ch=False wall=11.92s
case_068 seed=0 mode=cactus0.35: L=1023 finish=stop l_bar=2.024 L/l_bar=505.5 final_ch=False wall=7.39s
case_069 seed=0 mode=cactus0.35: L=968 finish=stop l_bar=1.853 L/l_bar=522.5 final_ch=False wall=7.45s
case_070 seed=0 mode=cactus0.35: L=542 finish=stop l_bar=1.47 L/l_bar=368.6 final_ch=False wall=4.55s
case_071 seed=0 mode=cactus0.35: L=2048 finish=length l_bar=2.077 L/l_bar=986.2 final_ch=False wall=14.76s
case_072 seed=0 mode=cactus0.35: L=413 finish=stop l_bar=1.675 L/l_bar=246.5 final_ch=False wall=3.29s
case_073 seed=0 mode=cactus0.35: L=630 finish=stop l_bar=1.723 L/l_bar=365.7 final_ch=False wall=4.95s
case_074 seed=0 mode=cactus0.35: L=2048 finish=length l_bar=2.568 L/l_bar=797.5 final_ch=False wall=13.41s
case_075 seed=0 mode=cactus0.35: L=1244 finish=stop l_bar=1.864 L/l_bar=667.4 final_ch=False wall=9.40s
case_076 seed=0 mode=cactus0.35: L=2048 finish=length l_bar=2.078 L/l_bar=985.6 final_ch=False wall=14.77s
case_077 seed=0 mode=cactus0.35: L=2029 finish=stop l_bar=2.266 L/l_bar=895.5 final_ch=False wall=14.11s
case_078 seed=0 mode=cactus0.35: L=1250 finish=stop l_bar=1.581 L/l_bar=790.8 final_ch=False wall=10.09s
case_079 seed=0 mode=cactus0.35: L=1602 finish=stop l_bar=1.888 L/l_bar=848.4 final_ch=False wall=11.93s
case_080 seed=0 mode=cactus0.35: L=605 finish=stop l_bar=1.549 L/l_bar=390.7 final_ch=False wall=4.93s
case_081 seed=0 mode=cactus0.35: L=1850 finish=stop l_bar=1.806 L/l_bar=1024.5 final_ch=False wall=14.08s
case_082 seed=0 mode=cactus0.35: L=936 finish=stop l_bar=1.641 L/l_bar=570.3 final_ch=False wall=7.48s
case_083 seed=0 mode=cactus0.35: L=1146 finish=stop l_bar=1.827 L/l_bar=627.2 final_ch=False wall=8.65s
case_084 seed=0 mode=cactus0.35: L=596 finish=stop l_bar=1.82 L/l_bar=327.5 final_ch=False wall=4.55s
case_085 seed=0 mode=cactus0.35: L=1177 finish=stop l_bar=1.534 L/l_bar=767.0 final_ch=False wall=9.59s
case_086 seed=0 mode=cactus0.35: L=2048 finish=length l_bar=1.807 L/l_bar=1133.5 final_ch=False wall=15.54s
case_087 seed=0 mode=cactus0.35: L=2048 finish=length l_bar=2.117 L/l_bar=967.3 final_ch=False wall=14.46s
case_088 seed=0 mode=cactus0.35: L=2048 finish=length l_bar=2.669 L/l_bar=767.3 final_ch=False wall=13.04s
case_089 seed=0 mode=cactus0.35: L=1228 finish=stop l_bar=1.985 L/l_bar=618.5 final_ch=False wall=8.93s
case_090 seed=0 mode=cactus0.35: L=1730 finish=stop l_bar=1.916 L/l_bar=903.1 final_ch=False wall=12.76s
case_091 seed=0 mode=cactus0.35: L=561 finish=stop l_bar=1.557 L/l_bar=360.3 final_ch=False wall=4.54s
case_092 seed=0 mode=cactus0.35: L=975 finish=stop l_bar=1.698 L/l_bar=574.2 final_ch=False wall=7.62s
case_093 seed=0 mode=cactus0.35: L=869 finish=stop l_bar=1.71 L/l_bar=508.1 final_ch=False wall=6.77s
case_094 seed=0 mode=cactus0.35: L=2048 finish=length l_bar=2.06 L/l_bar=994.3 final_ch=False wall=14.70s
case_095 seed=0 mode=cactus0.35: L=2048 finish=length l_bar=2.195 L/l_bar=933.0 final_ch=False wall=14.27s
case_096 seed=0 mode=cactus0.35: L=947 finish=stop l_bar=1.756 L/l_bar=539.4 final_ch=False wall=7.28s
case_097 seed=0 mode=cactus0.35: L=302 finish=stop l_bar=1.298 L/l_bar=232.7 final_ch=False wall=2.65s
case_098 seed=0 mode=cactus0.35: L=2048 finish=length l_bar=2.339 L/l_bar=875.5 final_ch=False wall=13.82s
case_099 seed=0 mode=cactus0.35: L=2048 finish=length l_bar=2.435 L/l_bar=841.2 final_ch=False wall=13.60s
case_100 seed=0 mode=cactus0.35: L=667 finish=stop l_bar=1.653 L/l_bar=403.4 final_ch=False wall=5.26s
case_101 seed=0 mode=cactus0.35: L=2048 finish=length l_bar=1.988 L/l_bar=1030.0 final_ch=False wall=14.90s
case_102 seed=0 mode=cactus0.35: L=742 finish=stop l_bar=1.94 L/l_bar=382.4 final_ch=False wall=5.45s
case_103 seed=0 mode=cactus0.35: L=2048 finish=length l_bar=1.698 L/l_bar=1205.9 final_ch=False wall=16.03s
case_104 seed=0 mode=cactus0.35: L=1304 finish=stop l_bar=1.864 L/l_bar=699.7 final_ch=False wall=9.75s
case_105 seed=0 mode=cactus0.35: L=1424 finish=stop l_bar=1.752 L/l_bar=812.6 final_ch=False wall=10.94s
case_106 seed=0 mode=cactus0.35: L=433 finish=stop l_bar=1.361 L/l_bar=318.2 final_ch=False wall=3.72s
case_107 seed=0 mode=cactus0.35: L=2048 finish=length l_bar=2.042 L/l_bar=1003.1 final_ch=False wall=14.72s
case_108 seed=0 mode=cactus0.35: L=1299 finish=stop l_bar=1.95 L/l_bar=666.2 final_ch=False wall=9.69s
case_109 seed=0 mode=cactus0.35: L=1592 finish=stop l_bar=2.182 L/l_bar=729.6 final_ch=False wall=11.12s
case_110 seed=0 mode=cactus0.35: L=503 finish=stop l_bar=1.661 L/l_bar=302.8 final_ch=False wall=3.98s
case_111 seed=0 mode=cactus0.35: L=2048 finish=length l_bar=1.824 L/l_bar=1123.0 final_ch=False wall=15.65s
case_112 seed=0 mode=cactus0.35: L=2048 finish=length l_bar=2.048 L/l_bar=1000.2 final_ch=False wall=14.70s
case_113 seed=0 mode=cactus0.35: L=1963 finish=stop l_bar=2.07 L/l_bar=948.1 final_ch=False wall=14.04s
case_114 seed=0 mode=cactus0.35: L=315 finish=stop l_bar=1.617 L/l_bar=194.8 final_ch=False wall=2.64s
case_115 seed=0 mode=cactus0.35: L=1508 finish=stop l_bar=2.153 L/l_bar=700.5 final_ch=False wall=10.68s
case_116 seed=0 mode=cactus0.35: L=2011 finish=stop l_bar=2.073 L/l_bar=969.9 final_ch=False wall=14.37s
case_117 seed=0 mode=cactus0.35: L=2048 finish=length l_bar=2.903 L/l_bar=705.5 final_ch=False wall=12.58s
case_118 seed=0 mode=cactus0.35: L=740 finish=stop l_bar=1.593 L/l_bar=464.5 final_ch=False wall=5.94s
case_119 seed=0 mode=cactus0.35: L=1005 finish=stop l_bar=1.699 L/l_bar=591.6 final_ch=False wall=7.88s
case_120 seed=0 mode=cactus0.35: L=2048 finish=length l_bar=2.051 L/l_bar=998.7 final_ch=False wall=14.76s
case_121 seed=0 mode=cactus0.35: L=755 finish=stop l_bar=1.565 L/l_bar=482.5 final_ch=False wall=6.15s
case_122 seed=0 mode=cactus0.35: L=1164 finish=stop l_bar=2.077 L/l_bar=560.5 final_ch=False wall=8.41s
case_123 seed=0 mode=cactus0.35: L=2048 finish=length l_bar=2.039 L/l_bar=1004.6 final_ch=False wall=14.80s
case_124 seed=0 mode=cactus0.35: L=812 finish=stop l_bar=1.583 L/l_bar=513.0 final_ch=False wall=6.53s
case_125 seed=0 mode=cactus0.35: L=1057 finish=stop l_bar=1.411 L/l_bar=749.1 final_ch=False wall=8.91s
case_126 seed=0 mode=cactus0.35: L=1908 finish=stop l_bar=1.934 L/l_bar=986.6 final_ch=False wall=14.09s
case_127 seed=0 mode=cactus0.35: L=595 finish=stop l_bar=1.926 L/l_bar=308.9 final_ch=False wall=4.42s
case_128 seed=0 mode=cactus0.35: L=1512 finish=stop l_bar=1.9 L/l_bar=795.7 final_ch=False wall=11.25s
case_129 seed=0 mode=cactus0.35: L=1540 finish=stop l_bar=1.926 L/l_bar=799.6 final_ch=False wall=11.35s
case_130 seed=0 mode=cactus0.35: L=1602 finish=stop l_bar=2.215 L/l_bar=723.3 final_ch=False wall=11.25s
case_131 seed=0 mode=cactus0.35: L=569 finish=stop l_bar=1.559 L/l_bar=365.1 final_ch=False wall=4.67s
case_132 seed=0 mode=cactus0.35: L=512 finish=stop l_bar=1.607 L/l_bar=318.6 final_ch=False wall=4.09s
case_133 seed=0 mode=cactus0.35: L=1127 finish=stop l_bar=1.813 L/l_bar=621.6 final_ch=False wall=8.57s
case_134 seed=0 mode=cactus0.35: L=792 finish=stop l_bar=1.464 L/l_bar=540.9 final_ch=False wall=6.59s
case_135 seed=0 mode=cactus0.35: L=633 finish=stop l_bar=1.664 L/l_bar=380.4 final_ch=False wall=5.01s
case_136 seed=0 mode=cactus0.35: L=1002 finish=stop l_bar=1.58 L/l_bar=634.2 final_ch=False wall=8.04s
case_137 seed=0 mode=cactus0.35: L=514 finish=stop l_bar=1.282 L/l_bar=401.0 final_ch=False wall=4.58s
case_138 seed=0 mode=cactus0.35: L=1243 finish=stop l_bar=1.882 L/l_bar=660.6 final_ch=False wall=9.27s
case_139 seed=0 mode=cactus0.35: L=1894 finish=stop l_bar=1.842 L/l_bar=1028.0 final_ch=False wall=14.26s
case_140 seed=0 mode=cactus0.35: L=2048 finish=length l_bar=2.419 L/l_bar=846.6 final_ch=False wall=13.62s
case_141 seed=0 mode=cactus0.35: L=754 finish=stop l_bar=1.477 L/l_bar=510.5 final_ch=False wall=6.24s
case_142 seed=0 mode=cactus0.35: L=1102 finish=stop l_bar=1.732 L/l_bar=636.3 final_ch=False wall=8.53s
case_143 seed=0 mode=cactus0.35: L=1348 finish=stop l_bar=1.866 L/l_bar=722.4 final_ch=False wall=10.17s
case_144 seed=0 mode=cactus0.35: L=1031 finish=stop l_bar=1.769 L/l_bar=582.9 final_ch=False wall=7.96s
case_145 seed=0 mode=cactus0.35: L=752 finish=stop l_bar=1.771 L/l_bar=424.6 final_ch=False wall=5.82s
case_146 seed=0 mode=cactus0.35: L=1930 finish=stop l_bar=1.875 L/l_bar=1029.4 final_ch=False wall=14.43s
case_147 seed=0 mode=cactus0.35: L=2048 finish=length l_bar=2.205 L/l_bar=928.9 final_ch=False wall=14.31s
case_148 seed=0 mode=cactus0.35: L=2048 finish=length l_bar=2.395 L/l_bar=855.2 final_ch=False wall=13.78s
case_149 seed=0 mode=cactus0.35: L=641 finish=stop l_bar=1.443 L/l_bar=444.3 final_ch=False wall=5.36s
case_150 seed=0 mode=cactus0.35: L=745 finish=stop l_bar=1.548 L/l_bar=481.3 final_ch=False wall=6.06s
[1/1] ok in 1060s for 100 case(s)

wrote /home/chiatzen/lossy-token-eff/runs/gsm8k_qwen3/persistent_arm_replay.json; 1/1 group(s) ok, 100 case(s) attempted
1 server(s) (one per arm/seed), 100 case(s) total

[1/1] arm=spec_casc_opt seed=0 -> 100 case(s), one server -> /home/chiatzen/lossy-token-eff/logs/campaign_gsm8k_qwen3_extend50_reuse/specCascOptneg0.3_batch_20260829T020412Z.log
case_051 seed=0 mode=specCascOptneg0.3: L=1518 finish=stop l_bar=1.602 L/l_bar=947.5 final_ch=False wall=11.26s
case_052 seed=0 mode=specCascOptneg0.3: L=1233 finish=stop l_bar=1.598 L/l_bar=771.6 final_ch=False wall=9.92s
case_053 seed=0 mode=specCascOptneg0.3: L=1252 finish=stop l_bar=1.623 L/l_bar=771.6 final_ch=False wall=10.03s
case_054 seed=0 mode=specCascOptneg0.3: L=1070 finish=stop l_bar=1.673 L/l_bar=639.8 final_ch=False wall=8.45s
case_055 seed=0 mode=specCascOptneg0.3: L=2048 finish=length l_bar=1.532 L/l_bar=1337.2 final_ch=False wall=16.75s
case_056 seed=0 mode=specCascOptneg0.3: L=595 finish=stop l_bar=1.617 L/l_bar=368.0 final_ch=False wall=5.05s
case_057 seed=0 mode=specCascOptneg0.3: L=544 finish=stop l_bar=1.526 L/l_bar=356.6 final_ch=False wall=4.50s
case_058 seed=0 mode=specCascOptneg0.3: L=2048 finish=length l_bar=1.718 L/l_bar=1191.8 final_ch=False wall=15.89s
case_059 seed=0 mode=specCascOptneg0.3: L=2048 finish=length l_bar=2.025 L/l_bar=1011.3 final_ch=False wall=14.78s
case_060 seed=0 mode=specCascOptneg0.3: L=1066 finish=stop l_bar=1.591 L/l_bar=669.9 final_ch=False wall=8.52s
case_061 seed=0 mode=specCascOptneg0.3: L=2048 finish=length l_bar=1.466 L/l_bar=1396.7 final_ch=False wall=16.95s
case_062 seed=0 mode=specCascOptneg0.3: L=1993 finish=stop l_bar=1.798 L/l_bar=1108.6 final_ch=False wall=15.10s
case_063 seed=0 mode=specCascOptneg0.3: L=2048 finish=length l_bar=1.901 L/l_bar=1077.4 final_ch=False wall=15.21s
case_064 seed=0 mode=specCascOptneg0.3: L=1370 finish=stop l_bar=1.876 L/l_bar=730.3 final_ch=False wall=10.20s
case_065 seed=0 mode=specCascOptneg0.3: L=597 finish=stop l_bar=1.473 L/l_bar=405.3 final_ch=False wall=4.95s
case_066 seed=0 mode=specCascOptneg0.3: L=1422 finish=stop l_bar=1.344 L/l_bar=1057.8 final_ch=False wall=12.22s
case_067 seed=0 mode=specCascOptneg0.3: L=997 finish=stop l_bar=1.547 L/l_bar=644.3 final_ch=False wall=8.12s
case_068 seed=0 mode=specCascOptneg0.3: L=1273 finish=stop l_bar=1.796 L/l_bar=709.0 final_ch=False wall=9.73s
case_069 seed=0 mode=specCascOptneg0.3: L=907 finish=stop l_bar=1.754 L/l_bar=517.2 final_ch=False wall=6.97s
case_070 seed=0 mode=specCascOptneg0.3: L=536 finish=stop l_bar=1.326 L/l_bar=404.2 final_ch=False wall=4.63s
case_071 seed=0 mode=specCascOptneg0.3: L=2048 finish=length l_bar=1.507 L/l_bar=1359.2 final_ch=False wall=16.78s
case_072 seed=0 mode=specCascOptneg0.3: L=398 finish=stop l_bar=1.421 L/l_bar=280.1 final_ch=False wall=3.35s
case_073 seed=0 mode=specCascOptneg0.3: L=605 finish=stop l_bar=1.673 L/l_bar=361.7 final_ch=False wall=4.75s
case_074 seed=0 mode=specCascOptneg0.3: L=2048 finish=length l_bar=1.718 L/l_bar=1191.8 final_ch=False wall=16.27s
case_075 seed=0 mode=specCascOptneg0.3: L=944 finish=stop l_bar=1.577 L/l_bar=598.8 final_ch=False wall=7.57s
case_076 seed=0 mode=specCascOptneg0.3: L=1710 finish=stop l_bar=1.7 L/l_bar=1006.0 final_ch=False wall=13.26s
case_077 seed=0 mode=specCascOptneg0.3: L=1611 finish=stop l_bar=1.652 L/l_bar=975.0 final_ch=False wall=12.67s
case_078 seed=0 mode=specCascOptneg0.3: L=1043 finish=stop l_bar=1.599 L/l_bar=652.5 final_ch=False wall=8.51s
case_079 seed=0 mode=specCascOptneg0.3: L=1618 finish=stop l_bar=1.591 L/l_bar=1016.7 final_ch=False wall=12.98s
case_080 seed=0 mode=specCascOptneg0.3: L=732 finish=stop l_bar=1.536 L/l_bar=476.5 final_ch=False wall=5.99s
case_081 seed=0 mode=specCascOptneg0.3: L=817 finish=stop l_bar=1.511 L/l_bar=540.8 final_ch=False wall=6.76s
case_082 seed=0 mode=specCascOptneg0.3: L=703 finish=stop l_bar=1.463 L/l_bar=480.5 final_ch=False wall=5.90s
case_083 seed=0 mode=specCascOptneg0.3: L=884 finish=stop l_bar=1.628 L/l_bar=543.0 final_ch=False wall=7.05s
case_084 seed=0 mode=specCascOptneg0.3: L=619 finish=stop l_bar=1.63 L/l_bar=379.8 final_ch=False wall=4.90s
case_085 seed=0 mode=specCascOptneg0.3: L=1410 finish=stop l_bar=1.445 L/l_bar=975.5 final_ch=False wall=11.74s
case_086 seed=0 mode=specCascOptneg0.3: L=2048 finish=length l_bar=1.726 L/l_bar=1186.8 final_ch=False wall=15.85s
case_087 seed=0 mode=specCascOptneg0.3: L=2048 finish=length l_bar=1.771 L/l_bar=1156.2 final_ch=False wall=15.66s
case_088 seed=0 mode=specCascOptneg0.3: L=2048 finish=length l_bar=1.975 L/l_bar=1036.8 final_ch=False wall=14.98s
case_089 seed=0 mode=specCascOptneg0.3: L=1000 finish=stop l_bar=1.752 L/l_bar=570.8 final_ch=False wall=7.71s
case_090 seed=0 mode=specCascOptneg0.3: L=2048 finish=length l_bar=1.797 L/l_bar=1139.9 final_ch=False wall=15.70s
case_091 seed=0 mode=specCascOptneg0.3: L=505 finish=stop l_bar=1.447 L/l_bar=349.1 final_ch=False wall=4.45s
case_092 seed=0 mode=specCascOptneg0.3: L=1168 finish=stop l_bar=1.494 L/l_bar=782.0 final_ch=False wall=9.62s
case_093 seed=0 mode=specCascOptneg0.3: L=940 finish=stop l_bar=1.616 L/l_bar=581.8 final_ch=False wall=7.52s
case_094 seed=0 mode=specCascOptneg0.3: L=2048 finish=length l_bar=1.639 L/l_bar=1249.4 final_ch=False wall=16.31s
case_095 seed=0 mode=specCascOptneg0.3: L=1841 finish=stop l_bar=1.69 L/l_bar=1089.3 final_ch=False wall=14.37s
case_096 seed=0 mode=specCascOptneg0.3: L=721 finish=stop l_bar=1.869 L/l_bar=385.9 final_ch=False wall=5.42s
case_097 seed=0 mode=specCascOptneg0.3: L=732 finish=stop l_bar=1.263 L/l_bar=579.5 final_ch=False wall=6.46s
case_098 seed=0 mode=specCascOptneg0.3: L=1566 finish=stop l_bar=1.43 L/l_bar=1095.0 final_ch=False wall=13.09s
case_099 seed=0 mode=specCascOptneg0.3: L=2048 finish=length l_bar=1.99 L/l_bar=1029.3 final_ch=False wall=14.92s
case_100 seed=0 mode=specCascOptneg0.3: L=1156 finish=stop l_bar=1.391 L/l_bar=830.9 final_ch=False wall=9.81s
case_101 seed=0 mode=specCascOptneg0.3: L=2048 finish=length l_bar=1.72 L/l_bar=1190.8 final_ch=False wall=16.05s
case_102 seed=0 mode=specCascOptneg0.3: L=601 finish=stop l_bar=1.691 L/l_bar=355.5 final_ch=False wall=4.73s
case_103 seed=0 mode=specCascOptneg0.3: L=1133 finish=stop l_bar=1.383 L/l_bar=819.1 final_ch=False wall=9.62s
case_104 seed=0 mode=specCascOptneg0.3: L=1541 finish=stop l_bar=1.584 L/l_bar=972.9 final_ch=False wall=12.41s
case_105 seed=0 mode=specCascOptneg0.3: L=1174 finish=stop l_bar=1.747 L/l_bar=672.0 final_ch=False wall=9.08s
case_106 seed=0 mode=specCascOptneg0.3: L=783 finish=stop l_bar=1.314 L/l_bar=596.1 final_ch=False wall=6.80s
case_107 seed=0 mode=specCascOptneg0.3: L=2048 finish=length l_bar=1.497 L/l_bar=1368.1 final_ch=False wall=16.87s
case_108 seed=0 mode=specCascOptneg0.3: L=1295 finish=stop l_bar=1.65 L/l_bar=784.7 final_ch=False wall=10.27s
case_109 seed=0 mode=specCascOptneg0.3: L=1367 finish=stop l_bar=1.87 L/l_bar=731.1 final_ch=False wall=10.19s
case_110 seed=0 mode=specCascOptneg0.3: L=501 finish=stop l_bar=1.809 L/l_bar=277.0 final_ch=False wall=3.83s
case_111 seed=0 mode=specCascOptneg0.3: L=1975 finish=stop l_bar=1.378 L/l_bar=1432.9 final_ch=False wall=16.79s
case_112 seed=0 mode=specCascOptneg0.3: L=2048 finish=length l_bar=1.619 L/l_bar=1265.0 final_ch=False wall=16.46s
case_113 seed=0 mode=specCascOptneg0.3: L=2048 finish=length l_bar=1.686 L/l_bar=1214.5 final_ch=False wall=16.22s
case_114 seed=0 mode=specCascOptneg0.3: L=490 finish=stop l_bar=1.508 L/l_bar=325.0 final_ch=False wall=4.07s
case_115 seed=0 mode=specCascOptneg0.3: L=2048 finish=length l_bar=1.8 L/l_bar=1137.6 final_ch=False wall=15.73s
case_116 seed=0 mode=specCascOptneg0.3: L=2048 finish=length l_bar=1.739 L/l_bar=1177.5 final_ch=False wall=15.89s
case_117 seed=0 mode=specCascOptneg0.3: L=2048 finish=length l_bar=1.66 L/l_bar=1233.9 final_ch=False wall=16.16s
case_118 seed=0 mode=specCascOptneg0.3: L=489 finish=stop l_bar=1.465 L/l_bar=333.9 final_ch=False wall=4.07s
case_119 seed=0 mode=specCascOptneg0.3: L=859 finish=stop l_bar=1.732 L/l_bar=495.8 final_ch=False wall=6.65s
case_120 seed=0 mode=specCascOptneg0.3: L=2048 finish=length l_bar=1.792 L/l_bar=1143.1 final_ch=False wall=15.68s
case_121 seed=0 mode=specCascOptneg0.3: L=1704 finish=stop l_bar=1.385 L/l_bar=1230.2 final_ch=False wall=14.44s
case_122 seed=0 mode=specCascOptneg0.3: L=1162 finish=stop l_bar=1.621 L/l_bar=716.9 final_ch=False wall=9.26s
case_123 seed=0 mode=specCascOptneg0.3: L=2048 finish=length l_bar=1.794 L/l_bar=1141.6 final_ch=False wall=15.64s
case_124 seed=0 mode=specCascOptneg0.3: L=816 finish=stop l_bar=1.44 L/l_bar=566.6 final_ch=False wall=6.86s
case_125 seed=0 mode=specCascOptneg0.3: L=1132 finish=stop l_bar=1.299 L/l_bar=871.6 final_ch=False wall=9.93s
case_126 seed=0 mode=specCascOptneg0.3: L=1100 finish=stop l_bar=1.421 L/l_bar=774.3 final_ch=False wall=9.26s
case_127 seed=0 mode=specCascOptneg0.3: L=671 finish=stop l_bar=1.978 L/l_bar=339.3 final_ch=False wall=4.97s
case_128 seed=0 mode=specCascOptneg0.3: L=1034 finish=stop l_bar=1.353 L/l_bar=764.2 final_ch=False wall=8.88s
case_129 seed=0 mode=specCascOptneg0.3: L=1208 finish=stop l_bar=1.737 L/l_bar=695.5 final_ch=False wall=9.37s
case_130 seed=0 mode=specCascOptneg0.3: L=1233 finish=stop l_bar=1.962 L/l_bar=628.6 final_ch=False wall=9.04s
case_131 seed=0 mode=specCascOptneg0.3: L=544 finish=stop l_bar=1.321 L/l_bar=412.0 final_ch=False wall=4.75s
case_132 seed=0 mode=specCascOptneg0.3: L=914 finish=stop l_bar=1.767 L/l_bar=517.4 final_ch=False wall=7.08s
case_133 seed=0 mode=specCascOptneg0.3: L=1029 finish=stop l_bar=1.425 L/l_bar=722.3 final_ch=False wall=8.66s
case_134 seed=0 mode=specCascOptneg0.3: L=926 finish=stop l_bar=1.591 L/l_bar=582.0 final_ch=False wall=7.46s
case_135 seed=0 mode=specCascOptneg0.3: L=472 finish=stop l_bar=1.546 L/l_bar=305.3 final_ch=False wall=3.85s
case_136 seed=0 mode=specCascOptneg0.3: L=1830 finish=stop l_bar=1.718 L/l_bar=1065.4 final_ch=False wall=14.21s
case_137 seed=0 mode=specCascOptneg0.3: L=566 finish=stop l_bar=1.198 L/l_bar=472.3 final_ch=False wall=5.11s
case_138 seed=0 mode=specCascOptneg0.3: L=1624 finish=stop l_bar=1.893 L/l_bar=857.9 final_ch=False wall=12.10s
case_139 seed=0 mode=specCascOptneg0.3: L=2048 finish=length l_bar=1.644 L/l_bar=1245.8 final_ch=False wall=16.20s
case_140 seed=0 mode=specCascOptneg0.3: L=2048 finish=length l_bar=2.084 L/l_bar=982.6 final_ch=False wall=14.60s
case_141 seed=0 mode=specCascOptneg0.3: L=969 finish=stop l_bar=1.588 L/l_bar=610.1 final_ch=False wall=7.79s
case_142 seed=0 mode=specCascOptneg0.3: L=1233 finish=stop l_bar=1.572 L/l_bar=784.3 final_ch=False wall=9.93s
case_143 seed=0 mode=specCascOptneg0.3: L=576 finish=stop l_bar=1.396 L/l_bar=412.7 final_ch=False wall=4.91s
case_144 seed=0 mode=specCascOptneg0.3: L=1145 finish=stop l_bar=1.777 L/l_bar=644.5 final_ch=False wall=8.83s
case_145 seed=0 mode=specCascOptneg0.3: L=381 finish=stop l_bar=1.346 L/l_bar=283.1 final_ch=False wall=3.30s
case_146 seed=0 mode=specCascOptneg0.3: L=2048 finish=length l_bar=1.707 L/l_bar=1199.7 final_ch=False wall=16.10s
case_147 seed=0 mode=specCascOptneg0.3: L=2048 finish=length l_bar=1.907 L/l_bar=1074.2 final_ch=False wall=15.28s
case_148 seed=0 mode=specCascOptneg0.3: L=2048 finish=length l_bar=1.8 L/l_bar=1137.6 final_ch=False wall=15.58s
case_149 seed=0 mode=specCascOptneg0.3: L=431 finish=stop l_bar=1.376 L/l_bar=313.3 final_ch=False wall=3.71s
case_150 seed=0 mode=specCascOptneg0.3: L=661 finish=stop l_bar=1.373 L/l_bar=481.5 final_ch=False wall=5.69s
[1/1] ok in 1118s for 100 case(s)

wrote /home/chiatzen/lossy-token-eff/runs/gsm8k_qwen3/persistent_arm_replay.json; 1/1 group(s) ok, 100 case(s) attempted
1 server(s) (one per arm/seed), 100 case(s) total

[1/1] arm=spec_casc_opt seed=0 -> 100 case(s), one server -> /home/chiatzen/lossy-token-eff/logs/campaign_gsm8k_qwen3_extend50_reuse/specCascOptneg0.1_batch_20260829T022250Z.log
case_051 seed=0 mode=specCascOptneg0.1: L=1112 finish=stop l_bar=1.519 L/l_bar=731.9 final_ch=False wall=8.20s
case_052 seed=0 mode=specCascOptneg0.1: L=853 finish=stop l_bar=1.543 L/l_bar=552.7 final_ch=False wall=6.90s
case_053 seed=0 mode=specCascOptneg0.1: L=1063 finish=stop l_bar=1.73 L/l_bar=614.4 final_ch=False wall=8.16s
case_054 seed=0 mode=specCascOptneg0.1: L=2048 finish=length l_bar=1.919 L/l_bar=1067.3 final_ch=False wall=15.14s
case_055 seed=0 mode=specCascOptneg0.1: L=2048 finish=length l_bar=1.656 L/l_bar=1236.5 final_ch=False wall=16.11s
case_056 seed=0 mode=specCascOptneg0.1: L=411 finish=stop l_bar=1.628 L/l_bar=252.4 final_ch=False wall=3.28s
case_057 seed=0 mode=specCascOptneg0.1: L=513 finish=stop l_bar=1.349 L/l_bar=380.4 final_ch=False wall=4.42s
case_058 seed=0 mode=specCascOptneg0.1: L=1946 finish=stop l_bar=1.929 L/l_bar=1008.7 final_ch=False wall=14.41s
case_059 seed=0 mode=specCascOptneg0.1: L=2048 finish=length l_bar=2.398 L/l_bar=854.0 final_ch=False wall=13.73s
case_060 seed=0 mode=specCascOptneg0.1: L=595 finish=stop l_bar=1.617 L/l_bar=368.0 final_ch=False wall=4.74s
case_061 seed=0 mode=specCascOptneg0.1: L=2048 finish=length l_bar=1.481 L/l_bar=1383.2 final_ch=False wall=16.91s
case_062 seed=0 mode=specCascOptneg0.1: L=2048 finish=length l_bar=2.092 L/l_bar=978.9 final_ch=False wall=14.51s
case_063 seed=0 mode=specCascOptneg0.1: L=2048 finish=length l_bar=2.025 L/l_bar=1011.3 final_ch=False wall=14.78s
case_064 seed=0 mode=specCascOptneg0.1: L=2048 finish=length l_bar=1.879 L/l_bar=1089.9 final_ch=False wall=15.26s
case_065 seed=0 mode=specCascOptneg0.1: L=1537 finish=stop l_bar=1.577 L/l_bar=974.5 final_ch=False wall=12.34s
case_066 seed=0 mode=specCascOptneg0.1: L=1007 finish=stop l_bar=1.611 L/l_bar=624.9 final_ch=False wall=8.05s
case_067 seed=0 mode=specCascOptneg0.1: L=1108 finish=stop l_bar=1.761 L/l_bar=629.3 final_ch=False wall=8.49s
case_068 seed=0 mode=specCascOptneg0.1: L=1237 finish=stop l_bar=2.098 L/l_bar=589.7 final_ch=False wall=8.86s
case_069 seed=0 mode=specCascOptneg0.1: L=837 finish=stop l_bar=1.834 L/l_bar=456.4 final_ch=False wall=6.28s
case_070 seed=0 mode=specCascOptneg0.1: L=867 finish=stop l_bar=1.474 L/l_bar=588.1 final_ch=False wall=7.17s
case_071 seed=0 mode=specCascOptneg0.1: L=2048 finish=length l_bar=2.244 L/l_bar=912.6 final_ch=False wall=14.11s
case_072 seed=0 mode=specCascOptneg0.1: L=752 finish=stop l_bar=1.503 L/l_bar=500.2 final_ch=False wall=6.18s
case_073 seed=0 mode=specCascOptneg0.1: L=696 finish=stop l_bar=1.663 L/l_bar=418.6 final_ch=False wall=5.51s
case_074 seed=0 mode=specCascOptneg0.1: L=2048 finish=length l_bar=1.928 L/l_bar=1062.0 final_ch=False wall=15.10s
case_075 seed=0 mode=specCascOptneg0.1: L=1791 finish=stop l_bar=1.938 L/l_bar=924.3 final_ch=False wall=13.15s
case_076 seed=0 mode=specCascOptneg0.1: L=1711 finish=stop l_bar=1.923 L/l_bar=889.7 final_ch=False wall=12.67s
case_077 seed=0 mode=specCascOptneg0.1: L=1093 finish=stop l_bar=1.856 L/l_bar=588.8 final_ch=False wall=8.26s
case_078 seed=0 mode=specCascOptneg0.1: L=1530 finish=stop l_bar=1.578 L/l_bar=969.3 final_ch=False wall=12.35s
case_079 seed=0 mode=specCascOptneg0.1: L=2048 finish=length l_bar=1.713 L/l_bar=1195.9 final_ch=False wall=15.95s
case_080 seed=0 mode=specCascOptneg0.1: L=510 finish=stop l_bar=1.435 L/l_bar=355.3 final_ch=False wall=4.28s
case_081 seed=0 mode=specCascOptneg0.1: L=948 finish=stop l_bar=1.473 L/l_bar=643.8 final_ch=False wall=7.87s
case_082 seed=0 mode=specCascOptneg0.1: L=686 finish=stop l_bar=1.726 L/l_bar=397.4 final_ch=False wall=5.35s
case_083 seed=0 mode=specCascOptneg0.1: L=1389 finish=stop l_bar=1.674 L/l_bar=829.6 final_ch=False wall=10.89s
case_084 seed=0 mode=specCascOptneg0.1: L=767 finish=stop l_bar=1.586 L/l_bar=483.6 final_ch=False wall=6.19s
case_085 seed=0 mode=specCascOptneg0.1: L=1302 finish=stop l_bar=1.597 L/l_bar=815.4 final_ch=False wall=10.44s
case_086 seed=0 mode=specCascOptneg0.1: L=1554 finish=stop l_bar=1.509 L/l_bar=1029.9 final_ch=False wall=12.71s
case_087 seed=0 mode=specCascOptneg0.1: L=2048 finish=length l_bar=1.95 L/l_bar=1050.5 final_ch=False wall=15.02s
case_088 seed=0 mode=specCascOptneg0.1: L=2048 finish=length l_bar=2.045 L/l_bar=1001.7 final_ch=False wall=14.70s
case_089 seed=0 mode=specCascOptneg0.1: L=1246 finish=stop l_bar=1.95 L/l_bar=638.9 final_ch=False wall=9.14s
case_090 seed=0 mode=specCascOptneg0.1: L=2048 finish=length l_bar=1.823 L/l_bar=1123.1 final_ch=False wall=15.51s
case_091 seed=0 mode=specCascOptneg0.1: L=507 finish=stop l_bar=1.649 L/l_bar=307.4 final_ch=False wall=4.02s
case_092 seed=0 mode=specCascOptneg0.1: L=1349 finish=stop l_bar=1.529 L/l_bar=882.2 final_ch=False wall=11.09s
case_093 seed=0 mode=specCascOptneg0.1: L=1047 finish=stop l_bar=1.461 L/l_bar=716.5 final_ch=False wall=8.74s
case_094 seed=0 mode=specCascOptneg0.1: L=2048 finish=length l_bar=1.701 L/l_bar=1204.3 final_ch=False wall=16.01s
case_095 seed=0 mode=specCascOptneg0.1: L=1771 finish=stop l_bar=2.0 L/l_bar=885.5 final_ch=False wall=12.94s
case_096 seed=0 mode=specCascOptneg0.1: L=1111 finish=stop l_bar=2.136 L/l_bar=520.2 final_ch=False wall=7.81s
case_097 seed=0 mode=specCascOptneg0.1: L=346 finish=stop l_bar=1.313 L/l_bar=263.5 final_ch=False wall=3.02s
case_098 seed=0 mode=specCascOptneg0.1: L=2048 finish=length l_bar=1.61 L/l_bar=1271.9 final_ch=False wall=16.30s
case_099 seed=0 mode=specCascOptneg0.1: L=2048 finish=length l_bar=2.346 L/l_bar=872.8 final_ch=False wall=13.83s
case_100 seed=0 mode=specCascOptneg0.1: L=1497 finish=stop l_bar=1.611 L/l_bar=929.3 final_ch=False wall=11.88s
case_101 seed=0 mode=specCascOptneg0.1: L=2048 finish=length l_bar=1.843 L/l_bar=1111.2 final_ch=False wall=15.50s
case_102 seed=0 mode=specCascOptneg0.1: L=568 finish=stop l_bar=1.835 L/l_bar=309.5 final_ch=False wall=4.27s
case_103 seed=0 mode=specCascOptneg0.1: L=2048 finish=length l_bar=1.77 L/l_bar=1156.9 final_ch=False wall=15.78s
case_104 seed=0 mode=specCascOptneg0.1: L=1887 finish=stop l_bar=1.71 L/l_bar=1103.7 final_ch=False wall=14.60s
case_105 seed=0 mode=specCascOptneg0.1: L=1517 finish=stop l_bar=1.967 L/l_bar=771.3 final_ch=False wall=11.04s
case_106 seed=0 mode=specCascOptneg0.1: L=658 finish=stop l_bar=1.281 L/l_bar=513.6 final_ch=False wall=5.76s
case_107 seed=0 mode=specCascOptneg0.1: L=2048 finish=length l_bar=1.512 L/l_bar=1354.8 final_ch=False wall=16.73s
case_108 seed=0 mode=specCascOptneg0.1: L=1175 finish=stop l_bar=1.815 L/l_bar=647.3 final_ch=False wall=8.86s
case_109 seed=0 mode=specCascOptneg0.1: L=1378 finish=stop l_bar=1.857 L/l_bar=742.1 final_ch=False wall=10.27s
case_110 seed=0 mode=specCascOptneg0.1: L=512 finish=stop l_bar=1.762 L/l_bar=290.6 final_ch=False wall=3.95s
case_111 seed=0 mode=specCascOptneg0.1: L=1476 finish=stop l_bar=1.762 L/l_bar=837.6 final_ch=False wall=11.29s
case_112 seed=0 mode=specCascOptneg0.1: L=2048 finish=length l_bar=1.632 L/l_bar=1255.2 final_ch=False wall=16.20s
case_113 seed=0 mode=specCascOptneg0.1: L=1634 finish=stop l_bar=1.763 L/l_bar=926.8 final_ch=False wall=12.49s
case_114 seed=0 mode=specCascOptneg0.1: L=521 finish=stop l_bar=1.524 L/l_bar=341.8 final_ch=False wall=4.25s
case_115 seed=0 mode=specCascOptneg0.1: L=2048 finish=length l_bar=1.744 L/l_bar=1174.3 final_ch=False wall=15.73s
case_116 seed=0 mode=specCascOptneg0.1: L=2048 finish=length l_bar=1.965 L/l_bar=1042.1 final_ch=False wall=14.90s
case_117 seed=0 mode=specCascOptneg0.1: L=2048 finish=length l_bar=1.771 L/l_bar=1156.2 final_ch=False wall=15.63s
case_118 seed=0 mode=specCascOptneg0.1: L=474 finish=stop l_bar=1.571 L/l_bar=301.8 final_ch=False wall=3.81s
case_119 seed=0 mode=specCascOptneg0.1: L=716 finish=stop l_bar=1.535 L/l_bar=466.3 final_ch=False wall=5.83s
case_120 seed=0 mode=specCascOptneg0.1: L=2048 finish=length l_bar=2.037 L/l_bar=1005.4 final_ch=False wall=14.75s
case_121 seed=0 mode=specCascOptneg0.1: L=1890 finish=stop l_bar=1.478 L/l_bar=1278.4 final_ch=False wall=15.97s
case_122 seed=0 mode=specCascOptneg0.1: L=968 finish=stop l_bar=1.664 L/l_bar=581.8 final_ch=False wall=7.65s
case_123 seed=0 mode=specCascOptneg0.1: L=2048 finish=length l_bar=1.854 L/l_bar=1104.7 final_ch=False wall=15.40s
case_124 seed=0 mode=specCascOptneg0.1: L=868 finish=stop l_bar=1.588 L/l_bar=546.6 final_ch=False wall=6.93s
case_125 seed=0 mode=specCascOptneg0.1: L=1291 finish=stop l_bar=1.393 L/l_bar=926.6 final_ch=False wall=10.90s
case_126 seed=0 mode=specCascOptneg0.1: L=852 finish=stop l_bar=1.467 L/l_bar=580.9 final_ch=False wall=7.11s
case_127 seed=0 mode=specCascOptneg0.1: L=900 finish=stop l_bar=1.909 L/l_bar=471.4 final_ch=False wall=6.72s
case_128 seed=0 mode=specCascOptneg0.1: L=774 finish=stop l_bar=1.438 L/l_bar=538.1 final_ch=False wall=6.49s
case_129 seed=0 mode=specCascOptneg0.1: L=1452 finish=stop l_bar=1.89 L/l_bar=768.1 final_ch=False wall=10.72s
case_130 seed=0 mode=specCascOptneg0.1: L=2048 finish=length l_bar=2.125 L/l_bar=963.7 final_ch=False wall=14.45s
case_131 seed=0 mode=specCascOptneg0.1: L=484 finish=stop l_bar=1.49 L/l_bar=324.9 final_ch=False wall=4.01s
case_132 seed=0 mode=specCascOptneg0.1: L=582 finish=stop l_bar=1.78 L/l_bar=327.0 final_ch=False wall=4.44s
case_133 seed=0 mode=specCascOptneg0.1: L=1211 finish=stop l_bar=1.648 L/l_bar=735.0 final_ch=False wall=9.65s
case_134 seed=0 mode=specCascOptneg0.1: L=854 finish=stop l_bar=1.437 L/l_bar=594.2 final_ch=False wall=7.15s
case_135 seed=0 mode=specCascOptneg0.1: L=486 finish=stop l_bar=1.437 L/l_bar=338.2 final_ch=False wall=4.06s
case_136 seed=0 mode=specCascOptneg0.1: L=1079 finish=stop l_bar=1.567 L/l_bar=688.7 final_ch=False wall=8.67s
case_137 seed=0 mode=specCascOptneg0.1: L=457 finish=stop l_bar=1.234 L/l_bar=370.3 final_ch=False wall=4.09s
case_138 seed=0 mode=specCascOptneg0.1: L=2048 finish=length l_bar=3.842 L/l_bar=533.1 final_ch=False wall=11.07s
case_139 seed=0 mode=specCascOptneg0.1: L=2048 finish=length l_bar=1.76 L/l_bar=1163.6 final_ch=False wall=15.64s
case_140 seed=0 mode=specCascOptneg0.1: L=2048 finish=length l_bar=2.216 L/l_bar=924.1 final_ch=False wall=14.21s
case_141 seed=0 mode=specCascOptneg0.1: L=871 finish=stop l_bar=1.542 L/l_bar=564.8 final_ch=False wall=7.09s
case_142 seed=0 mode=specCascOptneg0.1: L=1199 finish=stop l_bar=1.599 L/l_bar=750.0 final_ch=False wall=9.54s
case_143 seed=0 mode=specCascOptneg0.1: L=969 finish=stop l_bar=1.541 L/l_bar=628.9 final_ch=False wall=7.87s
case_144 seed=0 mode=specCascOptneg0.1: L=1063 finish=stop l_bar=1.744 L/l_bar=609.5 final_ch=False wall=8.16s
case_145 seed=0 mode=specCascOptneg0.1: L=709 finish=stop l_bar=1.344 L/l_bar=527.4 final_ch=False wall=6.08s
case_146 seed=0 mode=specCascOptneg0.1: L=2048 finish=length l_bar=1.846 L/l_bar=1109.5 final_ch=False wall=15.41s
case_147 seed=0 mode=specCascOptneg0.1: L=2048 finish=length l_bar=1.816 L/l_bar=1128.0 final_ch=False wall=15.45s
case_148 seed=0 mode=specCascOptneg0.1: L=2048 finish=length l_bar=2.2 L/l_bar=931.0 final_ch=False wall=14.24s
case_149 seed=0 mode=specCascOptneg0.1: L=516 finish=stop l_bar=1.55 L/l_bar=333.0 final_ch=False wall=4.19s
case_150 seed=0 mode=specCascOptneg0.1: L=562 finish=stop l_bar=1.429 L/l_bar=393.4 final_ch=False wall=4.71s
[1/1] ok in 1118s for 100 case(s)

wrote /home/chiatzen/lossy-token-eff/runs/gsm8k_qwen3/persistent_arm_replay.json; 1/1 group(s) ok, 100 case(s) attempted
1 server(s) (one per arm/seed), 100 case(s) total

[1/1] arm=spec_casc_opt seed=0 -> 100 case(s), one server -> /home/chiatzen/lossy-token-eff/logs/campaign_gsm8k_qwen3_extend50_reuse/specCascOpt0.05_batch_20260829T024128Z.log
case_051 seed=0 mode=specCascOpt0.05: L=1588 finish=stop l_bar=2.076 L/l_bar=765.1 final_ch=False wall=10.49s
case_052 seed=0 mode=specCascOpt0.05: L=1149 finish=stop l_bar=1.892 L/l_bar=607.4 final_ch=False wall=8.58s
case_053 seed=0 mode=specCascOpt0.05: L=2048 finish=length l_bar=2.097 L/l_bar=976.7 final_ch=False wall=14.61s
case_054 seed=0 mode=specCascOpt0.05: L=2048 finish=length l_bar=2.687 L/l_bar=762.2 final_ch=False wall=13.02s
case_055 seed=0 mode=specCascOpt0.05: L=2048 finish=length l_bar=1.934 L/l_bar=1058.8 final_ch=False wall=15.15s
case_056 seed=0 mode=specCascOpt0.05: L=443 finish=stop l_bar=1.815 L/l_bar=244.0 final_ch=False wall=3.40s
case_057 seed=0 mode=specCascOpt0.05: L=607 finish=stop l_bar=1.568 L/l_bar=387.2 final_ch=False wall=4.93s
case_058 seed=0 mode=specCascOpt0.05: L=2048 finish=length l_bar=2.729 L/l_bar=750.6 final_ch=False wall=12.95s
case_059 seed=0 mode=specCascOpt0.05: L=2048 finish=length l_bar=2.92 L/l_bar=701.4 final_ch=False wall=12.61s
case_060 seed=0 mode=specCascOpt0.05: L=1331 finish=stop l_bar=2.308 L/l_bar=576.6 final_ch=False wall=9.04s
case_061 seed=0 mode=specCascOpt0.05: L=2048 finish=length l_bar=1.833 L/l_bar=1117.5 final_ch=False wall=15.47s
case_062 seed=0 mode=specCascOpt0.05: L=2048 finish=length l_bar=2.903 L/l_bar=705.5 final_ch=False wall=12.59s
case_063 seed=0 mode=specCascOpt0.05: L=2048 finish=length l_bar=2.426 L/l_bar=844.0 final_ch=False wall=13.65s
case_064 seed=0 mode=specCascOpt0.05: L=2048 finish=length l_bar=2.56 L/l_bar=800.0 final_ch=False wall=13.50s
case_065 seed=0 mode=specCascOpt0.05: L=2048 finish=length l_bar=2.287 L/l_bar=895.4 final_ch=False wall=14.09s
case_066 seed=0 mode=specCascOpt0.05: L=865 finish=stop l_bar=1.805 L/l_bar=479.2 final_ch=False wall=6.61s
case_067 seed=0 mode=specCascOpt0.05: L=1887 finish=stop l_bar=1.994 L/l_bar=946.5 final_ch=False wall=13.82s
case_068 seed=0 mode=specCascOpt0.05: L=2048 finish=length l_bar=2.412 L/l_bar=849.2 final_ch=False wall=13.62s
case_069 seed=0 mode=specCascOpt0.05: L=1917 finish=stop l_bar=2.409 L/l_bar=795.7 final_ch=False wall=12.96s
case_070 seed=0 mode=specCascOpt0.05: L=1694 finish=stop l_bar=1.914 L/l_bar=885.1 final_ch=False wall=12.50s
case_071 seed=0 mode=specCascOpt0.05: L=2048 finish=length l_bar=2.614 L/l_bar=783.5 final_ch=False wall=13.21s
case_072 seed=0 mode=specCascOpt0.05: L=661 finish=stop l_bar=1.762 L/l_bar=375.2 final_ch=False wall=5.07s
case_073 seed=0 mode=specCascOpt0.05: L=1625 finish=stop l_bar=2.235 L/l_bar=727.0 final_ch=False wall=11.20s
case_074 seed=0 mode=specCascOpt0.05: L=2048 finish=length l_bar=2.746 L/l_bar=745.8 final_ch=False wall=12.92s
case_075 seed=0 mode=specCascOpt0.05: L=1671 finish=stop l_bar=2.093 L/l_bar=798.5 final_ch=False wall=11.85s
case_076 seed=0 mode=specCascOpt0.05: L=2048 finish=length l_bar=2.352 L/l_bar=870.8 final_ch=False wall=13.75s
case_077 seed=0 mode=specCascOpt0.05: L=2048 finish=length l_bar=2.392 L/l_bar=856.0 final_ch=False wall=13.69s
case_078 seed=0 mode=specCascOpt0.05: L=2048 finish=length l_bar=2.27 L/l_bar=902.2 final_ch=False wall=14.07s
case_079 seed=0 mode=specCascOpt0.05: L=2048 finish=length l_bar=2.193 L/l_bar=933.7 final_ch=False wall=14.20s
case_080 seed=0 mode=specCascOpt0.05: L=839 finish=stop l_bar=2.025 L/l_bar=414.3 final_ch=False wall=6.04s
case_081 seed=0 mode=specCascOpt0.05: L=1729 finish=stop l_bar=2.0 L/l_bar=864.5 final_ch=False wall=12.52s
case_082 seed=0 mode=specCascOpt0.05: L=1283 finish=stop l_bar=1.974 L/l_bar=649.8 final_ch=False wall=9.41s
case_083 seed=0 mode=specCascOpt0.05: L=1135 finish=stop l_bar=2.115 L/l_bar=536.5 final_ch=False wall=8.10s
case_084 seed=0 mode=specCascOpt0.05: L=2048 finish=length l_bar=2.578 L/l_bar=794.5 final_ch=False wall=13.48s
case_085 seed=0 mode=specCascOpt0.05: L=2003 finish=stop l_bar=1.964 L/l_bar=1019.6 final_ch=False wall=14.67s
case_086 seed=0 mode=specCascOpt0.05: L=2048 finish=length l_bar=2.164 L/l_bar=946.5 final_ch=False wall=14.33s
case_087 seed=0 mode=specCascOpt0.05: L=2048 finish=length l_bar=2.306 L/l_bar=887.9 final_ch=False wall=13.95s
case_088 seed=0 mode=specCascOpt0.05: L=2048 finish=length l_bar=2.534 L/l_bar=808.1 final_ch=False wall=13.37s
case_089 seed=0 mode=specCascOpt0.05: L=2048 finish=length l_bar=3.102 L/l_bar=660.2 final_ch=False wall=12.19s
case_090 seed=0 mode=specCascOpt0.05: L=2048 finish=length l_bar=2.19 L/l_bar=935.1 final_ch=False wall=14.26s
case_091 seed=0 mode=specCascOpt0.05: L=988 finish=stop l_bar=2.133 L/l_bar=463.1 final_ch=False wall=6.97s
case_092 seed=0 mode=specCascOpt0.05: L=1546 finish=stop l_bar=1.851 L/l_bar=835.4 final_ch=False wall=11.60s
case_093 seed=0 mode=specCascOpt0.05: L=1841 finish=stop l_bar=2.046 L/l_bar=899.6 final_ch=False wall=13.26s
case_094 seed=0 mode=specCascOpt0.05: L=2048 finish=length l_bar=1.908 L/l_bar=1073.6 final_ch=False wall=15.16s
case_095 seed=0 mode=specCascOpt0.05: L=2048 finish=length l_bar=2.282 L/l_bar=897.4 final_ch=False wall=13.99s
case_096 seed=0 mode=specCascOpt0.05: L=2048 finish=length l_bar=2.405 L/l_bar=851.4 final_ch=False wall=13.63s
case_097 seed=0 mode=specCascOpt0.05: L=792 finish=stop l_bar=1.593 L/l_bar=497.0 final_ch=False wall=6.33s
case_098 seed=0 mode=specCascOpt0.05: L=2048 finish=length l_bar=1.947 L/l_bar=1052.0 final_ch=False wall=15.08s
case_099 seed=0 mode=specCascOpt0.05: L=2048 finish=length l_bar=2.475 L/l_bar=827.6 final_ch=False wall=13.59s
case_100 seed=0 mode=specCascOpt0.05: L=2048 finish=length l_bar=1.867 L/l_bar=1097.0 final_ch=False wall=15.32s
case_101 seed=0 mode=specCascOpt0.05: L=2048 finish=length l_bar=2.343 L/l_bar=874.3 final_ch=False wall=13.90s
case_102 seed=0 mode=specCascOpt0.05: L=1114 finish=stop l_bar=1.818 L/l_bar=612.9 final_ch=False wall=8.41s
case_103 seed=0 mode=specCascOpt0.05: L=2048 finish=length l_bar=1.909 L/l_bar=1072.8 final_ch=False wall=15.20s
case_104 seed=0 mode=specCascOpt0.05: L=1613 finish=stop l_bar=1.958 L/l_bar=823.9 final_ch=False wall=11.81s
case_105 seed=0 mode=specCascOpt0.05: L=2048 finish=length l_bar=2.556 L/l_bar=801.1 final_ch=False wall=13.33s
case_106 seed=0 mode=specCascOpt0.05: L=1001 finish=stop l_bar=1.577 L/l_bar=634.6 final_ch=False wall=8.04s
case_107 seed=0 mode=specCascOpt0.05: L=2048 finish=length l_bar=1.855 L/l_bar=1104.1 final_ch=False wall=15.41s
case_108 seed=0 mode=specCascOpt0.05: L=2048 finish=length l_bar=2.154 L/l_bar=950.9 final_ch=False wall=14.40s
case_109 seed=0 mode=specCascOpt0.05: L=2048 finish=length l_bar=2.398 L/l_bar=854.0 final_ch=False wall=13.70s
case_110 seed=0 mode=specCascOpt0.05: L=2048 finish=length l_bar=2.328 L/l_bar=879.6 final_ch=False wall=13.94s
case_111 seed=0 mode=specCascOpt0.05: L=2048 finish=length l_bar=1.678 L/l_bar=1220.2 final_ch=False wall=16.14s
case_112 seed=0 mode=specCascOpt0.05: L=2048 finish=length l_bar=1.875 L/l_bar=1092.3 final_ch=False wall=15.42s
case_113 seed=0 mode=specCascOpt0.05: L=2048 finish=length l_bar=2.078 L/l_bar=985.5 final_ch=False wall=14.73s
case_114 seed=0 mode=specCascOpt0.05: L=1399 finish=stop l_bar=1.894 L/l_bar=738.5 final_ch=False wall=10.49s
case_115 seed=0 mode=specCascOpt0.05: L=2048 finish=length l_bar=2.43 L/l_bar=842.9 final_ch=False wall=13.86s
case_116 seed=0 mode=specCascOpt0.05: L=2048 finish=length l_bar=2.031 L/l_bar=1008.3 final_ch=False wall=14.75s
case_117 seed=0 mode=specCascOpt0.05: L=2048 finish=length l_bar=2.028 L/l_bar=1009.8 final_ch=False wall=14.75s
case_118 seed=0 mode=specCascOpt0.05: L=2048 finish=length l_bar=2.495 L/l_bar=820.9 final_ch=False wall=13.44s
case_119 seed=0 mode=specCascOpt0.05: L=1637 finish=stop l_bar=2.081 L/l_bar=786.6 final_ch=False wall=11.65s
case_120 seed=0 mode=specCascOpt0.05: L=2048 finish=length l_bar=2.717 L/l_bar=753.8 final_ch=False wall=12.96s
case_121 seed=0 mode=specCascOpt0.05: L=2048 finish=length l_bar=2.006 L/l_bar=1021.0 final_ch=False wall=14.81s
case_122 seed=0 mode=specCascOpt0.05: L=1315 finish=stop l_bar=2.014 L/l_bar=653.0 final_ch=False wall=9.52s
case_123 seed=0 mode=specCascOpt0.05: L=2048 finish=length l_bar=2.021 L/l_bar=1013.6 final_ch=False wall=14.84s
case_124 seed=0 mode=specCascOpt0.05: L=2048 finish=length l_bar=2.012 L/l_bar=1018.0 final_ch=False wall=14.80s
case_125 seed=0 mode=specCascOpt0.05: L=2048 finish=length l_bar=1.77 L/l_bar=1157.1 final_ch=False wall=15.64s
case_126 seed=0 mode=specCascOpt0.05: L=2048 finish=length l_bar=2.135 L/l_bar=959.4 final_ch=False wall=14.50s
case_127 seed=0 mode=specCascOpt0.05: L=739 finish=stop l_bar=2.131 L/l_bar=346.7 final_ch=False wall=5.22s
case_128 seed=0 mode=specCascOpt0.05: L=980 finish=stop l_bar=2.128 L/l_bar=460.6 final_ch=False wall=6.90s
case_129 seed=0 mode=specCascOpt0.05: L=2048 finish=length l_bar=2.682 L/l_bar=763.7 final_ch=False wall=13.04s
case_130 seed=0 mode=specCascOpt0.05: L=2048 finish=length l_bar=2.894 L/l_bar=707.8 final_ch=False wall=12.55s
case_131 seed=0 mode=specCascOpt0.05: L=1180 finish=stop l_bar=1.962 L/l_bar=601.3 final_ch=False wall=8.61s
case_132 seed=0 mode=specCascOpt0.05: L=2048 finish=length l_bar=2.53 L/l_bar=809.4 final_ch=False wall=13.51s
case_133 seed=0 mode=specCascOpt0.05: L=1617 finish=stop l_bar=1.82 L/l_bar=888.3 final_ch=False wall=12.31s
case_134 seed=0 mode=specCascOpt0.05: L=1108 finish=stop l_bar=1.72 L/l_bar=644.2 final_ch=False wall=8.65s
case_135 seed=0 mode=specCascOpt0.05: L=2048 finish=length l_bar=3.09 L/l_bar=662.8 final_ch=False wall=12.46s
case_136 seed=0 mode=specCascOpt0.05: L=694 finish=stop l_bar=1.876 L/l_bar=370.0 final_ch=False wall=5.23s
case_137 seed=0 mode=specCascOpt0.05: L=735 finish=stop l_bar=1.566 L/l_bar=469.2 final_ch=False wall=5.97s
case_138 seed=0 mode=specCascOpt0.05: L=1776 finish=stop l_bar=2.715 L/l_bar=654.0 final_ch=False wall=11.28s
case_139 seed=0 mode=specCascOpt0.05: L=2048 finish=length l_bar=2.105 L/l_bar=973.1 final_ch=False wall=14.54s
case_140 seed=0 mode=specCascOpt0.05: L=2048 finish=length l_bar=2.486 L/l_bar=824.0 final_ch=False wall=13.48s
case_141 seed=0 mode=specCascOpt0.05: L=1693 finish=stop l_bar=1.932 L/l_bar=876.1 final_ch=False wall=12.44s
case_142 seed=0 mode=specCascOpt0.05: L=2048 finish=length l_bar=2.489 L/l_bar=822.8 final_ch=False wall=13.48s
case_143 seed=0 mode=specCascOpt0.05: L=741 finish=stop l_bar=1.624 L/l_bar=456.2 final_ch=False wall=5.89s
case_144 seed=0 mode=specCascOpt0.05: L=2048 finish=length l_bar=2.302 L/l_bar=889.8 final_ch=False wall=13.98s
case_145 seed=0 mode=specCascOpt0.05: L=904 finish=stop l_bar=1.849 L/l_bar=489.0 final_ch=False wall=6.78s
case_146 seed=0 mode=specCascOpt0.05: L=2048 finish=length l_bar=2.251 L/l_bar=909.9 final_ch=False wall=14.08s
case_147 seed=0 mode=specCascOpt0.05: L=2048 finish=length l_bar=2.855 L/l_bar=717.3 final_ch=False wall=12.66s
case_148 seed=0 mode=specCascOpt0.05: L=2048 finish=length l_bar=2.328 L/l_bar=879.6 final_ch=False wall=13.87s
case_149 seed=0 mode=specCascOpt0.05: L=885 finish=stop l_bar=1.745 L/l_bar=507.1 final_ch=False wall=6.82s
case_150 seed=0 mode=specCascOpt0.05: L=1195 finish=stop l_bar=1.985 L/l_bar=602.0 final_ch=False wall=8.71s
[1/1] ok in 1291s for 100 case(s)

wrote /home/chiatzen/lossy-token-eff/runs/gsm8k_qwen3/persistent_arm_replay.json; 1/1 group(s) ok, 100 case(s) attempted
1 server(s) (one per arm/seed), 100 case(s) total

[1/1] arm=r_fuzzy seed=0 -> 100 case(s), one server -> /home/chiatzen/lossy-token-eff/logs/campaign_gsm8k_qwen3_extend50_reuse/rFuzzy0.08_batch_20260829T030259Z.log
case_051 seed=0 mode=rFuzzy0.08: L=1360 finish=stop l_bar=1.589 L/l_bar=856.1 final_ch=False wall=9.98s
case_052 seed=0 mode=rFuzzy0.08: L=832 finish=stop l_bar=1.511 L/l_bar=550.8 final_ch=False wall=6.91s
case_053 seed=0 mode=rFuzzy0.08: L=1282 finish=stop l_bar=1.72 L/l_bar=745.5 final_ch=False wall=9.97s
case_054 seed=0 mode=rFuzzy0.08: L=1522 finish=stop l_bar=1.543 L/l_bar=986.1 final_ch=False wall=12.53s
case_055 seed=0 mode=rFuzzy0.08: L=2048 finish=length l_bar=1.482 L/l_bar=1381.5 final_ch=False wall=17.00s
case_056 seed=0 mode=rFuzzy0.08: L=481 finish=stop l_bar=1.513 L/l_bar=317.9 final_ch=False wall=3.96s
case_057 seed=0 mode=rFuzzy0.08: L=589 finish=stop l_bar=1.288 L/l_bar=457.3 final_ch=False wall=5.18s
case_058 seed=0 mode=rFuzzy0.08: L=2048 finish=length l_bar=1.823 L/l_bar=1123.1 final_ch=False wall=15.50s
case_059 seed=0 mode=rFuzzy0.08: L=2048 finish=length l_bar=2.003 L/l_bar=1022.5 final_ch=False wall=15.01s
case_060 seed=0 mode=rFuzzy0.08: L=958 finish=stop l_bar=1.696 L/l_bar=564.9 final_ch=False wall=7.53s
case_061 seed=0 mode=rFuzzy0.08: L=2048 finish=length l_bar=1.496 L/l_bar=1368.7 final_ch=False wall=16.83s
case_062 seed=0 mode=rFuzzy0.08: L=1491 finish=stop l_bar=1.876 L/l_bar=794.6 final_ch=False wall=11.15s
case_063 seed=0 mode=rFuzzy0.08: L=2048 finish=length l_bar=1.808 L/l_bar=1132.8 final_ch=False wall=15.56s
case_064 seed=0 mode=rFuzzy0.08: L=2031 finish=stop l_bar=1.675 L/l_bar=1212.8 final_ch=False wall=16.05s
case_065 seed=0 mode=rFuzzy0.08: L=2048 finish=length l_bar=1.517 L/l_bar=1349.9 final_ch=False wall=16.81s
case_066 seed=0 mode=rFuzzy0.08: L=2048 finish=length l_bar=1.456 L/l_bar=1406.3 final_ch=False wall=17.14s
case_067 seed=0 mode=rFuzzy0.08: L=1801 finish=stop l_bar=1.557 L/l_bar=1156.8 final_ch=False wall=14.59s
case_068 seed=0 mode=rFuzzy0.08: L=676 finish=stop l_bar=2.23 L/l_bar=303.2 final_ch=False wall=4.68s
case_069 seed=0 mode=rFuzzy0.08: L=985 finish=stop l_bar=1.749 L/l_bar=563.3 final_ch=False wall=7.55s
case_070 seed=0 mode=rFuzzy0.08: L=680 finish=stop l_bar=1.478 L/l_bar=460.0 final_ch=False wall=5.65s
case_071 seed=0 mode=rFuzzy0.08: L=2048 finish=length l_bar=1.433 L/l_bar=1428.7 final_ch=False wall=17.11s
case_072 seed=0 mode=rFuzzy0.08: L=924 finish=stop l_bar=1.571 L/l_bar=588.1 final_ch=False wall=7.43s
case_073 seed=0 mode=rFuzzy0.08: L=1124 finish=stop l_bar=1.6 L/l_bar=702.7 final_ch=False wall=8.95s
case_074 seed=0 mode=rFuzzy0.08: L=2048 finish=length l_bar=1.613 L/l_bar=1269.9 final_ch=False wall=16.41s
case_075 seed=0 mode=rFuzzy0.08: L=1207 finish=stop l_bar=1.831 L/l_bar=659.2 final_ch=False wall=9.07s
case_076 seed=0 mode=rFuzzy0.08: L=2048 finish=length l_bar=1.827 L/l_bar=1120.7 final_ch=False wall=15.35s
case_077 seed=0 mode=rFuzzy0.08: L=1969 finish=stop l_bar=1.826 L/l_bar=1078.1 final_ch=False wall=14.83s
case_078 seed=0 mode=rFuzzy0.08: L=1958 finish=stop l_bar=1.768 L/l_bar=1107.4 final_ch=False wall=14.95s
case_079 seed=0 mode=rFuzzy0.08: L=2048 finish=length l_bar=1.573 L/l_bar=1301.6 final_ch=False wall=16.56s
case_080 seed=0 mode=rFuzzy0.08: L=454 finish=stop l_bar=1.618 L/l_bar=280.5 final_ch=False wall=3.62s
case_081 seed=0 mode=rFuzzy0.08: L=1337 finish=stop l_bar=1.62 L/l_bar=825.5 final_ch=False wall=10.62s
case_082 seed=0 mode=rFuzzy0.08: L=1498 finish=stop l_bar=1.599 L/l_bar=936.9 final_ch=False wall=11.99s
case_083 seed=0 mode=rFuzzy0.08: L=1701 finish=stop l_bar=1.703 L/l_bar=999.0 final_ch=False wall=13.28s
case_084 seed=0 mode=rFuzzy0.08: L=951 finish=stop l_bar=1.738 L/l_bar=547.3 final_ch=False wall=7.38s
case_085 seed=0 mode=rFuzzy0.08: L=980 finish=stop l_bar=1.423 L/l_bar=688.6 final_ch=False wall=8.24s
case_086 seed=0 mode=rFuzzy0.08: L=2048 finish=length l_bar=1.583 L/l_bar=1293.6 final_ch=False wall=16.55s
case_087 seed=0 mode=rFuzzy0.08: L=2048 finish=length l_bar=1.835 L/l_bar=1116.0 final_ch=False wall=15.49s
case_088 seed=0 mode=rFuzzy0.08: L=2048 finish=length l_bar=1.904 L/l_bar=1075.9 final_ch=False wall=15.21s
case_089 seed=0 mode=rFuzzy0.08: L=1546 finish=stop l_bar=1.784 L/l_bar=866.7 final_ch=False wall=11.75s
case_090 seed=0 mode=rFuzzy0.08: L=1998 finish=stop l_bar=1.915 L/l_bar=1043.2 final_ch=False wall=14.77s
case_091 seed=0 mode=rFuzzy0.08: L=614 finish=stop l_bar=1.677 L/l_bar=366.2 final_ch=False wall=4.80s
case_092 seed=0 mode=rFuzzy0.08: L=879 finish=stop l_bar=1.514 L/l_bar=580.5 final_ch=False wall=7.20s
case_093 seed=0 mode=rFuzzy0.08: L=1884 finish=stop l_bar=1.681 L/l_bar=1120.5 final_ch=False wall=14.74s
case_094 seed=0 mode=rFuzzy0.08: L=2048 finish=length l_bar=1.56 L/l_bar=1312.8 final_ch=False wall=16.51s
case_095 seed=0 mode=rFuzzy0.08: L=1508 finish=stop l_bar=1.801 L/l_bar=837.3 final_ch=False wall=11.42s
case_096 seed=0 mode=rFuzzy0.08: L=996 finish=stop l_bar=1.779 L/l_bar=559.8 final_ch=False wall=7.58s
case_097 seed=0 mode=rFuzzy0.08: L=552 finish=stop l_bar=1.249 L/l_bar=442.0 final_ch=False wall=4.88s
case_098 seed=0 mode=rFuzzy0.08: L=2048 finish=length l_bar=1.512 L/l_bar=1354.8 final_ch=False wall=16.91s
case_099 seed=0 mode=rFuzzy0.08: L=2048 finish=length l_bar=1.872 L/l_bar=1093.8 final_ch=False wall=15.59s
case_100 seed=0 mode=rFuzzy0.08: L=2048 finish=length l_bar=1.622 L/l_bar=1262.4 final_ch=False wall=16.28s
case_101 seed=0 mode=rFuzzy0.08: L=2048 finish=length l_bar=1.847 L/l_bar=1108.8 final_ch=False wall=15.45s
case_102 seed=0 mode=rFuzzy0.08: L=878 finish=stop l_bar=1.634 L/l_bar=537.5 final_ch=False wall=7.06s
case_103 seed=0 mode=rFuzzy0.08: L=2048 finish=length l_bar=1.566 L/l_bar=1308.0 final_ch=False wall=16.58s
case_104 seed=0 mode=rFuzzy0.08: L=2048 finish=length l_bar=1.624 L/l_bar=1261.4 final_ch=False wall=16.26s
case_105 seed=0 mode=rFuzzy0.08: L=2048 finish=length l_bar=1.789 L/l_bar=1144.7 final_ch=False wall=15.63s
case_106 seed=0 mode=rFuzzy0.08: L=871 finish=stop l_bar=1.219 L/l_bar=714.3 final_ch=False wall=7.78s
case_107 seed=0 mode=rFuzzy0.08: L=2048 finish=length l_bar=1.524 L/l_bar=1343.8 final_ch=False wall=16.71s
case_108 seed=0 mode=rFuzzy0.08: L=1376 finish=stop l_bar=1.75 L/l_bar=786.3 final_ch=False wall=10.59s
case_109 seed=0 mode=rFuzzy0.08: L=1307 finish=stop l_bar=1.693 L/l_bar=772.1 final_ch=False wall=10.27s
case_110 seed=0 mode=rFuzzy0.08: L=209 finish=stop l_bar=1.849 L/l_bar=113.0 final_ch=False wall=1.62s
case_111 seed=0 mode=rFuzzy0.08: L=2048 finish=length l_bar=1.408 L/l_bar=1454.3 final_ch=False wall=17.39s
case_112 seed=0 mode=rFuzzy0.08: L=2048 finish=length l_bar=1.667 L/l_bar=1228.8 final_ch=False wall=16.19s
case_113 seed=0 mode=rFuzzy0.08: L=1763 finish=stop l_bar=1.65 L/l_bar=1068.7 final_ch=False wall=13.89s
case_114 seed=0 mode=rFuzzy0.08: L=925 finish=stop l_bar=1.625 L/l_bar=569.2 final_ch=False wall=7.33s
case_115 seed=0 mode=rFuzzy0.08: L=2048 finish=length l_bar=1.597 L/l_bar=1282.4 final_ch=False wall=16.46s
case_116 seed=0 mode=rFuzzy0.08: L=2048 finish=length l_bar=1.737 L/l_bar=1179.3 final_ch=False wall=15.85s
case_117 seed=0 mode=rFuzzy0.08: L=2048 finish=length l_bar=1.545 L/l_bar=1325.3 final_ch=False wall=16.62s
case_118 seed=0 mode=rFuzzy0.08: L=515 finish=stop l_bar=1.495 L/l_bar=344.4 final_ch=False wall=4.25s
case_119 seed=0 mode=rFuzzy0.08: L=994 finish=stop l_bar=1.795 L/l_bar=553.8 final_ch=False wall=7.57s
case_120 seed=0 mode=rFuzzy0.08: L=2048 finish=length l_bar=1.77 L/l_bar=1157.1 final_ch=False wall=15.70s
case_121 seed=0 mode=rFuzzy0.08: L=2048 finish=length l_bar=1.365 L/l_bar=1500.5 final_ch=False wall=17.56s
case_122 seed=0 mode=rFuzzy0.08: L=1261 finish=stop l_bar=1.769 L/l_bar=712.7 final_ch=False wall=9.76s
case_123 seed=0 mode=rFuzzy0.08: L=2048 finish=length l_bar=1.718 L/l_bar=1191.8 final_ch=False wall=16.00s
case_124 seed=0 mode=rFuzzy0.08: L=613 finish=stop l_bar=1.478 L/l_bar=414.8 final_ch=False wall=5.10s
case_125 seed=0 mode=rFuzzy0.08: L=1784 finish=stop l_bar=1.439 L/l_bar=1239.6 final_ch=False wall=14.88s
case_126 seed=0 mode=rFuzzy0.08: L=1893 finish=stop l_bar=1.429 L/l_bar=1324.9 final_ch=False wall=15.88s
case_127 seed=0 mode=rFuzzy0.08: L=910 finish=stop l_bar=1.755 L/l_bar=518.7 final_ch=False wall=7.03s
case_128 seed=0 mode=rFuzzy0.08: L=1277 finish=stop l_bar=1.75 L/l_bar=729.7 final_ch=False wall=9.90s
case_129 seed=0 mode=rFuzzy0.08: L=1712 finish=stop l_bar=1.782 L/l_bar=960.7 final_ch=False wall=13.17s
case_130 seed=0 mode=rFuzzy0.08: L=1331 finish=stop l_bar=1.989 L/l_bar=669.3 final_ch=False wall=9.68s
case_131 seed=0 mode=rFuzzy0.08: L=803 finish=stop l_bar=1.544 L/l_bar=520.0 final_ch=False wall=6.57s
case_132 seed=0 mode=rFuzzy0.08: L=818 finish=stop l_bar=1.585 L/l_bar=515.9 final_ch=False wall=6.58s
case_133 seed=0 mode=rFuzzy0.08: L=1336 finish=stop l_bar=1.597 L/l_bar=836.4 final_ch=False wall=10.70s
case_134 seed=0 mode=rFuzzy0.08: L=1055 finish=stop l_bar=1.39 L/l_bar=759.0 final_ch=False wall=9.03s
case_135 seed=0 mode=rFuzzy0.08: L=705 finish=stop l_bar=1.598 L/l_bar=441.2 final_ch=False wall=5.69s
case_136 seed=0 mode=rFuzzy0.08: L=1404 finish=stop l_bar=1.724 L/l_bar=814.3 final_ch=False wall=11.08s
case_137 seed=0 mode=rFuzzy0.08: L=755 finish=stop l_bar=1.456 L/l_bar=518.5 final_ch=False wall=6.40s
case_138 seed=0 mode=rFuzzy0.08: L=2048 finish=length l_bar=1.768 L/l_bar=1158.7 final_ch=False wall=15.97s
case_139 seed=0 mode=rFuzzy0.08: L=2048 finish=length l_bar=1.678 L/l_bar=1220.2 final_ch=False wall=16.40s
case_140 seed=0 mode=rFuzzy0.08: L=2048 finish=length l_bar=1.931 L/l_bar=1060.4 final_ch=False wall=15.28s
case_141 seed=0 mode=rFuzzy0.08: L=949 finish=stop l_bar=1.495 L/l_bar=634.9 final_ch=False wall=7.89s
case_142 seed=0 mode=rFuzzy0.08: L=1354 finish=stop l_bar=1.562 L/l_bar=866.6 final_ch=False wall=11.01s
case_143 seed=0 mode=rFuzzy0.08: L=367 finish=stop l_bar=1.377 L/l_bar=266.6 final_ch=False wall=3.15s
case_144 seed=0 mode=rFuzzy0.08: L=1805 finish=stop l_bar=1.618 L/l_bar=1115.4 final_ch=False wall=14.41s
case_145 seed=0 mode=rFuzzy0.08: L=693 finish=stop l_bar=1.544 L/l_bar=448.8 final_ch=False wall=5.63s
case_146 seed=0 mode=rFuzzy0.08: L=1501 finish=stop l_bar=1.722 L/l_bar=871.5 final_ch=False wall=11.64s
case_147 seed=0 mode=rFuzzy0.08: L=2048 finish=length l_bar=1.924 L/l_bar=1064.3 final_ch=False wall=15.18s
case_148 seed=0 mode=rFuzzy0.08: L=2048 finish=length l_bar=2.097 L/l_bar=976.7 final_ch=False wall=14.62s
case_149 seed=0 mode=rFuzzy0.08: L=971 finish=stop l_bar=1.494 L/l_bar=650.1 final_ch=False wall=8.32s
case_150 seed=0 mode=rFuzzy0.08: L=989 finish=stop l_bar=1.433 L/l_bar=689.9 final_ch=False wall=8.30s
[1/1] ok in 1255s for 100 case(s)

wrote /home/chiatzen/lossy-token-eff/runs/gsm8k_qwen3/persistent_arm_replay.json; 1/1 group(s) ok, 100 case(s) attempted
1 server(s) (one per arm/seed), 100 case(s) total

[1/1] arm=r_fuzzy seed=0 -> 100 case(s), one server -> /home/chiatzen/lossy-token-eff/logs/campaign_gsm8k_qwen3_extend50_reuse/rFuzzy0.15_batch_20260829T032354Z.log
case_051 seed=0 mode=rFuzzy0.15: L=1814 finish=stop l_bar=1.624 L/l_bar=1117.2 final_ch=False wall=13.58s
case_052 seed=0 mode=rFuzzy0.15: L=1014 finish=stop l_bar=1.753 L/l_bar=578.5 final_ch=False wall=7.80s
case_053 seed=0 mode=rFuzzy0.15: L=259 finish=stop l_bar=2.035 L/l_bar=127.3 final_ch=False wall=1.88s
case_054 seed=0 mode=rFuzzy0.15: L=1740 finish=stop l_bar=1.846 L/l_bar=942.5 final_ch=False wall=13.32s
case_055 seed=0 mode=rFuzzy0.15: L=2048 finish=length l_bar=1.705 L/l_bar=1200.9 final_ch=False wall=17.29s
case_056 seed=0 mode=rFuzzy0.15: L=423 finish=stop l_bar=1.688 L/l_bar=250.6 final_ch=False wall=3.42s
case_057 seed=0 mode=rFuzzy0.15: L=972 finish=stop l_bar=1.72 L/l_bar=565.2 final_ch=False wall=8.52s
case_058 seed=0 mode=rFuzzy0.15: L=2048 finish=length l_bar=1.885 L/l_bar=1086.7 final_ch=False wall=16.15s
case_059 seed=0 mode=rFuzzy0.15: L=2048 finish=length l_bar=2.28 L/l_bar=898.1 final_ch=False wall=14.03s
case_060 seed=0 mode=rFuzzy0.15: L=162 finish=stop l_bar=1.477 L/l_bar=109.7 final_ch=False wall=1.36s
case_061 seed=0 mode=rFuzzy0.15: L=2048 finish=length l_bar=1.648 L/l_bar=1242.6 final_ch=False wall=16.18s
case_062 seed=0 mode=rFuzzy0.15: L=1455 finish=stop l_bar=1.961 L/l_bar=741.9 final_ch=False wall=10.62s
case_063 seed=0 mode=rFuzzy0.15: L=2048 finish=length l_bar=2.081 L/l_bar=984.0 final_ch=False wall=14.61s
case_064 seed=0 mode=rFuzzy0.15: L=2048 finish=length l_bar=2.015 L/l_bar=1016.5 final_ch=False wall=14.82s
case_065 seed=0 mode=rFuzzy0.15: L=1592 finish=stop l_bar=1.831 L/l_bar=869.5 final_ch=False wall=11.98s
case_066 seed=0 mode=rFuzzy0.15: L=2048 finish=length l_bar=1.74 L/l_bar=1176.8 final_ch=False wall=15.79s
case_067 seed=0 mode=rFuzzy0.15: L=2048 finish=length l_bar=1.756 L/l_bar=1166.0 final_ch=False wall=15.73s
case_068 seed=0 mode=rFuzzy0.15: L=1711 finish=stop l_bar=2.257 L/l_bar=758.0 final_ch=False wall=11.73s
case_069 seed=0 mode=rFuzzy0.15: L=279 finish=stop l_bar=1.897 L/l_bar=147.1 final_ch=False wall=2.13s
case_070 seed=0 mode=rFuzzy0.15: L=873 finish=stop l_bar=1.572 L/l_bar=555.2 final_ch=False wall=7.03s
case_071 seed=0 mode=rFuzzy0.15: L=382 finish=stop l_bar=1.474 L/l_bar=259.2 final_ch=False wall=3.17s
case_072 seed=0 mode=rFuzzy0.15: L=725 finish=stop l_bar=2.017 L/l_bar=359.5 final_ch=False wall=5.25s
case_073 seed=0 mode=rFuzzy0.15: L=1172 finish=stop l_bar=1.899 L/l_bar=617.3 final_ch=False wall=8.74s
case_074 seed=0 mode=rFuzzy0.15: L=2048 finish=length l_bar=1.871 L/l_bar=1094.6 final_ch=False wall=15.66s
case_075 seed=0 mode=rFuzzy0.15: L=2048 finish=length l_bar=2.109 L/l_bar=971.0 final_ch=False wall=14.54s
case_076 seed=0 mode=rFuzzy0.15: L=2048 finish=length l_bar=1.926 L/l_bar=1063.5 final_ch=False wall=15.14s
case_077 seed=0 mode=rFuzzy0.15: L=1768 finish=stop l_bar=2.055 L/l_bar=860.2 final_ch=False wall=12.69s
case_078 seed=0 mode=rFuzzy0.15: L=1466 finish=stop l_bar=1.79 L/l_bar=818.8 final_ch=False wall=11.16s
case_079 seed=0 mode=rFuzzy0.15: L=2048 finish=length l_bar=1.697 L/l_bar=1206.9 final_ch=False wall=15.99s
case_080 seed=0 mode=rFuzzy0.15: L=548 finish=stop l_bar=1.763 L/l_bar=310.9 final_ch=False wall=4.29s
case_081 seed=0 mode=rFuzzy0.15: L=994 finish=stop l_bar=1.669 L/l_bar=595.4 final_ch=False wall=7.87s
case_082 seed=0 mode=rFuzzy0.15: L=1788 finish=stop l_bar=1.892 L/l_bar=945.2 final_ch=False wall=13.41s
case_083 seed=0 mode=rFuzzy0.15: L=1240 finish=stop l_bar=1.873 L/l_bar=662.2 final_ch=False wall=9.26s
case_084 seed=0 mode=rFuzzy0.15: L=185 finish=stop l_bar=1.831 L/l_bar=101.1 final_ch=False wall=1.41s
case_085 seed=0 mode=rFuzzy0.15: L=1636 finish=stop l_bar=1.689 L/l_bar=968.5 final_ch=False wall=12.93s
case_086 seed=0 mode=rFuzzy0.15: L=2048 finish=length l_bar=1.988 L/l_bar=1030.0 final_ch=False wall=14.97s
case_087 seed=0 mode=rFuzzy0.15: L=2048 finish=length l_bar=1.899 L/l_bar=1078.2 final_ch=False wall=15.33s
case_088 seed=0 mode=rFuzzy0.15: L=2048 finish=length l_bar=2.212 L/l_bar=926.0 final_ch=False wall=14.34s
case_089 seed=0 mode=rFuzzy0.15: L=922 finish=stop l_bar=1.814 L/l_bar=508.3 final_ch=False wall=7.05s
case_090 seed=0 mode=rFuzzy0.15: L=2048 finish=length l_bar=2.087 L/l_bar=981.1 final_ch=False wall=14.61s
case_091 seed=0 mode=rFuzzy0.15: L=1071 finish=stop l_bar=1.709 L/l_bar=626.7 final_ch=False wall=8.32s
case_092 seed=0 mode=rFuzzy0.15: L=1308 finish=stop l_bar=1.689 L/l_bar=774.3 final_ch=False wall=10.29s
case_093 seed=0 mode=rFuzzy0.15: L=926 finish=stop l_bar=1.737 L/l_bar=533.2 final_ch=False wall=7.20s
case_094 seed=0 mode=rFuzzy0.15: L=2048 finish=length l_bar=1.638 L/l_bar=1250.4 final_ch=False wall=16.20s
case_095 seed=0 mode=rFuzzy0.15: L=1942 finish=stop l_bar=1.897 L/l_bar=1023.7 final_ch=False wall=14.53s
case_096 seed=0 mode=rFuzzy0.15: L=1233 finish=stop l_bar=1.832 L/l_bar=673.0 final_ch=False wall=9.31s
case_097 seed=0 mode=rFuzzy0.15: L=373 finish=stop l_bar=1.34 L/l_bar=278.4 final_ch=False wall=3.21s
case_098 seed=0 mode=rFuzzy0.15: L=299 finish=stop l_bar=1.569 L/l_bar=190.6 final_ch=False wall=2.43s
case_099 seed=0 mode=rFuzzy0.15: L=2048 finish=length l_bar=2.184 L/l_bar=937.9 final_ch=False wall=14.24s
case_100 seed=0 mode=rFuzzy0.15: L=1791 finish=stop l_bar=1.712 L/l_bar=1046.1 final_ch=False wall=13.90s
case_101 seed=0 mode=rFuzzy0.15: L=2048 finish=length l_bar=1.798 L/l_bar=1139.2 final_ch=False wall=15.71s
case_102 seed=0 mode=rFuzzy0.15: L=1602 finish=stop l_bar=1.849 L/l_bar=866.5 final_ch=False wall=12.10s
case_103 seed=0 mode=rFuzzy0.15: L=1684 finish=stop l_bar=1.634 L/l_bar=1030.7 final_ch=False wall=13.37s
case_104 seed=0 mode=rFuzzy0.15: L=2048 finish=length l_bar=1.802 L/l_bar=1136.7 final_ch=False wall=15.53s
case_105 seed=0 mode=rFuzzy0.15: L=2048 finish=length l_bar=1.961 L/l_bar=1044.4 final_ch=False wall=15.04s
case_106 seed=0 mode=rFuzzy0.15: L=602 finish=stop l_bar=1.394 L/l_bar=431.7 final_ch=False wall=5.11s
case_107 seed=0 mode=rFuzzy0.15: L=2048 finish=length l_bar=1.693 L/l_bar=1210.0 final_ch=False wall=15.99s
case_108 seed=0 mode=rFuzzy0.15: L=1098 finish=stop l_bar=1.855 L/l_bar=592.1 final_ch=False wall=8.25s
case_109 seed=0 mode=rFuzzy0.15: L=1296 finish=stop l_bar=2.106 L/l_bar=615.5 final_ch=False wall=9.20s
case_110 seed=0 mode=rFuzzy0.15: L=216 finish=stop l_bar=1.756 L/l_bar=123.0 final_ch=False wall=1.71s
case_111 seed=0 mode=rFuzzy0.15: L=2048 finish=length l_bar=1.67 L/l_bar=1226.2 final_ch=False wall=16.07s
case_112 seed=0 mode=rFuzzy0.15: L=2048 finish=length l_bar=1.737 L/l_bar=1179.3 final_ch=False wall=15.84s
case_113 seed=0 mode=rFuzzy0.15: L=2048 finish=length l_bar=1.898 L/l_bar=1078.9 final_ch=False wall=15.27s
case_114 seed=0 mode=rFuzzy0.15: L=370 finish=stop l_bar=1.617 L/l_bar=228.8 final_ch=False wall=2.96s
case_115 seed=0 mode=rFuzzy0.15: L=2048 finish=length l_bar=1.72 L/l_bar=1190.8 final_ch=False wall=15.94s
case_116 seed=0 mode=rFuzzy0.15: L=2048 finish=length l_bar=1.899 L/l_bar=1078.2 final_ch=False wall=15.25s
case_117 seed=0 mode=rFuzzy0.15: L=2048 finish=length l_bar=1.842 L/l_bar=1111.9 final_ch=False wall=15.40s
case_118 seed=0 mode=rFuzzy0.15: L=604 finish=stop l_bar=1.597 L/l_bar=378.3 final_ch=False wall=4.85s
case_119 seed=0 mode=rFuzzy0.15: L=323 finish=stop l_bar=1.579 L/l_bar=204.5 final_ch=False wall=2.65s
case_120 seed=0 mode=rFuzzy0.15: L=2048 finish=length l_bar=2.144 L/l_bar=955.0 final_ch=False wall=14.44s
case_121 seed=0 mode=rFuzzy0.15: L=1969 finish=stop l_bar=1.596 L/l_bar=1233.5 final_ch=False wall=15.75s
case_122 seed=0 mode=rFuzzy0.15: L=221 finish=stop l_bar=1.785 L/l_bar=123.8 final_ch=False wall=1.72s
case_123 seed=0 mode=rFuzzy0.15: L=2048 finish=length l_bar=1.84 L/l_bar=1112.7 final_ch=False wall=15.42s
case_124 seed=0 mode=rFuzzy0.15: L=2048 finish=length l_bar=1.934 L/l_bar=1058.9 final_ch=False wall=15.09s
case_125 seed=0 mode=rFuzzy0.15: L=1221 finish=stop l_bar=1.455 L/l_bar=839.3 final_ch=False wall=10.17s
case_126 seed=0 mode=rFuzzy0.15: L=1034 finish=stop l_bar=1.494 L/l_bar=692.1 final_ch=False wall=8.65s
case_127 seed=0 mode=rFuzzy0.15: L=676 finish=stop l_bar=1.935 L/l_bar=349.4 final_ch=False wall=4.99s
case_128 seed=0 mode=rFuzzy0.15: L=883 finish=stop l_bar=1.714 L/l_bar=515.2 final_ch=False wall=6.90s
case_129 seed=0 mode=rFuzzy0.15: L=1953 finish=stop l_bar=1.841 L/l_bar=1060.6 final_ch=False wall=14.87s
case_130 seed=0 mode=rFuzzy0.15: L=1823 finish=stop l_bar=1.819 L/l_bar=1002.1 final_ch=False wall=13.87s
case_131 seed=0 mode=rFuzzy0.15: L=616 finish=stop l_bar=1.617 L/l_bar=380.9 final_ch=False wall=4.94s
case_132 seed=0 mode=rFuzzy0.15: L=1475 finish=stop l_bar=1.851 L/l_bar=796.8 final_ch=False wall=11.08s
case_133 seed=0 mode=rFuzzy0.15: L=1536 finish=stop l_bar=1.645 L/l_bar=933.5 final_ch=False wall=12.16s
case_134 seed=0 mode=rFuzzy0.15: L=955 finish=stop l_bar=1.599 L/l_bar=597.1 final_ch=False wall=7.66s
case_135 seed=0 mode=rFuzzy0.15: L=151 finish=stop l_bar=1.419 L/l_bar=106.4 final_ch=False wall=1.30s
case_136 seed=0 mode=rFuzzy0.15: L=1900 finish=stop l_bar=1.944 L/l_bar=977.3 final_ch=False wall=14.08s
case_137 seed=0 mode=rFuzzy0.15: L=398 finish=stop l_bar=1.377 L/l_bar=289.0 final_ch=False wall=3.42s
case_138 seed=0 mode=rFuzzy0.15: L=1590 finish=stop l_bar=1.932 L/l_bar=823.1 final_ch=False wall=11.70s
case_139 seed=0 mode=rFuzzy0.15: L=2048 finish=length l_bar=2.084 L/l_bar=982.6 final_ch=False wall=14.55s
case_140 seed=0 mode=rFuzzy0.15: L=2048 finish=length l_bar=2.27 L/l_bar=902.2 final_ch=False wall=14.05s
case_141 seed=0 mode=rFuzzy0.15: L=1473 finish=stop l_bar=1.691 L/l_bar=871.1 final_ch=False wall=11.51s
case_142 seed=0 mode=rFuzzy0.15: L=1318 finish=stop l_bar=1.598 L/l_bar=825.0 final_ch=False wall=10.56s
case_143 seed=0 mode=rFuzzy0.15: L=1093 finish=stop l_bar=1.51 L/l_bar=723.7 final_ch=False wall=8.96s
case_144 seed=0 mode=rFuzzy0.15: L=241 finish=stop l_bar=1.824 L/l_bar=132.2 final_ch=False wall=1.85s
case_145 seed=0 mode=rFuzzy0.15: L=1054 finish=stop l_bar=1.568 L/l_bar=672.1 final_ch=False wall=8.48s
case_146 seed=0 mode=rFuzzy0.15: L=944 finish=stop l_bar=1.733 L/l_bar=544.6 final_ch=False wall=7.29s
case_147 seed=0 mode=rFuzzy0.15: L=2048 finish=length l_bar=2.046 L/l_bar=1000.9 final_ch=False wall=14.81s
case_148 seed=0 mode=rFuzzy0.15: L=2048 finish=length l_bar=1.859 L/l_bar=1101.6 final_ch=False wall=15.45s
case_149 seed=0 mode=rFuzzy0.15: L=1713 finish=stop l_bar=1.802 L/l_bar=950.6 final_ch=False wall=13.13s
case_150 seed=0 mode=rFuzzy0.15: L=664 finish=stop l_bar=1.474 L/l_bar=450.5 final_ch=False wall=5.54s
[1/1] ok in 1154s for 100 case(s)

wrote /home/chiatzen/lossy-token-eff/runs/gsm8k_qwen3/persistent_arm_replay.json; 1/1 group(s) ok, 100 case(s) attempted
1 server(s) (one per arm/seed), 100 case(s) total

[1/1] arm=r_fuzzy seed=0 -> 100 case(s), one server -> /home/chiatzen/lossy-token-eff/logs/campaign_gsm8k_qwen3_extend50_reuse/rFuzzy0.25_batch_20260829T034309Z.log
case_051 seed=0 mode=rFuzzy0.25: L=2048 finish=length l_bar=2.159 L/l_bar=948.6 final_ch=False wall=13.52s
case_052 seed=0 mode=rFuzzy0.25: L=902 finish=stop l_bar=2.32 L/l_bar=388.8 final_ch=False wall=6.19s
case_053 seed=0 mode=rFuzzy0.25: L=367 finish=stop l_bar=1.633 L/l_bar=224.7 final_ch=False wall=2.93s
case_054 seed=0 mode=rFuzzy0.25: L=261 finish=stop l_bar=1.737 L/l_bar=150.3 final_ch=False wall=2.06s
case_055 seed=0 mode=rFuzzy0.25: L=508 finish=stop l_bar=1.624 L/l_bar=312.9 final_ch=False wall=4.08s
case_056 seed=0 mode=rFuzzy0.25: L=521 finish=stop l_bar=2.114 L/l_bar=246.5 final_ch=False wall=3.74s
case_057 seed=0 mode=rFuzzy0.25: L=124 finish=stop l_bar=1.733 L/l_bar=71.5 final_ch=False wall=1.00s
case_058 seed=0 mode=rFuzzy0.25: L=278 finish=stop l_bar=2.066 L/l_bar=134.6 final_ch=False wall=2.03s
case_059 seed=0 mode=rFuzzy0.25: L=188 finish=stop l_bar=1.625 L/l_bar=115.7 final_ch=False wall=1.54s
case_060 seed=0 mode=rFuzzy0.25: L=195 finish=stop l_bar=1.553 L/l_bar=125.6 final_ch=False wall=1.60s
case_061 seed=0 mode=rFuzzy0.25: L=2048 finish=length l_bar=2.001 L/l_bar=1023.2 final_ch=False wall=15.02s
case_062 seed=0 mode=rFuzzy0.25: L=1296 finish=stop l_bar=2.329 L/l_bar=556.5 final_ch=False wall=8.89s
case_063 seed=0 mode=rFuzzy0.25: L=2048 finish=length l_bar=2.529 L/l_bar=809.7 final_ch=False wall=13.50s
case_064 seed=0 mode=rFuzzy0.25: L=280 finish=stop l_bar=2.033 L/l_bar=137.8 final_ch=False wall=2.04s
case_065 seed=0 mode=rFuzzy0.25: L=1908 finish=stop l_bar=2.178 L/l_bar=875.9 final_ch=False wall=13.39s
case_066 seed=0 mode=rFuzzy0.25: L=2048 finish=length l_bar=2.208 L/l_bar=927.3 final_ch=False wall=14.24s
case_067 seed=0 mode=rFuzzy0.25: L=2048 finish=length l_bar=2.286 L/l_bar=896.0 final_ch=False wall=13.99s
case_068 seed=0 mode=rFuzzy0.25: L=2048 finish=length l_bar=2.495 L/l_bar=820.9 final_ch=False wall=13.48s
case_069 seed=0 mode=rFuzzy0.25: L=250 finish=stop l_bar=1.767 L/l_bar=141.5 final_ch=False wall=1.95s
case_070 seed=0 mode=rFuzzy0.25: L=745 finish=stop l_bar=1.735 L/l_bar=429.3 final_ch=False wall=5.77s
case_071 seed=0 mode=rFuzzy0.25: L=376 finish=stop l_bar=1.586 L/l_bar=237.0 final_ch=False wall=3.05s
case_072 seed=0 mode=rFuzzy0.25: L=139 finish=stop l_bar=2.136 L/l_bar=65.1 final_ch=False wall=1.02s
case_073 seed=0 mode=rFuzzy0.25: L=2048 finish=length l_bar=2.051 L/l_bar=998.7 final_ch=False wall=14.74s
case_074 seed=0 mode=rFuzzy0.25: L=2048 finish=length l_bar=2.3 L/l_bar=890.6 final_ch=False wall=14.03s
case_075 seed=0 mode=rFuzzy0.25: L=2048 finish=length l_bar=2.187 L/l_bar=936.6 final_ch=False wall=14.34s
case_076 seed=0 mode=rFuzzy0.25: L=2048 finish=length l_bar=2.319 L/l_bar=883.0 final_ch=False wall=13.93s
case_077 seed=0 mode=rFuzzy0.25: L=373 finish=stop l_bar=2.074 L/l_bar=179.8 final_ch=False wall=2.71s
case_078 seed=0 mode=rFuzzy0.25: L=1581 finish=stop l_bar=1.937 L/l_bar=816.3 final_ch=False wall=11.89s
case_079 seed=0 mode=rFuzzy0.25: L=2048 finish=length l_bar=2.345 L/l_bar=873.4 final_ch=False wall=13.92s
case_080 seed=0 mode=rFuzzy0.25: L=260 finish=stop l_bar=1.91 L/l_bar=136.1 final_ch=False wall=1.96s
case_081 seed=0 mode=rFuzzy0.25: L=1530 finish=stop l_bar=1.979 L/l_bar=773.3 final_ch=False wall=11.31s
case_082 seed=0 mode=rFuzzy0.25: L=2048 finish=length l_bar=2.195 L/l_bar=933.0 final_ch=False wall=14.37s
case_083 seed=0 mode=rFuzzy0.25: L=2048 finish=length l_bar=2.164 L/l_bar=946.5 final_ch=False wall=14.41s
case_084 seed=0 mode=rFuzzy0.25: L=185 finish=stop l_bar=2.067 L/l_bar=89.5 final_ch=False wall=1.37s
case_085 seed=0 mode=rFuzzy0.25: L=1594 finish=stop l_bar=2.067 L/l_bar=771.1 final_ch=False wall=11.54s
case_086 seed=0 mode=rFuzzy0.25: L=2048 finish=length l_bar=2.116 L/l_bar=968.0 final_ch=False wall=14.71s
case_087 seed=0 mode=rFuzzy0.25: L=2048 finish=length l_bar=2.405 L/l_bar=851.4 final_ch=False wall=13.92s
case_088 seed=0 mode=rFuzzy0.25: L=733 finish=stop l_bar=2.012 L/l_bar=364.3 final_ch=False wall=5.36s
case_089 seed=0 mode=rFuzzy0.25: L=740 finish=stop l_bar=2.062 L/l_bar=358.9 final_ch=False wall=5.36s
case_090 seed=0 mode=rFuzzy0.25: L=2048 finish=length l_bar=2.529 L/l_bar=809.7 final_ch=False wall=13.56s
case_091 seed=0 mode=rFuzzy0.25: L=1624 finish=stop l_bar=2.272 L/l_bar=714.7 final_ch=False wall=11.29s
case_092 seed=0 mode=rFuzzy0.25: L=1325 finish=stop l_bar=1.962 L/l_bar=675.3 final_ch=False wall=9.72s
case_093 seed=0 mode=rFuzzy0.25: L=1147 finish=stop l_bar=2.008 L/l_bar=571.3 final_ch=False wall=8.40s
case_094 seed=0 mode=rFuzzy0.25: L=2048 finish=length l_bar=2.015 L/l_bar=1016.5 final_ch=False wall=14.94s
case_095 seed=0 mode=rFuzzy0.25: L=2048 finish=length l_bar=2.441 L/l_bar=838.9 final_ch=False wall=13.80s
case_096 seed=0 mode=rFuzzy0.25: L=1079 finish=stop l_bar=2.228 L/l_bar=484.4 final_ch=False wall=7.55s
case_097 seed=0 mode=rFuzzy0.25: L=1190 finish=stop l_bar=1.822 L/l_bar=653.0 final_ch=False wall=9.02s
case_098 seed=0 mode=rFuzzy0.25: L=279 finish=stop l_bar=1.866 L/l_bar=149.5 final_ch=False wall=2.12s
case_099 seed=0 mode=rFuzzy0.25: L=2048 finish=length l_bar=2.627 L/l_bar=779.7 final_ch=False wall=13.25s
case_100 seed=0 mode=rFuzzy0.25: L=298 finish=stop l_bar=1.97 L/l_bar=151.3 final_ch=False wall=2.20s
case_101 seed=0 mode=rFuzzy0.25: L=260 finish=stop l_bar=2.39 L/l_bar=108.8 final_ch=False wall=1.80s
case_102 seed=0 mode=rFuzzy0.25: L=790 finish=stop l_bar=2.046 L/l_bar=386.1 final_ch=False wall=5.67s
case_103 seed=0 mode=rFuzzy0.25: L=681 finish=stop l_bar=1.982 L/l_bar=343.5 final_ch=False wall=4.96s
case_104 seed=0 mode=rFuzzy0.25: L=2048 finish=length l_bar=2.273 L/l_bar=900.9 final_ch=False wall=14.06s
case_105 seed=0 mode=rFuzzy0.25: L=2048 finish=length l_bar=2.409 L/l_bar=850.0 final_ch=False wall=13.72s
case_106 seed=0 mode=rFuzzy0.25: L=618 finish=stop l_bar=1.706 L/l_bar=362.2 final_ch=False wall=4.82s
case_107 seed=0 mode=rFuzzy0.25: L=1046 finish=stop l_bar=1.966 L/l_bar=532.0 final_ch=False wall=7.75s
case_108 seed=0 mode=rFuzzy0.25: L=1944 finish=stop l_bar=2.159 L/l_bar=900.3 final_ch=False wall=13.68s
case_109 seed=0 mode=rFuzzy0.25: L=2048 finish=length l_bar=2.339 L/l_bar=875.5 final_ch=False wall=13.85s
case_110 seed=0 mode=rFuzzy0.25: L=284 finish=stop l_bar=2.132 L/l_bar=133.2 final_ch=False wall=2.06s
case_111 seed=0 mode=rFuzzy0.25: L=2048 finish=length l_bar=2.001 L/l_bar=1023.3 final_ch=False wall=14.85s
case_112 seed=0 mode=rFuzzy0.25: L=2048 finish=length l_bar=2.083 L/l_bar=983.3 final_ch=False wall=14.74s
case_113 seed=0 mode=rFuzzy0.25: L=178 finish=stop l_bar=1.855 L/l_bar=96.0 final_ch=False wall=1.37s
case_114 seed=0 mode=rFuzzy0.25: L=92 finish=stop l_bar=1.758 L/l_bar=52.3 final_ch=False wall=0.74s
case_115 seed=0 mode=rFuzzy0.25: L=2048 finish=length l_bar=2.087 L/l_bar=981.1 final_ch=False wall=14.52s
case_116 seed=0 mode=rFuzzy0.25: L=2048 finish=length l_bar=2.275 L/l_bar=900.1 final_ch=False wall=14.01s
case_117 seed=0 mode=rFuzzy0.25: L=434 finish=stop l_bar=1.46 L/l_bar=297.2 final_ch=False wall=3.61s
case_118 seed=0 mode=rFuzzy0.25: L=349 finish=stop l_bar=1.734 L/l_bar=201.2 final_ch=False wall=2.73s
case_119 seed=0 mode=rFuzzy0.25: L=308 finish=stop l_bar=1.971 L/l_bar=156.3 final_ch=False wall=2.31s
case_120 seed=0 mode=rFuzzy0.25: L=2048 finish=length l_bar=2.36 L/l_bar=867.8 final_ch=False wall=13.97s
case_121 seed=0 mode=rFuzzy0.25: L=194 finish=stop l_bar=1.644 L/l_bar=118.0 final_ch=False wall=1.55s
case_122 seed=0 mode=rFuzzy0.25: L=201 finish=stop l_bar=2.333 L/l_bar=86.1 final_ch=False wall=1.41s
case_123 seed=0 mode=rFuzzy0.25: L=2048 finish=length l_bar=2.234 L/l_bar=916.8 final_ch=False wall=14.34s
case_124 seed=0 mode=rFuzzy0.25: L=580 finish=stop l_bar=1.811 L/l_bar=320.3 final_ch=False wall=4.44s
case_125 seed=0 mode=rFuzzy0.25: L=1988 finish=stop l_bar=1.817 L/l_bar=1093.9 final_ch=False wall=15.00s
case_126 seed=0 mode=rFuzzy0.25: L=1941 finish=stop l_bar=2.114 L/l_bar=918.2 final_ch=False wall=13.66s
case_127 seed=0 mode=rFuzzy0.25: L=1208 finish=stop l_bar=2.056 L/l_bar=587.6 final_ch=False wall=8.63s
case_128 seed=0 mode=rFuzzy0.25: L=914 finish=stop l_bar=2.188 L/l_bar=417.7 final_ch=False wall=6.45s
case_129 seed=0 mode=rFuzzy0.25: L=235 finish=stop l_bar=1.753 L/l_bar=134.1 final_ch=False wall=1.82s
case_130 seed=0 mode=rFuzzy0.25: L=2048 finish=length l_bar=2.556 L/l_bar=801.4 final_ch=False wall=13.48s
case_131 seed=0 mode=rFuzzy0.25: L=1014 finish=stop l_bar=1.911 L/l_bar=530.6 final_ch=False wall=7.55s
case_132 seed=0 mode=rFuzzy0.25: L=1732 finish=stop l_bar=2.435 L/l_bar=711.4 final_ch=False wall=11.50s
case_133 seed=0 mode=rFuzzy0.25: L=922 finish=stop l_bar=1.869 L/l_bar=493.3 final_ch=False wall=6.88s
case_134 seed=0 mode=rFuzzy0.25: L=889 finish=stop l_bar=1.902 L/l_bar=467.4 final_ch=False wall=6.59s
case_135 seed=0 mode=rFuzzy0.25: L=161 finish=stop l_bar=1.7 L/l_bar=94.7 final_ch=False wall=1.31s
case_136 seed=0 mode=rFuzzy0.25: L=1455 finish=stop l_bar=2.098 L/l_bar=693.6 final_ch=False wall=10.32s
case_137 seed=0 mode=rFuzzy0.25: L=179 finish=stop l_bar=1.609 L/l_bar=111.3 final_ch=False wall=1.47s
case_138 seed=0 mode=rFuzzy0.25: L=2048 finish=length l_bar=2.435 L/l_bar=841.2 final_ch=False wall=13.67s
case_139 seed=0 mode=rFuzzy0.25: L=434 finish=stop l_bar=1.794 L/l_bar=242.0 final_ch=False wall=3.37s
case_140 seed=0 mode=rFuzzy0.25: L=2048 finish=length l_bar=2.52 L/l_bar=812.8 final_ch=False wall=13.67s
case_141 seed=0 mode=rFuzzy0.25: L=1836 finish=stop l_bar=1.964 L/l_bar=934.6 final_ch=False wall=13.85s
case_142 seed=0 mode=rFuzzy0.25: L=1479 finish=stop l_bar=2.004 L/l_bar=738.0 final_ch=False wall=10.83s
case_143 seed=0 mode=rFuzzy0.25: L=409 finish=stop l_bar=1.808 L/l_bar=226.2 final_ch=False wall=3.18s
case_144 seed=0 mode=rFuzzy0.25: L=326 finish=stop l_bar=2.303 L/l_bar=141.6 final_ch=False wall=2.26s
case_145 seed=0 mode=rFuzzy0.25: L=2048 finish=length l_bar=2.128 L/l_bar=962.3 final_ch=False wall=14.50s
case_146 seed=0 mode=rFuzzy0.25: L=2048 finish=length l_bar=2.305 L/l_bar=888.6 final_ch=False wall=13.95s
case_147 seed=0 mode=rFuzzy0.25: L=237 finish=stop l_bar=1.744 L/l_bar=135.9 final_ch=False wall=1.86s
case_148 seed=0 mode=rFuzzy0.25: L=482 finish=stop l_bar=1.764 L/l_bar=273.2 final_ch=False wall=3.71s
case_149 seed=0 mode=rFuzzy0.25: L=957 finish=stop l_bar=2.045 L/l_bar=468.1 final_ch=False wall=6.92s
case_150 seed=0 mode=rFuzzy0.25: L=975 finish=stop l_bar=1.783 L/l_bar=546.9 final_ch=False wall=7.66s
[1/1] ok in 920s for 100 case(s)

wrote /home/chiatzen/lossy-token-eff/runs/gsm8k_qwen3/persistent_arm_replay.json; 1/1 group(s) ok, 100 case(s) attempted
1 server(s) (one per arm/seed), 100 case(s) total

[1/1] arm=spec_casc_tok seed=0 -> 100 case(s), one server -> /home/chiatzen/lossy-token-eff/logs/campaign_gsm8k_qwen3_extend50_reuse/specCascTok0.55_batch_20260829T035828Z.log
case_051 seed=0 mode=specCascTok0.55: L=1093 finish=stop l_bar=1.487 L/l_bar=734.8 final_ch=False wall=8.12s
case_052 seed=0 mode=specCascTok0.55: L=764 finish=stop l_bar=1.415 L/l_bar=540.1 final_ch=False wall=6.45s
case_053 seed=0 mode=specCascTok0.55: L=1424 finish=stop l_bar=1.616 L/l_bar=881.3 final_ch=False wall=11.36s
case_054 seed=0 mode=specCascTok0.55: L=1022 finish=stop l_bar=1.638 L/l_bar=623.8 final_ch=False wall=8.12s
case_055 seed=0 mode=specCascTok0.55: L=1657 finish=stop l_bar=1.483 L/l_bar=1117.5 final_ch=False wall=13.71s
case_056 seed=0 mode=specCascTok0.55: L=383 finish=stop l_bar=1.53 L/l_bar=250.4 final_ch=False wall=3.13s
case_057 seed=0 mode=specCascTok0.55: L=641 finish=stop l_bar=1.471 L/l_bar=435.7 final_ch=False wall=5.34s
case_058 seed=0 mode=specCascTok0.55: L=1905 finish=stop l_bar=1.626 L/l_bar=1171.4 final_ch=False wall=15.10s
case_059 seed=0 mode=specCascTok0.55: L=2048 finish=length l_bar=1.981 L/l_bar=1033.8 final_ch=False wall=14.92s
case_060 seed=0 mode=specCascTok0.55: L=669 finish=stop l_bar=1.557 L/l_bar=429.6 final_ch=False wall=5.42s
case_061 seed=0 mode=specCascTok0.55: L=2048 finish=length l_bar=1.456 L/l_bar=1406.9 final_ch=False wall=16.98s
case_062 seed=0 mode=specCascTok0.55: L=1033 finish=stop l_bar=1.613 L/l_bar=640.6 final_ch=False wall=8.26s
case_063 seed=0 mode=specCascTok0.55: L=2048 finish=length l_bar=1.681 L/l_bar=1218.6 final_ch=False wall=16.07s
case_064 seed=0 mode=specCascTok0.55: L=1199 finish=stop l_bar=1.656 L/l_bar=723.9 final_ch=False wall=9.47s
case_065 seed=0 mode=specCascTok0.55: L=1137 finish=stop l_bar=1.406 L/l_bar=808.7 final_ch=False wall=9.61s
case_066 seed=0 mode=specCascTok0.55: L=1506 finish=stop l_bar=1.517 L/l_bar=992.9 final_ch=False wall=12.32s
case_067 seed=0 mode=specCascTok0.55: L=1278 finish=stop l_bar=1.33 L/l_bar=960.7 final_ch=False wall=11.03s
case_068 seed=0 mode=specCascTok0.55: L=1172 finish=stop l_bar=1.801 L/l_bar=650.6 final_ch=False wall=8.87s
case_069 seed=0 mode=specCascTok0.55: L=1072 finish=stop l_bar=1.767 L/l_bar=606.5 final_ch=False wall=8.17s
case_070 seed=0 mode=specCascTok0.55: L=619 finish=stop l_bar=1.315 L/l_bar=470.9 final_ch=False wall=5.36s
case_071 seed=0 mode=specCascTok0.55: L=2048 finish=length l_bar=1.36 L/l_bar=1505.7 final_ch=False wall=17.55s
case_072 seed=0 mode=specCascTok0.55: L=407 finish=stop l_bar=1.599 L/l_bar=254.6 final_ch=False wall=3.30s
case_073 seed=0 mode=specCascTok0.55: L=628 finish=stop l_bar=1.623 L/l_bar=386.8 final_ch=False wall=5.01s
case_074 seed=0 mode=specCascTok0.55: L=2048 finish=length l_bar=1.525 L/l_bar=1342.8 final_ch=False wall=17.05s
case_075 seed=0 mode=specCascTok0.55: L=1155 finish=stop l_bar=1.835 L/l_bar=629.3 final_ch=False wall=9.05s
case_076 seed=0 mode=specCascTok0.55: L=1407 finish=stop l_bar=1.693 L/l_bar=830.8 final_ch=False wall=11.33s
case_077 seed=0 mode=specCascTok0.55: L=1541 finish=stop l_bar=1.857 L/l_bar=829.8 final_ch=False wall=11.52s
case_078 seed=0 mode=specCascTok0.55: L=765 finish=stop l_bar=1.59 L/l_bar=481.2 final_ch=False wall=6.17s
case_079 seed=0 mode=specCascTok0.55: L=2048 finish=length l_bar=1.425 L/l_bar=1436.8 final_ch=False wall=17.17s
case_080 seed=0 mode=specCascTok0.55: L=504 finish=stop l_bar=1.502 L/l_bar=335.4 final_ch=False wall=4.18s
case_081 seed=0 mode=specCascTok0.55: L=1386 finish=stop l_bar=1.537 L/l_bar=902.0 final_ch=False wall=11.26s
case_082 seed=0 mode=specCascTok0.55: L=714 finish=stop l_bar=1.612 L/l_bar=443.0 final_ch=False wall=5.72s
case_083 seed=0 mode=specCascTok0.55: L=731 finish=stop l_bar=1.607 L/l_bar=454.8 final_ch=False wall=5.84s
case_084 seed=0 mode=specCascTok0.55: L=584 finish=stop l_bar=1.712 L/l_bar=341.2 final_ch=False wall=4.56s
case_085 seed=0 mode=specCascTok0.55: L=1164 finish=stop l_bar=1.418 L/l_bar=820.9 final_ch=False wall=10.07s
case_086 seed=0 mode=specCascTok0.55: L=2048 finish=length l_bar=1.528 L/l_bar=1340.0 final_ch=False wall=17.24s
case_087 seed=0 mode=specCascTok0.55: L=2048 finish=length l_bar=1.924 L/l_bar=1064.3 final_ch=False wall=15.72s
case_088 seed=0 mode=specCascTok0.55: L=2048 finish=length l_bar=1.913 L/l_bar=1070.4 final_ch=False wall=15.68s
case_089 seed=0 mode=specCascTok0.55: L=864 finish=stop l_bar=1.615 L/l_bar=534.9 final_ch=False wall=6.88s
case_090 seed=0 mode=specCascTok0.55: L=1711 finish=stop l_bar=1.619 L/l_bar=1057.0 final_ch=False wall=13.66s
case_091 seed=0 mode=specCascTok0.55: L=505 finish=stop l_bar=1.447 L/l_bar=349.1 final_ch=False wall=4.23s
case_092 seed=0 mode=specCascTok0.55: L=930 finish=stop l_bar=1.581 L/l_bar=588.4 final_ch=False wall=7.53s
case_093 seed=0 mode=specCascTok0.55: L=865 finish=stop l_bar=1.626 L/l_bar=531.9 final_ch=False wall=7.03s
case_094 seed=0 mode=specCascTok0.55: L=2048 finish=length l_bar=1.639 L/l_bar=1249.4 final_ch=False wall=16.90s
case_095 seed=0 mode=specCascTok0.55: L=1370 finish=stop l_bar=1.957 L/l_bar=700.1 final_ch=False wall=10.34s
case_096 seed=0 mode=specCascTok0.55: L=970 finish=stop l_bar=1.782 L/l_bar=544.3 final_ch=False wall=7.44s
case_097 seed=0 mode=specCascTok0.55: L=581 finish=stop l_bar=1.189 L/l_bar=488.8 final_ch=False wall=5.36s
case_098 seed=0 mode=specCascTok0.55: L=1973 finish=stop l_bar=1.489 L/l_bar=1324.8 final_ch=False wall=16.37s
case_099 seed=0 mode=specCascTok0.55: L=2048 finish=length l_bar=1.875 L/l_bar=1092.2 final_ch=False wall=15.98s
case_100 seed=0 mode=specCascTok0.55: L=1130 finish=stop l_bar=1.397 L/l_bar=808.9 final_ch=False wall=11.62s
case_101 seed=0 mode=specCascTok0.55: L=2048 finish=length l_bar=1.628 L/l_bar=1258.2 final_ch=False wall=18.14s
case_102 seed=0 mode=specCascTok0.55: L=612 finish=stop l_bar=1.578 L/l_bar=387.8 final_ch=False wall=5.76s
case_103 seed=0 mode=specCascTok0.55: L=1015 finish=stop l_bar=1.315 L/l_bar=771.8 final_ch=False wall=10.31s
case_104 seed=0 mode=specCascTok0.55: L=1306 finish=stop l_bar=1.48 L/l_bar=882.4 final_ch=False wall=10.89s
case_105 seed=0 mode=specCascTok0.55: L=1694 finish=stop l_bar=1.67 L/l_bar=1014.2 final_ch=False wall=13.30s
case_106 seed=0 mode=specCascTok0.55: L=1001 finish=stop l_bar=1.101 L/l_bar=909.3 final_ch=False wall=9.30s
case_107 seed=0 mode=specCascTok0.55: L=2048 finish=length l_bar=1.369 L/l_bar=1495.7 final_ch=False wall=17.55s
case_108 seed=0 mode=specCascTok0.55: L=913 finish=stop l_bar=1.659 L/l_bar=550.4 final_ch=False wall=7.26s
case_109 seed=0 mode=specCascTok0.55: L=995 finish=stop l_bar=1.701 L/l_bar=584.9 final_ch=False wall=7.89s
case_110 seed=0 mode=specCascTok0.55: L=483 finish=stop l_bar=1.634 L/l_bar=295.6 final_ch=False wall=3.92s
case_111 seed=0 mode=specCascTok0.55: L=1813 finish=stop l_bar=1.375 L/l_bar=1318.7 final_ch=False wall=15.53s
case_112 seed=0 mode=specCascTok0.55: L=2048 finish=length l_bar=1.576 L/l_bar=1299.4 final_ch=False wall=16.54s
case_113 seed=0 mode=specCascTok0.55: L=2048 finish=length l_bar=1.521 L/l_bar=1346.5 final_ch=False wall=16.87s
case_114 seed=0 mode=specCascTok0.55: L=533 finish=stop l_bar=1.313 L/l_bar=405.9 final_ch=False wall=4.65s
case_115 seed=0 mode=specCascTok0.55: L=2048 finish=length l_bar=1.605 L/l_bar=1276.1 final_ch=False wall=16.60s
case_116 seed=0 mode=specCascTok0.55: L=2048 finish=length l_bar=1.614 L/l_bar=1268.7 final_ch=False wall=16.41s
case_117 seed=0 mode=specCascTok0.55: L=2048 finish=length l_bar=1.501 L/l_bar=1364.8 final_ch=False wall=17.04s
case_118 seed=0 mode=specCascTok0.55: L=526 finish=stop l_bar=1.376 L/l_bar=382.4 final_ch=False wall=4.60s
case_119 seed=0 mode=specCascTok0.55: L=976 finish=stop l_bar=1.559 L/l_bar=626.0 final_ch=False wall=7.93s
case_120 seed=0 mode=specCascTok0.55: L=2048 finish=length l_bar=1.811 L/l_bar=1131.1 final_ch=False wall=15.61s
case_121 seed=0 mode=specCascTok0.55: L=1508 finish=stop l_bar=1.27 L/l_bar=1187.8 final_ch=False wall=13.36s
case_122 seed=0 mode=specCascTok0.55: L=821 finish=stop l_bar=1.654 L/l_bar=496.5 final_ch=False wall=6.55s
case_123 seed=0 mode=specCascTok0.55: L=2048 finish=length l_bar=1.686 L/l_bar=1214.5 final_ch=False wall=16.30s
case_124 seed=0 mode=specCascTok0.55: L=707 finish=stop l_bar=1.486 L/l_bar=475.8 final_ch=False wall=6.17s
case_125 seed=0 mode=specCascTok0.55: L=869 finish=stop l_bar=1.284 L/l_bar=676.7 final_ch=False wall=7.70s
case_126 seed=0 mode=specCascTok0.55: L=923 finish=stop l_bar=1.389 L/l_bar=664.7 final_ch=False wall=7.91s
case_127 seed=0 mode=specCascTok0.55: L=601 finish=stop l_bar=1.885 L/l_bar=318.9 final_ch=False wall=4.89s
