=== campaign_all_qwen3.sh starting 2026-08-20T20:39:27Z ===

free space check before gsm8k_qwen3: 7G
########## dataset=gsm8k_qwen3 started 2026-08-20T20:39:27Z ##########
=== campaign_run: dataset=gsm8k_qwen3 methods=['mentored_dec', 'cactus', 'spec_casc_opt', 'r_fuzzy', 'spec_casc_tok'] probe_cases=['case_001', 'case_002', 'case_003'] full_cases=12 max_new_tokens=2048 model=qwen3-8b (Qwen/Qwen3-8B + RedHatAI/Qwen3-8B-speculator.eagle3) ===
$ /home/chiatzen/lossy-token-eff/.venv-vllm/bin/python /home/chiatzen/lossy-token-eff/scripts/fresh_server_replay.py --arms strict --cases case_001 case_002 case_003 case_004 case_005 case_006 case_007 case_008 case_009 case_010 case_011 case_012 --prompt-root /home/chiatzen/lossy-token-eff/prompts/gsm8k_qwen3 --runs-root /home/chiatzen/lossy-token-eff/runs --log-root /home/chiatzen/lossy-token-eff/logs/campaign_gsm8k_qwen3 --max-new-tokens 2048 --port 30000 --model-path Qwen/Qwen3-8B --draft-model-path RedHatAI/Qwen3-8B-speculator.eagle3 --served-model-name qwen3-8b --rope-scaling-json {"rope_type":"yarn","factor":1.6,"original_max_position_embeddings":40960}
12 run(s), one fresh server each

[1/12] case_001 seed=0 arm=strict -> /home/chiatzen/lossy-token-eff/logs/campaign_gsm8k_qwen3/strict_case_001_seed0_20260820T203927Z.log
case_001 seed=0 mode=strict: L=595 finish=stop l_bar=1.311 L/l_bar=453.8 final_ch=False wall=3.48s
[1/12] ok in 91s

[2/12] case_002 seed=0 arm=strict -> /home/chiatzen/lossy-token-eff/logs/campaign_gsm8k_qwen3/strict_case_002_seed0_20260820T204058Z.log
case_002 seed=0 mode=strict: L=444 finish=stop l_bar=1.13 L/l_bar=393.0 final_ch=False wall=2.83s
[2/12] ok in 88s

[3/12] case_003 seed=0 arm=strict -> /home/chiatzen/lossy-token-eff/logs/campaign_gsm8k_qwen3/strict_case_003_seed0_20260820T204225Z.log
case_003 seed=0 mode=strict: L=2048 finish=length l_bar=1.863 L/l_bar=1099.3 final_ch=False wall=9.63s
[3/12] ok in 96s

[4/12] case_004 seed=0 arm=strict -> /home/chiatzen/lossy-token-eff/logs/campaign_gsm8k_qwen3/strict_case_004_seed0_20260820T204402Z.log
case_004 seed=0 mode=strict: L=720 finish=stop l_bar=1.497 L/l_bar=481.1 final_ch=False wall=3.91s
[4/12] ok in 89s

[5/12] case_005 seed=0 arm=strict -> /home/chiatzen/lossy-token-eff/logs/campaign_gsm8k_qwen3/strict_case_005_seed0_20260820T204530Z.log
case_005 seed=0 mode=strict: L=1334 finish=stop l_bar=1.469 L/l_bar=908.4 final_ch=False wall=7.28s
[5/12] ok in 94s

[6/12] case_006 seed=0 arm=strict -> /home/chiatzen/lossy-token-eff/logs/campaign_gsm8k_qwen3/strict_case_006_seed0_20260820T204705Z.log
case_006 seed=0 mode=strict: L=1381 finish=stop l_bar=1.359 L/l_bar=1016.2 final_ch=False wall=7.88s
[6/12] ok in 92s

[7/12] case_007 seed=0 arm=strict -> /home/chiatzen/lossy-token-eff/logs/campaign_gsm8k_qwen3/strict_case_007_seed0_20260820T204837Z.log
case_007 seed=0 mode=strict: L=953 finish=stop l_bar=1.391 L/l_bar=685.1 final_ch=False wall=5.39s
[7/12] ok in 90s

[8/12] case_008 seed=0 arm=strict -> /home/chiatzen/lossy-token-eff/logs/campaign_gsm8k_qwen3/strict_case_008_seed0_20260820T205007Z.log
case_008 seed=0 mode=strict: L=2048 finish=length l_bar=1.695 L/l_bar=1208.4 final_ch=False wall=10.25s
[8/12] ok in 95s

[9/12] case_009 seed=0 arm=strict -> /home/chiatzen/lossy-token-eff/logs/campaign_gsm8k_qwen3/strict_case_009_seed0_20260820T205142Z.log
case_009 seed=0 mode=strict: L=2048 finish=length l_bar=1.555 L/l_bar=1317.2 final_ch=False wall=10.82s
[9/12] ok in 96s

[10/12] case_010 seed=0 arm=strict -> /home/chiatzen/lossy-token-eff/logs/campaign_gsm8k_qwen3/strict_case_010_seed0_20260820T205317Z.log
case_010 seed=0 mode=strict: L=612 finish=stop l_bar=1.484 L/l_bar=412.5 final_ch=False wall=3.35s
[10/12] ok in 90s

[11/12] case_011 seed=0 arm=strict -> /home/chiatzen/lossy-token-eff/logs/campaign_gsm8k_qwen3/strict_case_011_seed0_20260820T205447Z.log
case_011 seed=0 mode=strict: L=889 finish=stop l_bar=1.732 L/l_bar=513.2 final_ch=False wall=4.41s
[11/12] ok in 89s

[12/12] case_012 seed=0 arm=strict -> /home/chiatzen/lossy-token-eff/logs/campaign_gsm8k_qwen3/strict_case_012_seed0_20260820T205616Z.log
case_012 seed=0 mode=strict: L=1206 finish=stop l_bar=1.526 L/l_bar=790.2 final_ch=False wall=6.44s
[12/12] ok in 93s

wrote /home/chiatzen/lossy-token-eff/runs/gsm8k_qwen3/fresh_server_replay.json; 12/12 ok
$ /home/chiatzen/lossy-token-eff/.venv-vllm/bin/python /home/chiatzen/lossy-token-eff/scripts/fresh_server_replay.py --arms mentored_dec --cases case_001 case_002 case_003 --mentored-dec-alpha 0.15 --prompt-root /home/chiatzen/lossy-token-eff/prompts/gsm8k_qwen3 --runs-root /home/chiatzen/lossy-token-eff/runs --log-root /home/chiatzen/lossy-token-eff/logs/campaign_gsm8k_qwen3 --max-new-tokens 2048 --port 30000 --model-path Qwen/Qwen3-8B --draft-model-path RedHatAI/Qwen3-8B-speculator.eagle3 --served-model-name qwen3-8b --rope-scaling-json {"rope_type":"yarn","factor":1.6,"original_max_position_embeddings":40960}
3 run(s), one fresh server each

[1/3] case_001 seed=0 arm=mentored_dec -> /home/chiatzen/lossy-token-eff/logs/campaign_gsm8k_qwen3/mentoredDec0.15_case_001_seed0_20260820T205749Z.log
case_001 seed=0 mode=mentoredDec0.15: L=1336 finish=stop l_bar=1.509 L/l_bar=885.1 final_ch=False wall=7.17s
[1/3] ok in 100s

[2/3] case_002 seed=0 arm=mentored_dec -> /home/chiatzen/lossy-token-eff/logs/campaign_gsm8k_qwen3/mentoredDec0.15_case_002_seed0_20260820T205928Z.log
case_002 seed=0 mode=mentoredDec0.15: L=454 finish=stop l_bar=1.157 L/l_bar=392.3 final_ch=False wall=2.86s
[2/3] ok in 95s

[3/3] case_003 seed=0 arm=mentored_dec -> /home/chiatzen/lossy-token-eff/logs/campaign_gsm8k_qwen3/mentoredDec0.15_case_003_seed0_20260820T210104Z.log
case_003 seed=0 mode=mentoredDec0.15: L=2048 finish=length l_bar=1.876 L/l_bar=1091.4 final_ch=False wall=9.59s
[3/3] ok in 102s

wrote /home/chiatzen/lossy-token-eff/runs/gsm8k_qwen3/fresh_server_replay.json; 3/3 ok
$ /home/chiatzen/lossy-token-eff/.venv-vllm/bin/python /home/chiatzen/lossy-token-eff/scripts/fresh_server_replay.py --arms mentored_dec --cases case_001 case_002 case_003 --mentored-dec-alpha 0.35 --prompt-root /home/chiatzen/lossy-token-eff/prompts/gsm8k_qwen3 --runs-root /home/chiatzen/lossy-token-eff/runs --log-root /home/chiatzen/lossy-token-eff/logs/campaign_gsm8k_qwen3 --max-new-tokens 2048 --port 30000 --model-path Qwen/Qwen3-8B --draft-model-path RedHatAI/Qwen3-8B-speculator.eagle3 --served-model-name qwen3-8b --rope-scaling-json {"rope_type":"yarn","factor":1.6,"original_max_position_embeddings":40960}
3 run(s), one fresh server each

[1/3] case_001 seed=0 arm=mentored_dec -> /home/chiatzen/lossy-token-eff/logs/campaign_gsm8k_qwen3/mentoredDec0.35_case_001_seed0_20260820T210246Z.log
case_001 seed=0 mode=mentoredDec0.35: L=945 finish=stop l_bar=1.258 L/l_bar=751.0 final_ch=False wall=5.64s
[1/3] ok in 100s

[2/3] case_002 seed=0 arm=mentored_dec -> /home/chiatzen/lossy-token-eff/logs/campaign_gsm8k_qwen3/mentoredDec0.35_case_002_seed0_20260820T210426Z.log
case_002 seed=0 mode=mentoredDec0.35: L=581 finish=stop l_bar=1.222 L/l_bar=475.4 final_ch=False wall=3.54s
[2/3] ok in 96s

[3/3] case_003 seed=0 arm=mentored_dec -> /home/chiatzen/lossy-token-eff/logs/campaign_gsm8k_qwen3/mentoredDec0.35_case_003_seed0_20260820T210603Z.log
case_003 seed=0 mode=mentoredDec0.35: L=2048 finish=length l_bar=1.816 L/l_bar=1128.0 final_ch=False wall=9.79s
[3/3] ok in 102s

wrote /home/chiatzen/lossy-token-eff/runs/gsm8k_qwen3/fresh_server_replay.json; 3/3 ok
$ /home/chiatzen/lossy-token-eff/.venv-vllm/bin/python /home/chiatzen/lossy-token-eff/scripts/fresh_server_replay.py --arms mentored_dec --cases case_001 case_002 case_003 --mentored-dec-alpha 0.55 --prompt-root /home/chiatzen/lossy-token-eff/prompts/gsm8k_qwen3 --runs-root /home/chiatzen/lossy-token-eff/runs --log-root /home/chiatzen/lossy-token-eff/logs/campaign_gsm8k_qwen3 --max-new-tokens 2048 --port 30000 --model-path Qwen/Qwen3-8B --draft-model-path RedHatAI/Qwen3-8B-speculator.eagle3 --served-model-name qwen3-8b --rope-scaling-json {"rope_type":"yarn","factor":1.6,"original_max_position_embeddings":40960}
3 run(s), one fresh server each

[1/3] case_001 seed=0 arm=mentored_dec -> /home/chiatzen/lossy-token-eff/logs/campaign_gsm8k_qwen3/mentoredDec0.55_case_001_seed0_20260820T210745Z.log
case_001 seed=0 mode=mentoredDec0.55: L=828 finish=stop l_bar=1.383 L/l_bar=598.6 final_ch=False wall=4.68s
[1/3] ok in 97s

[2/3] case_002 seed=0 arm=mentored_dec -> /home/chiatzen/lossy-token-eff/logs/campaign_gsm8k_qwen3/mentoredDec0.55_case_002_seed0_20260820T210922Z.log
case_002 seed=0 mode=mentoredDec0.55: L=572 finish=stop l_bar=1.302 L/l_bar=439.2 final_ch=False wall=3.36s
[2/3] ok in 96s

[3/3] case_003 seed=0 arm=mentored_dec -> /home/chiatzen/lossy-token-eff/logs/campaign_gsm8k_qwen3/mentoredDec0.55_case_003_seed0_20260820T211058Z.log
case_003 seed=0 mode=mentoredDec0.55: L=2048 finish=length l_bar=1.967 L/l_bar=1041.4 final_ch=False wall=9.30s
[3/3] ok in 102s

wrote /home/chiatzen/lossy-token-eff/runs/gsm8k_qwen3/fresh_server_replay.json; 3/3 ok
$ /home/chiatzen/lossy-token-eff/.venv-vllm/bin/python /home/chiatzen/lossy-token-eff/scripts/fresh_server_replay.py --arms mentored_dec --cases case_001 case_002 case_003 --mentored-dec-alpha 0.75 --prompt-root /home/chiatzen/lossy-token-eff/prompts/gsm8k_qwen3 --runs-root /home/chiatzen/lossy-token-eff/runs --log-root /home/chiatzen/lossy-token-eff/logs/campaign_gsm8k_qwen3 --max-new-tokens 2048 --port 30000 --model-path Qwen/Qwen3-8B --draft-model-path RedHatAI/Qwen3-8B-speculator.eagle3 --served-model-name qwen3-8b --rope-scaling-json {"rope_type":"yarn","factor":1.6,"original_max_position_embeddings":40960}
3 run(s), one fresh server each

[1/3] case_001 seed=0 arm=mentored_dec -> /home/chiatzen/lossy-token-eff/logs/campaign_gsm8k_qwen3/mentoredDec0.75_case_001_seed0_20260820T211240Z.log
case_001 seed=0 mode=mentoredDec0.75: L=944 finish=stop l_bar=1.501 L/l_bar=628.8 final_ch=False wall=5.10s
[1/3] ok in 98s

[2/3] case_002 seed=0 arm=mentored_dec -> /home/chiatzen/lossy-token-eff/logs/campaign_gsm8k_qwen3/mentoredDec0.75_case_002_seed0_20260820T211418Z.log
case_002 seed=0 mode=mentoredDec0.75: L=438 finish=stop l_bar=1.483 L/l_bar=295.4 final_ch=False wall=2.40s
[2/3] ok in 96s

[3/3] case_003 seed=0 arm=mentored_dec -> /home/chiatzen/lossy-token-eff/logs/campaign_gsm8k_qwen3/mentoredDec0.75_case_003_seed0_20260820T211554Z.log
case_003 seed=0 mode=mentoredDec0.75: L=2048 finish=length l_bar=2.046 L/l_bar=1000.9 final_ch=False wall=9.08s
[3/3] ok in 102s

wrote /home/chiatzen/lossy-token-eff/runs/gsm8k_qwen3/fresh_server_replay.json; 3/3 ok
$ /home/chiatzen/lossy-token-eff/.venv-vllm/bin/python /home/chiatzen/lossy-token-eff/scripts/fresh_server_replay.py --arms cactus --cases case_001 case_002 case_003 --cactus-alpha 0.03 --prompt-root /home/chiatzen/lossy-token-eff/prompts/gsm8k_qwen3 --runs-root /home/chiatzen/lossy-token-eff/runs --log-root /home/chiatzen/lossy-token-eff/logs/campaign_gsm8k_qwen3 --max-new-tokens 2048 --port 30000 --model-path Qwen/Qwen3-8B --draft-model-path RedHatAI/Qwen3-8B-speculator.eagle3 --served-model-name qwen3-8b --rope-scaling-json {"rope_type":"yarn","factor":1.6,"original_max_position_embeddings":40960}
3 run(s), one fresh server each

[1/3] case_001 seed=0 arm=cactus -> /home/chiatzen/lossy-token-eff/logs/campaign_gsm8k_qwen3/cactus0.03_case_001_seed0_20260820T211736Z.log
case_001 seed=0 mode=cactus0.03: L=724 finish=stop l_bar=1.332 L/l_bar=543.4 final_ch=False wall=4.20s
[1/3] ok in 94s

[2/3] case_002 seed=0 arm=cactus -> /home/chiatzen/lossy-token-eff/logs/campaign_gsm8k_qwen3/cactus0.03_case_002_seed0_20260820T211910Z.log
case_002 seed=0 mode=cactus0.03: L=484 finish=stop l_bar=1.118 L/l_bar=432.8 final_ch=False wall=3.10s
[2/3] ok in 95s

[3/3] case_003 seed=0 arm=cactus -> /home/chiatzen/lossy-token-eff/logs/campaign_gsm8k_qwen3/cactus0.03_case_003_seed0_20260820T212045Z.log
case_003 seed=0 mode=cactus0.03: L=2048 finish=length l_bar=1.842 L/l_bar=1111.9 final_ch=False wall=9.71s
[3/3] ok in 100s

wrote /home/chiatzen/lossy-token-eff/runs/gsm8k_qwen3/fresh_server_replay.json; 3/3 ok
$ /home/chiatzen/lossy-token-eff/.venv-vllm/bin/python /home/chiatzen/lossy-token-eff/scripts/fresh_server_replay.py --arms cactus --cases case_001 case_002 case_003 --cactus-alpha 0.08 --prompt-root /home/chiatzen/lossy-token-eff/prompts/gsm8k_qwen3 --runs-root /home/chiatzen/lossy-token-eff/runs --log-root /home/chiatzen/lossy-token-eff/logs/campaign_gsm8k_qwen3 --max-new-tokens 2048 --port 30000 --model-path Qwen/Qwen3-8B --draft-model-path RedHatAI/Qwen3-8B-speculator.eagle3 --served-model-name qwen3-8b --rope-scaling-json {"rope_type":"yarn","factor":1.6,"original_max_position_embeddings":40960}
3 run(s), one fresh server each

[1/3] case_001 seed=0 arm=cactus -> /home/chiatzen/lossy-token-eff/logs/campaign_gsm8k_qwen3/cactus0.08_case_001_seed0_20260820T212225Z.log
case_001 seed=0 mode=cactus0.08: L=1177 finish=stop l_bar=1.465 L/l_bar=803.2 final_ch=False wall=6.44s
[1/3] ok in 97s

[2/3] case_002 seed=0 arm=cactus -> /home/chiatzen/lossy-token-eff/logs/campaign_gsm8k_qwen3/cactus0.08_case_002_seed0_20260820T212402Z.log
case_002 seed=0 mode=cactus0.08: L=688 finish=stop l_bar=1.26 L/l_bar=546.1 final_ch=False wall=4.12s
[2/3] ok in 94s

[3/3] case_003 seed=0 arm=cactus -> /home/chiatzen/lossy-token-eff/logs/campaign_gsm8k_qwen3/cactus0.08_case_003_seed0_20260820T212536Z.log
case_003 seed=0 mode=cactus0.08: L=2048 finish=length l_bar=2.0 L/l_bar=1024.0 final_ch=False wall=9.23s
[3/3] ok in 101s

wrote /home/chiatzen/lossy-token-eff/runs/gsm8k_qwen3/fresh_server_replay.json; 3/3 ok
$ /home/chiatzen/lossy-token-eff/.venv-vllm/bin/python /home/chiatzen/lossy-token-eff/scripts/fresh_server_replay.py --arms cactus --cases case_001 case_002 case_003 --cactus-alpha 0.18 --prompt-root /home/chiatzen/lossy-token-eff/prompts/gsm8k_qwen3 --runs-root /home/chiatzen/lossy-token-eff/runs --log-root /home/chiatzen/lossy-token-eff/logs/campaign_gsm8k_qwen3 --max-new-tokens 2048 --port 30000 --model-path Qwen/Qwen3-8B --draft-model-path RedHatAI/Qwen3-8B-speculator.eagle3 --served-model-name qwen3-8b --rope-scaling-json {"rope_type":"yarn","factor":1.6,"original_max_position_embeddings":40960}
3 run(s), one fresh server each

[1/3] case_001 seed=0 arm=cactus -> /home/chiatzen/lossy-token-eff/logs/campaign_gsm8k_qwen3/cactus0.18_case_001_seed0_20260820T212717Z.log
case_001 seed=0 mode=cactus0.18: L=801 finish=stop l_bar=1.54 L/l_bar=520.2 final_ch=False wall=4.26s
[1/3] ok in 94s

[2/3] case_002 seed=0 arm=cactus -> /home/chiatzen/lossy-token-eff/logs/campaign_gsm8k_qwen3/cactus0.18_case_002_seed0_20260820T212852Z.log
case_002 seed=0 mode=cactus0.18: L=385 finish=stop l_bar=1.233 L/l_bar=312.4 final_ch=False wall=2.35s
[2/3] ok in 93s

[3/3] case_003 seed=0 arm=cactus -> /home/chiatzen/lossy-token-eff/logs/campaign_gsm8k_qwen3/cactus0.18_case_003_seed0_20260820T213024Z.log
case_003 seed=0 mode=cactus0.18: L=2048 finish=length l_bar=2.125 L/l_bar=963.7 final_ch=False wall=8.84s
[3/3] ok in 101s

wrote /home/chiatzen/lossy-token-eff/runs/gsm8k_qwen3/fresh_server_replay.json; 3/3 ok
$ /home/chiatzen/lossy-token-eff/.venv-vllm/bin/python /home/chiatzen/lossy-token-eff/scripts/fresh_server_replay.py --arms cactus --cases case_001 case_002 case_003 --cactus-alpha 0.35 --prompt-root /home/chiatzen/lossy-token-eff/prompts/gsm8k_qwen3 --runs-root /home/chiatzen/lossy-token-eff/runs --log-root /home/chiatzen/lossy-token-eff/logs/campaign_gsm8k_qwen3 --max-new-tokens 2048 --port 30000 --model-path Qwen/Qwen3-8B --draft-model-path RedHatAI/Qwen3-8B-speculator.eagle3 --served-model-name qwen3-8b --rope-scaling-json {"rope_type":"yarn","factor":1.6,"original_max_position_embeddings":40960}
3 run(s), one fresh server each

[1/3] case_001 seed=0 arm=cactus -> /home/chiatzen/lossy-token-eff/logs/campaign_gsm8k_qwen3/cactus0.35_case_001_seed0_20260820T213206Z.log
case_001 seed=0 mode=cactus0.35: L=566 finish=stop l_bar=1.394 L/l_bar=406.0 final_ch=False wall=3.20s
[1/3] ok in 96s

[2/3] case_002 seed=0 arm=cactus -> /home/chiatzen/lossy-token-eff/logs/campaign_gsm8k_qwen3/cactus0.35_case_002_seed0_20260820T213341Z.log
case_002 seed=0 mode=cactus0.35: L=494 finish=stop l_bar=1.325 L/l_bar=372.7 final_ch=False wall=2.88s
[2/3] ok in 94s

[3/3] case_003 seed=0 arm=cactus -> /home/chiatzen/lossy-token-eff/logs/campaign_gsm8k_qwen3/cactus0.35_case_003_seed0_20260820T213515Z.log
case_003 seed=0 mode=cactus0.35: L=2048 finish=length l_bar=2.33 L/l_bar=878.9 final_ch=False wall=8.30s
[3/3] ok in 99s

wrote /home/chiatzen/lossy-token-eff/runs/gsm8k_qwen3/fresh_server_replay.json; 3/3 ok
$ /home/chiatzen/lossy-token-eff/.venv-vllm/bin/python /home/chiatzen/lossy-token-eff/scripts/fresh_server_replay.py --arms spec_casc_opt --cases case_001 case_002 case_003 --spec-casc-opt-alpha -0.3 --prompt-root /home/chiatzen/lossy-token-eff/prompts/gsm8k_qwen3 --runs-root /home/chiatzen/lossy-token-eff/runs --log-root /home/chiatzen/lossy-token-eff/logs/campaign_gsm8k_qwen3 --max-new-tokens 2048 --port 30000 --model-path Qwen/Qwen3-8B --draft-model-path RedHatAI/Qwen3-8B-speculator.eagle3 --served-model-name qwen3-8b --rope-scaling-json {"rope_type":"yarn","factor":1.6,"original_max_position_embeddings":40960}
3 run(s), one fresh server each

[1/3] case_001 seed=0 arm=spec_casc_opt -> /home/chiatzen/lossy-token-eff/logs/campaign_gsm8k_qwen3/specCascOptneg0.3_case_001_seed0_20260820T213655Z.log
case_001 seed=0 mode=specCascOptneg0.3: L=824 finish=stop l_bar=1.255 L/l_bar=656.7 final_ch=False wall=4.93s
[1/3] ok in 94s

[2/3] case_002 seed=0 arm=spec_casc_opt -> /home/chiatzen/lossy-token-eff/logs/campaign_gsm8k_qwen3/specCascOptneg0.3_case_002_seed0_20260820T213828Z.log
case_002 seed=0 mode=specCascOptneg0.3: L=417 finish=stop l_bar=1.311 L/l_bar=318.1 final_ch=False wall=2.46s
[2/3] ok in 91s

[3/3] case_003 seed=0 arm=spec_casc_opt -> /home/chiatzen/lossy-token-eff/logs/campaign_gsm8k_qwen3/specCascOptneg0.3_case_003_seed0_20260820T213959Z.log
case_003 seed=0 mode=specCascOptneg0.3: L=1076 finish=stop l_bar=1.921 L/l_bar=560.1 final_ch=False wall=4.97s
[3/3] ok in 93s

wrote /home/chiatzen/lossy-token-eff/runs/gsm8k_qwen3/fresh_server_replay.json; 3/3 ok
$ /home/chiatzen/lossy-token-eff/.venv-vllm/bin/python /home/chiatzen/lossy-token-eff/scripts/fresh_server_replay.py --arms spec_casc_opt --cases case_001 case_002 case_003 --spec-casc-opt-alpha -0.1 --prompt-root /home/chiatzen/lossy-token-eff/prompts/gsm8k_qwen3 --runs-root /home/chiatzen/lossy-token-eff/runs --log-root /home/chiatzen/lossy-token-eff/logs/campaign_gsm8k_qwen3 --max-new-tokens 2048 --port 30000 --model-path Qwen/Qwen3-8B --draft-model-path RedHatAI/Qwen3-8B-speculator.eagle3 --served-model-name qwen3-8b --rope-scaling-json {"rope_type":"yarn","factor":1.6,"original_max_position_embeddings":40960}
3 run(s), one fresh server each

[1/3] case_001 seed=0 arm=spec_casc_opt -> /home/chiatzen/lossy-token-eff/logs/campaign_gsm8k_qwen3/specCascOptneg0.1_case_001_seed0_20260820T214133Z.log
case_001 seed=0 mode=specCascOptneg0.1: L=607 finish=stop l_bar=1.484 L/l_bar=409.1 final_ch=False wall=3.32s
[1/3] ok in 92s

[2/3] case_002 seed=0 arm=spec_casc_opt -> /home/chiatzen/lossy-token-eff/logs/campaign_gsm8k_qwen3/specCascOptneg0.1_case_002_seed0_20260820T214305Z.log
case_002 seed=0 mode=specCascOptneg0.1: L=381 finish=stop l_bar=1.468 L/l_bar=259.6 final_ch=False wall=2.11s
[2/3] ok in 89s

[3/3] case_003 seed=0 arm=spec_casc_opt -> /home/chiatzen/lossy-token-eff/logs/campaign_gsm8k_qwen3/specCascOptneg0.1_case_003_seed0_20260820T214434Z.log
case_003 seed=0 mode=specCascOptneg0.1: L=2048 finish=length l_bar=1.98 L/l_bar=1034.5 final_ch=False wall=9.25s
[3/3] ok in 98s

wrote /home/chiatzen/lossy-token-eff/runs/gsm8k_qwen3/fresh_server_replay.json; 3/3 ok
$ /home/chiatzen/lossy-token-eff/.venv-vllm/bin/python /home/chiatzen/lossy-token-eff/scripts/fresh_server_replay.py --arms spec_casc_opt --cases case_001 case_002 case_003 --spec-casc-opt-alpha -0.02 --prompt-root /home/chiatzen/lossy-token-eff/prompts/gsm8k_qwen3 --runs-root /home/chiatzen/lossy-token-eff/runs --log-root /home/chiatzen/lossy-token-eff/logs/campaign_gsm8k_qwen3 --max-new-tokens 2048 --port 30000 --model-path Qwen/Qwen3-8B --draft-model-path RedHatAI/Qwen3-8B-speculator.eagle3 --served-model-name qwen3-8b --rope-scaling-json {"rope_type":"yarn","factor":1.6,"original_max_position_embeddings":40960}
3 run(s), one fresh server each

[1/3] case_001 seed=0 arm=spec_casc_opt -> /home/chiatzen/lossy-token-eff/logs/campaign_gsm8k_qwen3/specCascOptneg0.02_case_001_seed0_20260820T214612Z.log
case_001 seed=0 mode=specCascOptneg0.02: L=536 finish=stop l_bar=1.41 L/l_bar=380.2 final_ch=False wall=3.02s
[1/3] ok in 92s

[2/3] case_002 seed=0 arm=spec_casc_opt -> /home/chiatzen/lossy-token-eff/logs/campaign_gsm8k_qwen3/specCascOptneg0.02_case_002_seed0_20260820T214744Z.log
case_002 seed=0 mode=specCascOptneg0.02: L=367 finish=stop l_bar=1.377 L/l_bar=266.6 final_ch=False wall=2.11s
[2/3] ok in 89s

[3/3] case_003 seed=0 arm=spec_casc_opt -> /home/chiatzen/lossy-token-eff/logs/campaign_gsm8k_qwen3/specCascOptneg0.02_case_003_seed0_20260820T214912Z.log
case_003 seed=0 mode=specCascOptneg0.02: L=2048 finish=length l_bar=2.081 L/l_bar=984.0 final_ch=False wall=8.97s
[3/3] ok in 96s

wrote /home/chiatzen/lossy-token-eff/runs/gsm8k_qwen3/fresh_server_replay.json; 3/3 ok
$ /home/chiatzen/lossy-token-eff/.venv-vllm/bin/python /home/chiatzen/lossy-token-eff/scripts/fresh_server_replay.py --arms spec_casc_opt --cases case_001 case_002 case_003 --spec-casc-opt-alpha 0.05 --prompt-root /home/chiatzen/lossy-token-eff/prompts/gsm8k_qwen3 --runs-root /home/chiatzen/lossy-token-eff/runs --log-root /home/chiatzen/lossy-token-eff/logs/campaign_gsm8k_qwen3 --max-new-tokens 2048 --port 30000 --model-path Qwen/Qwen3-8B --draft-model-path RedHatAI/Qwen3-8B-speculator.eagle3 --served-model-name qwen3-8b --rope-scaling-json {"rope_type":"yarn","factor":1.6,"original_max_position_embeddings":40960}
3 run(s), one fresh server each

[1/3] case_001 seed=0 arm=spec_casc_opt -> /home/chiatzen/lossy-token-eff/logs/campaign_gsm8k_qwen3/specCascOpt0.05_case_001_seed0_20260820T215048Z.log
case_001 seed=0 mode=specCascOpt0.05: L=469 finish=stop l_bar=1.425 L/l_bar=329.2 final_ch=False wall=2.63s
[1/3] ok in 90s

[2/3] case_002 seed=0 arm=spec_casc_opt -> /home/chiatzen/lossy-token-eff/logs/campaign_gsm8k_qwen3/specCascOpt0.05_case_002_seed0_20260820T215218Z.log
case_002 seed=0 mode=specCascOpt0.05: L=380 finish=stop l_bar=1.461 L/l_bar=260.1 final_ch=False wall=2.11s
[2/3] ok in 89s

[3/3] case_003 seed=0 arm=spec_casc_opt -> /home/chiatzen/lossy-token-eff/logs/campaign_gsm8k_qwen3/specCascOpt0.05_case_003_seed0_20260820T215347Z.log
case_003 seed=0 mode=specCascOpt0.05: L=2048 finish=length l_bar=2.83 L/l_bar=723.6 final_ch=False wall=7.23s
[3/3] ok in 94s

wrote /home/chiatzen/lossy-token-eff/runs/gsm8k_qwen3/fresh_server_replay.json; 3/3 ok
$ /home/chiatzen/lossy-token-eff/.venv-vllm/bin/python /home/chiatzen/lossy-token-eff/scripts/fresh_server_replay.py --arms r_fuzzy --cases case_001 case_002 case_003 --r-fuzzy-alpha 0.03 --prompt-root /home/chiatzen/lossy-token-eff/prompts/gsm8k_qwen3 --runs-root /home/chiatzen/lossy-token-eff/runs --log-root /home/chiatzen/lossy-token-eff/logs/campaign_gsm8k_qwen3 --max-new-tokens 2048 --port 30000 --model-path Qwen/Qwen3-8B --draft-model-path RedHatAI/Qwen3-8B-speculator.eagle3 --served-model-name qwen3-8b --rope-scaling-json {"rope_type":"yarn","factor":1.6,"original_max_position_embeddings":40960}
3 run(s), one fresh server each

[1/3] case_001 seed=0 arm=r_fuzzy -> /home/chiatzen/lossy-token-eff/logs/campaign_gsm8k_qwen3/rFuzzy0.03_case_001_seed0_20260820T215521Z.log
case_001 seed=0 mode=rFuzzy0.03: L=962 finish=stop l_bar=1.235 L/l_bar=779.0 final_ch=False wall=5.80s
[1/3] ok in 94s

[2/3] case_002 seed=0 arm=r_fuzzy -> /home/chiatzen/lossy-token-eff/logs/campaign_gsm8k_qwen3/rFuzzy0.03_case_002_seed0_20260820T215656Z.log
case_002 seed=0 mode=rFuzzy0.03: L=462 finish=stop l_bar=1.058 L/l_bar=436.7 final_ch=False wall=3.04s
[2/3] ok in 91s

[3/3] case_003 seed=0 arm=r_fuzzy -> /home/chiatzen/lossy-token-eff/logs/campaign_gsm8k_qwen3/rFuzzy0.03_case_003_seed0_20260820T215827Z.log
case_003 seed=0 mode=rFuzzy0.03: L=1885 finish=stop l_bar=1.898 L/l_bar=992.9 final_ch=False wall=8.76s
[3/3] ok in 97s

wrote /home/chiatzen/lossy-token-eff/runs/gsm8k_qwen3/fresh_server_replay.json; 3/3 ok
$ /home/chiatzen/lossy-token-eff/.venv-vllm/bin/python /home/chiatzen/lossy-token-eff/scripts/fresh_server_replay.py --arms r_fuzzy --cases case_001 case_002 case_003 --r-fuzzy-alpha 0.08 --prompt-root /home/chiatzen/lossy-token-eff/prompts/gsm8k_qwen3 --runs-root /home/chiatzen/lossy-token-eff/runs --log-root /home/chiatzen/lossy-token-eff/logs/campaign_gsm8k_qwen3 --max-new-tokens 2048 --port 30000 --model-path Qwen/Qwen3-8B --draft-model-path RedHatAI/Qwen3-8B-speculator.eagle3 --served-model-name qwen3-8b --rope-scaling-json {"rope_type":"yarn","factor":1.6,"original_max_position_embeddings":40960}
3 run(s), one fresh server each

[1/3] case_001 seed=0 arm=r_fuzzy -> /home/chiatzen/lossy-token-eff/logs/campaign_gsm8k_qwen3/rFuzzy0.08_case_001_seed0_20260820T220004Z.log
case_001 seed=0 mode=rFuzzy0.08: L=1214 finish=stop l_bar=1.465 L/l_bar=828.4 final_ch=False wall=6.63s
[1/3] ok in 95s

[2/3] case_002 seed=0 arm=r_fuzzy -> /home/chiatzen/lossy-token-eff/logs/campaign_gsm8k_qwen3/rFuzzy0.08_case_002_seed0_20260820T220139Z.log
case_002 seed=0 mode=rFuzzy0.08: L=830 finish=stop l_bar=1.265 L/l_bar=656.1 final_ch=False wall=4.94s
[2/3] ok in 92s

[3/3] case_003 seed=0 arm=r_fuzzy -> /home/chiatzen/lossy-token-eff/logs/campaign_gsm8k_qwen3/rFuzzy0.08_case_003_seed0_20260820T220311Z.log
case_003 seed=0 mode=rFuzzy0.08: L=2048 finish=length l_bar=1.904 L/l_bar=1075.8 final_ch=False wall=9.50s
[3/3] ok in 96s

wrote /home/chiatzen/lossy-token-eff/runs/gsm8k_qwen3/fresh_server_replay.json; 3/3 ok
$ /home/chiatzen/lossy-token-eff/.venv-vllm/bin/python /home/chiatzen/lossy-token-eff/scripts/fresh_server_replay.py --arms r_fuzzy --cases case_001 case_002 case_003 --r-fuzzy-alpha 0.15 --prompt-root /home/chiatzen/lossy-token-eff/prompts/gsm8k_qwen3 --runs-root /home/chiatzen/lossy-token-eff/runs --log-root /home/chiatzen/lossy-token-eff/logs/campaign_gsm8k_qwen3 --max-new-tokens 2048 --port 30000 --model-path Qwen/Qwen3-8B --draft-model-path RedHatAI/Qwen3-8B-speculator.eagle3 --served-model-name qwen3-8b --rope-scaling-json {"rope_type":"yarn","factor":1.6,"original_max_position_embeddings":40960}
3 run(s), one fresh server each

[1/3] case_001 seed=0 arm=r_fuzzy -> /home/chiatzen/lossy-token-eff/logs/campaign_gsm8k_qwen3/rFuzzy0.15_case_001_seed0_20260820T220447Z.log
case_001 seed=0 mode=rFuzzy0.15: L=1716 finish=stop l_bar=1.63 L/l_bar=1052.5 final_ch=False wall=8.79s
[1/3] ok in 95s

[2/3] case_002 seed=0 arm=r_fuzzy -> /home/chiatzen/lossy-token-eff/logs/campaign_gsm8k_qwen3/rFuzzy0.15_case_002_seed0_20260820T220622Z.log
case_002 seed=0 mode=rFuzzy0.15: L=1313 finish=stop l_bar=1.543 L/l_bar=851.1 final_ch=False wall=6.95s
[2/3] ok in 96s

[3/3] case_003 seed=0 arm=r_fuzzy -> /home/chiatzen/lossy-token-eff/logs/campaign_gsm8k_qwen3/rFuzzy0.15_case_003_seed0_20260820T220758Z.log
case_003 seed=0 mode=rFuzzy0.15: L=2048 finish=length l_bar=2.136 L/l_bar=958.8 final_ch=False wall=8.82s
[3/3] ok in 95s

wrote /home/chiatzen/lossy-token-eff/runs/gsm8k_qwen3/fresh_server_replay.json; 3/3 ok
$ /home/chiatzen/lossy-token-eff/.venv-vllm/bin/python /home/chiatzen/lossy-token-eff/scripts/fresh_server_replay.py --arms r_fuzzy --cases case_001 case_002 case_003 --r-fuzzy-alpha 0.25 --prompt-root /home/chiatzen/lossy-token-eff/prompts/gsm8k_qwen3 --runs-root /home/chiatzen/lossy-token-eff/runs --log-root /home/chiatzen/lossy-token-eff/logs/campaign_gsm8k_qwen3 --max-new-tokens 2048 --port 30000 --model-path Qwen/Qwen3-8B --draft-model-path RedHatAI/Qwen3-8B-speculator.eagle3 --served-model-name qwen3-8b --rope-scaling-json {"rope_type":"yarn","factor":1.6,"original_max_position_embeddings":40960}
3 run(s), one fresh server each

[1/3] case_001 seed=0 arm=r_fuzzy -> /home/chiatzen/lossy-token-eff/logs/campaign_gsm8k_qwen3/rFuzzy0.25_case_001_seed0_20260820T220933Z.log
case_001 seed=0 mode=rFuzzy0.25: L=1077 finish=stop l_bar=1.916 L/l_bar=562.1 final_ch=False wall=4.98s
[1/3] ok in 91s

[2/3] case_002 seed=0 arm=r_fuzzy -> /home/chiatzen/lossy-token-eff/logs/campaign_gsm8k_qwen3/rFuzzy0.25_case_002_seed0_20260820T221104Z.log
case_002 seed=0 mode=rFuzzy0.25: L=602 finish=stop l_bar=1.848 L/l_bar=325.7 final_ch=False wall=2.87s
[2/3] ok in 92s

[3/3] case_003 seed=0 arm=r_fuzzy -> /home/chiatzen/lossy-token-eff/logs/campaign_gsm8k_qwen3/rFuzzy0.25_case_003_seed0_20260820T221236Z.log
case_003 seed=0 mode=rFuzzy0.25: L=674 finish=stop l_bar=2.068 L/l_bar=325.9 final_ch=False wall=2.99s
[3/3] ok in 89s

wrote /home/chiatzen/lossy-token-eff/runs/gsm8k_qwen3/fresh_server_replay.json; 3/3 ok
$ /home/chiatzen/lossy-token-eff/.venv-vllm/bin/python /home/chiatzen/lossy-token-eff/scripts/fresh_server_replay.py --arms spec_casc_tok --cases case_001 case_002 case_003 --spec-casc-tok-alpha 0.15 --prompt-root /home/chiatzen/lossy-token-eff/prompts/gsm8k_qwen3 --runs-root /home/chiatzen/lossy-token-eff/runs --log-root /home/chiatzen/lossy-token-eff/logs/campaign_gsm8k_qwen3 --max-new-tokens 2048 --port 30000 --model-path Qwen/Qwen3-8B --draft-model-path RedHatAI/Qwen3-8B-speculator.eagle3 --served-model-name qwen3-8b --rope-scaling-json {"rope_type":"yarn","factor":1.6,"original_max_position_embeddings":40960}
3 run(s), one fresh server each

[1/3] case_001 seed=0 arm=spec_casc_tok -> /home/chiatzen/lossy-token-eff/logs/campaign_gsm8k_qwen3/specCascTok0.15_case_001_seed0_20260820T221405Z.log
case_001 seed=0 mode=specCascTok0.15: L=610 finish=stop l_bar=1.231 L/l_bar=495.6 final_ch=False wall=3.70s
[1/3] ok in 90s

[2/3] case_002 seed=0 arm=spec_casc_tok -> /home/chiatzen/lossy-token-eff/logs/campaign_gsm8k_qwen3/specCascTok0.15_case_002_seed0_20260820T221536Z.log
case_002 seed=0 mode=specCascTok0.15: L=781 finish=stop l_bar=1.131 L/l_bar=690.4 final_ch=False wall=4.95s
[2/3] ok in 93s

[3/3] case_003 seed=0 arm=spec_casc_tok -> /home/chiatzen/lossy-token-eff/logs/campaign_gsm8k_qwen3/specCascTok0.15_case_003_seed0_20260820T221709Z.log
case_003 seed=0 mode=specCascTok0.15: L=2048 finish=length l_bar=1.764 L/l_bar=1161.1 final_ch=False wall=9.97s
[3/3] ok in 96s

wrote /home/chiatzen/lossy-token-eff/runs/gsm8k_qwen3/fresh_server_replay.json; 3/3 ok
$ /home/chiatzen/lossy-token-eff/.venv-vllm/bin/python /home/chiatzen/lossy-token-eff/scripts/fresh_server_replay.py --arms spec_casc_tok --cases case_001 case_002 case_003 --spec-casc-tok-alpha 0.35 --prompt-root /home/chiatzen/lossy-token-eff/prompts/gsm8k_qwen3 --runs-root /home/chiatzen/lossy-token-eff/runs --log-root /home/chiatzen/lossy-token-eff/logs/campaign_gsm8k_qwen3 --max-new-tokens 2048 --port 30000 --model-path Qwen/Qwen3-8B --draft-model-path RedHatAI/Qwen3-8B-speculator.eagle3 --served-model-name qwen3-8b --rope-scaling-json {"rope_type":"yarn","factor":1.6,"original_max_position_embeddings":40960}
3 run(s), one fresh server each

[1/3] case_001 seed=0 arm=spec_casc_tok -> /home/chiatzen/lossy-token-eff/logs/campaign_gsm8k_qwen3/specCascTok0.35_case_001_seed0_20260820T221846Z.log
case_001 seed=0 mode=specCascTok0.35: L=610 finish=stop l_bar=1.231 L/l_bar=495.6 final_ch=False wall=3.69s
[1/3] ok in 90s

[2/3] case_002 seed=0 arm=spec_casc_tok -> /home/chiatzen/lossy-token-eff/logs/campaign_gsm8k_qwen3/specCascTok0.35_case_002_seed0_20260820T222016Z.log
case_002 seed=0 mode=specCascTok0.35: L=681 finish=stop l_bar=1.099 L/l_bar=619.8 final_ch=False wall=4.38s
[2/3] ok in 91s

[3/3] case_003 seed=0 arm=spec_casc_tok -> /home/chiatzen/lossy-token-eff/logs/campaign_gsm8k_qwen3/specCascTok0.35_case_003_seed0_20260820T222147Z.log
case_003 seed=0 mode=specCascTok0.35: L=2048 finish=length l_bar=1.793 L/l_bar=1142.3 final_ch=False wall=9.89s
[3/3] ok in 99s

wrote /home/chiatzen/lossy-token-eff/runs/gsm8k_qwen3/fresh_server_replay.json; 3/3 ok
$ /home/chiatzen/lossy-token-eff/.venv-vllm/bin/python /home/chiatzen/lossy-token-eff/scripts/fresh_server_replay.py --arms spec_casc_tok --cases case_001 case_002 case_003 --spec-casc-tok-alpha 0.55 --prompt-root /home/chiatzen/lossy-token-eff/prompts/gsm8k_qwen3 --runs-root /home/chiatzen/lossy-token-eff/runs --log-root /home/chiatzen/lossy-token-eff/logs/campaign_gsm8k_qwen3 --max-new-tokens 2048 --port 30000 --model-path Qwen/Qwen3-8B --draft-model-path RedHatAI/Qwen3-8B-speculator.eagle3 --served-model-name qwen3-8b --rope-scaling-json {"rope_type":"yarn","factor":1.6,"original_max_position_embeddings":40960}
3 run(s), one fresh server each

[1/3] case_001 seed=0 arm=spec_casc_tok -> /home/chiatzen/lossy-token-eff/logs/campaign_gsm8k_qwen3/specCascTok0.55_case_001_seed0_20260820T222327Z.log
case_001 seed=0 mode=specCascTok0.55: L=921 finish=stop l_bar=1.341 L/l_bar=686.8 final_ch=False wall=5.30s
[1/3] ok in 94s

[2/3] case_002 seed=0 arm=spec_casc_tok -> /home/chiatzen/lossy-token-eff/logs/campaign_gsm8k_qwen3/specCascTok0.55_case_002_seed0_20260820T222501Z.log
case_002 seed=0 mode=specCascTok0.55: L=406 finish=stop l_bar=1.154 L/l_bar=351.7 final_ch=False wall=2.57s
[2/3] ok in 92s

[3/3] case_003 seed=0 arm=spec_casc_tok -> /home/chiatzen/lossy-token-eff/logs/campaign_gsm8k_qwen3/specCascTok0.55_case_003_seed0_20260820T222632Z.log
case_003 seed=0 mode=specCascTok0.55: L=2048 finish=length l_bar=1.912 L/l_bar=1071.2 final_ch=False wall=9.49s
[3/3] ok in 96s

wrote /home/chiatzen/lossy-token-eff/runs/gsm8k_qwen3/fresh_server_replay.json; 3/3 ok
$ /home/chiatzen/lossy-token-eff/.venv-vllm/bin/python /home/chiatzen/lossy-token-eff/scripts/fresh_server_replay.py --arms spec_casc_tok --cases case_001 case_002 case_003 --spec-casc-tok-alpha 0.8 --prompt-root /home/chiatzen/lossy-token-eff/prompts/gsm8k_qwen3 --runs-root /home/chiatzen/lossy-token-eff/runs --log-root /home/chiatzen/lossy-token-eff/logs/campaign_gsm8k_qwen3 --max-new-tokens 2048 --port 30000 --model-path Qwen/Qwen3-8B --draft-model-path RedHatAI/Qwen3-8B-speculator.eagle3 --served-model-name qwen3-8b --rope-scaling-json {"rope_type":"yarn","factor":1.6,"original_max_position_embeddings":40960}
3 run(s), one fresh server each

[1/3] case_001 seed=0 arm=spec_casc_tok -> /home/chiatzen/lossy-token-eff/logs/campaign_gsm8k_qwen3/specCascTok0.8_case_001_seed0_20260820T222809Z.log
case_001 seed=0 mode=specCascTok0.8: L=852 finish=stop l_bar=1.3 L/l_bar=655.4 final_ch=False wall=4.99s
[1/3] ok in 92s

[2/3] case_002 seed=0 arm=spec_casc_tok -> /home/chiatzen/lossy-token-eff/logs/campaign_gsm8k_qwen3/specCascTok0.8_case_002_seed0_20260820T222940Z.log
case_002 seed=0 mode=specCascTok0.8: L=415 finish=stop l_bar=1.156 L/l_bar=358.9 final_ch=False wall=2.62s
[2/3] ok in 89s

[3/3] case_003 seed=0 arm=spec_casc_tok -> /home/chiatzen/lossy-token-eff/logs/campaign_gsm8k_qwen3/specCascTok0.8_case_003_seed0_20260820T223109Z.log
case_003 seed=0 mode=specCascTok0.8: L=1878 finish=stop l_bar=1.879 L/l_bar=999.6 final_ch=False wall=8.78s
[3/3] ok in 97s

wrote /home/chiatzen/lossy-token-eff/runs/gsm8k_qwen3/fresh_server_replay.json; 3/3 ok
targets (l_bar): [1.488, 1.688, 1.887]
  mentored_dec: chosen alphas = [0.15, 0.75]
  cactus: chosen alphas = [0.03, 0.35]
  spec_casc_opt: chosen alphas = [-0.3, -0.1, 0.05]
  r_fuzzy: chosen alphas = [0.08, 0.15, 0.25]
  spec_casc_tok: chosen alphas = [0.55, 0.15, 0.8]
wrote /home/chiatzen/lossy-token-eff/campaign/calibration/gsm8k_qwen3.json
$ /home/chiatzen/lossy-token-eff/.venv-vllm/bin/python /home/chiatzen/lossy-token-eff/scripts/fresh_server_replay.py --arms mentored_dec --cases case_001 case_002 case_003 case_004 case_005 case_006 case_007 case_008 case_009 case_010 case_011 case_012 --mentored-dec-alpha 0.15 --prompt-root /home/chiatzen/lossy-token-eff/prompts/gsm8k_qwen3 --runs-root /home/chiatzen/lossy-token-eff/runs --log-root /home/chiatzen/lossy-token-eff/logs/campaign_gsm8k_qwen3 --max-new-tokens 2048 --port 30000 --model-path Qwen/Qwen3-8B --draft-model-path RedHatAI/Qwen3-8B-speculator.eagle3 --served-model-name qwen3-8b --rope-scaling-json {"rope_type":"yarn","factor":1.6,"original_max_position_embeddings":40960}
skip case_001 seed=0 mentored_dec/alpha0.15: already present (/home/chiatzen/lossy-token-eff/runs/gsm8k_qwen3/mentored_dec/alpha0.15/case_001/seed_0/run.json)
skip case_002 seed=0 mentored_dec/alpha0.15: already present (/home/chiatzen/lossy-token-eff/runs/gsm8k_qwen3/mentored_dec/alpha0.15/case_002/seed_0/run.json)
skip case_003 seed=0 mentored_dec/alpha0.15: already present (/home/chiatzen/lossy-token-eff/runs/gsm8k_qwen3/mentored_dec/alpha0.15/case_003/seed_0/run.json)
9 run(s), one fresh server each

[1/9] case_004 seed=0 arm=mentored_dec -> /home/chiatzen/lossy-token-eff/logs/campaign_gsm8k_qwen3/mentoredDec0.15_case_004_seed0_20260820T223247Z.log
case_004 seed=0 mode=mentoredDec0.15: L=795 finish=stop l_bar=1.521 L/l_bar=522.8 final_ch=False wall=4.28s
[1/9] ok in 98s

[2/9] case_005 seed=0 arm=mentored_dec -> /home/chiatzen/lossy-token-eff/logs/campaign_gsm8k_qwen3/mentoredDec0.15_case_005_seed0_20260820T223424Z.log
case_005 seed=0 mode=mentoredDec0.15: L=1905 finish=stop l_bar=1.539 L/l_bar=1238.1 final_ch=False wall=10.10s
[2/9] ok in 104s

[3/9] case_006 seed=0 arm=mentored_dec -> /home/chiatzen/lossy-token-eff/logs/campaign_gsm8k_qwen3/mentoredDec0.15_case_006_seed0_20260820T223608Z.log
case_006 seed=0 mode=mentoredDec0.15: L=2048 finish=length l_bar=1.453 L/l_bar=1409.8 final_ch=False wall=11.26s
[3/9] ok in 105s

[4/9] case_007 seed=0 arm=mentored_dec -> /home/chiatzen/lossy-token-eff/logs/campaign_gsm8k_qwen3/mentoredDec0.15_case_007_seed0_20260820T223753Z.log
case_007 seed=0 mode=mentoredDec0.15: L=1343 finish=stop l_bar=1.384 L/l_bar=970.6 final_ch=False wall=7.58s
[4/9] ok in 101s

[5/9] case_008 seed=0 arm=mentored_dec -> /home/chiatzen/lossy-token-eff/logs/campaign_gsm8k_qwen3/mentoredDec0.15_case_008_seed0_20260820T223934Z.log
case_008 seed=0 mode=mentoredDec0.15: L=2048 finish=length l_bar=1.711 L/l_bar=1196.8 final_ch=False wall=10.17s
[5/9] ok in 103s

[6/9] case_009 seed=0 arm=mentored_dec -> /home/chiatzen/lossy-token-eff/logs/campaign_gsm8k_qwen3/mentoredDec0.15_case_009_seed0_20260820T224117Z.log
case_009 seed=0 mode=mentoredDec0.15: L=2048 finish=length l_bar=1.544 L/l_bar=1326.3 final_ch=False wall=10.85s
[6/9] ok in 104s

[7/9] case_010 seed=0 arm=mentored_dec -> /home/chiatzen/lossy-token-eff/logs/campaign_gsm8k_qwen3/mentoredDec0.15_case_010_seed0_20260820T224301Z.log
case_010 seed=0 mode=mentoredDec0.15: L=1047 finish=stop l_bar=1.575 L/l_bar=664.8 final_ch=False wall=5.51s
[7/9] ok in 99s

[8/9] case_011 seed=0 arm=mentored_dec -> /home/chiatzen/lossy-token-eff/logs/campaign_gsm8k_qwen3/mentoredDec0.15_case_011_seed0_20260820T224440Z.log
case_011 seed=0 mode=mentoredDec0.15: L=1023 finish=stop l_bar=1.783 L/l_bar=573.9 final_ch=False wall=4.99s
[8/9] ok in 100s

[9/9] case_012 seed=0 arm=mentored_dec -> /home/chiatzen/lossy-token-eff/logs/campaign_gsm8k_qwen3/mentoredDec0.15_case_012_seed0_20260820T224620Z.log
case_012 seed=0 mode=mentoredDec0.15: L=1017 finish=stop l_bar=1.532 L/l_bar=663.7 final_ch=False wall=5.42s
[9/9] ok in 99s

wrote /home/chiatzen/lossy-token-eff/runs/gsm8k_qwen3/fresh_server_replay.json; 9/9 ok
$ /home/chiatzen/lossy-token-eff/.venv-vllm/bin/python /home/chiatzen/lossy-token-eff/scripts/fresh_server_replay.py --arms mentored_dec --cases case_001 case_002 case_003 case_004 case_005 case_006 case_007 case_008 case_009 case_010 case_011 case_012 --mentored-dec-alpha 0.75 --prompt-root /home/chiatzen/lossy-token-eff/prompts/gsm8k_qwen3 --runs-root /home/chiatzen/lossy-token-eff/runs --log-root /home/chiatzen/lossy-token-eff/logs/campaign_gsm8k_qwen3 --max-new-tokens 2048 --port 30000 --model-path Qwen/Qwen3-8B --draft-model-path RedHatAI/Qwen3-8B-speculator.eagle3 --served-model-name qwen3-8b --rope-scaling-json {"rope_type":"yarn","factor":1.6,"original_max_position_embeddings":40960}
skip case_001 seed=0 mentored_dec/alpha0.75: already present (/home/chiatzen/lossy-token-eff/runs/gsm8k_qwen3/mentored_dec/alpha0.75/case_001/seed_0/run.json)
skip case_002 seed=0 mentored_dec/alpha0.75: already present (/home/chiatzen/lossy-token-eff/runs/gsm8k_qwen3/mentored_dec/alpha0.75/case_002/seed_0/run.json)
skip case_003 seed=0 mentored_dec/alpha0.75: already present (/home/chiatzen/lossy-token-eff/runs/gsm8k_qwen3/mentored_dec/alpha0.75/case_003/seed_0/run.json)
9 run(s), one fresh server each

[1/9] case_004 seed=0 arm=mentored_dec -> /home/chiatzen/lossy-token-eff/logs/campaign_gsm8k_qwen3/mentoredDec0.75_case_004_seed0_20260820T224759Z.log
case_004 seed=0 mode=mentoredDec0.75: L=594 finish=stop l_bar=1.492 L/l_bar=398.2 final_ch=False wall=3.24s
[1/9] ok in 96s

[2/9] case_005 seed=0 arm=mentored_dec -> /home/chiatzen/lossy-token-eff/logs/campaign_gsm8k_qwen3/mentoredDec0.75_case_005_seed0_20260820T224935Z.log
case_005 seed=0 mode=mentoredDec0.75: L=1326 finish=stop l_bar=1.71 L/l_bar=775.6 final_ch=False wall=6.60s
[2/9] ok in 100s

[3/9] case_006 seed=0 arm=mentored_dec -> /home/chiatzen/lossy-token-eff/logs/campaign_gsm8k_qwen3/mentoredDec0.75_case_006_seed0_20260820T225114Z.log
case_006 seed=0 mode=mentoredDec0.75: L=1948 finish=stop l_bar=1.617 L/l_bar=1204.7 final_ch=False wall=10.01s
[3/9] ok in 105s

[4/9] case_007 seed=0 arm=mentored_dec -> /home/chiatzen/lossy-token-eff/logs/campaign_gsm8k_qwen3/mentoredDec0.75_case_007_seed0_20260820T225300Z.log
case_007 seed=0 mode=mentoredDec0.75: L=1071 finish=stop l_bar=1.5 L/l_bar=714.0 final_ch=False wall=5.77s
[4/9] ok in 101s

[5/9] case_008 seed=0 arm=mentored_dec -> /home/chiatzen/lossy-token-eff/logs/campaign_gsm8k_qwen3/mentoredDec0.75_case_008_seed0_20260820T225441Z.log
case_008 seed=0 mode=mentoredDec0.75: L=2048 finish=length l_bar=2.061 L/l_bar=993.6 final_ch=False wall=9.02s
[5/9] ok in 104s

[6/9] case_009 seed=0 arm=mentored_dec -> /home/chiatzen/lossy-token-eff/logs/campaign_gsm8k_qwen3/mentoredDec0.75_case_009_seed0_20260820T225625Z.log
case_009 seed=0 mode=mentoredDec0.75: L=2012 finish=stop l_bar=1.744 L/l_bar=1154.0 final_ch=False wall=9.88s
[6/9] ok in 103s

[7/9] case_010 seed=0 arm=mentored_dec -> /home/chiatzen/lossy-token-eff/logs/campaign_gsm8k_qwen3/mentoredDec0.75_case_010_seed0_20260820T225808Z.log
case_010 seed=0 mode=mentoredDec0.75: L=1081 finish=stop l_bar=1.66 L/l_bar=651.2 final_ch=False wall=5.48s
[7/9] ok in 98s

[8/9] case_011 seed=0 arm=mentored_dec -> /home/chiatzen/lossy-token-eff/logs/campaign_gsm8k_qwen3/mentoredDec0.75_case_011_seed0_20260820T225945Z.log
case_011 seed=0 mode=mentoredDec0.75: L=1281 finish=stop l_bar=1.998 L/l_bar=641.3 final_ch=False wall=5.78s
[8/9] ok in 99s

[9/9] case_012 seed=0 arm=mentored_dec -> /home/chiatzen/lossy-token-eff/logs/campaign_gsm8k_qwen3/mentoredDec0.75_case_012_seed0_20260820T230124Z.log
case_012 seed=0 mode=mentoredDec0.75: L=844 finish=stop l_bar=1.764 L/l_bar=478.5 final_ch=False wall=4.13s
[9/9] ok in 96s

wrote /home/chiatzen/lossy-token-eff/runs/gsm8k_qwen3/fresh_server_replay.json; 9/9 ok
$ /home/chiatzen/lossy-token-eff/.venv-vllm/bin/python /home/chiatzen/lossy-token-eff/scripts/fresh_server_replay.py --arms cactus --cases case_001 case_002 case_003 case_004 case_005 case_006 case_007 case_008 case_009 case_010 case_011 case_012 --cactus-alpha 0.03 --prompt-root /home/chiatzen/lossy-token-eff/prompts/gsm8k_qwen3 --runs-root /home/chiatzen/lossy-token-eff/runs --log-root /home/chiatzen/lossy-token-eff/logs/campaign_gsm8k_qwen3 --max-new-tokens 2048 --port 30000 --model-path Qwen/Qwen3-8B --draft-model-path RedHatAI/Qwen3-8B-speculator.eagle3 --served-model-name qwen3-8b --rope-scaling-json {"rope_type":"yarn","factor":1.6,"original_max_position_embeddings":40960}
skip case_001 seed=0 cactus/alpha0.03: already present (/home/chiatzen/lossy-token-eff/runs/gsm8k_qwen3/cactus/alpha0.03/case_001/seed_0/run.json)
skip case_002 seed=0 cactus/alpha0.03: already present (/home/chiatzen/lossy-token-eff/runs/gsm8k_qwen3/cactus/alpha0.03/case_002/seed_0/run.json)
skip case_003 seed=0 cactus/alpha0.03: already present (/home/chiatzen/lossy-token-eff/runs/gsm8k_qwen3/cactus/alpha0.03/case_003/seed_0/run.json)
9 run(s), one fresh server each

[1/9] case_004 seed=0 arm=cactus -> /home/chiatzen/lossy-token-eff/logs/campaign_gsm8k_qwen3/cactus0.03_case_004_seed0_20260820T230301Z.log
case_004 seed=0 mode=cactus0.03: L=795 finish=stop l_bar=1.521 L/l_bar=522.8 final_ch=False wall=4.28s
[1/9] ok in 95s

[2/9] case_005 seed=0 arm=cactus -> /home/chiatzen/lossy-token-eff/logs/campaign_gsm8k_qwen3/cactus0.03_case_005_seed0_20260820T230436Z.log
case_005 seed=0 mode=cactus0.03: L=2048 finish=length l_bar=1.518 L/l_bar=1348.8 final_ch=False wall=10.96s
[2/9] ok in 101s

[3/9] case_006 seed=0 arm=cactus -> /home/chiatzen/lossy-token-eff/logs/campaign_gsm8k_qwen3/cactus0.03_case_006_seed0_20260820T230617Z.log
case_006 seed=0 mode=cactus0.03: L=2042 finish=stop l_bar=1.558 L/l_bar=1311.0 final_ch=False wall=10.74s
[3/9] ok in 103s

[4/9] case_007 seed=0 arm=cactus -> /home/chiatzen/lossy-token-eff/logs/campaign_gsm8k_qwen3/cactus0.03_case_007_seed0_20260820T230800Z.log
case_007 seed=0 mode=cactus0.03: L=1217 finish=stop l_bar=1.539 L/l_bar=791.0 final_ch=False wall=6.47s
[4/9] ok in 99s

[5/9] case_008 seed=0 arm=cactus -> /home/chiatzen/lossy-token-eff/logs/campaign_gsm8k_qwen3/cactus0.03_case_008_seed0_20260820T230939Z.log
case_008 seed=0 mode=cactus0.03: L=2048 finish=length l_bar=1.87 L/l_bar=1095.3 final_ch=False wall=9.61s
[5/9] ok in 101s

[6/9] case_009 seed=0 arm=cactus -> /home/chiatzen/lossy-token-eff/logs/campaign_gsm8k_qwen3/cactus0.03_case_009_seed0_20260820T231119Z.log
case_009 seed=0 mode=cactus0.03: L=2048 finish=length l_bar=1.624 L/l_bar=1260.8 final_ch=False wall=10.52s
[6/9] ok in 101s

[7/9] case_010 seed=0 arm=cactus -> /home/chiatzen/lossy-token-eff/logs/campaign_gsm8k_qwen3/cactus0.03_case_010_seed0_20260820T231300Z.log
case_010 seed=0 mode=cactus0.03: L=707 finish=stop l_bar=1.486 L/l_bar=475.8 final_ch=False wall=3.86s
[7/9] ok in 96s

[8/9] case_011 seed=0 arm=cactus -> /home/chiatzen/lossy-token-eff/logs/campaign_gsm8k_qwen3/cactus0.03_case_011_seed0_20260820T231437Z.log
case_011 seed=0 mode=cactus0.03: L=1151 finish=stop l_bar=1.847 L/l_bar=623.3 final_ch=False wall=5.46s
[8/9] ok in 96s

[9/9] case_012 seed=0 arm=cactus -> /home/chiatzen/lossy-token-eff/logs/campaign_gsm8k_qwen3/cactus0.03_case_012_seed0_20260820T231612Z.log
case_012 seed=0 mode=cactus0.03: L=838 finish=stop l_bar=1.56 L/l_bar=537.3 final_ch=False wall=4.43s
[9/9] ok in 95s

wrote /home/chiatzen/lossy-token-eff/runs/gsm8k_qwen3/fresh_server_replay.json; 9/9 ok
$ /home/chiatzen/lossy-token-eff/.venv-vllm/bin/python /home/chiatzen/lossy-token-eff/scripts/fresh_server_replay.py --arms cactus --cases case_001 case_002 case_003 case_004 case_005 case_006 case_007 case_008 case_009 case_010 case_011 case_012 --cactus-alpha 0.35 --prompt-root /home/chiatzen/lossy-token-eff/prompts/gsm8k_qwen3 --runs-root /home/chiatzen/lossy-token-eff/runs --log-root /home/chiatzen/lossy-token-eff/logs/campaign_gsm8k_qwen3 --max-new-tokens 2048 --port 30000 --model-path Qwen/Qwen3-8B --draft-model-path RedHatAI/Qwen3-8B-speculator.eagle3 --served-model-name qwen3-8b --rope-scaling-json {"rope_type":"yarn","factor":1.6,"original_max_position_embeddings":40960}
skip case_001 seed=0 cactus/alpha0.35: already present (/home/chiatzen/lossy-token-eff/runs/gsm8k_qwen3/cactus/alpha0.35/case_001/seed_0/run.json)
skip case_002 seed=0 cactus/alpha0.35: already present (/home/chiatzen/lossy-token-eff/runs/gsm8k_qwen3/cactus/alpha0.35/case_002/seed_0/run.json)
skip case_003 seed=0 cactus/alpha0.35: already present (/home/chiatzen/lossy-token-eff/runs/gsm8k_qwen3/cactus/alpha0.35/case_003/seed_0/run.json)
9 run(s), one fresh server each

[1/9] case_004 seed=0 arm=cactus -> /home/chiatzen/lossy-token-eff/logs/campaign_gsm8k_qwen3/cactus0.35_case_004_seed0_20260820T231747Z.log
case_004 seed=0 mode=cactus0.35: L=750 finish=stop l_bar=1.647 L/l_bar=455.5 final_ch=False wall=3.84s
[1/9] ok in 95s

[2/9] case_005 seed=0 arm=cactus -> /home/chiatzen/lossy-token-eff/logs/campaign_gsm8k_qwen3/cactus0.35_case_005_seed0_20260820T231922Z.log
case_005 seed=0 mode=cactus0.35: L=942 finish=stop l_bar=1.809 L/l_bar=520.7 final_ch=False wall=4.53s
[2/9] ok in 97s

[3/9] case_006 seed=0 arm=cactus -> /home/chiatzen/lossy-token-eff/logs/campaign_gsm8k_qwen3/cactus0.35_case_006_seed0_20260820T232059Z.log
case_006 seed=0 mode=cactus0.35: L=2048 finish=length l_bar=1.74 L/l_bar=1176.8 final_ch=False wall=10.07s
[3/9] ok in 101s

[4/9] case_007 seed=0 arm=cactus -> /home/chiatzen/lossy-token-eff/logs/campaign_gsm8k_qwen3/cactus0.35_case_007_seed0_20260820T232239Z.log
case_007 seed=0 mode=cactus0.35: L=973 finish=stop l_bar=1.706 L/l_bar=570.5 final_ch=False wall=4.87s
[4/9] ok in 95s

[5/9] case_008 seed=0 arm=cactus -> /home/chiatzen/lossy-token-eff/logs/campaign_gsm8k_qwen3/cactus0.35_case_008_seed0_20260820T232414Z.log
case_008 seed=0 mode=cactus0.35: L=2048 finish=length l_bar=2.483 L/l_bar=824.8 final_ch=False wall=7.94s
[5/9] ok in 98s

[6/9] case_009 seed=0 arm=cactus -> /home/chiatzen/lossy-token-eff/logs/campaign_gsm8k_qwen3/cactus0.35_case_009_seed0_20260820T232552Z.log
case_009 seed=0 mode=cactus0.35: L=2048 finish=length l_bar=1.895 L/l_bar=1080.5 final_ch=False wall=9.53s
[6/9] ok in 100s

[7/9] case_010 seed=0 arm=cactus -> /home/chiatzen/lossy-token-eff/logs/campaign_gsm8k_qwen3/cactus0.35_case_010_seed0_20260820T232732Z.log
case_010 seed=0 mode=cactus0.35: L=859 finish=stop l_bar=1.648 L/l_bar=521.2 final_ch=False wall=4.40s
[7/9] ok in 95s

[8/9] case_011 seed=0 arm=cactus -> /home/chiatzen/lossy-token-eff/logs/campaign_gsm8k_qwen3/cactus0.35_case_011_seed0_20260820T232907Z.log
case_011 seed=0 mode=cactus0.35: L=1511 finish=stop l_bar=1.943 L/l_bar=777.5 final_ch=False wall=6.94s
[8/9] ok in 98s

[9/9] case_012 seed=0 arm=cactus -> /home/chiatzen/lossy-token-eff/logs/campaign_gsm8k_qwen3/cactus0.35_case_012_seed0_20260820T233045Z.log
case_012 seed=0 mode=cactus0.35: L=1161 finish=stop l_bar=1.788 L/l_bar=649.2 final_ch=False wall=5.62s
[9/9] ok in 98s

wrote /home/chiatzen/lossy-token-eff/runs/gsm8k_qwen3/fresh_server_replay.json; 9/9 ok
$ /home/chiatzen/lossy-token-eff/.venv-vllm/bin/python /home/chiatzen/lossy-token-eff/scripts/fresh_server_replay.py --arms spec_casc_opt --cases case_001 case_002 case_003 case_004 case_005 case_006 case_007 case_008 case_009 case_010 case_011 case_012 --spec-casc-opt-alpha -0.3 --prompt-root /home/chiatzen/lossy-token-eff/prompts/gsm8k_qwen3 --runs-root /home/chiatzen/lossy-token-eff/runs --log-root /home/chiatzen/lossy-token-eff/logs/campaign_gsm8k_qwen3 --max-new-tokens 2048 --port 30000 --model-path Qwen/Qwen3-8B --draft-model-path RedHatAI/Qwen3-8B-speculator.eagle3 --served-model-name qwen3-8b --rope-scaling-json {"rope_type":"yarn","factor":1.6,"original_max_position_embeddings":40960}
skip case_001 seed=0 spec_casc_opt/alphaneg0.3: already present (/home/chiatzen/lossy-token-eff/runs/gsm8k_qwen3/spec_casc_opt/alphaneg0.3/case_001/seed_0/run.json)
skip case_002 seed=0 spec_casc_opt/alphaneg0.3: already present (/home/chiatzen/lossy-token-eff/runs/gsm8k_qwen3/spec_casc_opt/alphaneg0.3/case_002/seed_0/run.json)
skip case_003 seed=0 spec_casc_opt/alphaneg0.3: already present (/home/chiatzen/lossy-token-eff/runs/gsm8k_qwen3/spec_casc_opt/alphaneg0.3/case_003/seed_0/run.json)
9 run(s), one fresh server each

[1/9] case_004 seed=0 arm=spec_casc_opt -> /home/chiatzen/lossy-token-eff/logs/campaign_gsm8k_qwen3/specCascOptneg0.3_case_004_seed0_20260820T233223Z.log
case_004 seed=0 mode=specCascOptneg0.3: L=1039 finish=stop l_bar=1.431 L/l_bar=726.1 final_ch=False wall=5.78s
[1/9] ok in 94s

[2/9] case_005 seed=0 arm=spec_casc_opt -> /home/chiatzen/lossy-token-eff/logs/campaign_gsm8k_qwen3/specCascOptneg0.3_case_005_seed0_20260820T233358Z.log
case_005 seed=0 mode=specCascOptneg0.3: L=1639 finish=stop l_bar=1.532 L/l_bar=1070.1 final_ch=False wall=8.71s
[2/9] ok in 97s

[3/9] case_006 seed=0 arm=spec_casc_opt -> /home/chiatzen/lossy-token-eff/logs/campaign_gsm8k_qwen3/specCascOptneg0.3_case_006_seed0_20260820T233535Z.log
case_006 seed=0 mode=specCascOptneg0.3: L=1419 finish=stop l_bar=1.611 L/l_bar=880.6 final_ch=False wall=7.31s
[3/9] ok in 94s

[4/9] case_007 seed=0 arm=spec_casc_opt -> /home/chiatzen/lossy-token-eff/logs/campaign_gsm8k_qwen3/specCascOptneg0.3_case_007_seed0_20260820T233708Z.log
case_007 seed=0 mode=specCascOptneg0.3: L=1046 finish=stop l_bar=1.485 L/l_bar=704.6 final_ch=False wall=5.68s
[4/9] ok in 92s

[5/9] case_008 seed=0 arm=spec_casc_opt -> /home/chiatzen/lossy-token-eff/logs/campaign_gsm8k_qwen3/specCascOptneg0.3_case_008_seed0_20260820T233840Z.log
case_008 seed=0 mode=specCascOptneg0.3: L=2048 finish=length l_bar=1.865 L/l_bar=1098.4 final_ch=False wall=9.64s
[5/9] ok in 98s

[6/9] case_009 seed=0 arm=spec_casc_opt -> /home/chiatzen/lossy-token-eff/logs/campaign_gsm8k_qwen3/specCascOptneg0.3_case_009_seed0_20260820T234018Z.log
case_009 seed=0 mode=specCascOptneg0.3: L=2048 finish=length l_bar=1.79 L/l_bar=1144.0 final_ch=False wall=9.89s
[6/9] ok in 97s

[7/9] case_010 seed=0 arm=spec_casc_opt -> /home/chiatzen/lossy-token-eff/logs/campaign_gsm8k_qwen3/specCascOptneg0.3_case_010_seed0_20260820T234155Z.log
case_010 seed=0 mode=specCascOptneg0.3: L=523 finish=stop l_bar=1.498 L/l_bar=349.2 final_ch=False wall=2.85s
[7/9] ok in 89s

[8/9] case_011 seed=0 arm=spec_casc_opt -> /home/chiatzen/lossy-token-eff/logs/campaign_gsm8k_qwen3/specCascOptneg0.3_case_011_seed0_20260820T234324Z.log
case_011 seed=0 mode=specCascOptneg0.3: L=1089 finish=stop l_bar=1.839 L/l_bar=592.3 final_ch=False wall=5.20s
[8/9] ok in 92s

[9/9] case_012 seed=0 arm=spec_casc_opt -> /home/chiatzen/lossy-token-eff/logs/campaign_gsm8k_qwen3/specCascOptneg0.3_case_012_seed0_20260820T234456Z.log
case_012 seed=0 mode=specCascOptneg0.3: L=990 finish=stop l_bar=1.867 L/l_bar=530.4 final_ch=False wall=4.67s
[9/9] ok in 93s

wrote /home/chiatzen/lossy-token-eff/runs/gsm8k_qwen3/fresh_server_replay.json; 9/9 ok
$ /home/chiatzen/lossy-token-eff/.venv-vllm/bin/python /home/chiatzen/lossy-token-eff/scripts/fresh_server_replay.py --arms spec_casc_opt --cases case_001 case_002 case_003 case_004 case_005 case_006 case_007 case_008 case_009 case_010 case_011 case_012 --spec-casc-opt-alpha -0.1 --prompt-root /home/chiatzen/lossy-token-eff/prompts/gsm8k_qwen3 --runs-root /home/chiatzen/lossy-token-eff/runs --log-root /home/chiatzen/lossy-token-eff/logs/campaign_gsm8k_qwen3 --max-new-tokens 2048 --port 30000 --model-path Qwen/Qwen3-8B --draft-model-path RedHatAI/Qwen3-8B-speculator.eagle3 --served-model-name qwen3-8b --rope-scaling-json {"rope_type":"yarn","factor":1.6,"original_max_position_embeddings":40960}
skip case_001 seed=0 spec_casc_opt/alphaneg0.1: already present (/home/chiatzen/lossy-token-eff/runs/gsm8k_qwen3/spec_casc_opt/alphaneg0.1/case_001/seed_0/run.json)
skip case_002 seed=0 spec_casc_opt/alphaneg0.1: already present (/home/chiatzen/lossy-token-eff/runs/gsm8k_qwen3/spec_casc_opt/alphaneg0.1/case_002/seed_0/run.json)
skip case_003 seed=0 spec_casc_opt/alphaneg0.1: already present (/home/chiatzen/lossy-token-eff/runs/gsm8k_qwen3/spec_casc_opt/alphaneg0.1/case_003/seed_0/run.json)
9 run(s), one fresh server each

[1/9] case_004 seed=0 arm=spec_casc_opt -> /home/chiatzen/lossy-token-eff/logs/campaign_gsm8k_qwen3/specCascOptneg0.1_case_004_seed0_20260820T234629Z.log
case_004 seed=0 mode=specCascOptneg0.1: L=510 finish=stop l_bar=1.314 L/l_bar=388.2 final_ch=False wall=3.00s
[1/9] ok in 90s

[2/9] case_005 seed=0 arm=spec_casc_opt -> /home/chiatzen/lossy-token-eff/logs/campaign_gsm8k_qwen3/specCascOptneg0.1_case_005_seed0_20260820T234759Z.log
case_005 seed=0 mode=specCascOptneg0.1: L=2048 finish=length l_bar=1.809 L/l_bar=1131.9 final_ch=False wall=9.83s
[2/9] ok in 97s

[3/9] case_006 seed=0 arm=spec_casc_opt -> /home/chiatzen/lossy-token-eff/logs/campaign_gsm8k_qwen3/specCascOptneg0.1_case_006_seed0_20260820T234936Z.log
case_006 seed=0 mode=specCascOptneg0.1: L=1904 finish=stop l_bar=1.534 L/l_bar=1241.2 final_ch=False wall=10.11s
[3/9] ok in 97s

[4/9] case_007 seed=0 arm=spec_casc_opt -> /home/chiatzen/lossy-token-eff/logs/campaign_gsm8k_qwen3/specCascOptneg0.1_case_007_seed0_20260820T235113Z.log
case_007 seed=0 mode=specCascOptneg0.1: L=1052 finish=stop l_bar=1.688 L/l_bar=623.2 final_ch=False wall=5.28s
[4/9] ok in 94s

[5/9] case_008 seed=0 arm=spec_casc_opt -> /home/chiatzen/lossy-token-eff/logs/campaign_gsm8k_qwen3/specCascOptneg0.1_case_008_seed0_20260820T235247Z.log
case_008 seed=0 mode=specCascOptneg0.1: L=2048 finish=length l_bar=2.123 L/l_bar=964.5 final_ch=False wall=8.84s
[5/9] ok in 97s

[6/9] case_009 seed=0 arm=spec_casc_opt -> /home/chiatzen/lossy-token-eff/logs/campaign_gsm8k_qwen3/specCascOptneg0.1_case_009_seed0_20260820T235425Z.log
case_009 seed=0 mode=specCascOptneg0.1: L=2048 finish=length l_bar=1.745 L/l_bar=1173.9 final_ch=False wall=10.09s
[6/9] ok in 99s

[7/9] case_010 seed=0 arm=spec_casc_opt -> /home/chiatzen/lossy-token-eff/logs/campaign_gsm8k_qwen3/specCascOptneg0.1_case_010_seed0_20260820T235604Z.log
case_010 seed=0 mode=specCascOptneg0.1: L=818 finish=stop l_bar=1.705 L/l_bar=479.7 final_ch=False wall=4.10s
[7/9] ok in 93s

[8/9] case_011 seed=0 arm=spec_casc_opt -> /home/chiatzen/lossy-token-eff/logs/campaign_gsm8k_qwen3/specCascOptneg0.1_case_011_seed0_20260820T235736Z.log
case_011 seed=0 mode=specCascOptneg0.1: L=1323 finish=stop l_bar=2.005 L/l_bar=660.0 final_ch=False wall=5.95s
[8/9] ok in 95s

[9/9] case_012 seed=0 arm=spec_casc_opt -> /home/chiatzen/lossy-token-eff/logs/campaign_gsm8k_qwen3/specCascOptneg0.1_case_012_seed0_20260820T235911Z.log
case_012 seed=0 mode=specCascOptneg0.1: L=1017 finish=stop l_bar=1.781 L/l_bar=570.9 final_ch=False wall=4.95s
[9/9] ok in 91s

wrote /home/chiatzen/lossy-token-eff/runs/gsm8k_qwen3/fresh_server_replay.json; 9/9 ok
$ /home/chiatzen/lossy-token-eff/.venv-vllm/bin/python /home/chiatzen/lossy-token-eff/scripts/fresh_server_replay.py --arms spec_casc_opt --cases case_001 case_002 case_003 case_004 case_005 case_006 case_007 case_008 case_009 case_010 case_011 case_012 --spec-casc-opt-alpha 0.05 --prompt-root /home/chiatzen/lossy-token-eff/prompts/gsm8k_qwen3 --runs-root /home/chiatzen/lossy-token-eff/runs --log-root /home/chiatzen/lossy-token-eff/logs/campaign_gsm8k_qwen3 --max-new-tokens 2048 --port 30000 --model-path Qwen/Qwen3-8B --draft-model-path RedHatAI/Qwen3-8B-speculator.eagle3 --served-model-name qwen3-8b --rope-scaling-json {"rope_type":"yarn","factor":1.6,"original_max_position_embeddings":40960}
skip case_001 seed=0 spec_casc_opt/alpha0.05: already present (/home/chiatzen/lossy-token-eff/runs/gsm8k_qwen3/spec_casc_opt/alpha0.05/case_001/seed_0/run.json)
skip case_002 seed=0 spec_casc_opt/alpha0.05: already present (/home/chiatzen/lossy-token-eff/runs/gsm8k_qwen3/spec_casc_opt/alpha0.05/case_002/seed_0/run.json)
skip case_003 seed=0 spec_casc_opt/alpha0.05: already present (/home/chiatzen/lossy-token-eff/runs/gsm8k_qwen3/spec_casc_opt/alpha0.05/case_003/seed_0/run.json)
9 run(s), one fresh server each

[1/9] case_004 seed=0 arm=spec_casc_opt -> /home/chiatzen/lossy-token-eff/logs/campaign_gsm8k_qwen3/specCascOpt0.05_case_004_seed0_20260821T000042Z.log
case_004 seed=0 mode=specCascOpt0.05: L=1028 finish=stop l_bar=1.845 L/l_bar=557.2 final_ch=False wall=4.89s
[1/9] ok in 92s

[2/9] case_005 seed=0 arm=spec_casc_opt -> /home/chiatzen/lossy-token-eff/logs/campaign_gsm8k_qwen3/specCascOpt0.05_case_005_seed0_20260821T000214Z.log
case_005 seed=0 mode=specCascOpt0.05: L=2048 finish=length l_bar=2.067 L/l_bar=990.6 final_ch=False wall=9.01s
[2/9] ok in 95s

[3/9] case_006 seed=0 arm=spec_casc_opt -> /home/chiatzen/lossy-token-eff/logs/campaign_gsm8k_qwen3/specCascOpt0.05_case_006_seed0_20260821T000350Z.log
case_006 seed=0 mode=specCascOpt0.05: L=2048 finish=length l_bar=1.871 L/l_bar=1094.5 final_ch=False wall=9.61s
[3/9] ok in 98s

[4/9] case_007 seed=0 arm=spec_casc_opt -> /home/chiatzen/lossy-token-eff/logs/campaign_gsm8k_qwen3/specCascOpt0.05_case_007_seed0_20260821T000528Z.log
case_007 seed=0 mode=specCascOpt0.05: L=1972 finish=stop l_bar=1.951 L/l_bar=1011.0 final_ch=False wall=8.99s
[4/9] ok in 98s

[5/9] case_008 seed=0 arm=spec_casc_opt -> /home/chiatzen/lossy-token-eff/logs/campaign_gsm8k_qwen3/specCascOpt0.05_case_008_seed0_20260821T000705Z.log
case_008 seed=0 mode=specCascOpt0.05: L=2048 finish=length l_bar=2.423 L/l_bar=845.2 final_ch=False wall=8.07s
[5/9] ok in 95s

[6/9] case_009 seed=0 arm=spec_casc_opt -> /home/chiatzen/lossy-token-eff/logs/campaign_gsm8k_qwen3/specCascOpt0.05_case_009_seed0_20260821T000841Z.log
case_009 seed=0 mode=specCascOpt0.05: L=2048 finish=length l_bar=2.722 L/l_bar=752.4 final_ch=False wall=7.43s
[6/9] ok in 94s

[7/9] case_010 seed=0 arm=spec_casc_opt -> /home/chiatzen/lossy-token-eff/logs/campaign_gsm8k_qwen3/specCascOpt0.05_case_010_seed0_20260821T001015Z.log
case_010 seed=0 mode=specCascOpt0.05: L=2048 finish=length l_bar=2.286 L/l_bar=896.0 final_ch=False wall=8.40s
[7/9] ok in 95s

[8/9] case_011 seed=0 arm=spec_casc_opt -> /home/chiatzen/lossy-token-eff/logs/campaign_gsm8k_qwen3/specCascOpt0.05_case_011_seed0_20260821T001150Z.log
case_011 seed=0 mode=specCascOpt0.05: L=1965 finish=stop l_bar=2.262 L/l_bar=868.5 final_ch=False wall=8.12s
[8/9] ok in 95s

[9/9] case_012 seed=0 arm=spec_casc_opt -> /home/chiatzen/lossy-token-eff/logs/campaign_gsm8k_qwen3/specCascOpt0.05_case_012_seed0_20260821T001324Z.log
case_012 seed=0 mode=specCascOpt0.05: L=2048 finish=length l_bar=2.356 L/l_bar=869.4 final_ch=False wall=8.22s
[9/9] ok in 95s

wrote /home/chiatzen/lossy-token-eff/runs/gsm8k_qwen3/fresh_server_replay.json; 9/9 ok
$ /home/chiatzen/lossy-token-eff/.venv-vllm/bin/python /home/chiatzen/lossy-token-eff/scripts/fresh_server_replay.py --arms r_fuzzy --cases case_001 case_002 case_003 case_004 case_005 case_006 case_007 case_008 case_009 case_010 case_011 case_012 --r-fuzzy-alpha 0.08 --prompt-root /home/chiatzen/lossy-token-eff/prompts/gsm8k_qwen3 --runs-root /home/chiatzen/lossy-token-eff/runs --log-root /home/chiatzen/lossy-token-eff/logs/campaign_gsm8k_qwen3 --max-new-tokens 2048 --port 30000 --model-path Qwen/Qwen3-8B --draft-model-path RedHatAI/Qwen3-8B-speculator.eagle3 --served-model-name qwen3-8b --rope-scaling-json {"rope_type":"yarn","factor":1.6,"original_max_position_embeddings":40960}
skip case_001 seed=0 r_fuzzy/alpha0.08: already present (/home/chiatzen/lossy-token-eff/runs/gsm8k_qwen3/r_fuzzy/alpha0.08/case_001/seed_0/run.json)
skip case_002 seed=0 r_fuzzy/alpha0.08: already present (/home/chiatzen/lossy-token-eff/runs/gsm8k_qwen3/r_fuzzy/alpha0.08/case_002/seed_0/run.json)
skip case_003 seed=0 r_fuzzy/alpha0.08: already present (/home/chiatzen/lossy-token-eff/runs/gsm8k_qwen3/r_fuzzy/alpha0.08/case_003/seed_0/run.json)
9 run(s), one fresh server each

[1/9] case_004 seed=0 arm=r_fuzzy -> /home/chiatzen/lossy-token-eff/logs/campaign_gsm8k_qwen3/rFuzzy0.08_case_004_seed0_20260821T001500Z.log
case_004 seed=0 mode=rFuzzy0.08: L=847 finish=stop l_bar=1.518 L/l_bar=558.0 final_ch=False wall=4.55s
[1/9] ok in 92s

[2/9] case_005 seed=0 arm=r_fuzzy -> /home/chiatzen/lossy-token-eff/logs/campaign_gsm8k_qwen3/rFuzzy0.08_case_005_seed0_20260821T001631Z.log
case_005 seed=0 mode=rFuzzy0.08: L=1251 finish=stop l_bar=1.474 L/l_bar=848.5 final_ch=False wall=6.83s
[2/9] ok in 96s

[3/9] case_006 seed=0 arm=r_fuzzy -> /home/chiatzen/lossy-token-eff/logs/campaign_gsm8k_qwen3/rFuzzy0.08_case_006_seed0_20260821T001807Z.log
case_006 seed=0 mode=rFuzzy0.08: L=1039 finish=stop l_bar=1.519 L/l_bar=683.8 final_ch=False wall=5.56s
[3/9] ok in 92s

[4/9] case_007 seed=0 arm=r_fuzzy -> /home/chiatzen/lossy-token-eff/logs/campaign_gsm8k_qwen3/rFuzzy0.08_case_007_seed0_20260821T001939Z.log
case_007 seed=0 mode=rFuzzy0.08: L=1132 finish=stop l_bar=1.448 L/l_bar=781.7 final_ch=False wall=6.23s
[4/9] ok in 93s

[5/9] case_008 seed=0 arm=r_fuzzy -> /home/chiatzen/lossy-token-eff/logs/campaign_gsm8k_qwen3/rFuzzy0.08_case_008_seed0_20260821T002112Z.log
case_008 seed=0 mode=rFuzzy0.08: L=2048 finish=length l_bar=1.793 L/l_bar=1142.1 final_ch=False wall=9.91s
[5/9] ok in 98s

[6/9] case_009 seed=0 arm=r_fuzzy -> /home/chiatzen/lossy-token-eff/logs/campaign_gsm8k_qwen3/rFuzzy0.08_case_009_seed0_20260821T002250Z.log
case_009 seed=0 mode=rFuzzy0.08: L=2048 finish=length l_bar=1.858 L/l_bar=1102.4 final_ch=False wall=9.66s
[6/9] ok in 98s

[7/9] case_010 seed=0 arm=r_fuzzy -> /home/chiatzen/lossy-token-eff/logs/campaign_gsm8k_qwen3/rFuzzy0.08_case_010_seed0_20260821T002428Z.log
case_010 seed=0 mode=rFuzzy0.08: L=1605 finish=stop l_bar=1.57 L/l_bar=1022.6 final_ch=False wall=8.42s
[7/9] ok in 96s

[8/9] case_011 seed=0 arm=r_fuzzy -> /home/chiatzen/lossy-token-eff/logs/campaign_gsm8k_qwen3/rFuzzy0.08_case_011_seed0_20260821T002605Z.log
case_011 seed=0 mode=rFuzzy0.08: L=1424 finish=stop l_bar=1.762 L/l_bar=808.3 final_ch=False wall=6.96s
[8/9] ok in 93s

[9/9] case_012 seed=0 arm=r_fuzzy -> /home/chiatzen/lossy-token-eff/logs/campaign_gsm8k_qwen3/rFuzzy0.08_case_012_seed0_20260821T002737Z.log
case_012 seed=0 mode=rFuzzy0.08: L=1096 finish=stop l_bar=1.704 L/l_bar=643.3 final_ch=False wall=5.47s
[9/9] ok in 93s

wrote /home/chiatzen/lossy-token-eff/runs/gsm8k_qwen3/fresh_server_replay.json; 9/9 ok
$ /home/chiatzen/lossy-token-eff/.venv-vllm/bin/python /home/chiatzen/lossy-token-eff/scripts/fresh_server_replay.py --arms r_fuzzy --cases case_001 case_002 case_003 case_004 case_005 case_006 case_007 case_008 case_009 case_010 case_011 case_012 --r-fuzzy-alpha 0.15 --prompt-root /home/chiatzen/lossy-token-eff/prompts/gsm8k_qwen3 --runs-root /home/chiatzen/lossy-token-eff/runs --log-root /home/chiatzen/lossy-token-eff/logs/campaign_gsm8k_qwen3 --max-new-tokens 2048 --port 30000 --model-path Qwen/Qwen3-8B --draft-model-path RedHatAI/Qwen3-8B-speculator.eagle3 --served-model-name qwen3-8b --rope-scaling-json {"rope_type":"yarn","factor":1.6,"original_max_position_embeddings":40960}
skip case_001 seed=0 r_fuzzy/alpha0.15: already present (/home/chiatzen/lossy-token-eff/runs/gsm8k_qwen3/r_fuzzy/alpha0.15/case_001/seed_0/run.json)
skip case_002 seed=0 r_fuzzy/alpha0.15: already present (/home/chiatzen/lossy-token-eff/runs/gsm8k_qwen3/r_fuzzy/alpha0.15/case_002/seed_0/run.json)
skip case_003 seed=0 r_fuzzy/alpha0.15: already present (/home/chiatzen/lossy-token-eff/runs/gsm8k_qwen3/r_fuzzy/alpha0.15/case_003/seed_0/run.json)
9 run(s), one fresh server each

[1/9] case_004 seed=0 arm=r_fuzzy -> /home/chiatzen/lossy-token-eff/logs/campaign_gsm8k_qwen3/rFuzzy0.15_case_004_seed0_20260821T002911Z.log
case_004 seed=0 mode=rFuzzy0.15: L=2048 finish=length l_bar=1.928 L/l_bar=1062.0 final_ch=False wall=9.43s
[1/9] ok in 96s

[2/9] case_005 seed=0 arm=r_fuzzy -> /home/chiatzen/lossy-token-eff/logs/campaign_gsm8k_qwen3/rFuzzy0.15_case_005_seed0_20260821T003047Z.log
case_005 seed=0 mode=rFuzzy0.15: L=2048 finish=length l_bar=1.957 L/l_bar=1046.6 final_ch=False wall=9.36s
[2/9] ok in 98s

[3/9] case_006 seed=0 arm=r_fuzzy -> /home/chiatzen/lossy-token-eff/logs/campaign_gsm8k_qwen3/rFuzzy0.15_case_006_seed0_20260821T003225Z.log
case_006 seed=0 mode=rFuzzy0.15: L=1094 finish=stop l_bar=1.646 L/l_bar=664.4 final_ch=False wall=5.57s
[3/9] ok in 92s

[4/9] case_007 seed=0 arm=r_fuzzy -> /home/chiatzen/lossy-token-eff/logs/campaign_gsm8k_qwen3/rFuzzy0.15_case_007_seed0_20260821T003357Z.log
case_007 seed=0 mode=rFuzzy0.15: L=1026 finish=stop l_bar=1.512 L/l_bar=678.5 final_ch=False wall=5.51s
[4/9] ok in 94s

[5/9] case_008 seed=0 arm=r_fuzzy -> /home/chiatzen/lossy-token-eff/logs/campaign_gsm8k_qwen3/rFuzzy0.15_case_008_seed0_20260821T003531Z.log
case_008 seed=0 mode=rFuzzy0.15: L=2048 finish=length l_bar=2.048 L/l_bar=1000.2 final_ch=False wall=9.05s
[5/9] ok in 97s

[6/9] case_009 seed=0 arm=r_fuzzy -> /home/chiatzen/lossy-token-eff/logs/campaign_gsm8k_qwen3/rFuzzy0.15_case_009_seed0_20260821T003708Z.log
case_009 seed=0 mode=rFuzzy0.15: L=2048 finish=length l_bar=1.924 L/l_bar=1064.3 final_ch=False wall=9.43s
[6/9] ok in 96s

[7/9] case_010 seed=0 arm=r_fuzzy -> /home/chiatzen/lossy-token-eff/logs/campaign_gsm8k_qwen3/rFuzzy0.15_case_010_seed0_20260821T003844Z.log
case_010 seed=0 mode=rFuzzy0.15: L=980 finish=stop l_bar=1.625 L/l_bar=603.2 final_ch=False wall=5.04s
[7/9] ok in 91s

[8/9] case_011 seed=0 arm=r_fuzzy -> /home/chiatzen/lossy-token-eff/logs/campaign_gsm8k_qwen3/rFuzzy0.15_case_011_seed0_20260821T004015Z.log
case_011 seed=0 mode=rFuzzy0.15: L=860 finish=stop l_bar=2.025 L/l_bar=424.8 final_ch=False wall=3.86s
[8/9] ok in 92s

[9/9] case_012 seed=0 arm=r_fuzzy -> /home/chiatzen/lossy-token-eff/logs/campaign_gsm8k_qwen3/rFuzzy0.15_case_012_seed0_20260821T004148Z.log
case_012 seed=0 mode=rFuzzy0.15: L=2048 finish=length l_bar=1.793 L/l_bar=1142.3 final_ch=False wall=9.90s
[9/9] ok in 98s

wrote /home/chiatzen/lossy-token-eff/runs/gsm8k_qwen3/fresh_server_replay.json; 9/9 ok
$ /home/chiatzen/lossy-token-eff/.venv-vllm/bin/python /home/chiatzen/lossy-token-eff/scripts/fresh_server_replay.py --arms r_fuzzy --cases case_001 case_002 case_003 case_004 case_005 case_006 case_007 case_008 case_009 case_010 case_011 case_012 --r-fuzzy-alpha 0.25 --prompt-root /home/chiatzen/lossy-token-eff/prompts/gsm8k_qwen3 --runs-root /home/chiatzen/lossy-token-eff/runs --log-root /home/chiatzen/lossy-token-eff/logs/campaign_gsm8k_qwen3 --max-new-tokens 2048 --port 30000 --model-path Qwen/Qwen3-8B --draft-model-path RedHatAI/Qwen3-8B-speculator.eagle3 --served-model-name qwen3-8b --rope-scaling-json {"rope_type":"yarn","factor":1.6,"original_max_position_embeddings":40960}
skip case_001 seed=0 r_fuzzy/alpha0.25: already present (/home/chiatzen/lossy-token-eff/runs/gsm8k_qwen3/r_fuzzy/alpha0.25/case_001/seed_0/run.json)
skip case_002 seed=0 r_fuzzy/alpha0.25: already present (/home/chiatzen/lossy-token-eff/runs/gsm8k_qwen3/r_fuzzy/alpha0.25/case_002/seed_0/run.json)
skip case_003 seed=0 r_fuzzy/alpha0.25: already present (/home/chiatzen/lossy-token-eff/runs/gsm8k_qwen3/r_fuzzy/alpha0.25/case_003/seed_0/run.json)
9 run(s), one fresh server each

[1/9] case_004 seed=0 arm=r_fuzzy -> /home/chiatzen/lossy-token-eff/logs/campaign_gsm8k_qwen3/rFuzzy0.25_case_004_seed0_20260821T004326Z.log
case_004 seed=0 mode=rFuzzy0.25: L=145 finish=stop l_bar=1.655 L/l_bar=87.6 final_ch=False wall=0.80s
[1/9] ok in 87s

[2/9] case_005 seed=0 arm=r_fuzzy -> /home/chiatzen/lossy-token-eff/logs/campaign_gsm8k_qwen3/rFuzzy0.25_case_005_seed0_20260821T004453Z.log
case_005 seed=0 mode=rFuzzy0.25: L=1756 finish=stop l_bar=2.128 L/l_bar=825.1 final_ch=False wall=7.56s
[2/9] ok in 94s

[3/9] case_006 seed=0 arm=r_fuzzy -> /home/chiatzen/lossy-token-eff/logs/campaign_gsm8k_qwen3/rFuzzy0.25_case_006_seed0_20260821T004627Z.log
case_006 seed=0 mode=rFuzzy0.25: L=1321 finish=stop l_bar=1.821 L/l_bar=725.6 final_ch=False wall=6.31s
[3/9] ok in 95s

[4/9] case_007 seed=0 arm=r_fuzzy -> /home/chiatzen/lossy-token-eff/logs/campaign_gsm8k_qwen3/rFuzzy0.25_case_007_seed0_20260821T004801Z.log
case_007 seed=0 mode=rFuzzy0.25: L=1483 finish=stop l_bar=1.855 L/l_bar=799.2 final_ch=False wall=6.98s
[4/9] ok in 93s

[5/9] case_008 seed=0 arm=r_fuzzy -> /home/chiatzen/lossy-token-eff/logs/campaign_gsm8k_qwen3/rFuzzy0.25_case_008_seed0_20260821T004935Z.log
case_008 seed=0 mode=rFuzzy0.25: L=2048 finish=length l_bar=2.33 L/l_bar=878.9 final_ch=False wall=8.29s
[5/9] ok in 97s

[6/9] case_009 seed=0 arm=r_fuzzy -> /home/chiatzen/lossy-token-eff/logs/campaign_gsm8k_qwen3/rFuzzy0.25_case_009_seed0_20260821T005112Z.log
case_009 seed=0 mode=rFuzzy0.25: L=2048 finish=length l_bar=2.392 L/l_bar=856.0 final_ch=False wall=8.15s
[6/9] ok in 95s

[7/9] case_010 seed=0 arm=r_fuzzy -> /home/chiatzen/lossy-token-eff/logs/campaign_gsm8k_qwen3/rFuzzy0.25_case_010_seed0_20260821T005247Z.log
case_010 seed=0 mode=rFuzzy0.25: L=1218 finish=stop l_bar=2.027 L/l_bar=600.8 final_ch=False wall=5.43s
[7/9] ok in 94s

[8/9] case_011 seed=0 arm=r_fuzzy -> /home/chiatzen/lossy-token-eff/logs/campaign_gsm8k_qwen3/rFuzzy0.25_case_011_seed0_20260821T005421Z.log
case_011 seed=0 mode=rFuzzy0.25: L=2048 finish=length l_bar=2.366 L/l_bar=865.8 final_ch=False wall=8.23s
[8/9] ok in 97s

[9/9] case_012 seed=0 arm=r_fuzzy -> /home/chiatzen/lossy-token-eff/logs/campaign_gsm8k_qwen3/rFuzzy0.25_case_012_seed0_20260821T005557Z.log
case_012 seed=0 mode=rFuzzy0.25: L=264 finish=stop l_bar=2.081 L/l_bar=126.8 final_ch=False wall=1.20s
[9/9] ok in 90s

wrote /home/chiatzen/lossy-token-eff/runs/gsm8k_qwen3/fresh_server_replay.json; 9/9 ok
$ /home/chiatzen/lossy-token-eff/.venv-vllm/bin/python /home/chiatzen/lossy-token-eff/scripts/fresh_server_replay.py --arms spec_casc_tok --cases case_001 case_002 case_003 case_004 case_005 case_006 case_007 case_008 case_009 case_010 case_011 case_012 --spec-casc-tok-alpha 0.55 --prompt-root /home/chiatzen/lossy-token-eff/prompts/gsm8k_qwen3 --runs-root /home/chiatzen/lossy-token-eff/runs --log-root /home/chiatzen/lossy-token-eff/logs/campaign_gsm8k_qwen3 --max-new-tokens 2048 --port 30000 --model-path Qwen/Qwen3-8B --draft-model-path RedHatAI/Qwen3-8B-speculator.eagle3 --served-model-name qwen3-8b --rope-scaling-json {"rope_type":"yarn","factor":1.6,"original_max_position_embeddings":40960}
skip case_001 seed=0 spec_casc_tok/alpha0.55: already present (/home/chiatzen/lossy-token-eff/runs/gsm8k_qwen3/spec_casc_tok/alpha0.55/case_001/seed_0/run.json)
skip case_002 seed=0 spec_casc_tok/alpha0.55: already present (/home/chiatzen/lossy-token-eff/runs/gsm8k_qwen3/spec_casc_tok/alpha0.55/case_002/seed_0/run.json)
skip case_003 seed=0 spec_casc_tok/alpha0.55: already present (/home/chiatzen/lossy-token-eff/runs/gsm8k_qwen3/spec_casc_tok/alpha0.55/case_003/seed_0/run.json)
9 run(s), one fresh server each

[1/9] case_004 seed=0 arm=spec_casc_tok -> /home/chiatzen/lossy-token-eff/logs/campaign_gsm8k_qwen3/specCascTok0.55_case_004_seed0_20260821T005727Z.log
case_004 seed=0 mode=specCascTok0.55: L=676 finish=stop l_bar=1.437 L/l_bar=470.5 final_ch=False wall=3.76s
[1/9] ok in 91s

[2/9] case_005 seed=0 arm=spec_casc_tok -> /home/chiatzen/lossy-token-eff/logs/campaign_gsm8k_qwen3/specCascTok0.55_case_005_seed0_20260821T005858Z.log
case_005 seed=0 mode=specCascTok0.55: L=1821 finish=stop l_bar=1.596 L/l_bar=1140.8 final_ch=False wall=9.46s
[2/9] ok in 98s

[3/9] case_006 seed=0 arm=spec_casc_tok -> /home/chiatzen/lossy-token-eff/logs/campaign_gsm8k_qwen3/specCascTok0.55_case_006_seed0_20260821T010036Z.log
case_006 seed=0 mode=specCascTok0.55: L=1690 finish=stop l_bar=1.396 L/l_bar=1210.8 final_ch=False wall=9.50s
[3/9] ok in 96s

[4/9] case_007 seed=0 arm=spec_casc_tok -> /home/chiatzen/lossy-token-eff/logs/campaign_gsm8k_qwen3/specCascTok0.55_case_007_seed0_20260821T010212Z.log
case_007 seed=0 mode=specCascTok0.55: L=1297 finish=stop l_bar=1.174 L/l_bar=1104.3 final_ch=False wall=8.03s
[4/9] ok in 97s

[5/9] case_008 seed=0 arm=spec_casc_tok -> /home/chiatzen/lossy-token-eff/logs/campaign_gsm8k_qwen3/specCascTok0.55_case_008_seed0_20260821T010349Z.log
case_008 seed=0 mode=specCascTok0.55: L=2048 finish=length l_bar=1.803 L/l_bar=1135.9 final_ch=False wall=9.85s
[5/9] ok in 97s

[6/9] case_009 seed=0 arm=spec_casc_tok -> /home/chiatzen/lossy-token-eff/logs/campaign_gsm8k_qwen3/specCascTok0.55_case_009_seed0_20260821T010526Z.log
case_009 seed=0 mode=specCascTok0.55: L=2048 finish=length l_bar=1.562 L/l_bar=1311.2 final_ch=False wall=10.76s
[6/9] ok in 98s

[7/9] case_010 seed=0 arm=spec_casc_tok -> /home/chiatzen/lossy-token-eff/logs/campaign_gsm8k_qwen3/specCascTok0.55_case_010_seed0_20260821T010704Z.log
case_010 seed=0 mode=specCascTok0.55: L=585 finish=stop l_bar=1.464 L/l_bar=399.6 final_ch=False wall=3.22s
[7/9] ok in 90s

[8/9] case_011 seed=0 arm=spec_casc_tok -> /home/chiatzen/lossy-token-eff/logs/campaign_gsm8k_qwen3/specCascTok0.55_case_011_seed0_20260821T010833Z.log
case_011 seed=0 mode=specCascTok0.55: L=1058 finish=stop l_bar=1.888 L/l_bar=560.4 final_ch=False wall=4.96s
[8/9] ok in 91s

[9/9] case_012 seed=0 arm=spec_casc_tok -> /home/chiatzen/lossy-token-eff/logs/campaign_gsm8k_qwen3/specCascTok0.55_case_012_seed0_20260821T011005Z.log
case_012 seed=0 mode=specCascTok0.55: L=731 finish=stop l_bar=1.626 L/l_bar=449.6 final_ch=False wall=3.77s
[9/9] ok in 92s

wrote /home/chiatzen/lossy-token-eff/runs/gsm8k_qwen3/fresh_server_replay.json; 9/9 ok
$ /home/chiatzen/lossy-token-eff/.venv-vllm/bin/python /home/chiatzen/lossy-token-eff/scripts/fresh_server_replay.py --arms spec_casc_tok --cases case_001 case_002 case_003 case_004 case_005 case_006 case_007 case_008 case_009 case_010 case_011 case_012 --spec-casc-tok-alpha 0.15 --prompt-root /home/chiatzen/lossy-token-eff/prompts/gsm8k_qwen3 --runs-root /home/chiatzen/lossy-token-eff/runs --log-root /home/chiatzen/lossy-token-eff/logs/campaign_gsm8k_qwen3 --max-new-tokens 2048 --port 30000 --model-path Qwen/Qwen3-8B --draft-model-path RedHatAI/Qwen3-8B-speculator.eagle3 --served-model-name qwen3-8b --rope-scaling-json {"rope_type":"yarn","factor":1.6,"original_max_position_embeddings":40960}
skip case_001 seed=0 spec_casc_tok/alpha0.15: already present (/home/chiatzen/lossy-token-eff/runs/gsm8k_qwen3/spec_casc_tok/alpha0.15/case_001/seed_0/run.json)
skip case_002 seed=0 spec_casc_tok/alpha0.15: already present (/home/chiatzen/lossy-token-eff/runs/gsm8k_qwen3/spec_casc_tok/alpha0.15/case_002/seed_0/run.json)
skip case_003 seed=0 spec_casc_tok/alpha0.15: already present (/home/chiatzen/lossy-token-eff/runs/gsm8k_qwen3/spec_casc_tok/alpha0.15/case_003/seed_0/run.json)
9 run(s), one fresh server each

[1/9] case_004 seed=0 arm=spec_casc_tok -> /home/chiatzen/lossy-token-eff/logs/campaign_gsm8k_qwen3/specCascTok0.15_case_004_seed0_20260821T011137Z.log
case_004 seed=0 mode=specCascTok0.15: L=639 finish=stop l_bar=1.492 L/l_bar=428.2 final_ch=False wall=3.48s
[1/9] ok in 90s

[2/9] case_005 seed=0 arm=spec_casc_tok -> /home/chiatzen/lossy-token-eff/logs/campaign_gsm8k_qwen3/specCascTok0.15_case_005_seed0_20260821T011307Z.log
case_005 seed=0 mode=specCascTok0.15: L=2048 finish=length l_bar=1.558 L/l_bar=1314.5 final_ch=False wall=10.79s
[2/9] ok in 98s

[3/9] case_006 seed=0 arm=spec_casc_tok -> /home/chiatzen/lossy-token-eff/logs/campaign_gsm8k_qwen3/specCascTok0.15_case_006_seed0_20260821T011445Z.log
case_006 seed=0 mode=specCascTok0.15: L=1844 finish=stop l_bar=1.381 L/l_bar=1335.1 final_ch=False wall=10.42s
[3/9] ok in 97s

[4/9] case_007 seed=0 arm=spec_casc_tok -> /home/chiatzen/lossy-token-eff/logs/campaign_gsm8k_qwen3/specCascTok0.15_case_007_seed0_20260821T011622Z.log
case_007 seed=0 mode=specCascTok0.15: L=1047 finish=stop l_bar=1.274 L/l_bar=821.9 final_ch=False wall=6.20s
[4/9] ok in 93s

[5/9] case_008 seed=0 arm=spec_casc_tok -> /home/chiatzen/lossy-token-eff/logs/campaign_gsm8k_qwen3/specCascTok0.15_case_008_seed0_20260821T011755Z.log
case_008 seed=0 mode=specCascTok0.15: L=2048 finish=length l_bar=1.733 L/l_bar=1181.8 final_ch=False wall=10.10s
[5/9] ok in 97s

[6/9] case_009 seed=0 arm=spec_casc_tok -> /home/chiatzen/lossy-token-eff/logs/campaign_gsm8k_qwen3/specCascTok0.15_case_009_seed0_20260821T011932Z.log
case_009 seed=0 mode=specCascTok0.15: L=1041 finish=stop l_bar=1.607 L/l_bar=648.0 final_ch=False wall=5.39s
[6/9] ok in 92s

[7/9] case_010 seed=0 arm=spec_casc_tok -> /home/chiatzen/lossy-token-eff/logs/campaign_gsm8k_qwen3/specCascTok0.15_case_010_seed0_20260821T012104Z.log
case_010 seed=0 mode=specCascTok0.15: L=585 finish=stop l_bar=1.464 L/l_bar=399.6 final_ch=False wall=3.23s
[7/9] ok in 92s

[8/9] case_011 seed=0 arm=spec_casc_tok -> /home/chiatzen/lossy-token-eff/logs/campaign_gsm8k_qwen3/specCascTok0.15_case_011_seed0_20260821T012235Z.log
case_011 seed=0 mode=specCascTok0.15: L=1138 finish=stop l_bar=1.76 L/l_bar=646.7 final_ch=False wall=5.57s
[8/9] ok in 94s

[9/9] case_012 seed=0 arm=spec_casc_tok -> /home/chiatzen/lossy-token-eff/logs/campaign_gsm8k_qwen3/specCascTok0.15_case_012_seed0_20260821T012409Z.log
case_012 seed=0 mode=specCascTok0.15: L=851 finish=stop l_bar=1.457 L/l_bar=584.2 final_ch=False wall=4.67s
[9/9] ok in 92s

wrote /home/chiatzen/lossy-token-eff/runs/gsm8k_qwen3/fresh_server_replay.json; 9/9 ok
$ /home/chiatzen/lossy-token-eff/.venv-vllm/bin/python /home/chiatzen/lossy-token-eff/scripts/fresh_server_replay.py --arms spec_casc_tok --cases case_001 case_002 case_003 case_004 case_005 case_006 case_007 case_008 case_009 case_010 case_011 case_012 --spec-casc-tok-alpha 0.8 --prompt-root /home/chiatzen/lossy-token-eff/prompts/gsm8k_qwen3 --runs-root /home/chiatzen/lossy-token-eff/runs --log-root /home/chiatzen/lossy-token-eff/logs/campaign_gsm8k_qwen3 --max-new-tokens 2048 --port 30000 --model-path Qwen/Qwen3-8B --draft-model-path RedHatAI/Qwen3-8B-speculator.eagle3 --served-model-name qwen3-8b --rope-scaling-json {"rope_type":"yarn","factor":1.6,"original_max_position_embeddings":40960}
skip case_001 seed=0 spec_casc_tok/alpha0.8: already present (/home/chiatzen/lossy-token-eff/runs/gsm8k_qwen3/spec_casc_tok/alpha0.8/case_001/seed_0/run.json)
skip case_002 seed=0 spec_casc_tok/alpha0.8: already present (/home/chiatzen/lossy-token-eff/runs/gsm8k_qwen3/spec_casc_tok/alpha0.8/case_002/seed_0/run.json)
skip case_003 seed=0 spec_casc_tok/alpha0.8: already present (/home/chiatzen/lossy-token-eff/runs/gsm8k_qwen3/spec_casc_tok/alpha0.8/case_003/seed_0/run.json)
9 run(s), one fresh server each

[1/9] case_004 seed=0 arm=spec_casc_tok -> /home/chiatzen/lossy-token-eff/logs/campaign_gsm8k_qwen3/specCascTok0.8_case_004_seed0_20260821T012541Z.log
case_004 seed=0 mode=specCascTok0.8: L=615 finish=stop l_bar=1.486 L/l_bar=413.9 final_ch=False wall=3.37s
[1/9] ok in 92s

[2/9] case_005 seed=0 arm=spec_casc_tok -> /home/chiatzen/lossy-token-eff/logs/campaign_gsm8k_qwen3/specCascTok0.8_case_005_seed0_20260821T012713Z.log
case_005 seed=0 mode=specCascTok0.8: L=2021 finish=stop l_bar=1.58 L/l_bar=1279.3 final_ch=False wall=10.56s
[2/9] ok in 98s

[3/9] case_006 seed=0 arm=spec_casc_tok -> /home/chiatzen/lossy-token-eff/logs/campaign_gsm8k_qwen3/specCascTok0.8_case_006_seed0_20260821T012851Z.log
case_006 seed=0 mode=specCascTok0.8: L=2048 finish=length l_bar=1.644 L/l_bar=1245.8 final_ch=False wall=10.43s
[3/9] ok in 97s

[4/9] case_007 seed=0 arm=spec_casc_tok -> /home/chiatzen/lossy-token-eff/logs/campaign_gsm8k_qwen3/specCascTok0.8_case_007_seed0_20260821T013028Z.log
case_007 seed=0 mode=specCascTok0.8: L=1443 finish=stop l_bar=1.368 L/l_bar=1055.0 final_ch=False wall=8.21s
[4/9] ok in 97s

[5/9] case_008 seed=0 arm=spec_casc_tok -> /home/chiatzen/lossy-token-eff/logs/campaign_gsm8k_qwen3/specCascTok0.8_case_008_seed0_20260821T013205Z.log
case_008 seed=0 mode=specCascTok0.8: L=2048 finish=length l_bar=1.539 L/l_bar=1330.7 final_ch=False wall=10.85s
[5/9] ok in 100s

[6/9] case_009 seed=0 arm=spec_casc_tok -> /home/chiatzen/lossy-token-eff/logs/campaign_gsm8k_qwen3/specCascTok0.8_case_009_seed0_20260821T013344Z.log
case_009 seed=0 mode=specCascTok0.8: L=1447 finish=stop l_bar=1.703 L/l_bar=849.8 final_ch=False wall=7.21s
[6/9] ok in 96s

[7/9] case_010 seed=0 arm=spec_casc_tok -> /home/chiatzen/lossy-token-eff/logs/campaign_gsm8k_qwen3/specCascTok0.8_case_010_seed0_20260821T013520Z.log
case_010 seed=0 mode=specCascTok0.8: L=854 finish=stop l_bar=1.48 L/l_bar=577.2 final_ch=False wall=4.66s
[7/9] ok in 93s

[8/9] case_011 seed=0 arm=spec_casc_tok -> /home/chiatzen/lossy-token-eff/logs/campaign_gsm8k_qwen3/specCascTok0.8_case_011_seed0_20260821T013653Z.log
case_011 seed=0 mode=specCascTok0.8: L=993 finish=stop l_bar=1.875 L/l_bar=529.5 final_ch=False wall=4.67s
[8/9] ok in 94s

[9/9] case_012 seed=0 arm=spec_casc_tok -> /home/chiatzen/lossy-token-eff/logs/campaign_gsm8k_qwen3/specCascTok0.8_case_012_seed0_20260821T013827Z.log
case_012 seed=0 mode=specCascTok0.8: L=890 finish=stop l_bar=1.702 L/l_bar=522.9 final_ch=False wall=4.45s
[9/9] ok in 91s

wrote /home/chiatzen/lossy-token-eff/runs/gsm8k_qwen3/fresh_server_replay.json; 9/9 ok
=== campaign_run done: dataset=gsm8k_qwen3 ===
campaign_run.py --dataset gsm8k_qwen3 exited 0
wrote /home/chiatzen/lossy-token-eff/campaign/tables/gsm8k_qwen3.csv (189 rows)
wrote /home/chiatzen/lossy-token-eff/campaign/results/gsm8k_qwen3.csv (14 rows)
wrote /home/chiatzen/lossy-token-eff/campaign/graphs/gsm8k_qwen3.png
wrote /home/chiatzen/lossy-token-eff/campaign/graphs/gsm8k_qwen3_accuracy.png
campaign_report.py --dataset gsm8k_qwen3 exited 0
########## dataset=gsm8k_qwen3 finished 2026-08-21T01:39:59Z ##########

free space check before aime24_qwen3: 7G
########## dataset=aime24_qwen3 started 2026-08-21T01:39:59Z ##########
=== campaign_run: dataset=aime24_qwen3 methods=['mentored_dec', 'cactus', 'spec_casc_opt', 'r_fuzzy', 'spec_casc_tok'] probe_cases=['case_001', 'case_002', 'case_003'] full_cases=12 max_new_tokens=32768 model=qwen3-8b (Qwen/Qwen3-8B + RedHatAI/Qwen3-8B-speculator.eagle3) ===
$ /home/chiatzen/lossy-token-eff/.venv-vllm/bin/python /home/chiatzen/lossy-token-eff/scripts/fresh_server_replay.py --arms strict --cases case_001 case_002 case_003 case_004 case_005 case_006 case_007 case_008 case_009 case_010 case_011 case_012 --prompt-root /home/chiatzen/lossy-token-eff/prompts/aime24_qwen3 --runs-root /home/chiatzen/lossy-token-eff/runs --log-root /home/chiatzen/lossy-token-eff/logs/campaign_aime24_qwen3 --max-new-tokens 32768 --port 30000 --model-path Qwen/Qwen3-8B --draft-model-path RedHatAI/Qwen3-8B-speculator.eagle3 --served-model-name qwen3-8b --rope-scaling-json {"rope_type":"yarn","factor":1.6,"original_max_position_embeddings":40960}
12 run(s), one fresh server each

[1/12] case_001 seed=0 arm=strict -> /home/chiatzen/lossy-token-eff/logs/campaign_aime24_qwen3/strict_case_001_seed0_20260821T013959Z.log
case_001 seed=0 mode=strict: L=8369 finish=stop l_bar=1.388 L/l_bar=6029.0 final_ch=False wall=48.10s
[1/12] ok in 136s

[2/12] case_002 seed=0 arm=strict -> /home/chiatzen/lossy-token-eff/logs/campaign_aime24_qwen3/strict_case_002_seed0_20260821T014214Z.log
case_002 seed=0 mode=strict: L=24649 finish=stop l_bar=0.96 L/l_bar=25669.7 final_ch=False wall=182.19s
[2/12] ok in 270s

[3/12] case_003 seed=0 arm=strict -> /home/chiatzen/lossy-token-eff/logs/campaign_aime24_qwen3/strict_case_003_seed0_20260821T014644Z.log
case_003 seed=0 mode=strict: L=29844 finish=stop l_bar=0.701 L/l_bar=42547.7 final_ch=False wall=259.30s
[3/12] ok in 346s

[4/12] case_004 seed=0 arm=strict -> /home/chiatzen/lossy-token-eff/logs/campaign_aime24_qwen3/strict_case_004_seed0_20260821T015231Z.log
case_004 seed=0 mode=strict: L=32768 finish=length l_bar=0.834 L/l_bar=39302.7 final_ch=False wall=266.95s
[4/12] ok in 354s

[5/12] case_005 seed=0 arm=strict -> /home/chiatzen/lossy-token-eff/logs/campaign_aime24_qwen3/strict_case_005_seed0_20260821T015825Z.log
case_005 seed=0 mode=strict: L=15289 finish=stop l_bar=0.943 L/l_bar=16220.6 final_ch=False wall=110.65s
[5/12] ok in 198s

[6/12] case_006 seed=0 arm=strict -> /home/chiatzen/lossy-token-eff/logs/campaign_aime24_qwen3/strict_case_006_seed0_20260821T020143Z.log
case_006 seed=0 mode=strict: L=11348 finish=stop l_bar=1.115 L/l_bar=10177.5 final_ch=False wall=74.45s
[6/12] ok in 162s

[7/12] case_007 seed=0 arm=strict -> /home/chiatzen/lossy-token-eff/logs/campaign_aime24_qwen3/strict_case_007_seed0_20260821T020425Z.log
case_007 seed=0 mode=strict: L=19609 finish=stop l_bar=0.892 L/l_bar=21971.3 final_ch=False wall=147.98s
[7/12] ok in 236s

[8/12] case_008 seed=0 arm=strict -> /home/chiatzen/lossy-token-eff/logs/campaign_aime24_qwen3/strict_case_008_seed0_20260821T020821Z.log
case_008 seed=0 mode=strict: L=9790 finish=stop l_bar=0.99 L/l_bar=9892.5 final_ch=False wall=68.01s
[8/12] ok in 155s

[9/12] case_009 seed=0 arm=strict -> /home/chiatzen/lossy-token-eff/logs/campaign_aime24_qwen3/strict_case_009_seed0_20260821T021056Z.log
case_009 seed=0 mode=strict: L=11160 finish=stop l_bar=1.163 L/l_bar=9595.7 final_ch=False wall=71.51s
[9/12] ok in 159s

[10/12] case_010 seed=0 arm=strict -> /home/chiatzen/lossy-token-eff/logs/campaign_aime24_qwen3/strict_case_010_seed0_20260821T021335Z.log
case_010 seed=0 mode=strict: L=10134 finish=stop l_bar=1.111 L/l_bar=9117.6 final_ch=False wall=66.37s
[10/12] ok in 154s

[11/12] case_011 seed=0 arm=strict -> /home/chiatzen/lossy-token-eff/logs/campaign_aime24_qwen3/strict_case_011_seed0_20260821T021608Z.log
case_011 seed=0 mode=strict: L=32768 finish=length l_bar=0.948 L/l_bar=34580.8 final_ch=False wall=250.51s
[11/12] ok in 338s

[12/12] case_012 seed=0 arm=strict -> /home/chiatzen/lossy-token-eff/logs/campaign_aime24_qwen3/strict_case_012_seed0_20260821T022146Z.log
case_012 seed=0 mode=strict: L=8125 finish=stop l_bar=1.115 L/l_bar=7290.1 final_ch=False wall=52.66s
[12/12] ok in 140s

wrote /home/chiatzen/lossy-token-eff/runs/aime24_qwen3/fresh_server_replay.json; 12/12 ok
$ /home/chiatzen/lossy-token-eff/.venv-vllm/bin/python /home/chiatzen/lossy-token-eff/scripts/fresh_server_replay.py --arms mentored_dec --cases case_001 case_002 case_003 --mentored-dec-alpha 0.15 --prompt-root /home/chiatzen/lossy-token-eff/prompts/aime24_qwen3 --runs-root /home/chiatzen/lossy-token-eff/runs --log-root /home/chiatzen/lossy-token-eff/logs/campaign_aime24_qwen3 --max-new-tokens 32768 --port 30000 --model-path Qwen/Qwen3-8B --draft-model-path RedHatAI/Qwen3-8B-speculator.eagle3 --served-model-name qwen3-8b --rope-scaling-json {"rope_type":"yarn","factor":1.6,"original_max_position_embeddings":40960}
3 run(s), one fresh server each

[1/3] case_001 seed=0 arm=mentored_dec -> /home/chiatzen/lossy-token-eff/logs/campaign_aime24_qwen3/mentoredDec0.15_case_001_seed0_20260821T022407Z.log
case_001 seed=0 mode=mentoredDec0.15: L=6961 finish=stop l_bar=1.542 L/l_bar=4514.3 final_ch=False wall=37.42s
[1/3] ok in 131s

[2/3] case_002 seed=0 arm=mentored_dec -> /home/chiatzen/lossy-token-eff/logs/campaign_aime24_qwen3/mentoredDec0.15_case_002_seed0_20260821T022618Z.log
case_002 seed=0 mode=mentoredDec0.15: L=20824 finish=stop l_bar=0.9 L/l_bar=23126.8 final_ch=False wall=156.56s
[2/3] ok in 252s

[3/3] case_003 seed=0 arm=mentored_dec -> /home/chiatzen/lossy-token-eff/logs/campaign_aime24_qwen3/mentoredDec0.15_case_003_seed0_20260821T023029Z.log
case_003 seed=0 mode=mentoredDec0.15: L=26737 finish=stop l_bar=0.728 L/l_bar=36708.5 final_ch=False wall=225.84s
[3/3] ok in 319s

wrote /home/chiatzen/lossy-token-eff/runs/aime24_qwen3/fresh_server_replay.json; 3/3 ok
$ /home/chiatzen/lossy-token-eff/.venv-vllm/bin/python /home/chiatzen/lossy-token-eff/scripts/fresh_server_replay.py --arms mentored_dec --cases case_001 case_002 case_003 --mentored-dec-alpha 0.35 --prompt-root /home/chiatzen/lossy-token-eff/prompts/aime24_qwen3 --runs-root /home/chiatzen/lossy-token-eff/runs --log-root /home/chiatzen/lossy-token-eff/logs/campaign_aime24_qwen3 --max-new-tokens 32768 --port 30000 --model-path Qwen/Qwen3-8B --draft-model-path RedHatAI/Qwen3-8B-speculator.eagle3 --served-model-name qwen3-8b --rope-scaling-json {"rope_type":"yarn","factor":1.6,"original_max_position_embeddings":40960}
3 run(s), one fresh server each

[1/3] case_001 seed=0 arm=mentored_dec -> /home/chiatzen/lossy-token-eff/logs/campaign_aime24_qwen3/mentoredDec0.35_case_001_seed0_20260821T023548Z.log
case_001 seed=0 mode=mentoredDec0.35: L=7873 finish=stop l_bar=1.572 L/l_bar=5009.2 final_ch=False wall=41.97s
[1/3] ok in 138s

[2/3] case_002 seed=0 arm=mentored_dec -> /home/chiatzen/lossy-token-eff/logs/campaign_aime24_qwen3/mentoredDec0.35_case_002_seed0_20260821T023806Z.log
case_002 seed=0 mode=mentoredDec0.35: L=23766 finish=stop l_bar=1.02 L/l_bar=23296.7 final_ch=False wall=170.01s
[2/3] ok in 265s

[3/3] case_003 seed=0 arm=mentored_dec -> /home/chiatzen/lossy-token-eff/logs/campaign_aime24_qwen3/mentoredDec0.35_case_003_seed0_20260821T024231Z.log
case_003 seed=0 mode=mentoredDec0.35: L=31617 finish=stop l_bar=0.626 L/l_bar=50485.9 final_ch=False wall=289.47s
[3/3] ok in 384s

wrote /home/chiatzen/lossy-token-eff/runs/aime24_qwen3/fresh_server_replay.json; 3/3 ok
$ /home/chiatzen/lossy-token-eff/.venv-vllm/bin/python /home/chiatzen/lossy-token-eff/scripts/fresh_server_replay.py --arms mentored_dec --cases case_001 case_002 case_003 --mentored-dec-alpha 0.55 --prompt-root /home/chiatzen/lossy-token-eff/prompts/aime24_qwen3 --runs-root /home/chiatzen/lossy-token-eff/runs --log-root /home/chiatzen/lossy-token-eff/logs/campaign_aime24_qwen3 --max-new-tokens 32768 --port 30000 --model-path Qwen/Qwen3-8B --draft-model-path RedHatAI/Qwen3-8B-speculator.eagle3 --served-model-name qwen3-8b --rope-scaling-json {"rope_type":"yarn","factor":1.6,"original_max_position_embeddings":40960}
3 run(s), one fresh server each

[1/3] case_001 seed=0 arm=mentored_dec -> /home/chiatzen/lossy-token-eff/logs/campaign_aime24_qwen3/mentoredDec0.55_case_001_seed0_20260821T024856Z.log
case_001 seed=0 mode=mentoredDec0.55: L=6420 finish=stop l_bar=1.7 L/l_bar=3775.4 final_ch=False wall=32.49s
[1/3] ok in 128s

[2/3] case_002 seed=0 arm=mentored_dec -> /home/chiatzen/lossy-token-eff/logs/campaign_aime24_qwen3/mentoredDec0.55_case_002_seed0_20260821T025104Z.log
case_002 seed=0 mode=mentoredDec0.55: L=20581 finish=stop l_bar=1.021 L/l_bar=20161.3 final_ch=False wall=145.38s
[2/3] ok in 241s

[3/3] case_003 seed=0 arm=mentored_dec -> /home/chiatzen/lossy-token-eff/logs/campaign_aime24_qwen3/mentoredDec0.55_case_003_seed0_20260821T025504Z.log
case_003 seed=0 mode=mentoredDec0.55: L=32768 finish=length l_bar=0.651 L/l_bar=50297.8 final_ch=False wall=296.16s
[3/3] ok in 391s

wrote /home/chiatzen/lossy-token-eff/runs/aime24_qwen3/fresh_server_replay.json; 3/3 ok
$ /home/chiatzen/lossy-token-eff/.venv-vllm/bin/python /home/chiatzen/lossy-token-eff/scripts/fresh_server_replay.py --arms mentored_dec --cases case_001 case_002 case_003 --mentored-dec-alpha 0.75 --prompt-root /home/chiatzen/lossy-token-eff/prompts/aime24_qwen3 --runs-root /home/chiatzen/lossy-token-eff/runs --log-root /home/chiatzen/lossy-token-eff/logs/campaign_aime24_qwen3 --max-new-tokens 32768 --port 30000 --model-path Qwen/Qwen3-8B --draft-model-path RedHatAI/Qwen3-8B-speculator.eagle3 --served-model-name qwen3-8b --rope-scaling-json {"rope_type":"yarn","factor":1.6,"original_max_position_embeddings":40960}
3 run(s), one fresh server each

[1/3] case_001 seed=0 arm=mentored_dec -> /home/chiatzen/lossy-token-eff/logs/campaign_aime24_qwen3/mentoredDec0.75_case_001_seed0_20260821T030136Z.log
case_001 seed=0 mode=mentoredDec0.75: L=7474 finish=stop l_bar=1.711 L/l_bar=4369.3 final_ch=False wall=37.76s
[1/3] ok in 133s

[2/3] case_002 seed=0 arm=mentored_dec -> /home/chiatzen/lossy-token-eff/logs/campaign_aime24_qwen3/mentoredDec0.75_case_002_seed0_20260821T030349Z.log
case_002 seed=0 mode=mentoredDec0.75: L=18928 finish=stop l_bar=1.122 L/l_bar=16872.0 final_ch=False wall=126.78s
[2/3] ok in 220s

[3/3] case_003 seed=0 arm=mentored_dec -> /home/chiatzen/lossy-token-eff/logs/campaign_aime24_qwen3/mentoredDec0.75_case_003_seed0_20260821T030729Z.log
case_003 seed=0 mode=mentoredDec0.75: L=32768 finish=length l_bar=0.763 L/l_bar=42968.0 final_ch=False wall=278.06s
[3/3] ok in 374s

wrote /home/chiatzen/lossy-token-eff/runs/aime24_qwen3/fresh_server_replay.json; 3/3 ok
$ /home/chiatzen/lossy-token-eff/.venv-vllm/bin/python /home/chiatzen/lossy-token-eff/scripts/fresh_server_replay.py --arms cactus --cases case_001 case_002 case_003 --cactus-alpha 0.03 --prompt-root /home/chiatzen/lossy-token-eff/prompts/aime24_qwen3 --runs-root /home/chiatzen/lossy-token-eff/runs --log-root /home/chiatzen/lossy-token-eff/logs/campaign_aime24_qwen3 --max-new-tokens 32768 --port 30000 --model-path Qwen/Qwen3-8B --draft-model-path RedHatAI/Qwen3-8B-speculator.eagle3 --served-model-name qwen3-8b --rope-scaling-json {"rope_type":"yarn","factor":1.6,"original_max_position_embeddings":40960}
3 run(s), one fresh server each

[1/3] case_001 seed=0 arm=cactus -> /home/chiatzen/lossy-token-eff/logs/campaign_aime24_qwen3/cactus0.03_case_001_seed0_20260821T031343Z.log
case_001 seed=0 mode=cactus0.03: L=7370 finish=stop l_bar=1.707 L/l_bar=4317.0 final_ch=False wall=37.29s
[1/3] ok in 130s

[2/3] case_002 seed=0 arm=cactus -> /home/chiatzen/lossy-token-eff/logs/campaign_aime24_qwen3/cactus0.03_case_002_seed0_20260821T031553Z.log
case_002 seed=0 mode=cactus0.03: L=32768 finish=length l_bar=1.996 L/l_bar=16417.0 final_ch=False wall=161.47s
[2/3] ok in 255s

[3/3] case_003 seed=0 arm=cactus -> /home/chiatzen/lossy-token-eff/logs/campaign_aime24_qwen3/cactus0.03_case_003_seed0_20260821T032008Z.log
case_003 seed=0 mode=cactus0.03: L=32768 finish=length l_bar=1.764 L/l_bar=18571.2 final_ch=False wall=175.82s
[3/3] ok in 269s

wrote /home/chiatzen/lossy-token-eff/runs/aime24_qwen3/fresh_server_replay.json; 3/3 ok
$ /home/chiatzen/lossy-token-eff/.venv-vllm/bin/python /home/chiatzen/lossy-token-eff/scripts/fresh_server_replay.py --arms cactus --cases case_001 case_002 case_003 --cactus-alpha 0.08 --prompt-root /home/chiatzen/lossy-token-eff/prompts/aime24_qwen3 --runs-root /home/chiatzen/lossy-token-eff/runs --log-root /home/chiatzen/lossy-token-eff/logs/campaign_aime24_qwen3 --max-new-tokens 32768 --port 30000 --model-path Qwen/Qwen3-8B --draft-model-path RedHatAI/Qwen3-8B-speculator.eagle3 --served-model-name qwen3-8b --rope-scaling-json {"rope_type":"yarn","factor":1.6,"original_max_position_embeddings":40960}
3 run(s), one fresh server each

[1/3] case_001 seed=0 arm=cactus -> /home/chiatzen/lossy-token-eff/logs/campaign_aime24_qwen3/cactus0.08_case_001_seed0_20260821T032436Z.log
case_001 seed=0 mode=cactus0.08: L=4339 finish=stop l_bar=1.931 L/l_bar=2246.9 final_ch=False wall=20.05s
[1/3] ok in 111s

[2/3] case_002 seed=0 arm=cactus -> /home/chiatzen/lossy-token-eff/logs/campaign_aime24_qwen3/cactus0.08_case_002_seed0_20260821T032627Z.log
case_002 seed=0 mode=cactus0.08: L=17177 finish=stop l_bar=3.003 L/l_bar=5719.9 final_ch=False wall=60.08s
[2/3] ok in 153s

[3/3] case_003 seed=0 arm=cactus -> /home/chiatzen/lossy-token-eff/logs/campaign_aime24_qwen3/cactus0.08_case_003_seed0_20260821T032901Z.log
case_003 seed=0 mode=cactus0.08: L=32768 finish=length l_bar=2.622 L/l_bar=12498.6 final_ch=False wall=133.28s
[3/3] ok in 226s

wrote /home/chiatzen/lossy-token-eff/runs/aime24_qwen3/fresh_server_replay.json; 3/3 ok
$ /home/chiatzen/lossy-token-eff/.venv-vllm/bin/python /home/chiatzen/lossy-token-eff/scripts/fresh_server_replay.py --arms cactus --cases case_001 case_002 case_003 --cactus-alpha 0.18 --prompt-root /home/chiatzen/lossy-token-eff/prompts/aime24_qwen3 --runs-root /home/chiatzen/lossy-token-eff/runs --log-root /home/chiatzen/lossy-token-eff/logs/campaign_aime24_qwen3 --max-new-tokens 32768 --port 30000 --model-path Qwen/Qwen3-8B --draft-model-path RedHatAI/Qwen3-8B-speculator.eagle3 --served-model-name qwen3-8b --rope-scaling-json {"rope_type":"yarn","factor":1.6,"original_max_position_embeddings":40960}
3 run(s), one fresh server each

[1/3] case_001 seed=0 arm=cactus -> /home/chiatzen/lossy-token-eff/logs/campaign_aime24_qwen3/cactus0.18_case_001_seed0_20260821T033247Z.log
case_001 seed=0 mode=cactus0.18: L=9784 finish=stop l_bar=2.103 L/l_bar=4652.9 final_ch=False wall=43.47s
[1/3] ok in 137s

[2/3] case_002 seed=0 arm=cactus -> /home/chiatzen/lossy-token-eff/logs/campaign_aime24_qwen3/cactus0.18_case_002_seed0_20260821T033503Z.log
case_002 seed=0 mode=cactus0.18: L=30507 finish=stop l_bar=2.645 L/l_bar=11533.3 final_ch=False wall=121.96s
[2/3] ok in 215s

[3/3] case_003 seed=0 arm=cactus -> /home/chiatzen/lossy-token-eff/logs/campaign_aime24_qwen3/cactus0.18_case_003_seed0_20260821T033838Z.log
case_003 seed=0 mode=cactus0.18: L=32768 finish=length l_bar=3.593 L/l_bar=9120.7 final_ch=False wall=105.15s
[3/3] ok in 198s

wrote /home/chiatzen/lossy-token-eff/runs/aime24_qwen3/fresh_server_replay.json; 3/3 ok
$ /home/chiatzen/lossy-token-eff/.venv-vllm/bin/python /home/chiatzen/lossy-token-eff/scripts/fresh_server_replay.py --arms cactus --cases case_001 case_002 case_003 --cactus-alpha 0.35 --prompt-root /home/chiatzen/lossy-token-eff/prompts/aime24_qwen3 --runs-root /home/chiatzen/lossy-token-eff/runs --log-root /home/chiatzen/lossy-token-eff/logs/campaign_aime24_qwen3 --max-new-tokens 32768 --port 30000 --model-path Qwen/Qwen3-8B --draft-model-path RedHatAI/Qwen3-8B-speculator.eagle3 --served-model-name qwen3-8b --rope-scaling-json {"rope_type":"yarn","factor":1.6,"original_max_position_embeddings":40960}
3 run(s), one fresh server each

[1/3] case_001 seed=0 arm=cactus -> /home/chiatzen/lossy-token-eff/logs/campaign_aime24_qwen3/cactus0.35_case_001_seed0_20260821T034156Z.log
case_001 seed=0 mode=cactus0.35: L=4236 finish=stop l_bar=2.311 L/l_bar=1832.8 final_ch=False wall=17.32s
[1/3] ok in 108s

[2/3] case_002 seed=0 arm=cactus -> /home/chiatzen/lossy-token-eff/logs/campaign_aime24_qwen3/cactus0.35_case_002_seed0_20260821T034345Z.log
case_002 seed=0 mode=cactus0.35: L=32768 finish=length l_bar=4.165 L/l_bar=7867.1 final_ch=False wall=93.27s
[2/3] ok in 184s

[3/3] case_003 seed=0 arm=cactus -> /home/chiatzen/lossy-token-eff/logs/campaign_aime24_qwen3/cactus0.35_case_003_seed0_20260821T034649Z.log
case_003 seed=0 mode=cactus0.35: L=32768 finish=length l_bar=4.408 L/l_bar=7433.6 final_ch=False wall=89.32s
[3/3] ok in 182s

wrote /home/chiatzen/lossy-token-eff/runs/aime24_qwen3/fresh_server_replay.json; 3/3 ok
$ /home/chiatzen/lossy-token-eff/.venv-vllm/bin/python /home/chiatzen/lossy-token-eff/scripts/fresh_server_replay.py --arms spec_casc_opt --cases case_001 case_002 case_003 --spec-casc-opt-alpha -0.3 --prompt-root /home/chiatzen/lossy-token-eff/prompts/aime24_qwen3 --runs-root /home/chiatzen/lossy-token-eff/runs --log-root /home/chiatzen/lossy-token-eff/logs/campaign_aime24_qwen3 --max-new-tokens 32768 --port 30000 --model-path Qwen/Qwen3-8B --draft-model-path RedHatAI/Qwen3-8B-speculator.eagle3 --served-model-name qwen3-8b --rope-scaling-json {"rope_type":"yarn","factor":1.6,"original_max_position_embeddings":40960}
3 run(s), one fresh server each

[1/3] case_001 seed=0 arm=spec_casc_opt -> /home/chiatzen/lossy-token-eff/logs/campaign_aime24_qwen3/specCascOptneg0.3_case_001_seed0_20260821T034951Z.log
case_001 seed=0 mode=specCascOptneg0.3: L=9402 finish=stop l_bar=1.548 L/l_bar=6074.8 final_ch=False wall=50.91s
[1/3] ok in 140s

[2/3] case_002 seed=0 arm=spec_casc_opt -> /home/chiatzen/lossy-token-eff/logs/campaign_aime24_qwen3/specCascOptneg0.3_case_002_seed0_20260821T035211Z.log
case_002 seed=0 mode=specCascOptneg0.3: L=32768 finish=length l_bar=1.057 L/l_bar=30987.7 final_ch=False wall=236.91s
[2/3] ok in 324s

[3/3] case_003 seed=0 arm=spec_casc_opt -> /home/chiatzen/lossy-token-eff/logs/campaign_aime24_qwen3/specCascOptneg0.3_case_003_seed0_20260821T035735Z.log
case_003 seed=0 mode=specCascOptneg0.3: L=32768 finish=length l_bar=0.724 L/l_bar=45274.5 final_ch=False wall=283.15s
[3/3] ok in 370s

wrote /home/chiatzen/lossy-token-eff/runs/aime24_qwen3/fresh_server_replay.json; 3/3 ok
$ /home/chiatzen/lossy-token-eff/.venv-vllm/bin/python /home/chiatzen/lossy-token-eff/scripts/fresh_server_replay.py --arms spec_casc_opt --cases case_001 case_002 case_003 --spec-casc-opt-alpha -0.1 --prompt-root /home/chiatzen/lossy-token-eff/prompts/aime24_qwen3 --runs-root /home/chiatzen/lossy-token-eff/runs --log-root /home/chiatzen/lossy-token-eff/logs/campaign_aime24_qwen3 --max-new-tokens 32768 --port 30000 --model-path Qwen/Qwen3-8B --draft-model-path RedHatAI/Qwen3-8B-speculator.eagle3 --served-model-name qwen3-8b --rope-scaling-json {"rope_type":"yarn","factor":1.6,"original_max_position_embeddings":40960}
3 run(s), one fresh server each

[1/3] case_001 seed=0 arm=spec_casc_opt -> /home/chiatzen/lossy-token-eff/logs/campaign_aime24_qwen3/specCascOptneg0.1_case_001_seed0_20260821T040345Z.log
case_001 seed=0 mode=specCascOptneg0.1: L=5422 finish=stop l_bar=1.794 L/l_bar=3021.7 final_ch=False wall=26.40s
[1/3] ok in 115s

[2/3] case_002 seed=0 arm=spec_casc_opt -> /home/chiatzen/lossy-token-eff/logs/campaign_aime24_qwen3/specCascOptneg0.1_case_002_seed0_20260821T040540Z.log
case_002 seed=0 mode=specCascOptneg0.1: L=32768 finish=length l_bar=1.163 L/l_bar=28172.4 final_ch=False wall=225.44s
[2/3] ok in 314s

[3/3] case_003 seed=0 arm=spec_casc_opt -> /home/chiatzen/lossy-token-eff/logs/campaign_aime24_qwen3/specCascOptneg0.1_case_003_seed0_20260821T041054Z.log
case_003 seed=0 mode=specCascOptneg0.1: L=32768 finish=length l_bar=0.638 L/l_bar=51352.1 final_ch=False wall=298.42s
[3/3] ok in 387s

wrote /home/chiatzen/lossy-token-eff/runs/aime24_qwen3/fresh_server_replay.json; 3/3 ok
$ /home/chiatzen/lossy-token-eff/.venv-vllm/bin/python /home/chiatzen/lossy-token-eff/scripts/fresh_server_replay.py --arms spec_casc_opt --cases case_001 case_002 case_003 --spec-casc-opt-alpha -0.02 --prompt-root /home/chiatzen/lossy-token-eff/prompts/aime24_qwen3 --runs-root /home/chiatzen/lossy-token-eff/runs --log-root /home/chiatzen/lossy-token-eff/logs/campaign_aime24_qwen3 --max-new-tokens 32768 --port 30000 --model-path Qwen/Qwen3-8B --draft-model-path RedHatAI/Qwen3-8B-speculator.eagle3 --served-model-name qwen3-8b --rope-scaling-json {"rope_type":"yarn","factor":1.6,"original_max_position_embeddings":40960}
3 run(s), one fresh server each

[1/3] case_001 seed=0 arm=spec_casc_opt -> /home/chiatzen/lossy-token-eff/logs/campaign_aime24_qwen3/specCascOptneg0.02_case_001_seed0_20260821T041721Z.log
case_001 seed=0 mode=specCascOptneg0.02: L=6873 finish=stop l_bar=1.757 L/l_bar=3912.9 final_ch=False wall=34.07s
[1/3] ok in 123s

[2/3] case_002 seed=0 arm=spec_casc_opt -> /home/chiatzen/lossy-token-eff/logs/campaign_aime24_qwen3/specCascOptneg0.02_case_002_seed0_20260821T041925Z.log
case_002 seed=0 mode=specCascOptneg0.02: L=32768 finish=length l_bar=1.073 L/l_bar=30531.1 final_ch=False wall=235.12s
[2/3] ok in 324s

[3/3] case_003 seed=0 arm=spec_casc_opt -> /home/chiatzen/lossy-token-eff/logs/campaign_aime24_qwen3/specCascOptneg0.02_case_003_seed0_20260821T042449Z.log
case_003 seed=0 mode=specCascOptneg0.02: L=32768 finish=length l_bar=0.729 L/l_bar=44938.0 final_ch=False wall=283.16s
[3/3] ok in 370s

wrote /home/chiatzen/lossy-token-eff/runs/aime24_qwen3/fresh_server_replay.json; 3/3 ok
$ /home/chiatzen/lossy-token-eff/.venv-vllm/bin/python /home/chiatzen/lossy-token-eff/scripts/fresh_server_replay.py --arms spec_casc_opt --cases case_001 case_002 case_003 --spec-casc-opt-alpha 0.05 --prompt-root /home/chiatzen/lossy-token-eff/prompts/aime24_qwen3 --runs-root /home/chiatzen/lossy-token-eff/runs --log-root /home/chiatzen/lossy-token-eff/logs/campaign_aime24_qwen3 --max-new-tokens 32768 --port 30000 --model-path Qwen/Qwen3-8B --draft-model-path RedHatAI/Qwen3-8B-speculator.eagle3 --served-model-name qwen3-8b --rope-scaling-json {"rope_type":"yarn","factor":1.6,"original_max_position_embeddings":40960}
3 run(s), one fresh server each

[1/3] case_001 seed=0 arm=spec_casc_opt -> /home/chiatzen/lossy-token-eff/logs/campaign_aime24_qwen3/specCascOpt0.05_case_001_seed0_20260821T043059Z.log
case_001 seed=0 mode=specCascOpt0.05: L=9890 finish=stop l_bar=1.911 L/l_bar=5175.0 final_ch=False wall=47.01s
[1/3] ok in 134s

[2/3] case_002 seed=0 arm=spec_casc_opt -> /home/chiatzen/lossy-token-eff/logs/campaign_aime24_qwen3/specCascOpt0.05_case_002_seed0_20260821T043313Z.log
case_002 seed=0 mode=specCascOpt0.05: L=32768 finish=length l_bar=1.06 L/l_bar=30925.3 final_ch=False wall=237.03s
[2/3] ok in 325s

[3/3] case_003 seed=0 arm=spec_casc_opt -> /home/chiatzen/lossy-token-eff/logs/campaign_aime24_qwen3/specCascOpt0.05_case_003_seed0_20260821T043838Z.log
case_003 seed=0 mode=specCascOpt0.05: L=32768 finish=length l_bar=2.601 L/l_bar=12597.4 final_ch=False wall=131.58s
[3/3] ok in 218s

wrote /home/chiatzen/lossy-token-eff/runs/aime24_qwen3/fresh_server_replay.json; 3/3 ok
$ /home/chiatzen/lossy-token-eff/.venv-vllm/bin/python /home/chiatzen/lossy-token-eff/scripts/fresh_server_replay.py --arms r_fuzzy --cases case_001 case_002 case_003 --r-fuzzy-alpha 0.03 --prompt-root /home/chiatzen/lossy-token-eff/prompts/aime24_qwen3 --runs-root /home/chiatzen/lossy-token-eff/runs --log-root /home/chiatzen/lossy-token-eff/logs/campaign_aime24_qwen3 --max-new-tokens 32768 --port 30000 --model-path Qwen/Qwen3-8B --draft-model-path RedHatAI/Qwen3-8B-speculator.eagle3 --served-model-name qwen3-8b --rope-scaling-json {"rope_type":"yarn","factor":1.6,"original_max_position_embeddings":40960}
3 run(s), one fresh server each

[1/3] case_001 seed=0 arm=r_fuzzy -> /home/chiatzen/lossy-token-eff/logs/campaign_aime24_qwen3/rFuzzy0.03_case_001_seed0_20260821T044216Z.log
case_001 seed=0 mode=rFuzzy0.03: L=6269 finish=stop l_bar=1.535 L/l_bar=4085.2 final_ch=False wall=33.70s
[1/3] ok in 121s

[2/3] case_002 seed=0 arm=r_fuzzy -> /home/chiatzen/lossy-token-eff/logs/campaign_aime24_qwen3/rFuzzy0.03_case_002_seed0_20260821T044417Z.log
case_002 seed=0 mode=rFuzzy0.03: L=32768 finish=length l_bar=0.989 L/l_bar=33136.1 final_ch=False wall=245.11s
[2/3] ok in 334s

[3/3] case_003 seed=0 arm=r_fuzzy -> /home/chiatzen/lossy-token-eff/logs/campaign_aime24_qwen3/rFuzzy0.03_case_003_seed0_20260821T044951Z.log
case_003 seed=0 mode=rFuzzy0.03: L=32768 finish=length l_bar=0.651 L/l_bar=50349.3 final_ch=False wall=295.34s
[3/3] ok in 382s

wrote /home/chiatzen/lossy-token-eff/runs/aime24_qwen3/fresh_server_replay.json; 3/3 ok
$ /home/chiatzen/lossy-token-eff/.venv-vllm/bin/python /home/chiatzen/lossy-token-eff/scripts/fresh_server_replay.py --arms r_fuzzy --cases case_001 case_002 case_003 --r-fuzzy-alpha 0.08 --prompt-root /home/chiatzen/lossy-token-eff/prompts/aime24_qwen3 --runs-root /home/chiatzen/lossy-token-eff/runs --log-root /home/chiatzen/lossy-token-eff/logs/campaign_aime24_qwen3 --max-new-tokens 32768 --port 30000 --model-path Qwen/Qwen3-8B --draft-model-path RedHatAI/Qwen3-8B-speculator.eagle3 --served-model-name qwen3-8b --rope-scaling-json {"rope_type":"yarn","factor":1.6,"original_max_position_embeddings":40960}
3 run(s), one fresh server each

[1/3] case_001 seed=0 arm=r_fuzzy -> /home/chiatzen/lossy-token-eff/logs/campaign_aime24_qwen3/rFuzzy0.08_case_001_seed0_20260821T045613Z.log
case_001 seed=0 mode=rFuzzy0.08: L=7787 finish=stop l_bar=1.467 L/l_bar=5307.9 final_ch=False wall=43.25s
[1/3] ok in 132s

[2/3] case_002 seed=0 arm=r_fuzzy -> /home/chiatzen/lossy-token-eff/logs/campaign_aime24_qwen3/rFuzzy0.08_case_002_seed0_20260821T045825Z.log
case_002 seed=0 mode=rFuzzy0.08: L=32768 finish=length l_bar=0.959 L/l_bar=34158.9 final_ch=False wall=248.51s
[2/3] ok in 338s

[3/3] case_003 seed=0 arm=r_fuzzy -> /home/chiatzen/lossy-token-eff/logs/campaign_aime24_qwen3/rFuzzy0.08_case_003_seed0_20260821T050403Z.log
case_003 seed=0 mode=rFuzzy0.08: L=32768 finish=length l_bar=0.657 L/l_bar=49868.2 final_ch=False wall=294.46s
[3/3] ok in 384s

wrote /home/chiatzen/lossy-token-eff/runs/aime24_qwen3/fresh_server_replay.json; 3/3 ok
$ /home/chiatzen/lossy-token-eff/.venv-vllm/bin/python /home/chiatzen/lossy-token-eff/scripts/fresh_server_replay.py --arms r_fuzzy --cases case_001 case_002 case_003 --r-fuzzy-alpha 0.15 --prompt-root /home/chiatzen/lossy-token-eff/prompts/aime24_qwen3 --runs-root /home/chiatzen/lossy-token-eff/runs --log-root /home/chiatzen/lossy-token-eff/logs/campaign_aime24_qwen3 --max-new-tokens 32768 --port 30000 --model-path Qwen/Qwen3-8B --draft-model-path RedHatAI/Qwen3-8B-speculator.eagle3 --served-model-name qwen3-8b --rope-scaling-json {"rope_type":"yarn","factor":1.6,"original_max_position_embeddings":40960}
3 run(s), one fresh server each

[1/3] case_001 seed=0 arm=r_fuzzy -> /home/chiatzen/lossy-token-eff/logs/campaign_aime24_qwen3/rFuzzy0.15_case_001_seed0_20260821T051026Z.log
case_001 seed=0 mode=rFuzzy0.15: L=7273 finish=stop l_bar=1.656 L/l_bar=4392.0 final_ch=False wall=37.47s
[1/3] ok in 127s

[2/3] case_002 seed=0 arm=r_fuzzy -> /home/chiatzen/lossy-token-eff/logs/campaign_aime24_qwen3/rFuzzy0.15_case_002_seed0_20260821T051233Z.log
case_002 seed=0 mode=rFuzzy0.15: L=32768 finish=length l_bar=1.065 L/l_bar=30772.6 final_ch=False wall=236.67s
[2/3] ok in 324s

[3/3] case_003 seed=0 arm=r_fuzzy -> /home/chiatzen/lossy-token-eff/logs/campaign_aime24_qwen3/rFuzzy0.15_case_003_seed0_20260821T051757Z.log
case_003 seed=0 mode=rFuzzy0.15: L=32768 finish=length l_bar=0.661 L/l_bar=49596.9 final_ch=False wall=294.63s
[3/3] ok in 382s

wrote /home/chiatzen/lossy-token-eff/runs/aime24_qwen3/fresh_server_replay.json; 3/3 ok
$ /home/chiatzen/lossy-token-eff/.venv-vllm/bin/python /home/chiatzen/lossy-token-eff/scripts/fresh_server_replay.py --arms r_fuzzy --cases case_001 case_002 case_003 --r-fuzzy-alpha 0.25 --prompt-root /home/chiatzen/lossy-token-eff/prompts/aime24_qwen3 --runs-root /home/chiatzen/lossy-token-eff/runs --log-root /home/chiatzen/lossy-token-eff/logs/campaign_aime24_qwen3 --max-new-tokens 32768 --port 30000 --model-path Qwen/Qwen3-8B --draft-model-path RedHatAI/Qwen3-8B-speculator.eagle3 --served-model-name qwen3-8b --rope-scaling-json {"rope_type":"yarn","factor":1.6,"original_max_position_embeddings":40960}
3 run(s), one fresh server each

[1/3] case_001 seed=0 arm=r_fuzzy -> /home/chiatzen/lossy-token-eff/logs/campaign_aime24_qwen3/rFuzzy0.25_case_001_seed0_20260821T052419Z.log
case_001 seed=0 mode=rFuzzy0.25: L=11433 finish=stop l_bar=1.717 L/l_bar=6657.2 final_ch=False wall=58.45s
[1/3] ok in 146s

[2/3] case_002 seed=0 arm=r_fuzzy -> /home/chiatzen/lossy-token-eff/logs/campaign_aime24_qwen3/rFuzzy0.25_case_002_seed0_20260821T052644Z.log
case_002 seed=0 mode=rFuzzy0.25: L=32768 finish=length l_bar=1.028 L/l_bar=31862.7 final_ch=False wall=241.89s
[2/3] ok in 330s

[3/3] case_003 seed=0 arm=r_fuzzy -> /home/chiatzen/lossy-token-eff/logs/campaign_aime24_qwen3/rFuzzy0.25_case_003_seed0_20260821T053215Z.log
case_003 seed=0 mode=rFuzzy0.25: L=32768 finish=length l_bar=0.737 L/l_bar=44474.1 final_ch=False wall=281.99s
[3/3] ok in 368s

wrote /home/chiatzen/lossy-token-eff/runs/aime24_qwen3/fresh_server_replay.json; 3/3 ok
$ /home/chiatzen/lossy-token-eff/.venv-vllm/bin/python /home/chiatzen/lossy-token-eff/scripts/fresh_server_replay.py --arms spec_casc_tok --cases case_001 case_002 case_003 --spec-casc-tok-alpha 0.15 --prompt-root /home/chiatzen/lossy-token-eff/prompts/aime24_qwen3 --runs-root /home/chiatzen/lossy-token-eff/runs --log-root /home/chiatzen/lossy-token-eff/logs/campaign_aime24_qwen3 --max-new-tokens 32768 --port 30000 --model-path Qwen/Qwen3-8B --draft-model-path RedHatAI/Qwen3-8B-speculator.eagle3 --served-model-name qwen3-8b --rope-scaling-json {"rope_type":"yarn","factor":1.6,"original_max_position_embeddings":40960}
3 run(s), one fresh server each

[1/3] case_001 seed=0 arm=spec_casc_tok -> /home/chiatzen/lossy-token-eff/logs/campaign_aime24_qwen3/specCascTok0.15_case_001_seed0_20260821T053823Z.log
case_001 seed=0 mode=specCascTok0.15: L=4588 finish=stop l_bar=1.563 L/l_bar=2936.2 final_ch=False wall=24.29s
[1/3] ok in 111s

[2/3] case_002 seed=0 arm=spec_casc_tok -> /home/chiatzen/lossy-token-eff/logs/campaign_aime24_qwen3/specCascTok0.15_case_002_seed0_20260821T054015Z.log
case_002 seed=0 mode=specCascTok0.15: L=21663 finish=stop l_bar=0.948 L/l_bar=22842.3 final_ch=False wall=159.94s
[2/3] ok in 250s

[3/3] case_003 seed=0 arm=spec_casc_tok -> /home/chiatzen/lossy-token-eff/logs/campaign_aime24_qwen3/specCascTok0.15_case_003_seed0_20260821T054424Z.log
case_003 seed=0 mode=specCascTok0.15: L=28184 finish=stop l_bar=0.646 L/l_bar=43640.7 final_ch=False wall=251.39s
[3/3] ok in 340s

wrote /home/chiatzen/lossy-token-eff/runs/aime24_qwen3/fresh_server_replay.json; 3/3 ok
$ /home/chiatzen/lossy-token-eff/.venv-vllm/bin/python /home/chiatzen/lossy-token-eff/scripts/fresh_server_replay.py --arms spec_casc_tok --cases case_001 case_002 case_003 --spec-casc-tok-alpha 0.35 --prompt-root /home/chiatzen/lossy-token-eff/prompts/aime24_qwen3 --runs-root /home/chiatzen/lossy-token-eff/runs --log-root /home/chiatzen/lossy-token-eff/logs/campaign_aime24_qwen3 --max-new-tokens 32768 --port 30000 --model-path Qwen/Qwen3-8B --draft-model-path RedHatAI/Qwen3-8B-speculator.eagle3 --served-model-name qwen3-8b --rope-scaling-json {"rope_type":"yarn","factor":1.6,"original_max_position_embeddings":40960}
3 run(s), one fresh server each

[1/3] case_001 seed=0 arm=spec_casc_tok -> /home/chiatzen/lossy-token-eff/logs/campaign_aime24_qwen3/specCascTok0.35_case_001_seed0_20260821T055005Z.log
case_001 seed=0 mode=specCascTok0.35: L=7138 finish=stop l_bar=1.496 L/l_bar=4770.3 final_ch=False wall=39.16s
[1/3] ok in 128s

[2/3] case_002 seed=0 arm=spec_casc_tok -> /home/chiatzen/lossy-token-eff/logs/campaign_aime24_qwen3/specCascTok0.35_case_002_seed0_20260821T055213Z.log
case_002 seed=0 mode=specCascTok0.35: L=32768 finish=length l_bar=0.954 L/l_bar=34338.6 final_ch=False wall=248.91s
[2/3] ok in 336s

[3/3] case_003 seed=0 arm=spec_casc_tok -> /home/chiatzen/lossy-token-eff/logs/campaign_aime24_qwen3/specCascTok0.35_case_003_seed0_20260821T055749Z.log
case_003 seed=0 mode=specCascTok0.35: L=32026 finish=stop l_bar=0.647 L/l_bar=49464.0 final_ch=False wall=289.13s
[3/3] ok in 377s

wrote /home/chiatzen/lossy-token-eff/runs/aime24_qwen3/fresh_server_replay.json; 3/3 ok
$ /home/chiatzen/lossy-token-eff/.venv-vllm/bin/python /home/chiatzen/lossy-token-eff/scripts/fresh_server_replay.py --arms spec_casc_tok --cases case_001 case_002 case_003 --spec-casc-tok-alpha 0.55 --prompt-root /home/chiatzen/lossy-token-eff/prompts/aime24_qwen3 --runs-root /home/chiatzen/lossy-token-eff/runs --log-root /home/chiatzen/lossy-token-eff/logs/campaign_aime24_qwen3 --max-new-tokens 32768 --port 30000 --model-path Qwen/Qwen3-8B --draft-model-path RedHatAI/Qwen3-8B-speculator.eagle3 --served-model-name qwen3-8b --rope-scaling-json {"rope_type":"yarn","factor":1.6,"original_max_position_embeddings":40960}
3 run(s), one fresh server each

[1/3] case_001 seed=0 arm=spec_casc_tok -> /home/chiatzen/lossy-token-eff/logs/campaign_aime24_qwen3/specCascTok0.55_case_001_seed0_20260821T060407Z.log
case_001 seed=0 mode=specCascTok0.55: L=5842 finish=stop l_bar=1.473 L/l_bar=3966.3 final_ch=False wall=32.15s
[1/3] ok in 119s

[2/3] case_002 seed=0 arm=spec_casc_tok -> /home/chiatzen/lossy-token-eff/logs/campaign_aime24_qwen3/specCascTok0.55_case_002_seed0_20260821T060606Z.log
case_002 seed=0 mode=specCascTok0.55: L=22080 finish=stop l_bar=0.993 L/l_bar=22246.6 final_ch=False wall=159.05s
[2/3] ok in 246s

[3/3] case_003 seed=0 arm=spec_casc_tok -> /home/chiatzen/lossy-token-eff/logs/campaign_aime24_qwen3/specCascTok0.55_case_003_seed0_20260821T061011Z.log
case_003 seed=0 mode=specCascTok0.55: L=32768 finish=length l_bar=0.669 L/l_bar=48987.3 final_ch=False wall=292.88s
[3/3] ok in 381s

wrote /home/chiatzen/lossy-token-eff/runs/aime24_qwen3/fresh_server_replay.json; 3/3 ok
$ /home/chiatzen/lossy-token-eff/.venv-vllm/bin/python /home/chiatzen/lossy-token-eff/scripts/fresh_server_replay.py --arms spec_casc_tok --cases case_001 case_002 case_003 --spec-casc-tok-alpha 0.8 --prompt-root /home/chiatzen/lossy-token-eff/prompts/aime24_qwen3 --runs-root /home/chiatzen/lossy-token-eff/runs --log-root /home/chiatzen/lossy-token-eff/logs/campaign_aime24_qwen3 --max-new-tokens 32768 --port 30000 --model-path Qwen/Qwen3-8B --draft-model-path RedHatAI/Qwen3-8B-speculator.eagle3 --served-model-name qwen3-8b --rope-scaling-json {"rope_type":"yarn","factor":1.6,"original_max_position_embeddings":40960}
3 run(s), one fresh server each

[1/3] case_001 seed=0 arm=spec_casc_tok -> /home/chiatzen/lossy-token-eff/logs/campaign_aime24_qwen3/specCascTok0.8_case_001_seed0_20260821T061633Z.log
case_001 seed=0 mode=specCascTok0.8: L=5934 finish=stop l_bar=1.584 L/l_bar=3746.1 final_ch=False wall=31.29s
[1/3] ok in 120s

[2/3] case_002 seed=0 arm=spec_casc_tok -> /home/chiatzen/lossy-token-eff/logs/campaign_aime24_qwen3/specCascTok0.8_case_002_seed0_20260821T061832Z.log
case_002 seed=0 mode=specCascTok0.8: L=19422 finish=stop l_bar=1.157 L/l_bar=16787.5 final_ch=False wall=128.52s
[2/3] ok in 217s

[3/3] case_003 seed=0 arm=spec_casc_tok -> /home/chiatzen/lossy-token-eff/logs/campaign_aime24_qwen3/specCascTok0.8_case_003_seed0_20260821T062209Z.log
case_003 seed=0 mode=specCascTok0.8: L=32768 finish=length l_bar=0.686 L/l_bar=47792.4 final_ch=False wall=290.11s
[3/3] ok in 379s

wrote /home/chiatzen/lossy-token-eff/runs/aime24_qwen3/fresh_server_replay.json; 3/3 ok
targets (l_bar): [1.548, 2.458, 3.368]
  mentored_dec: chosen alphas = [0.75, 0.15]
  cactus: chosen alphas = [0.03, 0.08, 0.35]
  spec_casc_opt: chosen alphas = [0.05, -0.3]
  r_fuzzy: chosen alphas = [0.25, 0.03]
  spec_casc_tok: chosen alphas = [0.8, 0.15]
wrote /home/chiatzen/lossy-token-eff/campaign/calibration/aime24_qwen3.json
$ /home/chiatzen/lossy-token-eff/.venv-vllm/bin/python /home/chiatzen/lossy-token-eff/scripts/fresh_server_replay.py --arms mentored_dec --cases case_001 case_002 case_003 case_004 case_005 case_006 case_007 case_008 case_009 case_010 case_011 case_012 --mentored-dec-alpha 0.75 --prompt-root /home/chiatzen/lossy-token-eff/prompts/aime24_qwen3 --runs-root /home/chiatzen/lossy-token-eff/runs --log-root /home/chiatzen/lossy-token-eff/logs/campaign_aime24_qwen3 --max-new-tokens 32768 --port 30000 --model-path Qwen/Qwen3-8B --draft-model-path RedHatAI/Qwen3-8B-speculator.eagle3 --served-model-name qwen3-8b --rope-scaling-json {"rope_type":"yarn","factor":1.6,"original_max_position_embeddings":40960}
skip case_001 seed=0 mentored_dec/alpha0.75: already present (/home/chiatzen/lossy-token-eff/runs/aime24_qwen3/mentored_dec/alpha0.75/case_001/seed_0/run.json)
skip case_002 seed=0 mentored_dec/alpha0.75: already present (/home/chiatzen/lossy-token-eff/runs/aime24_qwen3/mentored_dec/alpha0.75/case_002/seed_0/run.json)
skip case_003 seed=0 mentored_dec/alpha0.75: already present (/home/chiatzen/lossy-token-eff/runs/aime24_qwen3/mentored_dec/alpha0.75/case_003/seed_0/run.json)
9 run(s), one fresh server each

[1/9] case_004 seed=0 arm=mentored_dec -> /home/chiatzen/lossy-token-eff/logs/campaign_aime24_qwen3/mentoredDec0.75_case_004_seed0_20260821T062828Z.log
case_004 seed=0 mode=mentoredDec0.75: L=32768 finish=length l_bar=1.032 L/l_bar=31757.8 final_ch=False wall=241.26s
[1/9] ok in 334s

[2/9] case_005 seed=0 arm=mentored_dec -> /home/chiatzen/lossy-token-eff/logs/campaign_aime24_qwen3/mentoredDec0.75_case_005_seed0_20260821T063402Z.log
case_005 seed=0 mode=mentoredDec0.75: L=20386 finish=stop l_bar=1.137 L/l_bar=17936.4 final_ch=False wall=136.44s
[2/9] ok in 230s

[3/9] case_006 seed=0 arm=mentored_dec -> /home/chiatzen/lossy-token-eff/logs/campaign_aime24_qwen3/mentoredDec0.75_case_006_seed0_20260821T063752Z.log
case_006 seed=0 mode=mentoredDec0.75: L=12688 finish=stop l_bar=1.238 L/l_bar=10249.1 final_ch=False wall=79.03s
[3/9] ok in 172s

[4/9] case_007 seed=0 arm=mentored_dec -> /home/chiatzen/lossy-token-eff/logs/campaign_aime24_qwen3/mentoredDec0.75_case_007_seed0_20260821T064044Z.log
case_007 seed=0 mode=mentoredDec0.75: L=14230 finish=stop l_bar=1.154 L/l_bar=12331.5 final_ch=False wall=92.61s
[4/9] ok in 185s

[5/9] case_008 seed=0 arm=mentored_dec -> /home/chiatzen/lossy-token-eff/logs/campaign_aime24_qwen3/mentoredDec0.75_case_008_seed0_20260821T064349Z.log
case_008 seed=0 mode=mentoredDec0.75: L=5710 finish=stop l_bar=1.401 L/l_bar=4076.4 final_ch=False wall=32.38s
[5/9] ok in 125s

[6/9] case_009 seed=0 arm=mentored_dec -> /home/chiatzen/lossy-token-eff/logs/campaign_aime24_qwen3/mentoredDec0.75_case_009_seed0_20260821T064554Z.log
case_009 seed=0 mode=mentoredDec0.75: L=10520 finish=stop l_bar=1.485 L/l_bar=7084.2 final_ch=False wall=58.60s
[6/9] ok in 151s

[7/9] case_010 seed=0 arm=mentored_dec -> /home/chiatzen/lossy-token-eff/logs/campaign_aime24_qwen3/mentoredDec0.75_case_010_seed0_20260821T064826Z.log
case_010 seed=0 mode=mentoredDec0.75: L=11043 finish=stop l_bar=1.388 L/l_bar=7953.2 final_ch=False wall=64.12s
[7/9] ok in 157s

[8/9] case_011 seed=0 arm=mentored_dec -> /home/chiatzen/lossy-token-eff/logs/campaign_aime24_qwen3/mentoredDec0.75_case_011_seed0_20260821T065103Z.log
case_011 seed=0 mode=mentoredDec0.75: L=32768 finish=length l_bar=1.034 L/l_bar=31688.1 final_ch=False wall=240.28s
[8/9] ok in 333s

[9/9] case_012 seed=0 arm=mentored_dec -> /home/chiatzen/lossy-token-eff/logs/campaign_aime24_qwen3/mentoredDec0.75_case_012_seed0_20260821T065636Z.log
case_012 seed=0 mode=mentoredDec0.75: L=14982 finish=stop l_bar=1.271 L/l_bar=11785.5 final_ch=False wall=92.85s
[9/9] ok in 186s

wrote /home/chiatzen/lossy-token-eff/runs/aime24_qwen3/fresh_server_replay.json; 9/9 ok
$ /home/chiatzen/lossy-token-eff/.venv-vllm/bin/python /home/chiatzen/lossy-token-eff/scripts/fresh_server_replay.py --arms mentored_dec --cases case_001 case_002 case_003 case_004 case_005 case_006 case_007 case_008 case_009 case_010 case_011 case_012 --mentored-dec-alpha 0.15 --prompt-root /home/chiatzen/lossy-token-eff/prompts/aime24_qwen3 --runs-root /home/chiatzen/lossy-token-eff/runs --log-root /home/chiatzen/lossy-token-eff/logs/campaign_aime24_qwen3 --max-new-tokens 32768 --port 30000 --model-path Qwen/Qwen3-8B --draft-model-path RedHatAI/Qwen3-8B-speculator.eagle3 --served-model-name qwen3-8b --rope-scaling-json {"rope_type":"yarn","factor":1.6,"original_max_position_embeddings":40960}
skip case_001 seed=0 mentored_dec/alpha0.15: already present (/home/chiatzen/lossy-token-eff/runs/aime24_qwen3/mentored_dec/alpha0.15/case_001/seed_0/run.json)
skip case_002 seed=0 mentored_dec/alpha0.15: already present (/home/chiatzen/lossy-token-eff/runs/aime24_qwen3/mentored_dec/alpha0.15/case_002/seed_0/run.json)
skip case_003 seed=0 mentored_dec/alpha0.15: already present (/home/chiatzen/lossy-token-eff/runs/aime24_qwen3/mentored_dec/alpha0.15/case_003/seed_0/run.json)
9 run(s), one fresh server each

[1/9] case_004 seed=0 arm=mentored_dec -> /home/chiatzen/lossy-token-eff/logs/campaign_aime24_qwen3/mentoredDec0.15_case_004_seed0_20260821T065942Z.log
case_004 seed=0 mode=mentoredDec0.15: L=32768 finish=length l_bar=0.867 L/l_bar=37773.3 final_ch=False wall=261.77s
[1/9] ok in 356s

[2/9] case_005 seed=0 arm=mentored_dec -> /home/chiatzen/lossy-token-eff/logs/campaign_aime24_qwen3/mentoredDec0.15_case_005_seed0_20260821T070538Z.log
case_005 seed=0 mode=mentoredDec0.15: L=14655 finish=stop l_bar=0.92 L/l_bar=15932.4 final_ch=False wall=107.01s
[2/9] ok in 201s

[3/9] case_006 seed=0 arm=mentored_dec -> /home/chiatzen/lossy-token-eff/logs/campaign_aime24_qwen3/mentoredDec0.15_case_006_seed0_20260821T070858Z.log
case_006 seed=0 mode=mentoredDec0.15: L=12364 finish=stop l_bar=1.102 L/l_bar=11217.6 final_ch=False wall=81.79s
[3/9] ok in 174s

[4/9] case_007 seed=0 arm=mentored_dec -> /home/chiatzen/lossy-token-eff/logs/campaign_aime24_qwen3/mentoredDec0.15_case_007_seed0_20260821T071153Z.log
case_007 seed=0 mode=mentoredDec0.15: L=11965 finish=stop l_bar=1.08 L/l_bar=11082.7 final_ch=False wall=80.03s
[4/9] ok in 175s

[5/9] case_008 seed=0 arm=mentored_dec -> /home/chiatzen/lossy-token-eff/logs/campaign_aime24_qwen3/mentoredDec0.15_case_008_seed0_20260821T071448Z.log
case_008 seed=0 mode=mentoredDec0.15: L=11572 finish=stop l_bar=1.381 L/l_bar=8376.5 final_ch=False wall=67.35s
[5/9] ok in 163s

[6/9] case_009 seed=0 arm=mentored_dec -> /home/chiatzen/lossy-token-eff/logs/campaign_aime24_qwen3/mentoredDec0.15_case_009_seed0_20260821T071731Z.log
case_009 seed=0 mode=mentoredDec0.15: L=10209 finish=stop l_bar=1.367 L/l_bar=7466.3 final_ch=False wall=59.58s
[6/9] ok in 155s

[7/9] case_010 seed=0 arm=mentored_dec -> /home/chiatzen/lossy-token-eff/logs/campaign_aime24_qwen3/mentoredDec0.15_case_010_seed0_20260821T072006Z.log
case_010 seed=0 mode=mentoredDec0.15: L=8441 finish=stop l_bar=1.248 L/l_bar=6765.4 final_ch=False wall=51.62s
[7/9] ok in 147s

[8/9] case_011 seed=0 arm=mentored_dec -> /home/chiatzen/lossy-token-eff/logs/campaign_aime24_qwen3/mentoredDec0.15_case_011_seed0_20260821T072233Z.log
case_011 seed=0 mode=mentoredDec0.15: L=20736 finish=stop l_bar=1.118 L/l_bar=18547.8 final_ch=False wall=140.73s
[8/9] ok in 235s

[9/9] case_012 seed=0 arm=mentored_dec -> /home/chiatzen/lossy-token-eff/logs/campaign_aime24_qwen3/mentoredDec0.15_case_012_seed0_20260821T072628Z.log
case_012 seed=0 mode=mentoredDec0.15: L=10353 finish=stop l_bar=1.175 L/l_bar=8812.6 final_ch=False wall=65.74s
[9/9] ok in 161s

wrote /home/chiatzen/lossy-token-eff/runs/aime24_qwen3/fresh_server_replay.json; 9/9 ok
$ /home/chiatzen/lossy-token-eff/.venv-vllm/bin/python /home/chiatzen/lossy-token-eff/scripts/fresh_server_replay.py --arms cactus --cases case_001 case_002 case_003 case_004 case_005 case_006 case_007 case_008 case_009 case_010 case_011 case_012 --cactus-alpha 0.03 --prompt-root /home/chiatzen/lossy-token-eff/prompts/aime24_qwen3 --runs-root /home/chiatzen/lossy-token-eff/runs --log-root /home/chiatzen/lossy-token-eff/logs/campaign_aime24_qwen3 --max-new-tokens 32768 --port 30000 --model-path Qwen/Qwen3-8B --draft-model-path RedHatAI/Qwen3-8B-speculator.eagle3 --served-model-name qwen3-8b --rope-scaling-json {"rope_type":"yarn","factor":1.6,"original_max_position_embeddings":40960}
skip case_001 seed=0 cactus/alpha0.03: already present (/home/chiatzen/lossy-token-eff/runs/aime24_qwen3/cactus/alpha0.03/case_001/seed_0/run.json)
skip case_002 seed=0 cactus/alpha0.03: already present (/home/chiatzen/lossy-token-eff/runs/aime24_qwen3/cactus/alpha0.03/case_002/seed_0/run.json)
skip case_003 seed=0 cactus/alpha0.03: already present (/home/chiatzen/lossy-token-eff/runs/aime24_qwen3/cactus/alpha0.03/case_003/seed_0/run.json)
9 run(s), one fresh server each

[1/9] case_004 seed=0 arm=cactus -> /home/chiatzen/lossy-token-eff/logs/campaign_aime24_qwen3/cactus0.03_case_004_seed0_20260821T072909Z.log
case_004 seed=0 mode=cactus0.03: L=24188 finish=stop l_bar=1.643 L/l_bar=14723.6 final_ch=False wall=132.24s
[1/9] ok in 223s

[2/9] case_005 seed=0 arm=cactus -> /home/chiatzen/lossy-token-eff/logs/campaign_aime24_qwen3/cactus0.03_case_005_seed0_20260821T073251Z.log
case_005 seed=0 mode=cactus0.03: L=18566 finish=stop l_bar=1.361 L/l_bar=13640.9 final_ch=False wall=111.42s
[2/9] ok in 202s

[3/9] case_006 seed=0 arm=cactus -> /home/chiatzen/lossy-token-eff/logs/campaign_aime24_qwen3/cactus0.03_case_006_seed0_20260821T073614Z.log
case_006 seed=0 mode=cactus0.03: L=32768 finish=length l_bar=1.67 L/l_bar=19622.4 final_ch=False wall=181.45s
[3/9] ok in 273s

[4/9] case_007 seed=0 arm=cactus -> /home/chiatzen/lossy-token-eff/logs/campaign_aime24_qwen3/cactus0.03_case_007_seed0_20260821T074046Z.log
case_007 seed=0 mode=cactus0.03: L=25364 finish=stop l_bar=1.36 L/l_bar=18646.9 final_ch=False wall=155.16s
[4/9] ok in 248s

[5/9] case_008 seed=0 arm=cactus -> /home/chiatzen/lossy-token-eff/logs/campaign_aime24_qwen3/cactus0.03_case_008_seed0_20260821T074454Z.log
case_008 seed=0 mode=cactus0.03: L=7984 finish=stop l_bar=1.304 L/l_bar=6123.2 final_ch=False wall=47.40s
[5/9] ok in 140s

[6/9] case_009 seed=0 arm=cactus -> /home/chiatzen/lossy-token-eff/logs/campaign_aime24_qwen3/cactus0.03_case_009_seed0_20260821T074714Z.log
case_009 seed=0 mode=cactus0.03: L=13462 finish=stop l_bar=1.263 L/l_bar=10654.6 final_ch=False wall=83.20s
[6/9] ok in 175s

[7/9] case_010 seed=0 arm=cactus -> /home/chiatzen/lossy-token-eff/logs/campaign_aime24_qwen3/cactus0.03_case_010_seed0_20260821T075009Z.log
case_010 seed=0 mode=cactus0.03: L=7958 finish=stop l_bar=1.469 L/l_bar=5418.0 final_ch=False wall=44.16s
[7/9] ok in 135s

[8/9] case_011 seed=0 arm=cactus -> /home/chiatzen/lossy-token-eff/logs/campaign_aime24_qwen3/cactus0.03_case_011_seed0_20260821T075224Z.log
case_011 seed=0 mode=cactus0.03: L=29030 finish=stop l_bar=1.546 L/l_bar=18775.3 final_ch=False wall=166.86s
[8/9] ok in 260s

[9/9] case_012 seed=0 arm=cactus -> /home/chiatzen/lossy-token-eff/logs/campaign_aime24_qwen3/cactus0.03_case_012_seed0_20260821T075643Z.log
case_012 seed=0 mode=cactus0.03: L=11515 finish=stop l_bar=1.533 L/l_bar=7509.8 final_ch=False wall=62.95s
[9/9] ok in 156s

wrote /home/chiatzen/lossy-token-eff/runs/aime24_qwen3/fresh_server_replay.json; 9/9 ok
$ /home/chiatzen/lossy-token-eff/.venv-vllm/bin/python /home/chiatzen/lossy-token-eff/scripts/fresh_server_replay.py --arms cactus --cases case_001 case_002 case_003 case_004 case_005 case_006 case_007 case_008 case_009 case_010 case_011 case_012 --cactus-alpha 0.08 --prompt-root /home/chiatzen/lossy-token-eff/prompts/aime24_qwen3 --runs-root /home/chiatzen/lossy-token-eff/runs --log-root /home/chiatzen/lossy-token-eff/logs/campaign_aime24_qwen3 --max-new-tokens 32768 --port 30000 --model-path Qwen/Qwen3-8B --draft-model-path RedHatAI/Qwen3-8B-speculator.eagle3 --served-model-name qwen3-8b --rope-scaling-json {"rope_type":"yarn","factor":1.6,"original_max_position_embeddings":40960}
skip case_001 seed=0 cactus/alpha0.08: already present (/home/chiatzen/lossy-token-eff/runs/aime24_qwen3/cactus/alpha0.08/case_001/seed_0/run.json)
skip case_002 seed=0 cactus/alpha0.08: already present (/home/chiatzen/lossy-token-eff/runs/aime24_qwen3/cactus/alpha0.08/case_002/seed_0/run.json)
skip case_003 seed=0 cactus/alpha0.08: already present (/home/chiatzen/lossy-token-eff/runs/aime24_qwen3/cactus/alpha0.08/case_003/seed_0/run.json)
9 run(s), one fresh server each

[1/9] case_004 seed=0 arm=cactus -> /home/chiatzen/lossy-token-eff/logs/campaign_aime24_qwen3/cactus0.08_case_004_seed0_20260821T075919Z.log
case_004 seed=0 mode=cactus0.08: L=32768 finish=length l_bar=2.425 L/l_bar=13510.0 final_ch=False wall=141.60s
[1/9] ok in 232s

[2/9] case_005 seed=0 arm=cactus -> /home/chiatzen/lossy-token-eff/logs/campaign_aime24_qwen3/cactus0.08_case_005_seed0_20260821T080312Z.log
case_005 seed=0 mode=cactus0.08: L=32768 finish=length l_bar=2.444 L/l_bar=13405.1 final_ch=False wall=139.65s
[2/9] ok in 233s

[3/9] case_006 seed=0 arm=cactus -> /home/chiatzen/lossy-token-eff/logs/campaign_aime24_qwen3/cactus0.08_case_006_seed0_20260821T080704Z.log
case_006 seed=0 mode=cactus0.08: L=17132 finish=stop l_bar=2.523 L/l_bar=6790.0 final_ch=False wall=68.39s
[3/9] ok in 161s

[4/9] case_007 seed=0 arm=cactus -> /home/chiatzen/lossy-token-eff/logs/campaign_aime24_qwen3/cactus0.08_case_007_seed0_20260821T080946Z.log
case_007 seed=0 mode=cactus0.08: L=21595 finish=stop l_bar=1.783 L/l_bar=12108.6 final_ch=False wall=110.57s
[4/9] ok in 203s

[5/9] case_008 seed=0 arm=cactus -> /home/chiatzen/lossy-token-eff/logs/campaign_aime24_qwen3/cactus0.08_case_008_seed0_20260821T081309Z.log
case_008 seed=0 mode=cactus0.08: L=20045 finish=stop l_bar=1.867 L/l_bar=10738.2 final_ch=False wall=98.98s
[5/9] ok in 192s

[6/9] case_009 seed=0 arm=cactus -> /home/chiatzen/lossy-token-eff/logs/campaign_aime24_qwen3/cactus0.08_case_009_seed0_20260821T081621Z.log
case_009 seed=0 mode=cactus0.08: L=13705 finish=stop l_bar=1.654 L/l_bar=8284.6 final_ch=False wall=72.12s
[6/9] ok in 165s

[7/9] case_010 seed=0 arm=cactus -> /home/chiatzen/lossy-token-eff/logs/campaign_aime24_qwen3/cactus0.08_case_010_seed0_20260821T081906Z.log
case_010 seed=0 mode=cactus0.08: L=6941 finish=stop l_bar=1.707 L/l_bar=4066.9 final_ch=False wall=34.99s
[7/9] ok in 128s

[8/9] case_011 seed=0 arm=cactus -> /home/chiatzen/lossy-token-eff/logs/campaign_aime24_qwen3/cactus0.08_case_011_seed0_20260821T082113Z.log
case_011 seed=0 mode=cactus0.08: L=22697 finish=stop l_bar=2.423 L/l_bar=9366.4 final_ch=False wall=94.81s
[8/9] ok in 188s

[9/9] case_012 seed=0 arm=cactus -> /home/chiatzen/lossy-token-eff/logs/campaign_aime24_qwen3/cactus0.08_case_012_seed0_20260821T082421Z.log
case_012 seed=0 mode=cactus0.08: L=8818 finish=stop l_bar=1.881 L/l_bar=4687.0 final_ch=False wall=42.01s
[9/9] ok in 135s

wrote /home/chiatzen/lossy-token-eff/runs/aime24_qwen3/fresh_server_replay.json; 9/9 ok
$ /home/chiatzen/lossy-token-eff/.venv-vllm/bin/python /home/chiatzen/lossy-token-eff/scripts/fresh_server_replay.py --arms cactus --cases case_001 case_002 case_003 case_004 case_005 case_006 case_007 case_008 case_009 case_010 case_011 case_012 --cactus-alpha 0.35 --prompt-root /home/chiatzen/lossy-token-eff/prompts/aime24_qwen3 --runs-root /home/chiatzen/lossy-token-eff/runs --log-root /home/chiatzen/lossy-token-eff/logs/campaign_aime24_qwen3 --max-new-tokens 32768 --port 30000 --model-path Qwen/Qwen3-8B --draft-model-path RedHatAI/Qwen3-8B-speculator.eagle3 --served-model-name qwen3-8b --rope-scaling-json {"rope_type":"yarn","factor":1.6,"original_max_position_embeddings":40960}
skip case_001 seed=0 cactus/alpha0.35: already present (/home/chiatzen/lossy-token-eff/runs/aime24_qwen3/cactus/alpha0.35/case_001/seed_0/run.json)
skip case_002 seed=0 cactus/alpha0.35: already present (/home/chiatzen/lossy-token-eff/runs/aime24_qwen3/cactus/alpha0.35/case_002/seed_0/run.json)
skip case_003 seed=0 cactus/alpha0.35: already present (/home/chiatzen/lossy-token-eff/runs/aime24_qwen3/cactus/alpha0.35/case_003/seed_0/run.json)
9 run(s), one fresh server each

[1/9] case_004 seed=0 arm=cactus -> /home/chiatzen/lossy-token-eff/logs/campaign_aime24_qwen3/cactus0.35_case_004_seed0_20260821T082636Z.log
case_004 seed=0 mode=cactus0.35: L=32768 finish=length l_bar=4.372 L/l_bar=7495.4 final_ch=False wall=89.14s
[1/9] ok in 181s

[2/9] case_005 seed=0 arm=cactus -> /home/chiatzen/lossy-token-eff/logs/campaign_aime24_qwen3/cactus0.35_case_005_seed0_20260821T082936Z.log
case_005 seed=0 mode=cactus0.35: L=32768 finish=length l_bar=3.505 L/l_bar=9349.4 final_ch=False wall=106.63s
[2/9] ok in 197s

[3/9] case_006 seed=0 arm=cactus -> /home/chiatzen/lossy-token-eff/logs/campaign_aime24_qwen3/cactus0.35_case_006_seed0_20260821T083254Z.log
case_006 seed=0 mode=cactus0.35: L=17132 finish=stop l_bar=3.618 L/l_bar=4734.8 final_ch=False wall=52.02s
[3/9] ok in 143s

[4/9] case_007 seed=0 arm=cactus -> /home/chiatzen/lossy-token-eff/logs/campaign_aime24_qwen3/cactus0.35_case_007_seed0_20260821T083516Z.log
case_007 seed=0 mode=cactus0.35: L=32768 finish=length l_bar=3.851 L/l_bar=8509.1 final_ch=False wall=98.78s
[4/9] ok in 191s

[5/9] case_008 seed=0 arm=cactus -> /home/chiatzen/lossy-token-eff/logs/campaign_aime24_qwen3/cactus0.35_case_008_seed0_20260821T083828Z.log
case_008 seed=0 mode=cactus0.35: L=13611 finish=stop l_bar=2.386 L/l_bar=5705.5 final_ch=False wall=55.89s
[5/9] ok in 149s

[6/9] case_009 seed=0 arm=cactus -> /home/chiatzen/lossy-token-eff/logs/campaign_aime24_qwen3/cactus0.35_case_009_seed0_20260821T084056Z.log
case_009 seed=0 mode=cactus0.35: L=15832 finish=stop l_bar=2.734 L/l_bar=5791.4 final_ch=False wall=59.29s
[6/9] ok in 152s

[7/9] case_010 seed=0 arm=cactus -> /home/chiatzen/lossy-token-eff/logs/campaign_aime24_qwen3/cactus0.35_case_010_seed0_20260821T084329Z.log
case_010 seed=0 mode=cactus0.35: L=7796 finish=stop l_bar=2.634 L/l_bar=2959.7 final_ch=False wall=29.37s
[7/9] ok in 120s

[8/9] case_011 seed=0 arm=cactus -> /home/chiatzen/lossy-token-eff/logs/campaign_aime24_qwen3/cactus0.35_case_011_seed0_20260821T084529Z.log
case_011 seed=0 mode=cactus0.35: L=32768 finish=length l_bar=3.775 L/l_bar=8679.9 final_ch=False wall=100.72s
[8/9] ok in 192s

[9/9] case_012 seed=0 arm=cactus -> /home/chiatzen/lossy-token-eff/logs/campaign_aime24_qwen3/cactus0.35_case_012_seed0_20260821T084840Z.log
case_012 seed=0 mode=cactus0.35: L=32768 finish=length l_bar=4.273 L/l_bar=7668.2 final_ch=False wall=91.42s
[9/9] ok in 184s

wrote /home/chiatzen/lossy-token-eff/runs/aime24_qwen3/fresh_server_replay.json; 9/9 ok
$ /home/chiatzen/lossy-token-eff/.venv-vllm/bin/python /home/chiatzen/lossy-token-eff/scripts/fresh_server_replay.py --arms spec_casc_opt --cases case_001 case_002 case_003 case_004 case_005 case_006 case_007 case_008 case_009 case_010 case_011 case_012 --spec-casc-opt-alpha 0.05 --prompt-root /home/chiatzen/lossy-token-eff/prompts/aime24_qwen3 --runs-root /home/chiatzen/lossy-token-eff/runs --log-root /home/chiatzen/lossy-token-eff/logs/campaign_aime24_qwen3 --max-new-tokens 32768 --port 30000 --model-path Qwen/Qwen3-8B --draft-model-path RedHatAI/Qwen3-8B-speculator.eagle3 --served-model-name qwen3-8b --rope-scaling-json {"rope_type":"yarn","factor":1.6,"original_max_position_embeddings":40960}
skip case_001 seed=0 spec_casc_opt/alpha0.05: already present (/home/chiatzen/lossy-token-eff/runs/aime24_qwen3/spec_casc_opt/alpha0.05/case_001/seed_0/run.json)
skip case_002 seed=0 spec_casc_opt/alpha0.05: already present (/home/chiatzen/lossy-token-eff/runs/aime24_qwen3/spec_casc_opt/alpha0.05/case_002/seed_0/run.json)
skip case_003 seed=0 spec_casc_opt/alpha0.05: already present (/home/chiatzen/lossy-token-eff/runs/aime24_qwen3/spec_casc_opt/alpha0.05/case_003/seed_0/run.json)
9 run(s), one fresh server each

[1/9] case_004 seed=0 arm=spec_casc_opt -> /home/chiatzen/lossy-token-eff/logs/campaign_aime24_qwen3/specCascOpt0.05_case_004_seed0_20260821T085144Z.log
case_004 seed=0 mode=specCascOpt0.05: L=32768 finish=length l_bar=1.664 L/l_bar=19686.4 final_ch=False wall=184.57s
[1/9] ok in 271s

[2/9] case_005 seed=0 arm=spec_casc_opt -> /home/chiatzen/lossy-token-eff/logs/campaign_aime24_qwen3/specCascOpt0.05_case_005_seed0_20260821T085615Z.log
case_005 seed=0 mode=specCascOpt0.05: L=15466 finish=stop l_bar=1.549 L/l_bar=9981.6 final_ch=False wall=85.21s
[2/9] ok in 172s

[3/9] case_006 seed=0 arm=spec_casc_opt -> /home/chiatzen/lossy-token-eff/logs/campaign_aime24_qwen3/specCascOpt0.05_case_006_seed0_20260821T085907Z.log
case_006 seed=0 mode=specCascOpt0.05: L=32768 finish=length l_bar=1.552 L/l_bar=21114.1 final_ch=False wall=191.11s
[3/9] ok in 278s

[4/9] case_007 seed=0 arm=spec_casc_opt -> /home/chiatzen/lossy-token-eff/logs/campaign_aime24_qwen3/specCascOpt0.05_case_007_seed0_20260821T090345Z.log
case_007 seed=0 mode=specCascOpt0.05: L=30291 finish=stop l_bar=1.175 L/l_bar=25788.4 final_ch=False wall=206.82s
[4/9] ok in 293s

[5/9] case_008 seed=0 arm=spec_casc_opt -> /home/chiatzen/lossy-token-eff/logs/campaign_aime24_qwen3/specCascOpt0.05_case_008_seed0_20260821T090839Z.log
case_008 seed=0 mode=specCascOpt0.05: L=32768 finish=length l_bar=2.046 L/l_bar=16014.8 final_ch=False wall=157.74s
[5/9] ok in 246s

[6/9] case_009 seed=0 arm=spec_casc_opt -> /home/chiatzen/lossy-token-eff/logs/campaign_aime24_qwen3/specCascOpt0.05_case_009_seed0_20260821T091245Z.log
case_009 seed=0 mode=specCascOpt0.05: L=10483 finish=stop l_bar=1.705 L/l_bar=6148.3 final_ch=False wall=53.71s
[6/9] ok in 142s

[7/9] case_010 seed=0 arm=spec_casc_opt -> /home/chiatzen/lossy-token-eff/logs/campaign_aime24_qwen3/specCascOpt0.05_case_010_seed0_20260821T091507Z.log
case_010 seed=0 mode=specCascOpt0.05: L=32768 finish=length l_bar=2.2 L/l_bar=14891.2 final_ch=False wall=151.59s
[7/9] ok in 240s

[8/9] case_011 seed=0 arm=spec_casc_opt -> /home/chiatzen/lossy-token-eff/logs/campaign_aime24_qwen3/specCascOpt0.05_case_011_seed0_20260821T091907Z.log
case_011 seed=0 mode=specCascOpt0.05: L=32768 finish=length l_bar=2.024 L/l_bar=16189.1 final_ch=False wall=159.23s
[8/9] ok in 248s

[9/9] case_012 seed=0 arm=spec_casc_opt -> /home/chiatzen/lossy-token-eff/logs/campaign_aime24_qwen3/specCascOpt0.05_case_012_seed0_20260821T092315Z.log
case_012 seed=0 mode=specCascOpt0.05: L=11336 finish=stop l_bar=1.432 L/l_bar=7914.0 final_ch=False wall=64.78s
[9/9] ok in 153s

wrote /home/chiatzen/lossy-token-eff/runs/aime24_qwen3/fresh_server_replay.json; 9/9 ok
$ /home/chiatzen/lossy-token-eff/.venv-vllm/bin/python /home/chiatzen/lossy-token-eff/scripts/fresh_server_replay.py --arms spec_casc_opt --cases case_001 case_002 case_003 case_004 case_005 case_006 case_007 case_008 case_009 case_010 case_011 case_012 --spec-casc-opt-alpha -0.3 --prompt-root /home/chiatzen/lossy-token-eff/prompts/aime24_qwen3 --runs-root /home/chiatzen/lossy-token-eff/runs --log-root /home/chiatzen/lossy-token-eff/logs/campaign_aime24_qwen3 --max-new-tokens 32768 --port 30000 --model-path Qwen/Qwen3-8B --draft-model-path RedHatAI/Qwen3-8B-speculator.eagle3 --served-model-name qwen3-8b --rope-scaling-json {"rope_type":"yarn","factor":1.6,"original_max_position_embeddings":40960}
skip case_001 seed=0 spec_casc_opt/alphaneg0.3: already present (/home/chiatzen/lossy-token-eff/runs/aime24_qwen3/spec_casc_opt/alphaneg0.3/case_001/seed_0/run.json)
skip case_002 seed=0 spec_casc_opt/alphaneg0.3: already present (/home/chiatzen/lossy-token-eff/runs/aime24_qwen3/spec_casc_opt/alphaneg0.3/case_002/seed_0/run.json)
skip case_003 seed=0 spec_casc_opt/alphaneg0.3: already present (/home/chiatzen/lossy-token-eff/runs/aime24_qwen3/spec_casc_opt/alphaneg0.3/case_003/seed_0/run.json)
9 run(s), one fresh server each

[1/9] case_004 seed=0 arm=spec_casc_opt -> /home/chiatzen/lossy-token-eff/logs/campaign_aime24_qwen3/specCascOptneg0.3_case_004_seed0_20260821T092549Z.log
case_004 seed=0 mode=specCascOptneg0.3: L=32768 finish=length l_bar=0.991 L/l_bar=33067.4 final_ch=False wall=245.89s
[1/9] ok in 335s

[2/9] case_005 seed=0 arm=spec_casc_opt -> /home/chiatzen/lossy-token-eff/logs/campaign_aime24_qwen3/specCascOptneg0.3_case_005_seed0_20260821T093123Z.log
case_005 seed=0 mode=specCascOptneg0.3: L=21050 finish=stop l_bar=1.004 L/l_bar=20964.2 final_ch=False wall=150.66s
[2/9] ok in 237s

[3/9] case_006 seed=0 arm=spec_casc_opt -> /home/chiatzen/lossy-token-eff/logs/campaign_aime24_qwen3/specCascOptneg0.3_case_006_seed0_20260821T093521Z.log
case_006 seed=0 mode=specCascOptneg0.3: L=13425 finish=stop l_bar=1.195 L/l_bar=11235.3 final_ch=False wall=85.33s
[3/9] ok in 174s

[4/9] case_007 seed=0 arm=spec_casc_opt -> /home/chiatzen/lossy-token-eff/logs/campaign_aime24_qwen3/specCascOptneg0.3_case_007_seed0_20260821T093815Z.log
case_007 seed=0 mode=specCascOptneg0.3: L=19742 finish=stop l_bar=1.03 L/l_bar=19176.2 final_ch=False wall=138.84s
[4/9] ok in 227s

[5/9] case_008 seed=0 arm=spec_casc_opt -> /home/chiatzen/lossy-token-eff/logs/campaign_aime24_qwen3/specCascOptneg0.3_case_008_seed0_20260821T094202Z.log
case_008 seed=0 mode=specCascOptneg0.3: L=12604 finish=stop l_bar=1.273 L/l_bar=9902.1 final_ch=False wall=77.35s
[5/9] ok in 164s

[6/9] case_009 seed=0 arm=spec_casc_opt -> /home/chiatzen/lossy-token-eff/logs/campaign_aime24_qwen3/specCascOptneg0.3_case_009_seed0_20260821T094446Z.log
case_009 seed=0 mode=specCascOptneg0.3: L=9917 finish=stop l_bar=1.409 L/l_bar=7040.6 final_ch=False wall=56.92s
[6/9] ok in 143s

[7/9] case_010 seed=0 arm=spec_casc_opt -> /home/chiatzen/lossy-token-eff/logs/campaign_aime24_qwen3/specCascOptneg0.3_case_010_seed0_20260821T094709Z.log
case_010 seed=0 mode=specCascOptneg0.3: L=10477 finish=stop l_bar=1.232 L/l_bar=8505.5 final_ch=False wall=64.95s
[7/9] ok in 152s

[8/9] case_011 seed=0 arm=spec_casc_opt -> /home/chiatzen/lossy-token-eff/logs/campaign_aime24_qwen3/specCascOptneg0.3_case_011_seed0_20260821T094941Z.log
case_011 seed=0 mode=specCascOptneg0.3: L=24457 finish=stop l_bar=1.042 L/l_bar=23469.3 final_ch=False wall=174.07s
[8/9] ok in 263s

[9/9] case_012 seed=0 arm=spec_casc_opt -> /home/chiatzen/lossy-token-eff/logs/campaign_aime24_qwen3/specCascOptneg0.3_case_012_seed0_20260821T095404Z.log
case_012 seed=0 mode=specCascOptneg0.3: L=13184 finish=stop l_bar=1.121 L/l_bar=11755.7 final_ch=False wall=86.73s
[9/9] ok in 173s

wrote /home/chiatzen/lossy-token-eff/runs/aime24_qwen3/fresh_server_replay.json; 9/9 ok
$ /home/chiatzen/lossy-token-eff/.venv-vllm/bin/python /home/chiatzen/lossy-token-eff/scripts/fresh_server_replay.py --arms r_fuzzy --cases case_001 case_002 case_003 case_004 case_005 case_006 case_007 case_008 case_009 case_010 case_011 case_012 --r-fuzzy-alpha 0.25 --prompt-root /home/chiatzen/lossy-token-eff/prompts/aime24_qwen3 --runs-root /home/chiatzen/lossy-token-eff/runs --log-root /home/chiatzen/lossy-token-eff/logs/campaign_aime24_qwen3 --max-new-tokens 32768 --port 30000 --model-path Qwen/Qwen3-8B --draft-model-path RedHatAI/Qwen3-8B-speculator.eagle3 --served-model-name qwen3-8b --rope-scaling-json {"rope_type":"yarn","factor":1.6,"original_max_position_embeddings":40960}
skip case_001 seed=0 r_fuzzy/alpha0.25: already present (/home/chiatzen/lossy-token-eff/runs/aime24_qwen3/r_fuzzy/alpha0.25/case_001/seed_0/run.json)
skip case_002 seed=0 r_fuzzy/alpha0.25: already present (/home/chiatzen/lossy-token-eff/runs/aime24_qwen3/r_fuzzy/alpha0.25/case_002/seed_0/run.json)
skip case_003 seed=0 r_fuzzy/alpha0.25: already present (/home/chiatzen/lossy-token-eff/runs/aime24_qwen3/r_fuzzy/alpha0.25/case_003/seed_0/run.json)
9 run(s), one fresh server each

[1/9] case_004 seed=0 arm=r_fuzzy -> /home/chiatzen/lossy-token-eff/logs/campaign_aime24_qwen3/rFuzzy0.25_case_004_seed0_20260821T095657Z.log
case_004 seed=0 mode=rFuzzy0.25: L=32768 finish=length l_bar=0.965 L/l_bar=33971.7 final_ch=False wall=249.94s
[1/9] ok in 339s

[2/9] case_005 seed=0 arm=r_fuzzy -> /home/chiatzen/lossy-token-eff/logs/campaign_aime24_qwen3/rFuzzy0.25_case_005_seed0_20260821T100236Z.log
case_005 seed=0 mode=rFuzzy0.25: L=32768 finish=length l_bar=1.127 L/l_bar=29065.7 final_ch=False wall=230.03s
[2/9] ok in 318s

[3/9] case_006 seed=0 arm=r_fuzzy -> /home/chiatzen/lossy-token-eff/logs/campaign_aime24_qwen3/rFuzzy0.25_case_006_seed0_20260821T100755Z.log
case_006 seed=0 mode=rFuzzy0.25: L=18852 finish=stop l_bar=1.213 L/l_bar=15544.0 final_ch=False wall=121.50s
[3/9] ok in 208s

[4/9] case_007 seed=0 arm=r_fuzzy -> /home/chiatzen/lossy-token-eff/logs/campaign_aime24_qwen3/rFuzzy0.25_case_007_seed0_20260821T101123Z.log
case_007 seed=0 mode=rFuzzy0.25: L=31588 finish=stop l_bar=1.111 L/l_bar=28435.5 final_ch=False wall=222.80s
[4/9] ok in 309s

[5/9] case_008 seed=0 arm=r_fuzzy -> /home/chiatzen/lossy-token-eff/logs/campaign_aime24_qwen3/rFuzzy0.25_case_008_seed0_20260821T101632Z.log
case_008 seed=0 mode=rFuzzy0.25: L=30464 finish=stop l_bar=1.125 L/l_bar=27080.8 final_ch=False wall=212.56s
[5/9] ok in 301s

[6/9] case_009 seed=0 arm=r_fuzzy -> /home/chiatzen/lossy-token-eff/logs/campaign_aime24_qwen3/rFuzzy0.25_case_009_seed0_20260821T102133Z.log
case_009 seed=0 mode=rFuzzy0.25: L=24882 finish=stop l_bar=1.103 L/l_bar=22550.5 final_ch=False wall=172.79s
[6/9] ok in 260s

[7/9] case_010 seed=0 arm=r_fuzzy -> /home/chiatzen/lossy-token-eff/logs/campaign_aime24_qwen3/rFuzzy0.25_case_010_seed0_20260821T102553Z.log
case_010 seed=0 mode=rFuzzy0.25: L=9352 finish=stop l_bar=1.591 L/l_bar=5878.0 final_ch=False wall=49.84s
[7/9] ok in 138s

[8/9] case_011 seed=0 arm=r_fuzzy -> /home/chiatzen/lossy-token-eff/logs/campaign_aime24_qwen3/rFuzzy0.25_case_011_seed0_20260821T102811Z.log
case_011 seed=0 mode=rFuzzy0.25: L=32768 finish=length l_bar=1.08 L/l_bar=30343.4 final_ch=False wall=235.46s
[8/9] ok in 323s

[9/9] case_012 seed=0 arm=r_fuzzy -> /home/chiatzen/lossy-token-eff/logs/campaign_aime24_qwen3/rFuzzy0.25_case_012_seed0_20260821T103334Z.log
case_012 seed=0 mode=rFuzzy0.25: L=16793 finish=stop l_bar=1.255 L/l_bar=13379.1 final_ch=False wall=105.39s
[9/9] ok in 194s

wrote /home/chiatzen/lossy-token-eff/runs/aime24_qwen3/fresh_server_replay.json; 9/9 ok
$ /home/chiatzen/lossy-token-eff/.venv-vllm/bin/python /home/chiatzen/lossy-token-eff/scripts/fresh_server_replay.py --arms r_fuzzy --cases case_001 case_002 case_003 case_004 case_005 case_006 case_007 case_008 case_009 case_010 case_011 case_012 --r-fuzzy-alpha 0.03 --prompt-root /home/chiatzen/lossy-token-eff/prompts/aime24_qwen3 --runs-root /home/chiatzen/lossy-token-eff/runs --log-root /home/chiatzen/lossy-token-eff/logs/campaign_aime24_qwen3 --max-new-tokens 32768 --port 30000 --model-path Qwen/Qwen3-8B --draft-model-path RedHatAI/Qwen3-8B-speculator.eagle3 --served-model-name qwen3-8b --rope-scaling-json {"rope_type":"yarn","factor":1.6,"original_max_position_embeddings":40960}
skip case_001 seed=0 r_fuzzy/alpha0.03: already present (/home/chiatzen/lossy-token-eff/runs/aime24_qwen3/r_fuzzy/alpha0.03/case_001/seed_0/run.json)
skip case_002 seed=0 r_fuzzy/alpha0.03: already present (/home/chiatzen/lossy-token-eff/runs/aime24_qwen3/r_fuzzy/alpha0.03/case_002/seed_0/run.json)
skip case_003 seed=0 r_fuzzy/alpha0.03: already present (/home/chiatzen/lossy-token-eff/runs/aime24_qwen3/r_fuzzy/alpha0.03/case_003/seed_0/run.json)
9 run(s), one fresh server each

[1/9] case_004 seed=0 arm=r_fuzzy -> /home/chiatzen/lossy-token-eff/logs/campaign_aime24_qwen3/rFuzzy0.03_case_004_seed0_20260821T103648Z.log
case_004 seed=0 mode=rFuzzy0.03: L=32570 finish=stop l_bar=0.825 L/l_bar=39488.4 final_ch=False wall=267.23s
[1/9] ok in 353s

[2/9] case_005 seed=0 arm=r_fuzzy -> /home/chiatzen/lossy-token-eff/logs/campaign_aime24_qwen3/rFuzzy0.03_case_005_seed0_20260821T104241Z.log
case_005 seed=0 mode=rFuzzy0.03: L=22601 finish=stop l_bar=0.931 L/l_bar=24272.7 final_ch=False wall=168.50s
[2/9] ok in 255s

[3/9] case_006 seed=0 arm=r_fuzzy -> /home/chiatzen/lossy-token-eff/logs/campaign_aime24_qwen3/rFuzzy0.03_case_006_seed0_20260821T104657Z.log
case_006 seed=0 mode=rFuzzy0.03: L=26385 finish=stop l_bar=0.983 L/l_bar=26853.1 final_ch=False wall=194.96s
[3/9] ok in 282s

[4/9] case_007 seed=0 arm=r_fuzzy -> /home/chiatzen/lossy-token-eff/logs/campaign_aime24_qwen3/rFuzzy0.03_case_007_seed0_20260821T105138Z.log
case_007 seed=0 mode=rFuzzy0.03: L=19947 finish=stop l_bar=0.914 L/l_bar=21827.8 final_ch=False wall=149.13s
[4/9] ok in 238s

[5/9] case_008 seed=0 arm=r_fuzzy -> /home/chiatzen/lossy-token-eff/logs/campaign_aime24_qwen3/rFuzzy0.03_case_008_seed0_20260821T105536Z.log
case_008 seed=0 mode=rFuzzy0.03: L=7824 finish=stop l_bar=1.091 L/l_bar=7170.4 final_ch=False wall=51.27s
[5/9] ok in 138s

[6/9] case_009 seed=0 arm=r_fuzzy -> /home/chiatzen/lossy-token-eff/logs/campaign_aime24_qwen3/rFuzzy0.03_case_009_seed0_20260821T105754Z.log
case_009 seed=0 mode=rFuzzy0.03: L=13480 finish=stop l_bar=1.164 L/l_bar=11581.6 final_ch=False wall=87.19s
[6/9] ok in 174s

[7/9] case_010 seed=0 arm=r_fuzzy -> /home/chiatzen/lossy-token-eff/logs/campaign_aime24_qwen3/rFuzzy0.03_case_010_seed0_20260821T110048Z.log
case_010 seed=0 mode=rFuzzy0.03: L=10867 finish=stop l_bar=1.205 L/l_bar=9018.6 final_ch=False wall=68.31s
[7/9] ok in 157s

[8/9] case_011 seed=0 arm=r_fuzzy -> /home/chiatzen/lossy-token-eff/logs/campaign_aime24_qwen3/rFuzzy0.03_case_011_seed0_20260821T110325Z.log
case_011 seed=0 mode=rFuzzy0.03: L=20630 finish=stop l_bar=1.026 L/l_bar=20114.5 final_ch=False wall=145.80s
[8/9] ok in 233s

[9/9] case_012 seed=0 arm=r_fuzzy -> /home/chiatzen/lossy-token-eff/logs/campaign_aime24_qwen3/rFuzzy0.03_case_012_seed0_20260821T110718Z.log
case_012 seed=0 mode=rFuzzy0.03: L=12305 finish=stop l_bar=1.018 L/l_bar=12086.9 final_ch=False wall=84.84s
[9/9] ok in 189s

wrote /home/chiatzen/lossy-token-eff/runs/aime24_qwen3/fresh_server_replay.json; 9/9 ok
$ /home/chiatzen/lossy-token-eff/.venv-vllm/bin/python /home/chiatzen/lossy-token-eff/scripts/fresh_server_replay.py --arms spec_casc_tok --cases case_001 case_002 case_003 case_004 case_005 case_006 case_007 case_008 case_009 case_010 case_011 case_012 --spec-casc-tok-alpha 0.8 --prompt-root /home/chiatzen/lossy-token-eff/prompts/aime24_qwen3 --runs-root /home/chiatzen/lossy-token-eff/runs --log-root /home/chiatzen/lossy-token-eff/logs/campaign_aime24_qwen3 --max-new-tokens 32768 --port 30000 --model-path Qwen/Qwen3-8B --draft-model-path RedHatAI/Qwen3-8B-speculator.eagle3 --served-model-name qwen3-8b --rope-scaling-json {"rope_type":"yarn","factor":1.6,"original_max_position_embeddings":40960}
skip case_001 seed=0 spec_casc_tok/alpha0.8: already present (/home/chiatzen/lossy-token-eff/runs/aime24_qwen3/spec_casc_tok/alpha0.8/case_001/seed_0/run.json)
skip case_002 seed=0 spec_casc_tok/alpha0.8: already present (/home/chiatzen/lossy-token-eff/runs/aime24_qwen3/spec_casc_tok/alpha0.8/case_002/seed_0/run.json)
skip case_003 seed=0 spec_casc_tok/alpha0.8: already present (/home/chiatzen/lossy-token-eff/runs/aime24_qwen3/spec_casc_tok/alpha0.8/case_003/seed_0/run.json)
9 run(s), one fresh server each

[1/9] case_004 seed=0 arm=spec_casc_tok -> /home/chiatzen/lossy-token-eff/logs/campaign_aime24_qwen3/specCascTok0.8_case_004_seed0_20260821T111027Z.log
case_004 seed=0 mode=specCascTok0.8: L=32768 finish=length l_bar=0.917 L/l_bar=35752.0 final_ch=False wall=255.40s
[1/9] ok in 344s

[2/9] case_005 seed=0 arm=spec_casc_tok -> /home/chiatzen/lossy-token-eff/logs/campaign_aime24_qwen3/specCascTok0.8_case_005_seed0_20260821T111611Z.log
case_005 seed=0 mode=specCascTok0.8: L=28104 finish=stop l_bar=0.991 L/l_bar=28347.1 final_ch=False wall=207.10s
[2/9] ok in 294s

[3/9] case_006 seed=0 arm=spec_casc_tok -> /home/chiatzen/lossy-token-eff/logs/campaign_aime24_qwen3/specCascTok0.8_case_006_seed0_20260821T112105Z.log
case_006 seed=0 mode=specCascTok0.8: L=24586 finish=stop l_bar=1.096 L/l_bar=22423.4 final_ch=False wall=170.64s
[3/9] ok in 260s

[4/9] case_007 seed=0 arm=spec_casc_tok -> /home/chiatzen/lossy-token-eff/logs/campaign_aime24_qwen3/specCascTok0.8_case_007_seed0_20260821T112524Z.log
case_007 seed=0 mode=specCascTok0.8: L=24292 finish=stop l_bar=0.972 L/l_bar=24983.7 final_ch=False wall=178.69s
[4/9] ok in 267s

[5/9] case_008 seed=0 arm=spec_casc_tok -> /home/chiatzen/lossy-token-eff/logs/campaign_aime24_qwen3/specCascTok0.8_case_008_seed0_20260821T112952Z.log
case_008 seed=0 mode=specCascTok0.8: L=5056 finish=stop l_bar=1.348 L/l_bar=3751.1 final_ch=False wall=29.23s
[5/9] ok in 116s

[6/9] case_009 seed=0 arm=spec_casc_tok -> /home/chiatzen/lossy-token-eff/logs/campaign_aime24_qwen3/specCascTok0.8_case_009_seed0_20260821T113148Z.log
case_009 seed=0 mode=specCascTok0.8: L=12258 finish=stop l_bar=1.277 L/l_bar=9602.4 final_ch=False wall=74.99s
[6/9] ok in 164s

[7/9] case_010 seed=0 arm=spec_casc_tok -> /home/chiatzen/lossy-token-eff/logs/campaign_aime24_qwen3/specCascTok0.8_case_010_seed0_20260821T113431Z.log
case_010 seed=0 mode=specCascTok0.8: L=8461 finish=stop l_bar=1.322 L/l_bar=6402.0 final_ch=False wall=50.06s
[7/9] ok in 139s

[8/9] case_011 seed=0 arm=spec_casc_tok -> /home/chiatzen/lossy-token-eff/logs/campaign_aime24_qwen3/specCascTok0.8_case_011_seed0_20260821T113651Z.log
case_011 seed=0 mode=specCascTok0.8: L=17301 finish=stop l_bar=1.071 L/l_bar=16148.6 final_ch=False wall=118.44s
[8/9] ok in 207s

[9/9] case_012 seed=0 arm=spec_casc_tok -> /home/chiatzen/lossy-token-eff/logs/campaign_aime24_qwen3/specCascTok0.8_case_012_seed0_20260821T114017Z.log
case_012 seed=0 mode=specCascTok0.8: L=14142 finish=stop l_bar=1.207 L/l_bar=11712.2 final_ch=False wall=89.84s
[9/9] ok in 179s

wrote /home/chiatzen/lossy-token-eff/runs/aime24_qwen3/fresh_server_replay.json; 9/9 ok
$ /home/chiatzen/lossy-token-eff/.venv-vllm/bin/python /home/chiatzen/lossy-token-eff/scripts/fresh_server_replay.py --arms spec_casc_tok --cases case_001 case_002 case_003 case_004 case_005 case_006 case_007 case_008 case_009 case_010 case_011 case_012 --spec-casc-tok-alpha 0.15 --prompt-root /home/chiatzen/lossy-token-eff/prompts/aime24_qwen3 --runs-root /home/chiatzen/lossy-token-eff/runs --log-root /home/chiatzen/lossy-token-eff/logs/campaign_aime24_qwen3 --max-new-tokens 32768 --port 30000 --model-path Qwen/Qwen3-8B --draft-model-path RedHatAI/Qwen3-8B-speculator.eagle3 --served-model-name qwen3-8b --rope-scaling-json {"rope_type":"yarn","factor":1.6,"original_max_position_embeddings":40960}
skip case_001 seed=0 spec_casc_tok/alpha0.15: already present (/home/chiatzen/lossy-token-eff/runs/aime24_qwen3/spec_casc_tok/alpha0.15/case_001/seed_0/run.json)
skip case_002 seed=0 spec_casc_tok/alpha0.15: already present (/home/chiatzen/lossy-token-eff/runs/aime24_qwen3/spec_casc_tok/alpha0.15/case_002/seed_0/run.json)
skip case_003 seed=0 spec_casc_tok/alpha0.15: already present (/home/chiatzen/lossy-token-eff/runs/aime24_qwen3/spec_casc_tok/alpha0.15/case_003/seed_0/run.json)
9 run(s), one fresh server each

[1/9] case_004 seed=0 arm=spec_casc_tok -> /home/chiatzen/lossy-token-eff/logs/campaign_aime24_qwen3/specCascTok0.15_case_004_seed0_20260821T114316Z.log
case_004 seed=0 mode=specCascTok0.15: L=32768 finish=length l_bar=0.864 L/l_bar=37921.9 final_ch=False wall=262.78s
[1/9] ok in 350s

[2/9] case_005 seed=0 arm=spec_casc_tok -> /home/chiatzen/lossy-token-eff/logs/campaign_aime24_qwen3/specCascTok0.15_case_005_seed0_20260821T114906Z.log
case_005 seed=0 mode=specCascTok0.15: L=20181 finish=stop l_bar=1.036 L/l_bar=19489.0 final_ch=False wall=141.59s
[2/9] ok in 228s

[3/9] case_006 seed=0 arm=spec_casc_tok -> /home/chiatzen/lossy-token-eff/logs/campaign_aime24_qwen3/specCascTok0.15_case_006_seed0_20260821T115254Z.log
case_006 seed=0 mode=specCascTok0.15: L=26654 finish=stop l_bar=1.073 L/l_bar=24836.1 final_ch=False wall=188.14s
[3/9] ok in 275s

[4/9] case_007 seed=0 arm=spec_casc_tok -> /home/chiatzen/lossy-token-eff/logs/campaign_aime24_qwen3/specCascTok0.15_case_007_seed0_20260821T115730Z.log
case_007 seed=0 mode=specCascTok0.15: L=12251 finish=stop l_bar=1.078 L/l_bar=11367.9 final_ch=False wall=82.08s
[4/9] ok in 169s

[5/9] case_008 seed=0 arm=spec_casc_tok -> /home/chiatzen/lossy-token-eff/logs/campaign_aime24_qwen3/specCascTok0.15_case_008_seed0_20260821T120019Z.log
case_008 seed=0 mode=specCascTok0.15: L=8612 finish=stop l_bar=1.139 L/l_bar=7562.0 final_ch=False wall=55.29s
[5/9] ok in 143s

[6/9] case_009 seed=0 arm=spec_casc_tok -> /home/chiatzen/lossy-token-eff/logs/campaign_aime24_qwen3/specCascTok0.15_case_009_seed0_20260821T120242Z.log
case_009 seed=0 mode=specCascTok0.15: L=9293 finish=stop l_bar=1.325 L/l_bar=7014.9 final_ch=False wall=55.09s
[6/9] ok in 144s

[7/9] case_010 seed=0 arm=spec_casc_tok -> /home/chiatzen/lossy-token-eff/logs/campaign_aime24_qwen3/specCascTok0.15_case_010_seed0_20260821T120506Z.log
case_010 seed=0 mode=specCascTok0.15: L=8722 finish=stop l_bar=1.215 L/l_bar=7181.1 final_ch=False wall=54.22s
[7/9] ok in 143s

[8/9] case_011 seed=0 arm=spec_casc_tok -> /home/chiatzen/lossy-token-eff/logs/campaign_aime24_qwen3/specCascTok0.15_case_011_seed0_20260821T120729Z.log
case_011 seed=0 mode=specCascTok0.15: L=20751 finish=stop l_bar=0.999 L/l_bar=20779.0 final_ch=False wall=148.85s
[8/9] ok in 238s

[9/9] case_012 seed=0 arm=spec_casc_tok -> /home/chiatzen/lossy-token-eff/logs/campaign_aime24_qwen3/specCascTok0.15_case_012_seed0_20260821T121127Z.log
case_012 seed=0 mode=specCascTok0.15: L=14081 finish=stop l_bar=0.995 L/l_bar=14145.2 final_ch=False wall=98.96s
[9/9] ok in 188s

wrote /home/chiatzen/lossy-token-eff/runs/aime24_qwen3/fresh_server_replay.json; 9/9 ok
=== campaign_run done: dataset=aime24_qwen3 ===
campaign_run.py --dataset aime24_qwen3 exited 0
wrote /home/chiatzen/lossy-token-eff/campaign/tables/aime24_qwen3.csv (171 rows)
wrote /home/chiatzen/lossy-token-eff/campaign/results/aime24_qwen3.csv (12 rows)
wrote /home/chiatzen/lossy-token-eff/campaign/graphs/aime24_qwen3.png
wrote /home/chiatzen/lossy-token-eff/campaign/graphs/aime24_qwen3_accuracy.png
campaign_report.py --dataset aime24_qwen3 exited 0
########## dataset=aime24_qwen3 finished 2026-08-21T12:14:36Z ##########

free space check before humaneval_qwen3: 7G
########## dataset=humaneval_qwen3 started 2026-08-21T12:14:36Z ##########
=== campaign_run: dataset=humaneval_qwen3 methods=['mentored_dec', 'cactus', 'spec_casc_opt', 'r_fuzzy', 'spec_casc_tok'] probe_cases=['case_001', 'case_002', 'case_003'] full_cases=12 max_new_tokens=9000 model=qwen3-8b (Qwen/Qwen3-8B + RedHatAI/Qwen3-8B-speculator.eagle3) ===
$ /home/chiatzen/lossy-token-eff/.venv-vllm/bin/python /home/chiatzen/lossy-token-eff/scripts/fresh_server_replay.py --arms strict --cases case_001 case_002 case_003 case_004 case_005 case_006 case_007 case_008 case_009 case_010 case_011 case_012 --prompt-root /home/chiatzen/lossy-token-eff/prompts/humaneval_qwen3 --runs-root /home/chiatzen/lossy-token-eff/runs --log-root /home/chiatzen/lossy-token-eff/logs/campaign_humaneval_qwen3 --max-new-tokens 9000 --port 30000 --model-path Qwen/Qwen3-8B --draft-model-path RedHatAI/Qwen3-8B-speculator.eagle3 --served-model-name qwen3-8b --rope-scaling-json {"rope_type":"yarn","factor":1.6,"original_max_position_embeddings":40960}
12 run(s), one fresh server each

[1/12] case_001 seed=0 arm=strict -> /home/chiatzen/lossy-token-eff/logs/campaign_humaneval_qwen3/strict_case_001_seed0_20260821T121436Z.log
case_001 seed=0 mode=strict: L=2237 finish=stop l_bar=1.535 L/l_bar=1457.3 final_ch=False wall=11.97s
[1/12] ok in 99s

[2/12] case_002 seed=0 arm=strict -> /home/chiatzen/lossy-token-eff/logs/campaign_humaneval_qwen3/strict_case_002_seed0_20260821T121615Z.log
case_002 seed=0 mode=strict: L=9000 finish=length l_bar=0.857 L/l_bar=10503.6 final_ch=False wall=66.66s
[2/12] ok in 155s

[3/12] case_003 seed=0 arm=strict -> /home/chiatzen/lossy-token-eff/logs/campaign_humaneval_qwen3/strict_case_003_seed0_20260821T121850Z.log
case_003 seed=0 mode=strict: L=1345 finish=stop l_bar=1.359 L/l_bar=989.7 final_ch=False wall=7.72s
[3/12] ok in 95s

[4/12] case_004 seed=0 arm=strict -> /home/chiatzen/lossy-token-eff/logs/campaign_humaneval_qwen3/strict_case_004_seed0_20260821T122025Z.log
case_004 seed=0 mode=strict: L=1378 finish=stop l_bar=1.261 L/l_bar=1093.1 final_ch=False wall=8.22s
[4/12] ok in 96s

[5/12] case_005 seed=0 arm=strict -> /home/chiatzen/lossy-token-eff/logs/campaign_humaneval_qwen3/strict_case_005_seed0_20260821T122201Z.log
case_005 seed=0 mode=strict: L=1317 finish=stop l_bar=1.491 L/l_bar=883.0 final_ch=False wall=7.14s
[5/12] ok in 93s

[6/12] case_006 seed=0 arm=strict -> /home/chiatzen/lossy-token-eff/logs/campaign_humaneval_qwen3/strict_case_006_seed0_20260821T122334Z.log
case_006 seed=0 mode=strict: L=1528 finish=stop l_bar=1.25 L/l_bar=1222.4 final_ch=False wall=9.18s
[6/12] ok in 97s

[7/12] case_007 seed=0 arm=strict -> /home/chiatzen/lossy-token-eff/logs/campaign_humaneval_qwen3/strict_case_007_seed0_20260821T122510Z.log
case_007 seed=0 mode=strict: L=2997 finish=stop l_bar=1.132 L/l_bar=2647.1 final_ch=False wall=18.97s
[7/12] ok in 106s

[8/12] case_008 seed=0 arm=strict -> /home/chiatzen/lossy-token-eff/logs/campaign_humaneval_qwen3/strict_case_008_seed0_20260821T122656Z.log
case_008 seed=0 mode=strict: L=917 finish=stop l_bar=1.312 L/l_bar=698.8 final_ch=False wall=5.38s
[8/12] ok in 93s

[9/12] case_009 seed=0 arm=strict -> /home/chiatzen/lossy-token-eff/logs/campaign_humaneval_qwen3/strict_case_009_seed0_20260821T122829Z.log
case_009 seed=0 mode=strict: L=909 finish=stop l_bar=1.345 L/l_bar=675.7 final_ch=False wall=5.25s
[9/12] ok in 93s

[10/12] case_010 seed=0 arm=strict -> /home/chiatzen/lossy-token-eff/logs/campaign_humaneval_qwen3/strict_case_010_seed0_20260821T123002Z.log
case_010 seed=0 mode=strict: L=1444 finish=stop l_bar=1.334 L/l_bar=1082.1 final_ch=False wall=8.36s
[10/12] ok in 96s

[11/12] case_011 seed=0 arm=strict -> /home/chiatzen/lossy-token-eff/logs/campaign_humaneval_qwen3/strict_case_011_seed0_20260821T123138Z.log
case_011 seed=0 mode=strict: L=3931 finish=stop l_bar=1.209 L/l_bar=3251.5 final_ch=False wall=24.12s
[11/12] ok in 111s

[12/12] case_012 seed=0 arm=strict -> /home/chiatzen/lossy-token-eff/logs/campaign_humaneval_qwen3/strict_case_012_seed0_20260821T123329Z.log
case_012 seed=0 mode=strict: L=3581 finish=stop l_bar=1.191 L/l_bar=3006.9 final_ch=False wall=22.13s
[12/12] ok in 109s

wrote /home/chiatzen/lossy-token-eff/runs/humaneval_qwen3/fresh_server_replay.json; 12/12 ok
$ /home/chiatzen/lossy-token-eff/.venv-vllm/bin/python /home/chiatzen/lossy-token-eff/scripts/fresh_server_replay.py --arms mentored_dec --cases case_001 case_002 case_003 --mentored-dec-alpha 0.15 --prompt-root /home/chiatzen/lossy-token-eff/prompts/humaneval_qwen3 --runs-root /home/chiatzen/lossy-token-eff/runs --log-root /home/chiatzen/lossy-token-eff/logs/campaign_humaneval_qwen3 --max-new-tokens 9000 --port 30000 --model-path Qwen/Qwen3-8B --draft-model-path RedHatAI/Qwen3-8B-speculator.eagle3 --served-model-name qwen3-8b --rope-scaling-json {"rope_type":"yarn","factor":1.6,"original_max_position_embeddings":40960}
3 run(s), one fresh server each

[1/3] case_001 seed=0 arm=mentored_dec -> /home/chiatzen/lossy-token-eff/logs/campaign_humaneval_qwen3/mentoredDec0.15_case_001_seed0_20260821T123518Z.log
case_001 seed=0 mode=mentoredDec0.15: L=2183 finish=stop l_bar=1.572 L/l_bar=1388.3 final_ch=False wall=11.47s
[1/3] ok in 107s

[2/3] case_002 seed=0 arm=mentored_dec -> /home/chiatzen/lossy-token-eff/logs/campaign_humaneval_qwen3/mentoredDec0.15_case_002_seed0_20260821T123705Z.log
case_002 seed=0 mode=mentoredDec0.15: L=5652 finish=stop l_bar=0.951 L/l_bar=5945.3 final_ch=False wall=39.39s
[2/3] ok in 133s

[3/3] case_003 seed=0 arm=mentored_dec -> /home/chiatzen/lossy-token-eff/logs/campaign_humaneval_qwen3/mentoredDec0.15_case_003_seed0_20260821T123917Z.log
case_003 seed=0 mode=mentoredDec0.15: L=1284 finish=stop l_bar=1.471 L/l_bar=872.8 final_ch=False wall=7.03s
[3/3] ok in 102s

wrote /home/chiatzen/lossy-token-eff/runs/humaneval_qwen3/fresh_server_replay.json; 3/3 ok
$ /home/chiatzen/lossy-token-eff/.venv-vllm/bin/python /home/chiatzen/lossy-token-eff/scripts/fresh_server_replay.py --arms mentored_dec --cases case_001 case_002 case_003 --mentored-dec-alpha 0.35 --prompt-root /home/chiatzen/lossy-token-eff/prompts/humaneval_qwen3 --runs-root /home/chiatzen/lossy-token-eff/runs --log-root /home/chiatzen/lossy-token-eff/logs/campaign_humaneval_qwen3 --max-new-tokens 9000 --port 30000 --model-path Qwen/Qwen3-8B --draft-model-path RedHatAI/Qwen3-8B-speculator.eagle3 --served-model-name qwen3-8b --rope-scaling-json {"rope_type":"yarn","factor":1.6,"original_max_position_embeddings":40960}
3 run(s), one fresh server each

[1/3] case_001 seed=0 arm=mentored_dec -> /home/chiatzen/lossy-token-eff/logs/campaign_humaneval_qwen3/mentoredDec0.35_case_001_seed0_20260821T124059Z.log
case_001 seed=0 mode=mentoredDec0.35: L=3200 finish=stop l_bar=1.622 L/l_bar=1973.3 final_ch=False wall=16.48s
[1/3] ok in 111s

[2/3] case_002 seed=0 arm=mentored_dec -> /home/chiatzen/lossy-token-eff/logs/campaign_humaneval_qwen3/mentoredDec0.35_case_002_seed0_20260821T124250Z.log
case_002 seed=0 mode=mentoredDec0.35: L=8462 finish=stop l_bar=0.875 L/l_bar=9673.0 final_ch=False wall=61.94s
[2/3] ok in 155s

[3/3] case_003 seed=0 arm=mentored_dec -> /home/chiatzen/lossy-token-eff/logs/campaign_humaneval_qwen3/mentoredDec0.35_case_003_seed0_20260821T124526Z.log
case_003 seed=0 mode=mentoredDec0.35: L=1245 finish=stop l_bar=1.36 L/l_bar=915.5 final_ch=False wall=7.14s
[3/3] ok in 103s

wrote /home/chiatzen/lossy-token-eff/runs/humaneval_qwen3/fresh_server_replay.json; 3/3 ok
$ /home/chiatzen/lossy-token-eff/.venv-vllm/bin/python /home/chiatzen/lossy-token-eff/scripts/fresh_server_replay.py --arms mentored_dec --cases case_001 case_002 case_003 --mentored-dec-alpha 0.55 --prompt-root /home/chiatzen/lossy-token-eff/prompts/humaneval_qwen3 --runs-root /home/chiatzen/lossy-token-eff/runs --log-root /home/chiatzen/lossy-token-eff/logs/campaign_humaneval_qwen3 --max-new-tokens 9000 --port 30000 --model-path Qwen/Qwen3-8B --draft-model-path RedHatAI/Qwen3-8B-speculator.eagle3 --served-model-name qwen3-8b --rope-scaling-json {"rope_type":"yarn","factor":1.6,"original_max_position_embeddings":40960}
3 run(s), one fresh server each

[1/3] case_001 seed=0 arm=mentored_dec -> /home/chiatzen/lossy-token-eff/logs/campaign_humaneval_qwen3/mentoredDec0.55_case_001_seed0_20260821T124709Z.log
case_001 seed=0 mode=mentoredDec0.55: L=2982 finish=stop l_bar=1.622 L/l_bar=1838.9 final_ch=False wall=15.39s
[1/3] ok in 111s

[2/3] case_002 seed=0 arm=mentored_dec -> /home/chiatzen/lossy-token-eff/logs/campaign_humaneval_qwen3/mentoredDec0.55_case_002_seed0_20260821T124901Z.log
case_002 seed=0 mode=mentoredDec0.55: L=9000 finish=length l_bar=1.029 L/l_bar=8743.7 final_ch=False wall=60.99s
[2/3] ok in 154s

[3/3] case_003 seed=0 arm=mentored_dec -> /home/chiatzen/lossy-token-eff/logs/campaign_humaneval_qwen3/mentoredDec0.55_case_003_seed0_20260821T125135Z.log
case_003 seed=0 mode=mentoredDec0.55: L=4503 finish=stop l_bar=1.456 L/l_bar=3093.1 final_ch=False wall=24.88s
[3/3] ok in 120s

wrote /home/chiatzen/lossy-token-eff/runs/humaneval_qwen3/fresh_server_replay.json; 3/3 ok
$ /home/chiatzen/lossy-token-eff/.venv-vllm/bin/python /home/chiatzen/lossy-token-eff/scripts/fresh_server_replay.py --arms mentored_dec --cases case_001 case_002 case_003 --mentored-dec-alpha 0.75 --prompt-root /home/chiatzen/lossy-token-eff/prompts/humaneval_qwen3 --runs-root /home/chiatzen/lossy-token-eff/runs --log-root /home/chiatzen/lossy-token-eff/logs/campaign_humaneval_qwen3 --max-new-tokens 9000 --port 30000 --model-path Qwen/Qwen3-8B --draft-model-path RedHatAI/Qwen3-8B-speculator.eagle3 --served-model-name qwen3-8b --rope-scaling-json {"rope_type":"yarn","factor":1.6,"original_max_position_embeddings":40960}
3 run(s), one fresh server each

[1/3] case_001 seed=0 arm=mentored_dec -> /home/chiatzen/lossy-token-eff/logs/campaign_humaneval_qwen3/mentoredDec0.75_case_001_seed0_20260821T125335Z.log
case_001 seed=0 mode=mentoredDec0.75: L=3998 finish=stop l_bar=1.779 L/l_bar=2247.1 final_ch=False wall=19.50s
[1/3] ok in 112s

[2/3] case_002 seed=0 arm=mentored_dec -> /home/chiatzen/lossy-token-eff/logs/campaign_humaneval_qwen3/mentoredDec0.75_case_002_seed0_20260821T125527Z.log
case_002 seed=0 mode=mentoredDec0.75: L=3748 finish=stop l_bar=1.156 L/l_bar=3242.7 final_ch=False wall=23.47s
[2/3] ok in 119s

[3/3] case_003 seed=0 arm=mentored_dec -> /home/chiatzen/lossy-token-eff/logs/campaign_humaneval_qwen3/mentoredDec0.75_case_003_seed0_20260821T125727Z.log
case_003 seed=0 mode=mentoredDec0.75: L=5507 finish=stop l_bar=1.558 L/l_bar=3534.0 final_ch=False wall=29.34s
[3/3] ok in 126s

wrote /home/chiatzen/lossy-token-eff/runs/humaneval_qwen3/fresh_server_replay.json; 3/3 ok
$ /home/chiatzen/lossy-token-eff/.venv-vllm/bin/python /home/chiatzen/lossy-token-eff/scripts/fresh_server_replay.py --arms cactus --cases case_001 case_002 case_003 --cactus-alpha 0.03 --prompt-root /home/chiatzen/lossy-token-eff/prompts/humaneval_qwen3 --runs-root /home/chiatzen/lossy-token-eff/runs --log-root /home/chiatzen/lossy-token-eff/logs/campaign_humaneval_qwen3 --max-new-tokens 9000 --port 30000 --model-path Qwen/Qwen3-8B --draft-model-path RedHatAI/Qwen3-8B-speculator.eagle3 --served-model-name qwen3-8b --rope-scaling-json {"rope_type":"yarn","factor":1.6,"original_max_position_embeddings":40960}
3 run(s), one fresh server each

[1/3] case_001 seed=0 arm=cactus -> /home/chiatzen/lossy-token-eff/logs/campaign_humaneval_qwen3/cactus0.03_case_001_seed0_20260821T125933Z.log
case_001 seed=0 mode=cactus0.03: L=3529 finish=stop l_bar=1.717 L/l_bar=2054.8 final_ch=False wall=17.59s
[1/3] ok in 109s

[2/3] case_002 seed=0 arm=cactus -> /home/chiatzen/lossy-token-eff/logs/campaign_humaneval_qwen3/cactus0.03_case_002_seed0_20260821T130122Z.log
case_002 seed=0 mode=cactus0.03: L=6310 finish=stop l_bar=0.909 L/l_bar=6941.8 final_ch=False wall=45.10s
[2/3] ok in 138s

[3/3] case_003 seed=0 arm=cactus -> /home/chiatzen/lossy-token-eff/logs/campaign_humaneval_qwen3/cactus0.03_case_003_seed0_20260821T130340Z.log
case_003 seed=0 mode=cactus0.03: L=6526 finish=stop l_bar=1.581 L/l_bar=4128.1 final_ch=False wall=34.51s
[3/3] ok in 127s

wrote /home/chiatzen/lossy-token-eff/runs/humaneval_qwen3/fresh_server_replay.json; 3/3 ok
$ /home/chiatzen/lossy-token-eff/.venv-vllm/bin/python /home/chiatzen/lossy-token-eff/scripts/fresh_server_replay.py --arms cactus --cases case_001 case_002 case_003 --cactus-alpha 0.08 --prompt-root /home/chiatzen/lossy-token-eff/prompts/humaneval_qwen3 --runs-root /home/chiatzen/lossy-token-eff/runs --log-root /home/chiatzen/lossy-token-eff/logs/campaign_humaneval_qwen3 --max-new-tokens 9000 --port 30000 --model-path Qwen/Qwen3-8B --draft-model-path RedHatAI/Qwen3-8B-speculator.eagle3 --served-model-name qwen3-8b --rope-scaling-json {"rope_type":"yarn","factor":1.6,"original_max_position_embeddings":40960}
3 run(s), one fresh server each

[1/3] case_001 seed=0 arm=cactus -> /home/chiatzen/lossy-token-eff/logs/campaign_humaneval_qwen3/cactus0.08_case_001_seed0_20260821T130547Z.log
case_001 seed=0 mode=cactus0.08: L=4508 finish=stop l_bar=1.638 L/l_bar=2751.5 final_ch=False wall=23.21s
[1/3] ok in 114s

[2/3] case_002 seed=0 arm=cactus -> /home/chiatzen/lossy-token-eff/logs/campaign_humaneval_qwen3/cactus0.08_case_002_seed0_20260821T130741Z.log
case_002 seed=0 mode=cactus0.08: L=6266 finish=stop l_bar=0.995 L/l_bar=6300.1 final_ch=False wall=42.77s
[2/3] ok in 135s

[3/3] case_003 seed=0 arm=cactus -> /home/chiatzen/lossy-token-eff/logs/campaign_humaneval_qwen3/cactus0.08_case_003_seed0_20260821T130956Z.log
case_003 seed=0 mode=cactus0.08: L=2898 finish=stop l_bar=1.586 L/l_bar=1827.1 final_ch=False wall=15.16s
[3/3] ok in 108s

wrote /home/chiatzen/lossy-token-eff/runs/humaneval_qwen3/fresh_server_replay.json; 3/3 ok
$ /home/chiatzen/lossy-token-eff/.venv-vllm/bin/python /home/chiatzen/lossy-token-eff/scripts/fresh_server_replay.py --arms cactus --cases case_001 case_002 case_003 --cactus-alpha 0.18 --prompt-root /home/chiatzen/lossy-token-eff/prompts/humaneval_qwen3 --runs-root /home/chiatzen/lossy-token-eff/runs --log-root /home/chiatzen/lossy-token-eff/logs/campaign_humaneval_qwen3 --max-new-tokens 9000 --port 30000 --model-path Qwen/Qwen3-8B --draft-model-path RedHatAI/Qwen3-8B-speculator.eagle3 --served-model-name qwen3-8b --rope-scaling-json {"rope_type":"yarn","factor":1.6,"original_max_position_embeddings":40960}
3 run(s), one fresh server each

[1/3] case_001 seed=0 arm=cactus -> /home/chiatzen/lossy-token-eff/logs/campaign_humaneval_qwen3/cactus0.18_case_001_seed0_20260821T131145Z.log
case_001 seed=0 mode=cactus0.18: L=5393 finish=stop l_bar=1.706 L/l_bar=3160.3 final_ch=False wall=27.13s
[1/3] ok in 120s

[2/3] case_002 seed=0 arm=cactus -> /home/chiatzen/lossy-token-eff/logs/campaign_humaneval_qwen3/cactus0.18_case_002_seed0_20260821T131344Z.log
case_002 seed=0 mode=cactus0.18: L=9000 finish=length l_bar=1.437 L/l_bar=6261.0 final_ch=False wall=50.63s
[2/3] ok in 143s

[3/3] case_003 seed=0 arm=cactus -> /home/chiatzen/lossy-token-eff/logs/campaign_humaneval_qwen3/cactus0.18_case_003_seed0_20260821T131607Z.log
case_003 seed=0 mode=cactus0.18: L=8016 finish=stop l_bar=1.753 L/l_bar=4571.8 final_ch=False wall=39.91s
[3/3] ok in 133s

wrote /home/chiatzen/lossy-token-eff/runs/humaneval_qwen3/fresh_server_replay.json; 3/3 ok
$ /home/chiatzen/lossy-token-eff/.venv-vllm/bin/python /home/chiatzen/lossy-token-eff/scripts/fresh_server_replay.py --arms cactus --cases case_001 case_002 case_003 --cactus-alpha 0.35 --prompt-root /home/chiatzen/lossy-token-eff/prompts/humaneval_qwen3 --runs-root /home/chiatzen/lossy-token-eff/runs --log-root /home/chiatzen/lossy-token-eff/logs/campaign_humaneval_qwen3 --max-new-tokens 9000 --port 30000 --model-path Qwen/Qwen3-8B --draft-model-path RedHatAI/Qwen3-8B-speculator.eagle3 --served-model-name qwen3-8b --rope-scaling-json {"rope_type":"yarn","factor":1.6,"original_max_position_embeddings":40960}
3 run(s), one fresh server each

[1/3] case_001 seed=0 arm=cactus -> /home/chiatzen/lossy-token-eff/logs/campaign_humaneval_qwen3/cactus0.35_case_001_seed0_20260821T131820Z.log
case_001 seed=0 mode=cactus0.35: L=6431 finish=stop l_bar=1.993 L/l_bar=3226.0 final_ch=False wall=29.30s
[1/3] ok in 122s

[2/3] case_002 seed=0 arm=cactus -> /home/chiatzen/lossy-token-eff/logs/campaign_humaneval_qwen3/cactus0.35_case_002_seed0_20260821T132022Z.log
case_002 seed=0 mode=cactus0.35: L=5235 finish=stop l_bar=1.247 L/l_bar=4197.0 final_ch=False wall=31.65s
[2/3] ok in 124s

[3/3] case_003 seed=0 arm=cactus -> /home/chiatzen/lossy-token-eff/logs/campaign_humaneval_qwen3/cactus0.35_case_003_seed0_20260821T132226Z.log
case_003 seed=0 mode=cactus0.35: L=9000 finish=length l_bar=1.953 L/l_bar=4607.3 final_ch=False wall=41.80s
[3/3] ok in 132s

wrote /home/chiatzen/lossy-token-eff/runs/humaneval_qwen3/fresh_server_replay.json; 3/3 ok
$ /home/chiatzen/lossy-token-eff/.venv-vllm/bin/python /home/chiatzen/lossy-token-eff/scripts/fresh_server_replay.py --arms spec_casc_opt --cases case_001 case_002 case_003 --spec-casc-opt-alpha -0.3 --prompt-root /home/chiatzen/lossy-token-eff/prompts/humaneval_qwen3 --runs-root /home/chiatzen/lossy-token-eff/runs --log-root /home/chiatzen/lossy-token-eff/logs/campaign_humaneval_qwen3 --max-new-tokens 9000 --port 30000 --model-path Qwen/Qwen3-8B --draft-model-path RedHatAI/Qwen3-8B-speculator.eagle3 --served-model-name qwen3-8b --rope-scaling-json {"rope_type":"yarn","factor":1.6,"original_max_position_embeddings":40960}
3 run(s), one fresh server each

[1/3] case_001 seed=0 arm=spec_casc_opt -> /home/chiatzen/lossy-token-eff/logs/campaign_humaneval_qwen3/specCascOptneg0.3_case_001_seed0_20260821T132438Z.log
case_001 seed=0 mode=specCascOptneg0.3: L=2264 finish=stop l_bar=1.603 L/l_bar=1412.0 final_ch=False wall=11.75s
[1/3] ok in 101s

[2/3] case_002 seed=0 arm=spec_casc_opt -> /home/chiatzen/lossy-token-eff/logs/campaign_humaneval_qwen3/specCascOptneg0.3_case_002_seed0_20260821T132620Z.log
case_002 seed=0 mode=specCascOptneg0.3: L=9000 finish=length l_bar=0.867 L/l_bar=10378.0 final_ch=False wall=66.22s
[2/3] ok in 155s

[3/3] case_003 seed=0 arm=spec_casc_opt -> /home/chiatzen/lossy-token-eff/logs/campaign_humaneval_qwen3/specCascOptneg0.3_case_003_seed0_20260821T132854Z.log
case_003 seed=0 mode=specCascOptneg0.3: L=1795 finish=stop l_bar=1.484 L/l_bar=1209.5 final_ch=False wall=9.77s
[3/3] ok in 99s

wrote /home/chiatzen/lossy-token-eff/runs/humaneval_qwen3/fresh_server_replay.json; 3/3 ok
$ /home/chiatzen/lossy-token-eff/.venv-vllm/bin/python /home/chiatzen/lossy-token-eff/scripts/fresh_server_replay.py --arms spec_casc_opt --cases case_001 case_002 case_003 --spec-casc-opt-alpha -0.1 --prompt-root /home/chiatzen/lossy-token-eff/prompts/humaneval_qwen3 --runs-root /home/chiatzen/lossy-token-eff/runs --log-root /home/chiatzen/lossy-token-eff/logs/campaign_humaneval_qwen3 --max-new-tokens 9000 --port 30000 --model-path Qwen/Qwen3-8B --draft-model-path RedHatAI/Qwen3-8B-speculator.eagle3 --served-model-name qwen3-8b --rope-scaling-json {"rope_type":"yarn","factor":1.6,"original_max_position_embeddings":40960}
3 run(s), one fresh server each

[1/3] case_001 seed=0 arm=spec_casc_opt -> /home/chiatzen/lossy-token-eff/logs/campaign_humaneval_qwen3/specCascOptneg0.1_case_001_seed0_20260821T133034Z.log
case_001 seed=0 mode=specCascOptneg0.1: L=3286 finish=stop l_bar=1.672 L/l_bar=1964.9 final_ch=False wall=16.63s
[1/3] ok in 105s

[2/3] case_002 seed=0 arm=spec_casc_opt -> /home/chiatzen/lossy-token-eff/logs/campaign_humaneval_qwen3/specCascOptneg0.1_case_002_seed0_20260821T133219Z.log
case_002 seed=0 mode=specCascOptneg0.1: L=7139 finish=stop l_bar=1.035 L/l_bar=6899.2 final_ch=False wall=47.94s
[2/3] ok in 135s

[3/3] case_003 seed=0 arm=spec_casc_opt -> /home/chiatzen/lossy-token-eff/logs/campaign_humaneval_qwen3/specCascOptneg0.1_case_003_seed0_20260821T133434Z.log
case_003 seed=0 mode=specCascOptneg0.1: L=1758 finish=stop l_bar=1.587 L/l_bar=1107.9 final_ch=False wall=9.19s
[3/3] ok in 98s

wrote /home/chiatzen/lossy-token-eff/runs/humaneval_qwen3/fresh_server_replay.json; 3/3 ok
$ /home/chiatzen/lossy-token-eff/.venv-vllm/bin/python /home/chiatzen/lossy-token-eff/scripts/fresh_server_replay.py --arms spec_casc_opt --cases case_001 case_002 case_003 --spec-casc-opt-alpha -0.02 --prompt-root /home/chiatzen/lossy-token-eff/prompts/humaneval_qwen3 --runs-root /home/chiatzen/lossy-token-eff/runs --log-root /home/chiatzen/lossy-token-eff/logs/campaign_humaneval_qwen3 --max-new-tokens 9000 --port 30000 --model-path Qwen/Qwen3-8B --draft-model-path RedHatAI/Qwen3-8B-speculator.eagle3 --served-model-name qwen3-8b --rope-scaling-json {"rope_type":"yarn","factor":1.6,"original_max_position_embeddings":40960}
3 run(s), one fresh server each

[1/3] case_001 seed=0 arm=spec_casc_opt -> /home/chiatzen/lossy-token-eff/logs/campaign_humaneval_qwen3/specCascOptneg0.02_case_001_seed0_20260821T133612Z.log
case_001 seed=0 mode=specCascOptneg0.02: L=3258 finish=stop l_bar=1.807 L/l_bar=1802.8 final_ch=False wall=15.70s
[1/3] ok in 105s

[2/3] case_002 seed=0 arm=spec_casc_opt -> /home/chiatzen/lossy-token-eff/logs/campaign_humaneval_qwen3/specCascOptneg0.02_case_002_seed0_20260821T133757Z.log
case_002 seed=0 mode=specCascOptneg0.02: L=9000 finish=length l_bar=0.971 L/l_bar=9270.0 final_ch=False wall=62.88s
[2/3] ok in 152s

[3/3] case_003 seed=0 arm=spec_casc_opt -> /home/chiatzen/lossy-token-eff/logs/campaign_humaneval_qwen3/specCascOptneg0.02_case_003_seed0_20260821T134028Z.log
case_003 seed=0 mode=specCascOptneg0.02: L=3341 finish=stop l_bar=1.587 L/l_bar=2105.2 final_ch=False wall=17.50s
[3/3] ok in 107s

wrote /home/chiatzen/lossy-token-eff/runs/humaneval_qwen3/fresh_server_replay.json; 3/3 ok
$ /home/chiatzen/lossy-token-eff/.venv-vllm/bin/python /home/chiatzen/lossy-token-eff/scripts/fresh_server_replay.py --arms spec_casc_opt --cases case_001 case_002 case_003 --spec-casc-opt-alpha 0.05 --prompt-root /home/chiatzen/lossy-token-eff/prompts/humaneval_qwen3 --runs-root /home/chiatzen/lossy-token-eff/runs --log-root /home/chiatzen/lossy-token-eff/logs/campaign_humaneval_qwen3 --max-new-tokens 9000 --port 30000 --model-path Qwen/Qwen3-8B --draft-model-path RedHatAI/Qwen3-8B-speculator.eagle3 --served-model-name qwen3-8b --rope-scaling-json {"rope_type":"yarn","factor":1.6,"original_max_position_embeddings":40960}
3 run(s), one fresh server each

[1/3] case_001 seed=0 arm=spec_casc_opt -> /home/chiatzen/lossy-token-eff/logs/campaign_humaneval_qwen3/specCascOpt0.05_case_001_seed0_20260821T134215Z.log
case_001 seed=0 mode=specCascOpt0.05: L=9000 finish=length l_bar=3.734 L/l_bar=2410.0 final_ch=False wall=26.01s
[1/3] ok in 113s

[2/3] case_002 seed=0 arm=spec_casc_opt -> /home/chiatzen/lossy-token-eff/logs/campaign_humaneval_qwen3/specCascOpt0.05_case_002_seed0_20260821T134408Z.log
case_002 seed=0 mode=specCascOpt0.05: L=3737 finish=stop l_bar=1.214 L/l_bar=3077.4 final_ch=False wall=22.84s
[2/3] ok in 110s

[3/3] case_003 seed=0 arm=spec_casc_opt -> /home/chiatzen/lossy-token-eff/logs/campaign_humaneval_qwen3/specCascOpt0.05_case_003_seed0_20260821T134558Z.log
case_003 seed=0 mode=specCascOpt0.05: L=9000 finish=length l_bar=4.787 L/l_bar=1880.0 final_ch=False wall=21.34s
[3/3] ok in 110s

wrote /home/chiatzen/lossy-token-eff/runs/humaneval_qwen3/fresh_server_replay.json; 3/3 ok
$ /home/chiatzen/lossy-token-eff/.venv-vllm/bin/python /home/chiatzen/lossy-token-eff/scripts/fresh_server_replay.py --arms r_fuzzy --cases case_001 case_002 case_003 --r-fuzzy-alpha 0.03 --prompt-root /home/chiatzen/lossy-token-eff/prompts/humaneval_qwen3 --runs-root /home/chiatzen/lossy-token-eff/runs --log-root /home/chiatzen/lossy-token-eff/logs/campaign_humaneval_qwen3 --max-new-tokens 9000 --port 30000 --model-path Qwen/Qwen3-8B --draft-model-path RedHatAI/Qwen3-8B-speculator.eagle3 --served-model-name qwen3-8b --rope-scaling-json {"rope_type":"yarn","factor":1.6,"original_max_position_embeddings":40960}
3 run(s), one fresh server each

[1/3] case_001 seed=0 arm=r_fuzzy -> /home/chiatzen/lossy-token-eff/logs/campaign_humaneval_qwen3/rFuzzy0.03_case_001_seed0_20260821T134748Z.log
case_001 seed=0 mode=rFuzzy0.03: L=7264 finish=stop l_bar=1.486 L/l_bar=4887.3 final_ch=False wall=39.94s
[1/3] ok in 128s

[2/3] case_002 seed=0 arm=r_fuzzy -> /home/chiatzen/lossy-token-eff/logs/campaign_humaneval_qwen3/rFuzzy0.03_case_002_seed0_20260821T134956Z.log
case_002 seed=0 mode=rFuzzy0.03: L=4590 finish=stop l_bar=1.014 L/l_bar=4524.5 final_ch=False wall=30.85s
[2/3] ok in 120s

[3/3] case_003 seed=0 arm=r_fuzzy -> /home/chiatzen/lossy-token-eff/logs/campaign_humaneval_qwen3/rFuzzy0.03_case_003_seed0_20260821T135156Z.log
case_003 seed=0 mode=rFuzzy0.03: L=5634 finish=stop l_bar=1.415 L/l_bar=3980.7 final_ch=False wall=31.79s
[3/3] ok in 121s

wrote /home/chiatzen/lossy-token-eff/runs/humaneval_qwen3/fresh_server_replay.json; 3/3 ok
$ /home/chiatzen/lossy-token-eff/.venv-vllm/bin/python /home/chiatzen/lossy-token-eff/scripts/fresh_server_replay.py --arms r_fuzzy --cases case_001 case_002 case_003 --r-fuzzy-alpha 0.08 --prompt-root /home/chiatzen/lossy-token-eff/prompts/humaneval_qwen3 --runs-root /home/chiatzen/lossy-token-eff/runs --log-root /home/chiatzen/lossy-token-eff/logs/campaign_humaneval_qwen3 --max-new-tokens 9000 --port 30000 --model-path Qwen/Qwen3-8B --draft-model-path RedHatAI/Qwen3-8B-speculator.eagle3 --served-model-name qwen3-8b --rope-scaling-json {"rope_type":"yarn","factor":1.6,"original_max_position_embeddings":40960}
3 run(s), one fresh server each

[1/3] case_001 seed=0 arm=r_fuzzy -> /home/chiatzen/lossy-token-eff/logs/campaign_humaneval_qwen3/rFuzzy0.08_case_001_seed0_20260821T135357Z.log
case_001 seed=0 mode=rFuzzy0.08: L=3643 finish=stop l_bar=1.674 L/l_bar=2176.9 final_ch=False wall=18.43s
[1/3] ok in 107s

[2/3] case_002 seed=0 arm=r_fuzzy -> /home/chiatzen/lossy-token-eff/logs/campaign_humaneval_qwen3/rFuzzy0.08_case_002_seed0_20260821T135545Z.log
case_002 seed=0 mode=rFuzzy0.08: L=9000 finish=length l_bar=1.026 L/l_bar=8774.9 final_ch=False wall=61.20s
[2/3] ok in 150s

[3/3] case_003 seed=0 arm=r_fuzzy -> /home/chiatzen/lossy-token-eff/logs/campaign_humaneval_qwen3/rFuzzy0.08_case_003_seed0_20260821T135815Z.log
case_003 seed=0 mode=rFuzzy0.08: L=4319 finish=stop l_bar=1.462 L/l_bar=2955.1 final_ch=False wall=23.74s
[3/3] ok in 112s

wrote /home/chiatzen/lossy-token-eff/runs/humaneval_qwen3/fresh_server_replay.json; 3/3 ok
$ /home/chiatzen/lossy-token-eff/.venv-vllm/bin/python /home/chiatzen/lossy-token-eff/scripts/fresh_server_replay.py --arms r_fuzzy --cases case_001 case_002 case_003 --r-fuzzy-alpha 0.15 --prompt-root /home/chiatzen/lossy-token-eff/prompts/humaneval_qwen3 --runs-root /home/chiatzen/lossy-token-eff/runs --log-root /home/chiatzen/lossy-token-eff/logs/campaign_humaneval_qwen3 --max-new-tokens 9000 --port 30000 --model-path Qwen/Qwen3-8B --draft-model-path RedHatAI/Qwen3-8B-speculator.eagle3 --served-model-name qwen3-8b --rope-scaling-json {"rope_type":"yarn","factor":1.6,"original_max_position_embeddings":40960}
3 run(s), one fresh server each

[1/3] case_001 seed=0 arm=r_fuzzy -> /home/chiatzen/lossy-token-eff/logs/campaign_humaneval_qwen3/rFuzzy0.15_case_001_seed0_20260821T140007Z.log
case_001 seed=0 mode=rFuzzy0.15: L=5776 finish=stop l_bar=1.788 L/l_bar=3230.2 final_ch=False wall=28.24s
[1/3] ok in 117s

[2/3] case_002 seed=0 arm=r_fuzzy -> /home/chiatzen/lossy-token-eff/logs/campaign_humaneval_qwen3/rFuzzy0.15_case_002_seed0_20260821T140204Z.log
case_002 seed=0 mode=rFuzzy0.15: L=8473 finish=stop l_bar=0.974 L/l_bar=8700.0 final_ch=False wall=58.84s
[2/3] ok in 148s

[3/3] case_003 seed=0 arm=r_fuzzy -> /home/chiatzen/lossy-token-eff/logs/campaign_humaneval_qwen3/rFuzzy0.15_case_003_seed0_20260821T140432Z.log
case_003 seed=0 mode=rFuzzy0.15: L=3113 finish=stop l_bar=1.626 L/l_bar=1914.6 final_ch=False wall=16.03s
[3/3] ok in 105s

wrote /home/chiatzen/lossy-token-eff/runs/humaneval_qwen3/fresh_server_replay.json; 3/3 ok
$ /home/chiatzen/lossy-token-eff/.venv-vllm/bin/python /home/chiatzen/lossy-token-eff/scripts/fresh_server_replay.py --arms r_fuzzy --cases case_001 case_002 case_003 --r-fuzzy-alpha 0.25 --prompt-root /home/chiatzen/lossy-token-eff/prompts/humaneval_qwen3 --runs-root /home/chiatzen/lossy-token-eff/runs --log-root /home/chiatzen/lossy-token-eff/logs/campaign_humaneval_qwen3 --max-new-tokens 9000 --port 30000 --model-path Qwen/Qwen3-8B --draft-model-path RedHatAI/Qwen3-8B-speculator.eagle3 --served-model-name qwen3-8b --rope-scaling-json {"rope_type":"yarn","factor":1.6,"original_max_position_embeddings":40960}
3 run(s), one fresh server each

[1/3] case_001 seed=0 arm=r_fuzzy -> /home/chiatzen/lossy-token-eff/logs/campaign_humaneval_qwen3/rFuzzy0.25_case_001_seed0_20260821T140617Z.log
case_001 seed=0 mode=rFuzzy0.25: L=9000 finish=length l_bar=2.113 L/l_bar=4259.8 final_ch=False wall=39.73s
[1/3] ok in 129s

[2/3] case_002 seed=0 arm=r_fuzzy -> /home/chiatzen/lossy-token-eff/logs/campaign_humaneval_qwen3/rFuzzy0.25_case_002_seed0_20260821T140826Z.log
case_002 seed=0 mode=rFuzzy0.25: L=9000 finish=length l_bar=1.176 L/l_bar=7654.5 final_ch=False wall=56.91s
[2/3] ok in 144s

[3/3] case_003 seed=0 arm=r_fuzzy -> /home/chiatzen/lossy-token-eff/logs/campaign_humaneval_qwen3/rFuzzy0.25_case_003_seed0_20260821T141050Z.log
case_003 seed=0 mode=rFuzzy0.25: L=7368 finish=stop l_bar=1.939 L/l_bar=3800.7 final_ch=False wall=34.31s
[3/3] ok in 123s

wrote /home/chiatzen/lossy-token-eff/runs/humaneval_qwen3/fresh_server_replay.json; 3/3 ok
$ /home/chiatzen/lossy-token-eff/.venv-vllm/bin/python /home/chiatzen/lossy-token-eff/scripts/fresh_server_replay.py --arms spec_casc_tok --cases case_001 case_002 case_003 --spec-casc-tok-alpha 0.15 --prompt-root /home/chiatzen/lossy-token-eff/prompts/humaneval_qwen3 --runs-root /home/chiatzen/lossy-token-eff/runs --log-root /home/chiatzen/lossy-token-eff/logs/campaign_humaneval_qwen3 --max-new-tokens 9000 --port 30000 --model-path Qwen/Qwen3-8B --draft-model-path RedHatAI/Qwen3-8B-speculator.eagle3 --served-model-name qwen3-8b --rope-scaling-json {"rope_type":"yarn","factor":1.6,"original_max_position_embeddings":40960}
3 run(s), one fresh server each

[1/3] case_001 seed=0 arm=spec_casc_tok -> /home/chiatzen/lossy-token-eff/logs/campaign_humaneval_qwen3/specCascTok0.15_case_001_seed0_20260821T141253Z.log
case_001 seed=0 mode=specCascTok0.15: L=2648 finish=stop l_bar=1.703 L/l_bar=1554.8 final_ch=False wall=13.25s
[1/3] ok in 101s

[2/3] case_002 seed=0 arm=spec_casc_tok -> /home/chiatzen/lossy-token-eff/logs/campaign_humaneval_qwen3/specCascTok0.15_case_002_seed0_20260821T141434Z.log
case_002 seed=0 mode=specCascTok0.15: L=9000 finish=length l_bar=0.867 L/l_bar=10375.8 final_ch=False wall=66.30s
[2/3] ok in 156s

[3/3] case_003 seed=0 arm=spec_casc_tok -> /home/chiatzen/lossy-token-eff/logs/campaign_humaneval_qwen3/specCascTok0.15_case_003_seed0_20260821T141709Z.log
case_003 seed=0 mode=specCascTok0.15: L=5227 finish=stop l_bar=1.287 L/l_bar=4061.1 final_ch=False wall=31.10s
[3/3] ok in 120s

wrote /home/chiatzen/lossy-token-eff/runs/humaneval_qwen3/fresh_server_replay.json; 3/3 ok
$ /home/chiatzen/lossy-token-eff/.venv-vllm/bin/python /home/chiatzen/lossy-token-eff/scripts/fresh_server_replay.py --arms spec_casc_tok --cases case_001 case_002 case_003 --spec-casc-tok-alpha 0.35 --prompt-root /home/chiatzen/lossy-token-eff/prompts/humaneval_qwen3 --runs-root /home/chiatzen/lossy-token-eff/runs --log-root /home/chiatzen/lossy-token-eff/logs/campaign_humaneval_qwen3 --max-new-tokens 9000 --port 30000 --model-path Qwen/Qwen3-8B --draft-model-path RedHatAI/Qwen3-8B-speculator.eagle3 --served-model-name qwen3-8b --rope-scaling-json {"rope_type":"yarn","factor":1.6,"original_max_position_embeddings":40960}
3 run(s), one fresh server each

[1/3] case_001 seed=0 arm=spec_casc_tok -> /home/chiatzen/lossy-token-eff/logs/campaign_humaneval_qwen3/specCascTok0.35_case_001_seed0_20260821T141909Z.log
case_001 seed=0 mode=specCascTok0.35: L=3127 finish=stop l_bar=1.651 L/l_bar=1893.5 final_ch=False wall=15.96s
[1/3] ok in 103s

[2/3] case_002 seed=0 arm=spec_casc_tok -> /home/chiatzen/lossy-token-eff/logs/campaign_humaneval_qwen3/specCascTok0.35_case_002_seed0_20260821T142052Z.log
case_002 seed=0 mode=specCascTok0.35: L=3338 finish=stop l_bar=1.113 L/l_bar=2998.5 final_ch=False wall=21.35s
[2/3] ok in 110s

[3/3] case_003 seed=0 arm=spec_casc_tok -> /home/chiatzen/lossy-token-eff/logs/campaign_humaneval_qwen3/specCascTok0.35_case_003_seed0_20260821T142242Z.log
case_003 seed=0 mode=specCascTok0.35: L=7032 finish=stop l_bar=1.267 L/l_bar=5552.2 final_ch=False wall=42.40s
[3/3] ok in 133s

wrote /home/chiatzen/lossy-token-eff/runs/humaneval_qwen3/fresh_server_replay.json; 3/3 ok
$ /home/chiatzen/lossy-token-eff/.venv-vllm/bin/python /home/chiatzen/lossy-token-eff/scripts/fresh_server_replay.py --arms spec_casc_tok --cases case_001 case_002 case_003 --spec-casc-tok-alpha 0.55 --prompt-root /home/chiatzen/lossy-token-eff/prompts/humaneval_qwen3 --runs-root /home/chiatzen/lossy-token-eff/runs --log-root /home/chiatzen/lossy-token-eff/logs/campaign_humaneval_qwen3 --max-new-tokens 9000 --port 30000 --model-path Qwen/Qwen3-8B --draft-model-path RedHatAI/Qwen3-8B-speculator.eagle3 --served-model-name qwen3-8b --rope-scaling-json {"rope_type":"yarn","factor":1.6,"original_max_position_embeddings":40960}
3 run(s), one fresh server each

[1/3] case_001 seed=0 arm=spec_casc_tok -> /home/chiatzen/lossy-token-eff/logs/campaign_humaneval_qwen3/specCascTok0.55_case_001_seed0_20260821T142455Z.log
case_001 seed=0 mode=specCascTok0.55: L=2557 finish=stop l_bar=1.531 L/l_bar=1670.5 final_ch=False wall=13.65s
[1/3] ok in 103s

[2/3] case_002 seed=0 arm=spec_casc_tok -> /home/chiatzen/lossy-token-eff/logs/campaign_humaneval_qwen3/specCascTok0.55_case_002_seed0_20260821T142638Z.log
case_002 seed=0 mode=specCascTok0.55: L=4174 finish=stop l_bar=1.062 L/l_bar=3931.3 final_ch=False wall=27.43s
[2/3] ok in 117s

[3/3] case_003 seed=0 arm=spec_casc_tok -> /home/chiatzen/lossy-token-eff/logs/campaign_humaneval_qwen3/specCascTok0.55_case_003_seed0_20260821T142834Z.log
case_003 seed=0 mode=specCascTok0.55: L=3474 finish=stop l_bar=1.43 L/l_bar=2429.3 final_ch=False wall=19.32s
[3/3] ok in 106s

wrote /home/chiatzen/lossy-token-eff/runs/humaneval_qwen3/fresh_server_replay.json; 3/3 ok
$ /home/chiatzen/lossy-token-eff/.venv-vllm/bin/python /home/chiatzen/lossy-token-eff/scripts/fresh_server_replay.py --arms spec_casc_tok --cases case_001 case_002 case_003 --spec-casc-tok-alpha 0.8 --prompt-root /home/chiatzen/lossy-token-eff/prompts/humaneval_qwen3 --runs-root /home/chiatzen/lossy-token-eff/runs --log-root /home/chiatzen/lossy-token-eff/logs/campaign_humaneval_qwen3 --max-new-tokens 9000 --port 30000 --model-path Qwen/Qwen3-8B --draft-model-path RedHatAI/Qwen3-8B-speculator.eagle3 --served-model-name qwen3-8b --rope-scaling-json {"rope_type":"yarn","factor":1.6,"original_max_position_embeddings":40960}
3 run(s), one fresh server each

[1/3] case_001 seed=0 arm=spec_casc_tok -> /home/chiatzen/lossy-token-eff/logs/campaign_humaneval_qwen3/specCascTok0.8_case_001_seed0_20260821T143021Z.log
case_001 seed=0 mode=specCascTok0.8: L=2455 finish=stop l_bar=1.678 L/l_bar=1462.8 final_ch=False wall=12.39s
[1/3] ok in 102s

[2/3] case_002 seed=0 arm=spec_casc_tok -> /home/chiatzen/lossy-token-eff/logs/campaign_humaneval_qwen3/specCascTok0.8_case_002_seed0_20260821T143202Z.log
case_002 seed=0 mode=specCascTok0.8: L=9000 finish=length l_bar=0.943 L/l_bar=9541.9 final_ch=False wall=63.68s
[2/3] ok in 152s

[3/3] case_003 seed=0 arm=spec_casc_tok -> /home/chiatzen/lossy-token-eff/logs/campaign_humaneval_qwen3/specCascTok0.8_case_003_seed0_20260821T143435Z.log
case_003 seed=0 mode=specCascTok0.8: L=5091 finish=stop l_bar=1.469 L/l_bar=3465.1 final_ch=False wall=28.10s
[3/3] ok in 115s

wrote /home/chiatzen/lossy-token-eff/runs/humaneval_qwen3/fresh_server_replay.json; 3/3 ok
targets (l_bar): [1.677, 2.363, 3.049]
  mentored_dec: chosen alphas = [0.75, 0.15]
  cactus: chosen alphas = [0.18, 0.35, 0.03]
  spec_casc_opt: chosen alphas = [-0.02, 0.05, -0.3]
  r_fuzzy: chosen alphas = [0.25, 0.03]
  spec_casc_tok: chosen alphas = [0.8, 0.15]
wrote /home/chiatzen/lossy-token-eff/campaign/calibration/humaneval_qwen3.json
$ /home/chiatzen/lossy-token-eff/.venv-vllm/bin/python /home/chiatzen/lossy-token-eff/scripts/fresh_server_replay.py --arms mentored_dec --cases case_001 case_002 case_003 case_004 case_005 case_006 case_007 case_008 case_009 case_010 case_011 case_012 --mentored-dec-alpha 0.75 --prompt-root /home/chiatzen/lossy-token-eff/prompts/humaneval_qwen3 --runs-root /home/chiatzen/lossy-token-eff/runs --log-root /home/chiatzen/lossy-token-eff/logs/campaign_humaneval_qwen3 --max-new-tokens 9000 --port 30000 --model-path Qwen/Qwen3-8B --draft-model-path RedHatAI/Qwen3-8B-speculator.eagle3 --served-model-name qwen3-8b --rope-scaling-json {"rope_type":"yarn","factor":1.6,"original_max_position_embeddings":40960}
skip case_001 seed=0 mentored_dec/alpha0.75: already present (/home/chiatzen/lossy-token-eff/runs/humaneval_qwen3/mentored_dec/alpha0.75/case_001/seed_0/run.json)
skip case_002 seed=0 mentored_dec/alpha0.75: already present (/home/chiatzen/lossy-token-eff/runs/humaneval_qwen3/mentored_dec/alpha0.75/case_002/seed_0/run.json)
skip case_003 seed=0 mentored_dec/alpha0.75: already present (/home/chiatzen/lossy-token-eff/runs/humaneval_qwen3/mentored_dec/alpha0.75/case_003/seed_0/run.json)
9 run(s), one fresh server each

[1/9] case_004 seed=0 arm=mentored_dec -> /home/chiatzen/lossy-token-eff/logs/campaign_humaneval_qwen3/mentoredDec0.75_case_004_seed0_20260821T143630Z.log
case_004 seed=0 mode=mentoredDec0.75: L=1359 finish=stop l_bar=1.337 L/l_bar=1016.6 final_ch=False wall=7.86s
[1/9] ok in 101s

[2/9] case_005 seed=0 arm=mentored_dec -> /home/chiatzen/lossy-token-eff/logs/campaign_humaneval_qwen3/mentoredDec0.75_case_005_seed0_20260821T143811Z.log
case_005 seed=0 mode=mentoredDec0.75: L=1442 finish=stop l_bar=1.581 L/l_bar=911.9 final_ch=False wall=7.55s
[2/9] ok in 103s

[3/9] case_006 seed=0 arm=mentored_dec -> /home/chiatzen/lossy-token-eff/logs/campaign_humaneval_qwen3/mentoredDec0.75_case_006_seed0_20260821T143954Z.log
case_006 seed=0 mode=mentoredDec0.75: L=1952 finish=stop l_bar=1.336 L/l_bar=1460.9 final_ch=False wall=11.28s
[3/9] ok in 107s

[4/9] case_007 seed=0 arm=mentored_dec -> /home/chiatzen/lossy-token-eff/logs/campaign_humaneval_qwen3/mentoredDec0.75_case_007_seed0_20260821T144140Z.log
case_007 seed=0 mode=mentoredDec0.75: L=1792 finish=stop l_bar=1.373 L/l_bar=1305.2 final_ch=False wall=10.19s
[4/9] ok in 103s

[5/9] case_008 seed=0 arm=mentored_dec -> /home/chiatzen/lossy-token-eff/logs/campaign_humaneval_qwen3/mentoredDec0.75_case_008_seed0_20260821T144324Z.log
case_008 seed=0 mode=mentoredDec0.75: L=979 finish=stop l_bar=1.274 L/l_bar=768.6 final_ch=False wall=5.84s
[5/9] ok in 101s

[6/9] case_009 seed=0 arm=mentored_dec -> /home/chiatzen/lossy-token-eff/logs/campaign_humaneval_qwen3/mentoredDec0.75_case_009_seed0_20260821T144505Z.log
case_009 seed=0 mode=mentoredDec0.75: L=1360 finish=stop l_bar=1.622 L/l_bar=838.3 final_ch=False wall=7.02s
[6/9] ok in 102s

[7/9] case_010 seed=0 arm=mentored_dec -> /home/chiatzen/lossy-token-eff/logs/campaign_humaneval_qwen3/mentoredDec0.75_case_010_seed0_20260821T144647Z.log
case_010 seed=0 mode=mentoredDec0.75: L=1581 finish=stop l_bar=1.654 L/l_bar=955.7 final_ch=False wall=8.04s
[7/9] ok in 103s

[8/9] case_011 seed=0 arm=mentored_dec -> /home/chiatzen/lossy-token-eff/logs/campaign_humaneval_qwen3/mentoredDec0.75_case_011_seed0_20260821T144830Z.log
case_011 seed=0 mode=mentoredDec0.75: L=3082 finish=stop l_bar=1.296 L/l_bar=2378.8 final_ch=False wall=18.16s
[8/9] ok in 114s

[9/9] case_012 seed=0 arm=mentored_dec -> /home/chiatzen/lossy-token-eff/logs/campaign_humaneval_qwen3/mentoredDec0.75_case_012_seed0_20260821T145024Z.log
case_012 seed=0 mode=mentoredDec0.75: L=4283 finish=stop l_bar=1.4 L/l_bar=3058.8 final_ch=False wall=24.16s
[9/9] ok in 120s

wrote /home/chiatzen/lossy-token-eff/runs/humaneval_qwen3/fresh_server_replay.json; 9/9 ok
$ /home/chiatzen/lossy-token-eff/.venv-vllm/bin/python /home/chiatzen/lossy-token-eff/scripts/fresh_server_replay.py --arms mentored_dec --cases case_001 case_002 case_003 case_004 case_005 case_006 case_007 case_008 case_009 case_010 case_011 case_012 --mentored-dec-alpha 0.15 --prompt-root /home/chiatzen/lossy-token-eff/prompts/humaneval_qwen3 --runs-root /home/chiatzen/lossy-token-eff/runs --log-root /home/chiatzen/lossy-token-eff/logs/campaign_humaneval_qwen3 --max-new-tokens 9000 --port 30000 --model-path Qwen/Qwen3-8B --draft-model-path RedHatAI/Qwen3-8B-speculator.eagle3 --served-model-name qwen3-8b --rope-scaling-json {"rope_type":"yarn","factor":1.6,"original_max_position_embeddings":40960}
skip case_001 seed=0 mentored_dec/alpha0.15: already present (/home/chiatzen/lossy-token-eff/runs/humaneval_qwen3/mentored_dec/alpha0.15/case_001/seed_0/run.json)
skip case_002 seed=0 mentored_dec/alpha0.15: already present (/home/chiatzen/lossy-token-eff/runs/humaneval_qwen3/mentored_dec/alpha0.15/case_002/seed_0/run.json)
skip case_003 seed=0 mentored_dec/alpha0.15: already present (/home/chiatzen/lossy-token-eff/runs/humaneval_qwen3/mentored_dec/alpha0.15/case_003/seed_0/run.json)
9 run(s), one fresh server each

[1/9] case_004 seed=0 arm=mentored_dec -> /home/chiatzen/lossy-token-eff/logs/campaign_humaneval_qwen3/mentoredDec0.15_case_004_seed0_20260821T145223Z.log
case_004 seed=0 mode=mentoredDec0.15: L=1052 finish=stop l_bar=1.231 L/l_bar=854.6 final_ch=False wall=6.38s
[1/9] ok in 102s

[2/9] case_005 seed=0 arm=mentored_dec -> /home/chiatzen/lossy-token-eff/logs/campaign_humaneval_qwen3/mentoredDec0.15_case_005_seed0_20260821T145406Z.log
case_005 seed=0 mode=mentoredDec0.15: L=1244 finish=stop l_bar=1.432 L/l_bar=868.9 final_ch=False wall=6.92s
[2/9] ok in 100s

[3/9] case_006 seed=0 arm=mentored_dec -> /home/chiatzen/lossy-token-eff/logs/campaign_humaneval_qwen3/mentoredDec0.15_case_006_seed0_20260821T145546Z.log
case_006 seed=0 mode=mentoredDec0.15: L=3196 finish=stop l_bar=1.295 L/l_bar=2467.9 final_ch=False wall=18.85s
[3/9] ok in 114s

[4/9] case_007 seed=0 arm=mentored_dec -> /home/chiatzen/lossy-token-eff/logs/campaign_humaneval_qwen3/mentoredDec0.15_case_007_seed0_20260821T145740Z.log
case_007 seed=0 mode=mentoredDec0.15: L=2188 finish=stop l_bar=1.194 L/l_bar=1831.9 final_ch=False wall=13.46s
[4/9] ok in 107s

[5/9] case_008 seed=0 arm=mentored_dec -> /home/chiatzen/lossy-token-eff/logs/campaign_humaneval_qwen3/mentoredDec0.15_case_008_seed0_20260821T145927Z.log
case_008 seed=0 mode=mentoredDec0.15: L=1095 finish=stop l_bar=1.342 L/l_bar=816.0 final_ch=False wall=6.33s
[5/9] ok in 100s

[6/9] case_009 seed=0 arm=mentored_dec -> /home/chiatzen/lossy-token-eff/logs/campaign_humaneval_qwen3/mentoredDec0.15_case_009_seed0_20260821T150108Z.log
case_009 seed=0 mode=mentoredDec0.15: L=1185 finish=stop l_bar=1.486 L/l_bar=797.2 final_ch=False wall=6.44s
[6/9] ok in 100s

[7/9] case_010 seed=0 arm=mentored_dec -> /home/chiatzen/lossy-token-eff/logs/campaign_humaneval_qwen3/mentoredDec0.15_case_010_seed0_20260821T150248Z.log
case_010 seed=0 mode=mentoredDec0.15: L=2181 finish=stop l_bar=1.514 L/l_bar=1440.7 final_ch=False wall=11.71s
[7/9] ok in 107s

[8/9] case_011 seed=0 arm=mentored_dec -> /home/chiatzen/lossy-token-eff/logs/campaign_humaneval_qwen3/mentoredDec0.15_case_011_seed0_20260821T150435Z.log
case_011 seed=0 mode=mentoredDec0.15: L=9000 finish=length l_bar=1.172 L/l_bar=7678.5 final_ch=False wall=57.02s
[8/9] ok in 153s

[9/9] case_012 seed=0 arm=mentored_dec -> /home/chiatzen/lossy-token-eff/logs/campaign_humaneval_qwen3/mentoredDec0.15_case_012_seed0_20260821T150708Z.log
case_012 seed=0 mode=mentoredDec0.15: L=2370 finish=stop l_bar=1.445 L/l_bar=1640.2 final_ch=False wall=13.12s
[9/9] ok in 109s

wrote /home/chiatzen/lossy-token-eff/runs/humaneval_qwen3/fresh_server_replay.json; 9/9 ok
$ /home/chiatzen/lossy-token-eff/.venv-vllm/bin/python /home/chiatzen/lossy-token-eff/scripts/fresh_server_replay.py --arms cactus --cases case_001 case_002 case_003 case_004 case_005 case_006 case_007 case_008 case_009 case_010 case_011 case_012 --cactus-alpha 0.18 --prompt-root /home/chiatzen/lossy-token-eff/prompts/humaneval_qwen3 --runs-root /home/chiatzen/lossy-token-eff/runs --log-root /home/chiatzen/lossy-token-eff/logs/campaign_humaneval_qwen3 --max-new-tokens 9000 --port 30000 --model-path Qwen/Qwen3-8B --draft-model-path RedHatAI/Qwen3-8B-speculator.eagle3 --served-model-name qwen3-8b --rope-scaling-json {"rope_type":"yarn","factor":1.6,"original_max_position_embeddings":40960}
skip case_001 seed=0 cactus/alpha0.18: already present (/home/chiatzen/lossy-token-eff/runs/humaneval_qwen3/cactus/alpha0.18/case_001/seed_0/run.json)
skip case_002 seed=0 cactus/alpha0.18: already present (/home/chiatzen/lossy-token-eff/runs/humaneval_qwen3/cactus/alpha0.18/case_002/seed_0/run.json)
skip case_003 seed=0 cactus/alpha0.18: already present (/home/chiatzen/lossy-token-eff/runs/humaneval_qwen3/cactus/alpha0.18/case_003/seed_0/run.json)
9 run(s), one fresh server each

[1/9] case_004 seed=0 arm=cactus -> /home/chiatzen/lossy-token-eff/logs/campaign_humaneval_qwen3/cactus0.18_case_004_seed0_20260821T150857Z.log
case_004 seed=0 mode=cactus0.18: L=1258 finish=stop l_bar=1.327 L/l_bar=947.9 final_ch=False wall=7.31s
[1/9] ok in 100s

[2/9] case_005 seed=0 arm=cactus -> /home/chiatzen/lossy-token-eff/logs/campaign_humaneval_qwen3/cactus0.18_case_005_seed0_20260821T151037Z.log
case_005 seed=0 mode=cactus0.18: L=1378 finish=stop l_bar=1.582 L/l_bar=870.8 final_ch=False wall=7.22s
[2/9] ok in 100s

[3/9] case_006 seed=0 arm=cactus -> /home/chiatzen/lossy-token-eff/logs/campaign_humaneval_qwen3/cactus0.18_case_006_seed0_20260821T151217Z.log
case_006 seed=0 mode=cactus0.18: L=1723 finish=stop l_bar=1.381 L/l_bar=1247.5 final_ch=False wall=9.79s
[3/9] ok in 101s

[4/9] case_007 seed=0 arm=cactus -> /home/chiatzen/lossy-token-eff/logs/campaign_humaneval_qwen3/cactus0.18_case_007_seed0_20260821T151357Z.log
case_007 seed=0 mode=cactus0.18: L=1731 finish=stop l_bar=1.258 L/l_bar=1375.8 final_ch=False wall=10.35s
[4/9] ok in 103s

[5/9] case_008 seed=0 arm=cactus -> /home/chiatzen/lossy-token-eff/logs/campaign_humaneval_qwen3/cactus0.18_case_008_seed0_20260821T151541Z.log
case_008 seed=0 mode=cactus0.18: L=968 finish=stop l_bar=1.416 L/l_bar=683.4 final_ch=False wall=5.44s
[5/9] ok in 99s

[6/9] case_009 seed=0 arm=cactus -> /home/chiatzen/lossy-token-eff/logs/campaign_humaneval_qwen3/cactus0.18_case_009_seed0_20260821T151719Z.log
case_009 seed=0 mode=cactus0.18: L=1250 finish=stop l_bar=1.543 L/l_bar=810.3 final_ch=False wall=6.66s
[6/9] ok in 100s

[7/9] case_010 seed=0 arm=cactus -> /home/chiatzen/lossy-token-eff/logs/campaign_humaneval_qwen3/cactus0.18_case_010_seed0_20260821T151859Z.log
case_010 seed=0 mode=cactus0.18: L=1532 finish=stop l_bar=1.643 L/l_bar=932.4 final_ch=False wall=7.84s
[7/9] ok in 101s

[8/9] case_011 seed=0 arm=cactus -> /home/chiatzen/lossy-token-eff/logs/campaign_humaneval_qwen3/cactus0.18_case_011_seed0_20260821T152039Z.log
case_011 seed=0 mode=cactus0.18: L=5629 finish=stop l_bar=1.301 L/l_bar=4327.0 final_ch=False wall=33.31s
[8/9] ok in 126s

[9/9] case_012 seed=0 arm=cactus -> /home/chiatzen/lossy-token-eff/logs/campaign_humaneval_qwen3/cactus0.18_case_012_seed0_20260821T152246Z.log
case_012 seed=0 mode=cactus0.18: L=3799 finish=stop l_bar=1.404 L/l_bar=2706.2 final_ch=False wall=21.38s
[9/9] ok in 114s

wrote /home/chiatzen/lossy-token-eff/runs/humaneval_qwen3/fresh_server_replay.json; 9/9 ok
$ /home/chiatzen/lossy-token-eff/.venv-vllm/bin/python /home/chiatzen/lossy-token-eff/scripts/fresh_server_replay.py --arms cactus --cases case_001 case_002 case_003 case_004 case_005 case_006 case_007 case_008 case_009 case_010 case_011 case_012 --cactus-alpha 0.35 --prompt-root /home/chiatzen/lossy-token-eff/prompts/humaneval_qwen3 --runs-root /home/chiatzen/lossy-token-eff/runs --log-root /home/chiatzen/lossy-token-eff/logs/campaign_humaneval_qwen3 --max-new-tokens 9000 --port 30000 --model-path Qwen/Qwen3-8B --draft-model-path RedHatAI/Qwen3-8B-speculator.eagle3 --served-model-name qwen3-8b --rope-scaling-json {"rope_type":"yarn","factor":1.6,"original_max_position_embeddings":40960}
skip case_001 seed=0 cactus/alpha0.35: already present (/home/chiatzen/lossy-token-eff/runs/humaneval_qwen3/cactus/alpha0.35/case_001/seed_0/run.json)
skip case_002 seed=0 cactus/alpha0.35: already present (/home/chiatzen/lossy-token-eff/runs/humaneval_qwen3/cactus/alpha0.35/case_002/seed_0/run.json)
skip case_003 seed=0 cactus/alpha0.35: already present (/home/chiatzen/lossy-token-eff/runs/humaneval_qwen3/cactus/alpha0.35/case_003/seed_0/run.json)
9 run(s), one fresh server each

[1/9] case_004 seed=0 arm=cactus -> /home/chiatzen/lossy-token-eff/logs/campaign_humaneval_qwen3/cactus0.35_case_004_seed0_20260821T152440Z.log
case_004 seed=0 mode=cactus0.35: L=1598 finish=stop l_bar=1.483 L/l_bar=1077.6 final_ch=False wall=8.69s
[1/9] ok in 100s

[2/9] case_005 seed=0 arm=cactus -> /home/chiatzen/lossy-token-eff/logs/campaign_humaneval_qwen3/cactus0.35_case_005_seed0_20260821T152620Z.log
case_005 seed=0 mode=cactus0.35: L=1377 finish=stop l_bar=1.681 L/l_bar=819.2 final_ch=False wall=6.94s
[2/9] ok in 99s

[3/9] case_006 seed=0 arm=cactus -> /home/chiatzen/lossy-token-eff/logs/campaign_humaneval_qwen3/cactus0.35_case_006_seed0_20260821T152759Z.log
case_006 seed=0 mode=cactus0.35: L=1334 finish=stop l_bar=1.371 L/l_bar=972.9 final_ch=False wall=7.61s
[3/9] ok in 100s

[4/9] case_007 seed=0 arm=cactus -> /home/chiatzen/lossy-token-eff/logs/campaign_humaneval_qwen3/cactus0.35_case_007_seed0_20260821T152940Z.log
case_007 seed=0 mode=cactus0.35: L=1918 finish=stop l_bar=1.22 L/l_bar=1572.6 final_ch=False wall=11.66s
[4/9] ok in 102s

[5/9] case_008 seed=0 arm=cactus -> /home/chiatzen/lossy-token-eff/logs/campaign_humaneval_qwen3/cactus0.35_case_008_seed0_20260821T153122Z.log
case_008 seed=0 mode=cactus0.35: L=834 finish=stop l_bar=1.427 L/l_bar=584.3 final_ch=False wall=4.66s
[5/9] ok in 97s

[6/9] case_009 seed=0 arm=cactus -> /home/chiatzen/lossy-token-eff/logs/campaign_humaneval_qwen3/cactus0.35_case_009_seed0_20260821T153259Z.log
case_009 seed=0 mode=cactus0.35: L=989 finish=stop l_bar=1.598 L/l_bar=618.7 final_ch=False wall=5.17s
[6/9] ok in 97s

[7/9] case_010 seed=0 arm=cactus -> /home/chiatzen/lossy-token-eff/logs/campaign_humaneval_qwen3/cactus0.35_case_010_seed0_20260821T153436Z.log
case_010 seed=0 mode=cactus0.35: L=1569 finish=stop l_bar=1.657 L/l_bar=947.2 final_ch=False wall=7.99s
[7/9] ok in 100s

[8/9] case_011 seed=0 arm=cactus -> /home/chiatzen/lossy-token-eff/logs/campaign_humaneval_qwen3/cactus0.35_case_011_seed0_20260821T153617Z.log
case_011 seed=0 mode=cactus0.35: L=4972 finish=stop l_bar=1.306 L/l_bar=3808.5 final_ch=False wall=29.28s
[8/9] ok in 120s

[9/9] case_012 seed=0 arm=cactus -> /home/chiatzen/lossy-token-eff/logs/campaign_humaneval_qwen3/cactus0.35_case_012_seed0_20260821T153817Z.log
case_012 seed=0 mode=cactus0.35: L=6407 finish=stop l_bar=1.351 L/l_bar=4743.9 final_ch=False wall=37.21s
[9/9] ok in 128s

wrote /home/chiatzen/lossy-token-eff/runs/humaneval_qwen3/fresh_server_replay.json; 9/9 ok
$ /home/chiatzen/lossy-token-eff/.venv-vllm/bin/python /home/chiatzen/lossy-token-eff/scripts/fresh_server_replay.py --arms cactus --cases case_001 case_002 case_003 case_004 case_005 case_006 case_007 case_008 case_009 case_010 case_011 case_012 --cactus-alpha 0.03 --prompt-root /home/chiatzen/lossy-token-eff/prompts/humaneval_qwen3 --runs-root /home/chiatzen/lossy-token-eff/runs --log-root /home/chiatzen/lossy-token-eff/logs/campaign_humaneval_qwen3 --max-new-tokens 9000 --port 30000 --model-path Qwen/Qwen3-8B --draft-model-path RedHatAI/Qwen3-8B-speculator.eagle3 --served-model-name qwen3-8b --rope-scaling-json {"rope_type":"yarn","factor":1.6,"original_max_position_embeddings":40960}
skip case_001 seed=0 cactus/alpha0.03: already present (/home/chiatzen/lossy-token-eff/runs/humaneval_qwen3/cactus/alpha0.03/case_001/seed_0/run.json)
skip case_002 seed=0 cactus/alpha0.03: already present (/home/chiatzen/lossy-token-eff/runs/humaneval_qwen3/cactus/alpha0.03/case_002/seed_0/run.json)
skip case_003 seed=0 cactus/alpha0.03: already present (/home/chiatzen/lossy-token-eff/runs/humaneval_qwen3/cactus/alpha0.03/case_003/seed_0/run.json)
9 run(s), one fresh server each

[1/9] case_004 seed=0 arm=cactus -> /home/chiatzen/lossy-token-eff/logs/campaign_humaneval_qwen3/cactus0.03_case_004_seed0_20260821T154025Z.log
case_004 seed=0 mode=cactus0.03: L=1385 finish=stop l_bar=1.302 L/l_bar=1063.5 final_ch=False wall=8.14s
[1/9] ok in 99s

[2/9] case_005 seed=0 arm=cactus -> /home/chiatzen/lossy-token-eff/logs/campaign_humaneval_qwen3/cactus0.03_case_005_seed0_20260821T154203Z.log
case_005 seed=0 mode=cactus0.03: L=1565 finish=stop l_bar=1.65 L/l_bar=948.6 final_ch=False wall=7.98s
[2/9] ok in 100s

[3/9] case_006 seed=0 arm=cactus -> /home/chiatzen/lossy-token-eff/logs/campaign_humaneval_qwen3/cactus0.03_case_006_seed0_20260821T154344Z.log
case_006 seed=0 mode=cactus0.03: L=2545 finish=stop l_bar=1.321 L/l_bar=1926.8 final_ch=False wall=14.84s
[3/9] ok in 108s

[4/9] case_007 seed=0 arm=cactus -> /home/chiatzen/lossy-token-eff/logs/campaign_humaneval_qwen3/cactus0.03_case_007_seed0_20260821T154531Z.log
case_007 seed=0 mode=cactus0.03: L=1871 finish=stop l_bar=1.278 L/l_bar=1463.7 final_ch=False wall=11.08s
[4/9] ok in 102s

[5/9] case_008 seed=0 arm=cactus -> /home/chiatzen/lossy-token-eff/logs/campaign_humaneval_qwen3/cactus0.03_case_008_seed0_20260821T154713Z.log
case_008 seed=0 mode=cactus0.03: L=1282 finish=stop l_bar=1.458 L/l_bar=879.4 final_ch=False wall=7.05s
[5/9] ok in 97s

[6/9] case_009 seed=0 arm=cactus -> /home/chiatzen/lossy-token-eff/logs/campaign_humaneval_qwen3/cactus0.03_case_009_seed0_20260821T154851Z.log
case_009 seed=0 mode=cactus0.03: L=1138 finish=stop l_bar=1.492 L/l_bar=762.6 final_ch=False wall=6.18s
[6/9] ok in 97s

[7/9] case_010 seed=0 arm=cactus -> /home/chiatzen/lossy-token-eff/logs/campaign_humaneval_qwen3/cactus0.03_case_010_seed0_20260821T155028Z.log
case_010 seed=0 mode=cactus0.03: L=1809 finish=stop l_bar=1.426 L/l_bar=1268.3 final_ch=False wall=10.09s
[7/9] ok in 103s

[8/9] case_011 seed=0 arm=cactus -> /home/chiatzen/lossy-token-eff/logs/campaign_humaneval_qwen3/cactus0.03_case_011_seed0_20260821T155211Z.log
case_011 seed=0 mode=cactus0.03: L=9000 finish=length l_bar=1.221 L/l_bar=7368.4 final_ch=False wall=55.79s
[8/9] ok in 149s

[9/9] case_012 seed=0 arm=cactus -> /home/chiatzen/lossy-token-eff/logs/campaign_humaneval_qwen3/cactus0.03_case_012_seed0_20260821T155440Z.log
case_012 seed=0 mode=cactus0.03: L=4801 finish=stop l_bar=1.282 L/l_bar=3743.6 final_ch=False wall=28.56s
[9/9] ok in 121s

wrote /home/chiatzen/lossy-token-eff/runs/humaneval_qwen3/fresh_server_replay.json; 9/9 ok
$ /home/chiatzen/lossy-token-eff/.venv-vllm/bin/python /home/chiatzen/lossy-token-eff/scripts/fresh_server_replay.py --arms spec_casc_opt --cases case_001 case_002 case_003 case_004 case_005 case_006 case_007 case_008 case_009 case_010 case_011 case_012 --spec-casc-opt-alpha -0.02 --prompt-root /home/chiatzen/lossy-token-eff/prompts/humaneval_qwen3 --runs-root /home/chiatzen/lossy-token-eff/runs --log-root /home/chiatzen/lossy-token-eff/logs/campaign_humaneval_qwen3 --max-new-tokens 9000 --port 30000 --model-path Qwen/Qwen3-8B --draft-model-path RedHatAI/Qwen3-8B-speculator.eagle3 --served-model-name qwen3-8b --rope-scaling-json {"rope_type":"yarn","factor":1.6,"original_max_position_embeddings":40960}
skip case_001 seed=0 spec_casc_opt/alphaneg0.02: already present (/home/chiatzen/lossy-token-eff/runs/humaneval_qwen3/spec_casc_opt/alphaneg0.02/case_001/seed_0/run.json)
skip case_002 seed=0 spec_casc_opt/alphaneg0.02: already present (/home/chiatzen/lossy-token-eff/runs/humaneval_qwen3/spec_casc_opt/alphaneg0.02/case_002/seed_0/run.json)
skip case_003 seed=0 spec_casc_opt/alphaneg0.02: already present (/home/chiatzen/lossy-token-eff/runs/humaneval_qwen3/spec_casc_opt/alphaneg0.02/case_003/seed_0/run.json)
9 run(s), one fresh server each

[1/9] case_004 seed=0 arm=spec_casc_opt -> /home/chiatzen/lossy-token-eff/logs/campaign_humaneval_qwen3/specCascOptneg0.02_case_004_seed0_20260821T155641Z.log
case_004 seed=0 mode=specCascOptneg0.02: L=1802 finish=stop l_bar=1.471 L/l_bar=1225.4 final_ch=False wall=9.86s
[1/9] ok in 98s

[2/9] case_005 seed=0 arm=spec_casc_opt -> /home/chiatzen/lossy-token-eff/logs/campaign_humaneval_qwen3/specCascOptneg0.02_case_005_seed0_20260821T155819Z.log
case_005 seed=0 mode=specCascOptneg0.02: L=1489 finish=stop l_bar=1.642 L/l_bar=906.6 final_ch=False wall=7.63s
[2/9] ok in 96s

[3/9] case_006 seed=0 arm=spec_casc_opt -> /home/chiatzen/lossy-token-eff/logs/campaign_humaneval_qwen3/specCascOptneg0.02_case_006_seed0_20260821T155955Z.log
case_006 seed=0 mode=specCascOptneg0.02: L=1966 finish=stop l_bar=1.488 L/l_bar=1321.2 final_ch=False wall=10.68s
[3/9] ok in 99s

[4/9] case_007 seed=0 arm=spec_casc_opt -> /home/chiatzen/lossy-token-eff/logs/campaign_humaneval_qwen3/specCascOptneg0.02_case_007_seed0_20260821T160134Z.log
case_007 seed=0 mode=specCascOptneg0.02: L=2128 finish=stop l_bar=1.347 L/l_bar=1579.5 final_ch=False wall=12.23s
[4/9] ok in 101s

[5/9] case_008 seed=0 arm=spec_casc_opt -> /home/chiatzen/lossy-token-eff/logs/campaign_humaneval_qwen3/specCascOptneg0.02_case_008_seed0_20260821T160315Z.log
case_008 seed=0 mode=specCascOptneg0.02: L=1513 finish=stop l_bar=1.592 L/l_bar=950.1 final_ch=False wall=7.90s
[5/9] ok in 97s

[6/9] case_009 seed=0 arm=spec_casc_opt -> /home/chiatzen/lossy-token-eff/logs/campaign_humaneval_qwen3/specCascOptneg0.02_case_009_seed0_20260821T160452Z.log
case_009 seed=0 mode=specCascOptneg0.02: L=1458 finish=stop l_bar=1.708 L/l_bar=853.5 final_ch=False wall=7.28s
[6/9] ok in 94s

[7/9] case_010 seed=0 arm=spec_casc_opt -> /home/chiatzen/lossy-token-eff/logs/campaign_humaneval_qwen3/specCascOptneg0.02_case_010_seed0_20260821T160625Z.log
case_010 seed=0 mode=specCascOptneg0.02: L=1808 finish=stop l_bar=1.586 L/l_bar=1140.2 final_ch=False wall=9.46s
[7/9] ok in 98s

[8/9] case_011 seed=0 arm=spec_casc_opt -> /home/chiatzen/lossy-token-eff/logs/campaign_humaneval_qwen3/specCascOptneg0.02_case_011_seed0_20260821T160803Z.log
case_011 seed=0 mode=specCascOptneg0.02: L=9000 finish=length l_bar=1.342 L/l_bar=6708.1 final_ch=False wall=52.96s
[8/9] ok in 140s

[9/9] case_012 seed=0 arm=spec_casc_opt -> /home/chiatzen/lossy-token-eff/logs/campaign_humaneval_qwen3/specCascOptneg0.02_case_012_seed0_20260821T161023Z.log
case_012 seed=0 mode=specCascOptneg0.02: L=3078 finish=stop l_bar=1.462 L/l_bar=2105.8 final_ch=False wall=16.92s
[9/9] ok in 106s

wrote /home/chiatzen/lossy-token-eff/runs/humaneval_qwen3/fresh_server_replay.json; 9/9 ok
$ /home/chiatzen/lossy-token-eff/.venv-vllm/bin/python /home/chiatzen/lossy-token-eff/scripts/fresh_server_replay.py --arms spec_casc_opt --cases case_001 case_002 case_003 case_004 case_005 case_006 case_007 case_008 case_009 case_010 case_011 case_012 --spec-casc-opt-alpha 0.05 --prompt-root /home/chiatzen/lossy-token-eff/prompts/humaneval_qwen3 --runs-root /home/chiatzen/lossy-token-eff/runs --log-root /home/chiatzen/lossy-token-eff/logs/campaign_humaneval_qwen3 --max-new-tokens 9000 --port 30000 --model-path Qwen/Qwen3-8B --draft-model-path RedHatAI/Qwen3-8B-speculator.eagle3 --served-model-name qwen3-8b --rope-scaling-json {"rope_type":"yarn","factor":1.6,"original_max_position_embeddings":40960}
skip case_001 seed=0 spec_casc_opt/alpha0.05: already present (/home/chiatzen/lossy-token-eff/runs/humaneval_qwen3/spec_casc_opt/alpha0.05/case_001/seed_0/run.json)
skip case_002 seed=0 spec_casc_opt/alpha0.05: already present (/home/chiatzen/lossy-token-eff/runs/humaneval_qwen3/spec_casc_opt/alpha0.05/case_002/seed_0/run.json)
skip case_003 seed=0 spec_casc_opt/alpha0.05: already present (/home/chiatzen/lossy-token-eff/runs/humaneval_qwen3/spec_casc_opt/alpha0.05/case_003/seed_0/run.json)
9 run(s), one fresh server each

[1/9] case_004 seed=0 arm=spec_casc_opt -> /home/chiatzen/lossy-token-eff/logs/campaign_humaneval_qwen3/specCascOpt0.05_case_004_seed0_20260821T161209Z.log
case_004 seed=0 mode=specCascOpt0.05: L=1700 finish=stop l_bar=1.493 L/l_bar=1138.9 final_ch=False wall=9.22s
[1/9] ok in 98s

[2/9] case_005 seed=0 arm=spec_casc_opt -> /home/chiatzen/lossy-token-eff/logs/campaign_humaneval_qwen3/specCascOpt0.05_case_005_seed0_20260821T161347Z.log
case_005 seed=0 mode=specCascOpt0.05: L=9000 finish=length l_bar=4.551 L/l_bar=1977.8 final_ch=False wall=22.23s
[2/9] ok in 112s

[3/9] case_006 seed=0 arm=spec_casc_opt -> /home/chiatzen/lossy-token-eff/logs/campaign_humaneval_qwen3/specCascOpt0.05_case_006_seed0_20260821T161538Z.log
case_006 seed=0 mode=specCascOpt0.05: L=2711 finish=stop l_bar=1.514 L/l_bar=1790.8 final_ch=False wall=14.57s
[3/9] ok in 102s

[4/9] case_007 seed=0 arm=spec_casc_opt -> /home/chiatzen/lossy-token-eff/logs/campaign_humaneval_qwen3/specCascOpt0.05_case_007_seed0_20260821T161720Z.log
case_007 seed=0 mode=specCascOpt0.05: L=2823 finish=stop l_bar=1.473 L/l_bar=1916.1 final_ch=False wall=15.39s
[4/9] ok in 102s

[5/9] case_008 seed=0 arm=spec_casc_opt -> /home/chiatzen/lossy-token-eff/logs/campaign_humaneval_qwen3/specCascOpt0.05_case_008_seed0_20260821T161902Z.log
case_008 seed=0 mode=specCascOpt0.05: L=986 finish=stop l_bar=1.527 L/l_bar=645.8 final_ch=False wall=5.30s
[5/9] ok in 94s

[6/9] case_009 seed=0 arm=spec_casc_opt -> /home/chiatzen/lossy-token-eff/logs/campaign_humaneval_qwen3/specCascOpt0.05_case_009_seed0_20260821T162036Z.log
case_009 seed=0 mode=specCascOpt0.05: L=1680 finish=stop l_bar=1.738 L/l_bar=966.7 final_ch=False wall=8.28s
[6/9] ok in 95s

[7/9] case_010 seed=0 arm=spec_casc_opt -> /home/chiatzen/lossy-token-eff/logs/campaign_humaneval_qwen3/specCascOpt0.05_case_010_seed0_20260821T162212Z.log
case_010 seed=0 mode=specCascOpt0.05: L=4977 finish=stop l_bar=2.139 L/l_bar=2327.1 final_ch=False wall=21.57s
[7/9] ok in 110s

[8/9] case_011 seed=0 arm=spec_casc_opt -> /home/chiatzen/lossy-token-eff/logs/campaign_humaneval_qwen3/specCascOpt0.05_case_011_seed0_20260821T162402Z.log
case_011 seed=0 mode=specCascOpt0.05: L=7638 finish=stop l_bar=1.737 L/l_bar=4396.5 final_ch=False wall=38.15s
[8/9] ok in 125s

[9/9] case_012 seed=0 arm=spec_casc_opt -> /home/chiatzen/lossy-token-eff/logs/campaign_humaneval_qwen3/specCascOpt0.05_case_012_seed0_20260821T162607Z.log
case_012 seed=0 mode=specCascOpt0.05: L=6936 finish=stop l_bar=1.446 L/l_bar=4796.0 final_ch=False wall=38.70s
[9/9] ok in 128s

wrote /home/chiatzen/lossy-token-eff/runs/humaneval_qwen3/fresh_server_replay.json; 9/9 ok
$ /home/chiatzen/lossy-token-eff/.venv-vllm/bin/python /home/chiatzen/lossy-token-eff/scripts/fresh_server_replay.py --arms spec_casc_opt --cases case_001 case_002 case_003 case_004 case_005 case_006 case_007 case_008 case_009 case_010 case_011 case_012 --spec-casc-opt-alpha -0.3 --prompt-root /home/chiatzen/lossy-token-eff/prompts/humaneval_qwen3 --runs-root /home/chiatzen/lossy-token-eff/runs --log-root /home/chiatzen/lossy-token-eff/logs/campaign_humaneval_qwen3 --max-new-tokens 9000 --port 30000 --model-path Qwen/Qwen3-8B --draft-model-path RedHatAI/Qwen3-8B-speculator.eagle3 --served-model-name qwen3-8b --rope-scaling-json {"rope_type":"yarn","factor":1.6,"original_max_position_embeddings":40960}
skip case_001 seed=0 spec_casc_opt/alphaneg0.3: already present (/home/chiatzen/lossy-token-eff/runs/humaneval_qwen3/spec_casc_opt/alphaneg0.3/case_001/seed_0/run.json)
skip case_002 seed=0 spec_casc_opt/alphaneg0.3: already present (/home/chiatzen/lossy-token-eff/runs/humaneval_qwen3/spec_casc_opt/alphaneg0.3/case_002/seed_0/run.json)
skip case_003 seed=0 spec_casc_opt/alphaneg0.3: already present (/home/chiatzen/lossy-token-eff/runs/humaneval_qwen3/spec_casc_opt/alphaneg0.3/case_003/seed_0/run.json)
9 run(s), one fresh server each

[1/9] case_004 seed=0 arm=spec_casc_opt -> /home/chiatzen/lossy-token-eff/logs/campaign_humaneval_qwen3/specCascOptneg0.3_case_004_seed0_20260821T162815Z.log
case_004 seed=0 mode=specCascOptneg0.3: L=1234 finish=stop l_bar=1.291 L/l_bar=955.6 final_ch=False wall=7.27s
[1/9] ok in 96s

[2/9] case_005 seed=0 arm=spec_casc_opt -> /home/chiatzen/lossy-token-eff/logs/campaign_humaneval_qwen3/specCascOptneg0.3_case_005_seed0_20260821T162951Z.log
case_005 seed=0 mode=specCascOptneg0.3: L=1429 finish=stop l_bar=1.47 L/l_bar=972.3 final_ch=False wall=7.81s
[2/9] ok in 96s

[3/9] case_006 seed=0 arm=spec_casc_opt -> /home/chiatzen/lossy-token-eff/logs/campaign_humaneval_qwen3/specCascOptneg0.3_case_006_seed0_20260821T163127Z.log
case_006 seed=0 mode=specCascOptneg0.3: L=1231 finish=stop l_bar=1.333 L/l_bar=923.2 final_ch=False wall=7.13s
[3/9] ok in 94s

[4/9] case_007 seed=0 arm=spec_casc_opt -> /home/chiatzen/lossy-token-eff/logs/campaign_humaneval_qwen3/specCascOptneg0.3_case_007_seed0_20260821T163300Z.log
case_007 seed=0 mode=specCascOptneg0.3: L=2585 finish=stop l_bar=1.094 L/l_bar=2363.0 final_ch=False wall=16.64s
[4/9] ok in 104s

[5/9] case_008 seed=0 arm=spec_casc_opt -> /home/chiatzen/lossy-token-eff/logs/campaign_humaneval_qwen3/specCascOptneg0.3_case_008_seed0_20260821T163444Z.log
case_008 seed=0 mode=specCascOptneg0.3: L=1276 finish=stop l_bar=1.335 L/l_bar=956.1 final_ch=False wall=7.40s
[5/9] ok in 94s

[6/9] case_009 seed=0 arm=spec_casc_opt -> /home/chiatzen/lossy-token-eff/logs/campaign_humaneval_qwen3/specCascOptneg0.3_case_009_seed0_20260821T163619Z.log
case_009 seed=0 mode=specCascOptneg0.3: L=994 finish=stop l_bar=1.495 L/l_bar=664.9 final_ch=False wall=5.39s
[6/9] ok in 94s

[7/9] case_010 seed=0 arm=spec_casc_opt -> /home/chiatzen/lossy-token-eff/logs/campaign_humaneval_qwen3/specCascOptneg0.3_case_010_seed0_20260821T163753Z.log
case_010 seed=0 mode=specCascOptneg0.3: L=1465 finish=stop l_bar=1.497 L/l_bar=978.3 final_ch=False wall=7.93s
[7/9] ok in 97s

[8/9] case_011 seed=0 arm=spec_casc_opt -> /home/chiatzen/lossy-token-eff/logs/campaign_humaneval_qwen3/specCascOptneg0.3_case_011_seed0_20260821T163930Z.log
case_011 seed=0 mode=specCascOptneg0.3: L=7265 finish=stop l_bar=1.275 L/l_bar=5698.5 final_ch=False wall=43.66s
[8/9] ok in 132s

[9/9] case_012 seed=0 arm=spec_casc_opt -> /home/chiatzen/lossy-token-eff/logs/campaign_humaneval_qwen3/specCascOptneg0.3_case_012_seed0_20260821T164142Z.log
case_012 seed=0 mode=specCascOptneg0.3: L=4066 finish=stop l_bar=1.256 L/l_bar=3237.7 final_ch=False wall=24.41s
[9/9] ok in 111s

wrote /home/chiatzen/lossy-token-eff/runs/humaneval_qwen3/fresh_server_replay.json; 9/9 ok
$ /home/chiatzen/lossy-token-eff/.venv-vllm/bin/python /home/chiatzen/lossy-token-eff/scripts/fresh_server_replay.py --arms r_fuzzy --cases case_001 case_002 case_003 case_004 case_005 case_006 case_007 case_008 case_009 case_010 case_011 case_012 --r-fuzzy-alpha 0.25 --prompt-root /home/chiatzen/lossy-token-eff/prompts/humaneval_qwen3 --runs-root /home/chiatzen/lossy-token-eff/runs --log-root /home/chiatzen/lossy-token-eff/logs/campaign_humaneval_qwen3 --max-new-tokens 9000 --port 30000 --model-path Qwen/Qwen3-8B --draft-model-path RedHatAI/Qwen3-8B-speculator.eagle3 --served-model-name qwen3-8b --rope-scaling-json {"rope_type":"yarn","factor":1.6,"original_max_position_embeddings":40960}
skip case_001 seed=0 r_fuzzy/alpha0.25: already present (/home/chiatzen/lossy-token-eff/runs/humaneval_qwen3/r_fuzzy/alpha0.25/case_001/seed_0/run.json)
skip case_002 seed=0 r_fuzzy/alpha0.25: already present (/home/chiatzen/lossy-token-eff/runs/humaneval_qwen3/r_fuzzy/alpha0.25/case_002/seed_0/run.json)
skip case_003 seed=0 r_fuzzy/alpha0.25: already present (/home/chiatzen/lossy-token-eff/runs/humaneval_qwen3/r_fuzzy/alpha0.25/case_003/seed_0/run.json)
9 run(s), one fresh server each

[1/9] case_004 seed=0 arm=r_fuzzy -> /home/chiatzen/lossy-token-eff/logs/campaign_humaneval_qwen3/rFuzzy0.25_case_004_seed0_20260821T164333Z.log
case_004 seed=0 mode=rFuzzy0.25: L=3528 finish=stop l_bar=1.958 L/l_bar=1801.8 final_ch=False wall=16.12s
[1/9] ok in 105s

[2/9] case_005 seed=0 arm=r_fuzzy -> /home/chiatzen/lossy-token-eff/logs/campaign_humaneval_qwen3/rFuzzy0.25_case_005_seed0_20260821T164519Z.log
case_005 seed=0 mode=rFuzzy0.25: L=3399 finish=stop l_bar=2.282 L/l_bar=1489.8 final_ch=False wall=14.01s
[2/9] ok in 101s

[3/9] case_006 seed=0 arm=r_fuzzy -> /home/chiatzen/lossy-token-eff/logs/campaign_humaneval_qwen3/rFuzzy0.25_case_006_seed0_20260821T164659Z.log
case_006 seed=0 mode=rFuzzy0.25: L=4765 finish=stop l_bar=1.751 L/l_bar=2722.0 final_ch=False wall=23.49s
[3/9] ok in 112s

[4/9] case_007 seed=0 arm=r_fuzzy -> /home/chiatzen/lossy-token-eff/logs/campaign_humaneval_qwen3/rFuzzy0.25_case_007_seed0_20260821T164852Z.log
case_007 seed=0 mode=rFuzzy0.25: L=4652 finish=stop l_bar=1.541 L/l_bar=3018.4 final_ch=False wall=24.83s
[4/9] ok in 112s

[5/9] case_008 seed=0 arm=r_fuzzy -> /home/chiatzen/lossy-token-eff/logs/campaign_humaneval_qwen3/rFuzzy0.25_case_008_seed0_20260821T165043Z.log
case_008 seed=0 mode=rFuzzy0.25: L=1524 finish=stop l_bar=1.824 L/l_bar=835.5 final_ch=False wall=7.30s
[5/9] ok in 96s

[6/9] case_009 seed=0 arm=r_fuzzy -> /home/chiatzen/lossy-token-eff/logs/campaign_humaneval_qwen3/rFuzzy0.25_case_009_seed0_20260821T165219Z.log
case_009 seed=0 mode=rFuzzy0.25: L=3721 finish=stop l_bar=2.42 L/l_bar=1537.8 final_ch=False wall=14.73s
[6/9] ok in 103s

[7/9] case_010 seed=0 arm=r_fuzzy -> /home/chiatzen/lossy-token-eff/logs/campaign_humaneval_qwen3/rFuzzy0.25_case_010_seed0_20260821T165402Z.log
case_010 seed=0 mode=rFuzzy0.25: L=3568 finish=stop l_bar=2.113 L/l_bar=1688.9 final_ch=False wall=15.48s
[7/9] ok in 105s

[8/9] case_011 seed=0 arm=r_fuzzy -> /home/chiatzen/lossy-token-eff/logs/campaign_humaneval_qwen3/rFuzzy0.25_case_011_seed0_20260821T165547Z.log
case_011 seed=0 mode=rFuzzy0.25: L=9000 finish=length l_bar=1.544 L/l_bar=5829.7 final_ch=False wall=48.68s
[8/9] ok in 136s

[9/9] case_012 seed=0 arm=r_fuzzy -> /home/chiatzen/lossy-token-eff/logs/campaign_humaneval_qwen3/rFuzzy0.25_case_012_seed0_20260821T165803Z.log
case_012 seed=0 mode=rFuzzy0.25: L=9000 finish=length l_bar=1.591 L/l_bar=5657.0 final_ch=False wall=47.79s
[9/9] ok in 137s

wrote /home/chiatzen/lossy-token-eff/runs/humaneval_qwen3/fresh_server_replay.json; 9/9 ok
$ /home/chiatzen/lossy-token-eff/.venv-vllm/bin/python /home/chiatzen/lossy-token-eff/scripts/fresh_server_replay.py --arms r_fuzzy --cases case_001 case_002 case_003 case_004 case_005 case_006 case_007 case_008 case_009 case_010 case_011 case_012 --r-fuzzy-alpha 0.03 --prompt-root /home/chiatzen/lossy-token-eff/prompts/humaneval_qwen3 --runs-root /home/chiatzen/lossy-token-eff/runs --log-root /home/chiatzen/lossy-token-eff/logs/campaign_humaneval_qwen3 --max-new-tokens 9000 --port 30000 --model-path Qwen/Qwen3-8B --draft-model-path RedHatAI/Qwen3-8B-speculator.eagle3 --served-model-name qwen3-8b --rope-scaling-json {"rope_type":"yarn","factor":1.6,"original_max_position_embeddings":40960}
skip case_001 seed=0 r_fuzzy/alpha0.03: already present (/home/chiatzen/lossy-token-eff/runs/humaneval_qwen3/r_fuzzy/alpha0.03/case_001/seed_0/run.json)
skip case_002 seed=0 r_fuzzy/alpha0.03: already present (/home/chiatzen/lossy-token-eff/runs/humaneval_qwen3/r_fuzzy/alpha0.03/case_002/seed_0/run.json)
skip case_003 seed=0 r_fuzzy/alpha0.03: already present (/home/chiatzen/lossy-token-eff/runs/humaneval_qwen3/r_fuzzy/alpha0.03/case_003/seed_0/run.json)
9 run(s), one fresh server each

[1/9] case_004 seed=0 arm=r_fuzzy -> /home/chiatzen/lossy-token-eff/logs/campaign_humaneval_qwen3/rFuzzy0.03_case_004_seed0_20260821T170019Z.log
case_004 seed=0 mode=rFuzzy0.03: L=1650 finish=stop l_bar=1.346 L/l_bar=1225.8 final_ch=False wall=9.50s
[1/9] ok in 99s

[2/9] case_005 seed=0 arm=r_fuzzy -> /home/chiatzen/lossy-token-eff/logs/campaign_humaneval_qwen3/rFuzzy0.03_case_005_seed0_20260821T170158Z.log
case_005 seed=0 mode=rFuzzy0.03: L=2565 finish=stop l_bar=1.659 L/l_bar=1546.0 final_ch=False wall=13.01s
[2/9] ok in 102s

[3/9] case_006 seed=0 arm=r_fuzzy -> /home/chiatzen/lossy-token-eff/logs/campaign_humaneval_qwen3/rFuzzy0.03_case_006_seed0_20260821T170340Z.log
case_006 seed=0 mode=rFuzzy0.03: L=2024 finish=stop l_bar=1.299 L/l_bar=1558.7 final_ch=False wall=11.89s
[3/9] ok in 101s

[4/9] case_007 seed=0 arm=r_fuzzy -> /home/chiatzen/lossy-token-eff/logs/campaign_humaneval_qwen3/rFuzzy0.03_case_007_seed0_20260821T170520Z.log
case_007 seed=0 mode=rFuzzy0.03: L=3175 finish=stop l_bar=1.092 L/l_bar=2906.9 final_ch=False wall=20.48s
[4/9] ok in 109s

[5/9] case_008 seed=0 arm=r_fuzzy -> /home/chiatzen/lossy-token-eff/logs/campaign_humaneval_qwen3/rFuzzy0.03_case_008_seed0_20260821T170709Z.log
case_008 seed=0 mode=rFuzzy0.03: L=1541 finish=stop l_bar=1.409 L/l_bar=1093.4 final_ch=False wall=8.65s
[5/9] ok in 97s

[6/9] case_009 seed=0 arm=r_fuzzy -> /home/chiatzen/lossy-token-eff/logs/campaign_humaneval_qwen3/rFuzzy0.03_case_009_seed0_20260821T170847Z.log
case_009 seed=0 mode=rFuzzy0.03: L=1019 finish=stop l_bar=1.367 L/l_bar=745.7 final_ch=False wall=5.82s
[6/9] ok in 95s

[7/9] case_010 seed=0 arm=r_fuzzy -> /home/chiatzen/lossy-token-eff/logs/campaign_humaneval_qwen3/rFuzzy0.03_case_010_seed0_20260821T171021Z.log
case_010 seed=0 mode=rFuzzy0.03: L=2175 finish=stop l_bar=1.507 L/l_bar=1443.3 final_ch=False wall=11.73s
[7/9] ok in 100s

[8/9] case_011 seed=0 arm=r_fuzzy -> /home/chiatzen/lossy-token-eff/logs/campaign_humaneval_qwen3/rFuzzy0.03_case_011_seed0_20260821T171202Z.log
case_011 seed=0 mode=rFuzzy0.03: L=9000 finish=length l_bar=1.064 L/l_bar=8458.7 final_ch=False wall=59.97s
[8/9] ok in 148s

[9/9] case_012 seed=0 arm=r_fuzzy -> /home/chiatzen/lossy-token-eff/logs/campaign_humaneval_qwen3/rFuzzy0.03_case_012_seed0_20260821T171430Z.log
case_012 seed=0 mode=rFuzzy0.03: L=6459 finish=stop l_bar=1.219 L/l_bar=5298.2 final_ch=False wall=39.72s
[9/9] ok in 127s

wrote /home/chiatzen/lossy-token-eff/runs/humaneval_qwen3/fresh_server_replay.json; 9/9 ok
$ /home/chiatzen/lossy-token-eff/.venv-vllm/bin/python /home/chiatzen/lossy-token-eff/scripts/fresh_server_replay.py --arms spec_casc_tok --cases case_001 case_002 case_003 case_004 case_005 case_006 case_007 case_008 case_009 case_010 case_011 case_012 --spec-casc-tok-alpha 0.8 --prompt-root /home/chiatzen/lossy-token-eff/prompts/humaneval_qwen3 --runs-root /home/chiatzen/lossy-token-eff/runs --log-root /home/chiatzen/lossy-token-eff/logs/campaign_humaneval_qwen3 --max-new-tokens 9000 --port 30000 --model-path Qwen/Qwen3-8B --draft-model-path RedHatAI/Qwen3-8B-speculator.eagle3 --served-model-name qwen3-8b --rope-scaling-json {"rope_type":"yarn","factor":1.6,"original_max_position_embeddings":40960}
skip case_001 seed=0 spec_casc_tok/alpha0.8: already present (/home/chiatzen/lossy-token-eff/runs/humaneval_qwen3/spec_casc_tok/alpha0.8/case_001/seed_0/run.json)
skip case_002 seed=0 spec_casc_tok/alpha0.8: already present (/home/chiatzen/lossy-token-eff/runs/humaneval_qwen3/spec_casc_tok/alpha0.8/case_002/seed_0/run.json)
skip case_003 seed=0 spec_casc_tok/alpha0.8: already present (/home/chiatzen/lossy-token-eff/runs/humaneval_qwen3/spec_casc_tok/alpha0.8/case_003/seed_0/run.json)
9 run(s), one fresh server each

[1/9] case_004 seed=0 arm=spec_casc_tok -> /home/chiatzen/lossy-token-eff/logs/campaign_humaneval_qwen3/specCascTok0.8_case_004_seed0_20260821T171637Z.log
case_004 seed=0 mode=specCascTok0.8: L=1452 finish=stop l_bar=1.527 L/l_bar=950.9 final_ch=False wall=7.78s
[1/9] ok in 97s

[2/9] case_005 seed=0 arm=spec_casc_tok -> /home/chiatzen/lossy-token-eff/logs/campaign_humaneval_qwen3/specCascTok0.8_case_005_seed0_20260821T171814Z.log
case_005 seed=0 mode=specCascTok0.8: L=1442 finish=stop l_bar=1.501 L/l_bar=960.8 final_ch=False wall=7.79s
[2/9] ok in 97s

[3/9] case_006 seed=0 arm=spec_casc_tok -> /home/chiatzen/lossy-token-eff/logs/campaign_humaneval_qwen3/specCascTok0.8_case_006_seed0_20260821T171950Z.log
case_006 seed=0 mode=specCascTok0.8: L=1609 finish=stop l_bar=1.277 L/l_bar=1259.8 final_ch=False wall=9.54s
[3/9] ok in 99s

[4/9] case_007 seed=0 arm=spec_casc_tok -> /home/chiatzen/lossy-token-eff/logs/campaign_humaneval_qwen3/specCascTok0.8_case_007_seed0_20260821T172129Z.log
case_007 seed=0 mode=specCascTok0.8: L=1752 finish=stop l_bar=1.245 L/l_bar=1407.7 final_ch=False wall=10.53s
[4/9] ok in 98s

[5/9] case_008 seed=0 arm=spec_casc_tok -> /home/chiatzen/lossy-token-eff/logs/campaign_humaneval_qwen3/specCascTok0.8_case_008_seed0_20260821T172307Z.log
case_008 seed=0 mode=specCascTok0.8: L=891 finish=stop l_bar=1.347 L/l_bar=661.3 final_ch=False wall=5.15s
[5/9] ok in 94s

[6/9] case_009 seed=0 arm=spec_casc_tok -> /home/chiatzen/lossy-token-eff/logs/campaign_humaneval_qwen3/specCascTok0.8_case_009_seed0_20260821T172441Z.log
case_009 seed=0 mode=specCascTok0.8: L=1017 finish=stop l_bar=1.571 L/l_bar=647.5 final_ch=False wall=5.36s
[6/9] ok in 93s

[7/9] case_010 seed=0 arm=spec_casc_tok -> /home/chiatzen/lossy-token-eff/logs/campaign_humaneval_qwen3/specCascTok0.8_case_010_seed0_20260821T172614Z.log
case_010 seed=0 mode=specCascTok0.8: L=1566 finish=stop l_bar=1.513 L/l_bar=1035.2 final_ch=False wall=8.44s
[7/9] ok in 98s

[8/9] case_011 seed=0 arm=spec_casc_tok -> /home/chiatzen/lossy-token-eff/logs/campaign_humaneval_qwen3/specCascTok0.8_case_011_seed0_20260821T172751Z.log
case_011 seed=0 mode=specCascTok0.8: L=8197 finish=stop l_bar=1.123 L/l_bar=7300.7 final_ch=False wall=52.98s
[8/9] ok in 142s

[9/9] case_012 seed=0 arm=spec_casc_tok -> /home/chiatzen/lossy-token-eff/logs/campaign_humaneval_qwen3/specCascTok0.8_case_012_seed0_20260821T173013Z.log
case_012 seed=0 mode=specCascTok0.8: L=4543 finish=stop l_bar=1.204 L/l_bar=3774.6 final_ch=False wall=28.02s
[9/9] ok in 117s

wrote /home/chiatzen/lossy-token-eff/runs/humaneval_qwen3/fresh_server_replay.json; 9/9 ok
$ /home/chiatzen/lossy-token-eff/.venv-vllm/bin/python /home/chiatzen/lossy-token-eff/scripts/fresh_server_replay.py --arms spec_casc_tok --cases case_001 case_002 case_003 case_004 case_005 case_006 case_007 case_008 case_009 case_010 case_011 case_012 --spec-casc-tok-alpha 0.15 --prompt-root /home/chiatzen/lossy-token-eff/prompts/humaneval_qwen3 --runs-root /home/chiatzen/lossy-token-eff/runs --log-root /home/chiatzen/lossy-token-eff/logs/campaign_humaneval_qwen3 --max-new-tokens 9000 --port 30000 --model-path Qwen/Qwen3-8B --draft-model-path RedHatAI/Qwen3-8B-speculator.eagle3 --served-model-name qwen3-8b --rope-scaling-json {"rope_type":"yarn","factor":1.6,"original_max_position_embeddings":40960}
skip case_001 seed=0 spec_casc_tok/alpha0.15: already present (/home/chiatzen/lossy-token-eff/runs/humaneval_qwen3/spec_casc_tok/alpha0.15/case_001/seed_0/run.json)
skip case_002 seed=0 spec_casc_tok/alpha0.15: already present (/home/chiatzen/lossy-token-eff/runs/humaneval_qwen3/spec_casc_tok/alpha0.15/case_002/seed_0/run.json)
skip case_003 seed=0 spec_casc_tok/alpha0.15: already present (/home/chiatzen/lossy-token-eff/runs/humaneval_qwen3/spec_casc_tok/alpha0.15/case_003/seed_0/run.json)
9 run(s), one fresh server each

[1/9] case_004 seed=0 arm=spec_casc_tok -> /home/chiatzen/lossy-token-eff/logs/campaign_humaneval_qwen3/specCascTok0.15_case_004_seed0_20260821T173210Z.log
case_004 seed=0 mode=specCascTok0.15: L=1313 finish=stop l_bar=1.322 L/l_bar=993.5 final_ch=False wall=7.64s
[1/9] ok in 96s

[2/9] case_005 seed=0 arm=spec_casc_tok -> /home/chiatzen/lossy-token-eff/logs/campaign_humaneval_qwen3/specCascTok0.15_case_005_seed0_20260821T173347Z.log
case_005 seed=0 mode=specCascTok0.15: L=1280 finish=stop l_bar=1.588 L/l_bar=806.1 final_ch=False wall=6.68s
[2/9] ok in 96s

[3/9] case_006 seed=0 arm=spec_casc_tok -> /home/chiatzen/lossy-token-eff/logs/campaign_humaneval_qwen3/specCascTok0.15_case_006_seed0_20260821T173522Z.log
case_006 seed=0 mode=specCascTok0.15: L=1783 finish=stop l_bar=1.278 L/l_bar=1394.7 final_ch=False wall=10.57s
[3/9] ok in 98s

[4/9] case_007 seed=0 arm=spec_casc_tok -> /home/chiatzen/lossy-token-eff/logs/campaign_humaneval_qwen3/specCascTok0.15_case_007_seed0_20260821T173700Z.log
case_007 seed=0 mode=specCascTok0.15: L=1989 finish=stop l_bar=1.192 L/l_bar=1669.1 final_ch=False wall=12.25s
[4/9] ok in 101s

[5/9] case_008 seed=0 arm=spec_casc_tok -> /home/chiatzen/lossy-token-eff/logs/campaign_humaneval_qwen3/specCascTok0.15_case_008_seed0_20260821T173841Z.log
case_008 seed=0 mode=specCascTok0.15: L=1090 finish=stop l_bar=1.356 L/l_bar=803.6 final_ch=False wall=6.26s
[5/9] ok in 95s

[6/9] case_009 seed=0 arm=spec_casc_tok -> /home/chiatzen/lossy-token-eff/logs/campaign_humaneval_qwen3/specCascTok0.15_case_009_seed0_20260821T174016Z.log
case_009 seed=0 mode=specCascTok0.15: L=1111 finish=stop l_bar=1.58 L/l_bar=703.1 final_ch=False wall=5.84s
[6/9] ok in 95s

[7/9] case_010 seed=0 arm=spec_casc_tok -> /home/chiatzen/lossy-token-eff/logs/campaign_humaneval_qwen3/specCascTok0.15_case_010_seed0_20260821T174151Z.log
case_010 seed=0 mode=specCascTok0.15: L=1604 finish=stop l_bar=1.508 L/l_bar=1063.8 final_ch=False wall=8.65s
[7/9] ok in 98s

[8/9] case_011 seed=0 arm=spec_casc_tok -> /home/chiatzen/lossy-token-eff/logs/campaign_humaneval_qwen3/specCascTok0.15_case_011_seed0_20260821T174329Z.log
case_011 seed=0 mode=specCascTok0.15: L=4948 finish=stop l_bar=1.047 L/l_bar=4727.2 final_ch=False wall=32.88s
[8/9] ok in 122s

[9/9] case_012 seed=0 arm=spec_casc_tok -> /home/chiatzen/lossy-token-eff/logs/campaign_humaneval_qwen3/specCascTok0.15_case_012_seed0_20260821T174531Z.log
case_012 seed=0 mode=specCascTok0.15: L=6216 finish=stop l_bar=1.191 L/l_bar=5217.7 final_ch=False wall=38.71s
[9/9] ok in 128s

wrote /home/chiatzen/lossy-token-eff/runs/humaneval_qwen3/fresh_server_replay.json; 9/9 ok
=== campaign_run done: dataset=humaneval_qwen3 ===
campaign_run.py --dataset humaneval_qwen3 exited 0
wrote /home/chiatzen/lossy-token-eff/campaign/tables/humaneval_qwen3.csv (180 rows)
wrote /home/chiatzen/lossy-token-eff/campaign/results/humaneval_qwen3.csv (13 rows)
wrote /home/chiatzen/lossy-token-eff/campaign/graphs/humaneval_qwen3.png
wrote /home/chiatzen/lossy-token-eff/campaign/graphs/humaneval_qwen3_accuracy.png
campaign_report.py --dataset humaneval_qwen3 exited 0
########## dataset=humaneval_qwen3 finished 2026-08-21T17:47:42Z ##########

free space check before livecodebench_qwen3: 7G
########## dataset=livecodebench_qwen3 started 2026-08-21T17:47:42Z ##########
=== campaign_run: dataset=livecodebench_qwen3 methods=['mentored_dec', 'cactus', 'spec_casc_opt', 'r_fuzzy', 'spec_casc_tok'] probe_cases=['case_001', 'case_002', 'case_003'] full_cases=12 max_new_tokens=12000 model=qwen3-8b (Qwen/Qwen3-8B + RedHatAI/Qwen3-8B-speculator.eagle3) ===
$ /home/chiatzen/lossy-token-eff/.venv-vllm/bin/python /home/chiatzen/lossy-token-eff/scripts/fresh_server_replay.py --arms strict --cases case_001 case_002 case_003 case_004 case_005 case_006 case_007 case_008 case_009 case_010 case_011 case_012 --prompt-root /home/chiatzen/lossy-token-eff/prompts/livecodebench_qwen3 --runs-root /home/chiatzen/lossy-token-eff/runs --log-root /home/chiatzen/lossy-token-eff/logs/campaign_livecodebench_qwen3 --max-new-tokens 12000 --port 30000 --model-path Qwen/Qwen3-8B --draft-model-path RedHatAI/Qwen3-8B-speculator.eagle3 --served-model-name qwen3-8b --rope-scaling-json {"rope_type":"yarn","factor":1.6,"original_max_position_embeddings":40960}
12 run(s), one fresh server each

[1/12] case_001 seed=0 arm=strict -> /home/chiatzen/lossy-token-eff/logs/campaign_livecodebench_qwen3/strict_case_001_seed0_20260821T174742Z.log
case_001 seed=0 mode=strict: L=4082 finish=stop l_bar=1.237 L/l_bar=3298.9 final_ch=False wall=24.74s
[1/12] ok in 112s

[2/12] case_002 seed=0 arm=strict -> /home/chiatzen/lossy-token-eff/logs/campaign_livecodebench_qwen3/strict_case_002_seed0_20260821T174934Z.log
case_002 seed=0 mode=strict: L=10502 finish=stop l_bar=1.002 L/l_bar=10484.0 final_ch=False wall=72.76s
[2/12] ok in 160s

[3/12] case_003 seed=0 arm=strict -> /home/chiatzen/lossy-token-eff/logs/campaign_livecodebench_qwen3/strict_case_003_seed0_20260821T175214Z.log
case_003 seed=0 mode=strict: L=12000 finish=length l_bar=0.993 L/l_bar=12090.3 final_ch=False wall=83.82s
[3/12] ok in 172s

[4/12] case_004 seed=0 arm=strict -> /home/chiatzen/lossy-token-eff/logs/campaign_livecodebench_qwen3/strict_case_004_seed0_20260821T175506Z.log
case_004 seed=0 mode=strict: L=3954 finish=stop l_bar=1.195 L/l_bar=3309.4 final_ch=False wall=24.45s
[4/12] ok in 112s

[5/12] case_005 seed=0 arm=strict -> /home/chiatzen/lossy-token-eff/logs/campaign_livecodebench_qwen3/strict_case_005_seed0_20260821T175658Z.log
case_005 seed=0 mode=strict: L=9950 finish=stop l_bar=1.175 L/l_bar=8467.2 final_ch=False wall=63.21s
[5/12] ok in 151s

[6/12] case_006 seed=0 arm=strict -> /home/chiatzen/lossy-token-eff/logs/campaign_livecodebench_qwen3/strict_case_006_seed0_20260821T175929Z.log
case_006 seed=0 mode=strict: L=11013 finish=stop l_bar=1.038 L/l_bar=10612.4 final_ch=False wall=74.92s
[6/12] ok in 162s

[7/12] case_007 seed=0 arm=strict -> /home/chiatzen/lossy-token-eff/logs/campaign_livecodebench_qwen3/strict_case_007_seed0_20260821T180211Z.log
case_007 seed=0 mode=strict: L=12000 finish=length l_bar=0.98 L/l_bar=12244.5 final_ch=False wall=84.30s
[7/12] ok in 172s

[8/12] case_008 seed=0 arm=strict -> /home/chiatzen/lossy-token-eff/logs/campaign_livecodebench_qwen3/strict_case_008_seed0_20260821T180503Z.log
case_008 seed=0 mode=strict: L=6363 finish=stop l_bar=1.121 L/l_bar=5674.3 final_ch=False wall=41.05s
[8/12] ok in 129s

[9/12] case_009 seed=0 arm=strict -> /home/chiatzen/lossy-token-eff/logs/campaign_livecodebench_qwen3/strict_case_009_seed0_20260821T180711Z.log
case_009 seed=0 mode=strict: L=12000 finish=length l_bar=1.022 L/l_bar=11742.8 final_ch=False wall=82.72s
[9/12] ok in 170s

[10/12] case_010 seed=0 arm=strict -> /home/chiatzen/lossy-token-eff/logs/campaign_livecodebench_qwen3/strict_case_010_seed0_20260821T181001Z.log
case_010 seed=0 mode=strict: L=2438 finish=stop l_bar=1.13 L/l_bar=2157.1 final_ch=False wall=15.48s
[10/12] ok in 103s

[11/12] case_011 seed=0 arm=strict -> /home/chiatzen/lossy-token-eff/logs/campaign_livecodebench_qwen3/strict_case_011_seed0_20260821T181144Z.log
case_011 seed=0 mode=strict: L=12000 finish=length l_bar=1.113 L/l_bar=10777.6 final_ch=False wall=79.24s
[11/12] ok in 166s

[12/12] case_012 seed=0 arm=strict -> /home/chiatzen/lossy-token-eff/logs/campaign_livecodebench_qwen3/strict_case_012_seed0_20260821T181430Z.log
case_012 seed=0 mode=strict: L=6669 finish=stop l_bar=1.161 L/l_bar=5745.5 final_ch=False wall=42.24s
[12/12] ok in 127s

wrote /home/chiatzen/lossy-token-eff/runs/livecodebench_qwen3/fresh_server_replay.json; 12/12 ok
$ /home/chiatzen/lossy-token-eff/.venv-vllm/bin/python /home/chiatzen/lossy-token-eff/scripts/fresh_server_replay.py --arms mentored_dec --cases case_001 case_002 case_003 --mentored-dec-alpha 0.15 --prompt-root /home/chiatzen/lossy-token-eff/prompts/livecodebench_qwen3 --runs-root /home/chiatzen/lossy-token-eff/runs --log-root /home/chiatzen/lossy-token-eff/logs/campaign_livecodebench_qwen3 --max-new-tokens 12000 --port 30000 --model-path Qwen/Qwen3-8B --draft-model-path RedHatAI/Qwen3-8B-speculator.eagle3 --served-model-name qwen3-8b --rope-scaling-json {"rope_type":"yarn","factor":1.6,"original_max_position_embeddings":40960}
3 run(s), one fresh server each

[1/3] case_001 seed=0 arm=mentored_dec -> /home/chiatzen/lossy-token-eff/logs/campaign_livecodebench_qwen3/mentoredDec0.15_case_001_seed0_20260821T181637Z.log
case_001 seed=0 mode=mentoredDec0.15: L=5356 finish=stop l_bar=1.206 L/l_bar=4442.9 final_ch=False wall=33.04s
[1/3] ok in 126s

[2/3] case_002 seed=0 arm=mentored_dec -> /home/chiatzen/lossy-token-eff/logs/campaign_livecodebench_qwen3/mentoredDec0.15_case_002_seed0_20260821T181843Z.log
case_002 seed=0 mode=mentoredDec0.15: L=12000 finish=length l_bar=1.046 L/l_bar=11468.1 final_ch=False wall=81.74s
[2/3] ok in 175s

[3/3] case_003 seed=0 arm=mentored_dec -> /home/chiatzen/lossy-token-eff/logs/campaign_livecodebench_qwen3/mentoredDec0.15_case_003_seed0_20260821T182139Z.log
case_003 seed=0 mode=mentoredDec0.15: L=12000 finish=length l_bar=0.994 L/l_bar=12070.2 final_ch=False wall=83.82s
[3/3] ok in 179s

wrote /home/chiatzen/lossy-token-eff/runs/livecodebench_qwen3/fresh_server_replay.json; 3/3 ok
$ /home/chiatzen/lossy-token-eff/.venv-vllm/bin/python /home/chiatzen/lossy-token-eff/scripts/fresh_server_replay.py --arms mentored_dec --cases case_001 case_002 case_003 --mentored-dec-alpha 0.35 --prompt-root /home/chiatzen/lossy-token-eff/prompts/livecodebench_qwen3 --runs-root /home/chiatzen/lossy-token-eff/runs --log-root /home/chiatzen/lossy-token-eff/logs/campaign_livecodebench_qwen3 --max-new-tokens 12000 --port 30000 --model-path Qwen/Qwen3-8B --draft-model-path RedHatAI/Qwen3-8B-speculator.eagle3 --served-model-name qwen3-8b --rope-scaling-json {"rope_type":"yarn","factor":1.6,"original_max_position_embeddings":40960}
3 run(s), one fresh server each

[1/3] case_001 seed=0 arm=mentored_dec -> /home/chiatzen/lossy-token-eff/logs/campaign_livecodebench_qwen3/mentoredDec0.35_case_001_seed0_20260821T182438Z.log
case_001 seed=0 mode=mentoredDec0.35: L=3582 finish=stop l_bar=1.449 L/l_bar=2471.4 final_ch=False wall=19.81s
[1/3] ok in 113s

[2/3] case_002 seed=0 arm=mentored_dec -> /home/chiatzen/lossy-token-eff/logs/campaign_livecodebench_qwen3/mentoredDec0.35_case_002_seed0_20260821T182631Z.log
case_002 seed=0 mode=mentoredDec0.35: L=12000 finish=length l_bar=1.052 L/l_bar=11405.3 final_ch=False wall=81.56s
[2/3] ok in 175s

[3/3] case_003 seed=0 arm=mentored_dec -> /home/chiatzen/lossy-token-eff/logs/campaign_livecodebench_qwen3/mentoredDec0.35_case_003_seed0_20260821T182926Z.log
case_003 seed=0 mode=mentoredDec0.35: L=12000 finish=length l_bar=1.098 L/l_bar=10926.3 final_ch=False wall=79.55s
[3/3] ok in 175s

wrote /home/chiatzen/lossy-token-eff/runs/livecodebench_qwen3/fresh_server_replay.json; 3/3 ok
$ /home/chiatzen/lossy-token-eff/.venv-vllm/bin/python /home/chiatzen/lossy-token-eff/scripts/fresh_server_replay.py --arms mentored_dec --cases case_001 case_002 case_003 --mentored-dec-alpha 0.55 --prompt-root /home/chiatzen/lossy-token-eff/prompts/livecodebench_qwen3 --runs-root /home/chiatzen/lossy-token-eff/runs --log-root /home/chiatzen/lossy-token-eff/logs/campaign_livecodebench_qwen3 --max-new-tokens 12000 --port 30000 --model-path Qwen/Qwen3-8B --draft-model-path RedHatAI/Qwen3-8B-speculator.eagle3 --served-model-name qwen3-8b --rope-scaling-json {"rope_type":"yarn","factor":1.6,"original_max_position_embeddings":40960}
3 run(s), one fresh server each

[1/3] case_001 seed=0 arm=mentored_dec -> /home/chiatzen/lossy-token-eff/logs/campaign_livecodebench_qwen3/mentoredDec0.55_case_001_seed0_20260821T183220Z.log
case_001 seed=0 mode=mentoredDec0.55: L=3901 finish=stop l_bar=1.294 L/l_bar=3014.4 final_ch=False wall=23.05s
[1/3] ok in 116s

[2/3] case_002 seed=0 arm=mentored_dec -> /home/chiatzen/lossy-token-eff/logs/campaign_livecodebench_qwen3/mentoredDec0.55_case_002_seed0_20260821T183417Z.log
case_002 seed=0 mode=mentoredDec0.55: L=12000 finish=length l_bar=1.145 L/l_bar=10484.1 final_ch=False wall=77.88s
[2/3] ok in 171s

[3/3] case_003 seed=0 arm=mentored_dec -> /home/chiatzen/lossy-token-eff/logs/campaign_livecodebench_qwen3/mentoredDec0.55_case_003_seed0_20260821T183707Z.log
case_003 seed=0 mode=mentoredDec0.55: L=12000 finish=length l_bar=1.103 L/l_bar=10880.7 final_ch=False wall=79.35s
[3/3] ok in 172s

wrote /home/chiatzen/lossy-token-eff/runs/livecodebench_qwen3/fresh_server_replay.json; 3/3 ok
$ /home/chiatzen/lossy-token-eff/.venv-vllm/bin/python /home/chiatzen/lossy-token-eff/scripts/fresh_server_replay.py --arms mentored_dec --cases case_001 case_002 case_003 --mentored-dec-alpha 0.75 --prompt-root /home/chiatzen/lossy-token-eff/prompts/livecodebench_qwen3 --runs-root /home/chiatzen/lossy-token-eff/runs --log-root /home/chiatzen/lossy-token-eff/logs/campaign_livecodebench_qwen3 --max-new-tokens 12000 --port 30000 --model-path Qwen/Qwen3-8B --draft-model-path RedHatAI/Qwen3-8B-speculator.eagle3 --served-model-name qwen3-8b --rope-scaling-json {"rope_type":"yarn","factor":1.6,"original_max_position_embeddings":40960}
3 run(s), one fresh server each

[1/3] case_001 seed=0 arm=mentored_dec -> /home/chiatzen/lossy-token-eff/logs/campaign_livecodebench_qwen3/mentoredDec0.75_case_001_seed0_20260821T184000Z.log
case_001 seed=0 mode=mentoredDec0.75: L=3920 finish=stop l_bar=1.188 L/l_bar=3299.5 final_ch=False wall=24.30s
[1/3] ok in 117s

[2/3] case_002 seed=0 arm=mentored_dec -> /home/chiatzen/lossy-token-eff/logs/campaign_livecodebench_qwen3/mentoredDec0.75_case_002_seed0_20260821T184157Z.log
case_002 seed=0 mode=mentoredDec0.75: L=12000 finish=length l_bar=1.361 L/l_bar=8818.3 final_ch=False wall=70.72s
[2/3] ok in 164s

[3/3] case_003 seed=0 arm=mentored_dec -> /home/chiatzen/lossy-token-eff/logs/campaign_livecodebench_qwen3/mentoredDec0.75_case_003_seed0_20260821T184441Z.log
case_003 seed=0 mode=mentoredDec0.75: L=12000 finish=length l_bar=1.257 L/l_bar=9547.2 final_ch=False wall=74.06s
[3/3] ok in 167s

wrote /home/chiatzen/lossy-token-eff/runs/livecodebench_qwen3/fresh_server_replay.json; 3/3 ok
$ /home/chiatzen/lossy-token-eff/.venv-vllm/bin/python /home/chiatzen/lossy-token-eff/scripts/fresh_server_replay.py --arms cactus --cases case_001 case_002 case_003 --cactus-alpha 0.03 --prompt-root /home/chiatzen/lossy-token-eff/prompts/livecodebench_qwen3 --runs-root /home/chiatzen/lossy-token-eff/runs --log-root /home/chiatzen/lossy-token-eff/logs/campaign_livecodebench_qwen3 --max-new-tokens 12000 --port 30000 --model-path Qwen/Qwen3-8B --draft-model-path RedHatAI/Qwen3-8B-speculator.eagle3 --served-model-name qwen3-8b --rope-scaling-json {"rope_type":"yarn","factor":1.6,"original_max_position_embeddings":40960}
3 run(s), one fresh server each

[1/3] case_001 seed=0 arm=cactus -> /home/chiatzen/lossy-token-eff/logs/campaign_livecodebench_qwen3/cactus0.03_case_001_seed0_20260821T184727Z.log
case_001 seed=0 mode=cactus0.03: L=3864 finish=stop l_bar=1.333 L/l_bar=2899.3 final_ch=False wall=22.45s
[1/3] ok in 113s

[2/3] case_002 seed=0 arm=cactus -> /home/chiatzen/lossy-token-eff/logs/campaign_livecodebench_qwen3/cactus0.03_case_002_seed0_20260821T184920Z.log
case_002 seed=0 mode=cactus0.03: L=12000 finish=length l_bar=1.549 L/l_bar=7747.2 final_ch=False wall=65.57s
[2/3] ok in 156s

[3/3] case_003 seed=0 arm=cactus -> /home/chiatzen/lossy-token-eff/logs/campaign_livecodebench_qwen3/cactus0.03_case_003_seed0_20260821T185156Z.log
case_003 seed=0 mode=cactus0.03: L=12000 finish=length l_bar=1.432 L/l_bar=8377.6 final_ch=False wall=68.45s
[3/3] ok in 159s

wrote /home/chiatzen/lossy-token-eff/runs/livecodebench_qwen3/fresh_server_replay.json; 3/3 ok
$ /home/chiatzen/lossy-token-eff/.venv-vllm/bin/python /home/chiatzen/lossy-token-eff/scripts/fresh_server_replay.py --arms cactus --cases case_001 case_002 case_003 --cactus-alpha 0.08 --prompt-root /home/chiatzen/lossy-token-eff/prompts/livecodebench_qwen3 --runs-root /home/chiatzen/lossy-token-eff/runs --log-root /home/chiatzen/lossy-token-eff/logs/campaign_livecodebench_qwen3 --max-new-tokens 12000 --port 30000 --model-path Qwen/Qwen3-8B --draft-model-path RedHatAI/Qwen3-8B-speculator.eagle3 --served-model-name qwen3-8b --rope-scaling-json {"rope_type":"yarn","factor":1.6,"original_max_position_embeddings":40960}
3 run(s), one fresh server each

[1/3] case_001 seed=0 arm=cactus -> /home/chiatzen/lossy-token-eff/logs/campaign_livecodebench_qwen3/cactus0.08_case_001_seed0_20260821T185435Z.log
case_001 seed=0 mode=cactus0.08: L=5788 finish=stop l_bar=1.392 L/l_bar=4157.6 final_ch=False wall=33.05s
[1/3] ok in 123s

[2/3] case_002 seed=0 arm=cactus -> /home/chiatzen/lossy-token-eff/logs/campaign_livecodebench_qwen3/cactus0.08_case_002_seed0_20260821T185638Z.log
case_002 seed=0 mode=cactus0.08: L=12000 finish=length l_bar=1.698 L/l_bar=7066.2 final_ch=False wall=61.97s
[2/3] ok in 153s

[3/3] case_003 seed=0 arm=cactus -> /home/chiatzen/lossy-token-eff/logs/campaign_livecodebench_qwen3/cactus0.08_case_003_seed0_20260821T185911Z.log
case_003 seed=0 mode=cactus0.08: L=12000 finish=length l_bar=1.88 L/l_bar=6382.1 final_ch=False wall=57.75s
[3/3] ok in 149s

wrote /home/chiatzen/lossy-token-eff/runs/livecodebench_qwen3/fresh_server_replay.json; 3/3 ok
$ /home/chiatzen/lossy-token-eff/.venv-vllm/bin/python /home/chiatzen/lossy-token-eff/scripts/fresh_server_replay.py --arms cactus --cases case_001 case_002 case_003 --cactus-alpha 0.18 --prompt-root /home/chiatzen/lossy-token-eff/prompts/livecodebench_qwen3 --runs-root /home/chiatzen/lossy-token-eff/runs --log-root /home/chiatzen/lossy-token-eff/logs/campaign_livecodebench_qwen3 --max-new-tokens 12000 --port 30000 --model-path Qwen/Qwen3-8B --draft-model-path RedHatAI/Qwen3-8B-speculator.eagle3 --served-model-name qwen3-8b --rope-scaling-json {"rope_type":"yarn","factor":1.6,"original_max_position_embeddings":40960}
3 run(s), one fresh server each

[1/3] case_001 seed=0 arm=cactus -> /home/chiatzen/lossy-token-eff/logs/campaign_livecodebench_qwen3/cactus0.18_case_001_seed0_20260821T190139Z.log
case_001 seed=0 mode=cactus0.18: L=5946 finish=stop l_bar=1.363 L/l_bar=4363.3 final_ch=False wall=34.34s
[1/3] ok in 125s

[2/3] case_002 seed=0 arm=cactus -> /home/chiatzen/lossy-token-eff/logs/campaign_livecodebench_qwen3/cactus0.18_case_002_seed0_20260821T190344Z.log
case_002 seed=0 mode=cactus0.18: L=12000 finish=length l_bar=2.177 L/l_bar=5512.8 final_ch=False wall=52.57s
[2/3] ok in 145s

[3/3] case_003 seed=0 arm=cactus -> /home/chiatzen/lossy-token-eff/logs/campaign_livecodebench_qwen3/cactus0.18_case_003_seed0_20260821T190609Z.log
case_003 seed=0 mode=cactus0.18: L=12000 finish=length l_bar=2.776 L/l_bar=4323.2 final_ch=False wall=44.00s
[3/3] ok in 135s

wrote /home/chiatzen/lossy-token-eff/runs/livecodebench_qwen3/fresh_server_replay.json; 3/3 ok
$ /home/chiatzen/lossy-token-eff/.venv-vllm/bin/python /home/chiatzen/lossy-token-eff/scripts/fresh_server_replay.py --arms cactus --cases case_001 case_002 case_003 --cactus-alpha 0.35 --prompt-root /home/chiatzen/lossy-token-eff/prompts/livecodebench_qwen3 --runs-root /home/chiatzen/lossy-token-eff/runs --log-root /home/chiatzen/lossy-token-eff/logs/campaign_livecodebench_qwen3 --max-new-tokens 12000 --port 30000 --model-path Qwen/Qwen3-8B --draft-model-path RedHatAI/Qwen3-8B-speculator.eagle3 --served-model-name qwen3-8b --rope-scaling-json {"rope_type":"yarn","factor":1.6,"original_max_position_embeddings":40960}
3 run(s), one fresh server each

[1/3] case_001 seed=0 arm=cactus -> /home/chiatzen/lossy-token-eff/logs/campaign_livecodebench_qwen3/cactus0.35_case_001_seed0_20260821T190824Z.log
case_001 seed=0 mode=cactus0.35: L=12000 finish=length l_bar=2.176 L/l_bar=5514.8 final_ch=False wall=52.40s
[1/3] ok in 143s

[2/3] case_002 seed=0 arm=cactus -> /home/chiatzen/lossy-token-eff/logs/campaign_livecodebench_qwen3/cactus0.35_case_002_seed0_20260821T191048Z.log
case_002 seed=0 mode=cactus0.35: L=12000 finish=length l_bar=2.694 L/l_bar=4453.9 final_ch=False wall=45.14s
[2/3] ok in 138s

[3/3] case_003 seed=0 arm=cactus -> /home/chiatzen/lossy-token-eff/logs/campaign_livecodebench_qwen3/cactus0.35_case_003_seed0_20260821T191305Z.log
case_003 seed=0 mode=cactus0.35: L=12000 finish=length l_bar=3.508 L/l_bar=3420.7 final_ch=False wall=36.88s
[3/3] ok in 127s

wrote /home/chiatzen/lossy-token-eff/runs/livecodebench_qwen3/fresh_server_replay.json; 3/3 ok
$ /home/chiatzen/lossy-token-eff/.venv-vllm/bin/python /home/chiatzen/lossy-token-eff/scripts/fresh_server_replay.py --arms spec_casc_opt --cases case_001 case_002 case_003 --spec-casc-opt-alpha -0.3 --prompt-root /home/chiatzen/lossy-token-eff/prompts/livecodebench_qwen3 --runs-root /home/chiatzen/lossy-token-eff/runs --log-root /home/chiatzen/lossy-token-eff/logs/campaign_livecodebench_qwen3 --max-new-tokens 12000 --port 30000 --model-path Qwen/Qwen3-8B --draft-model-path RedHatAI/Qwen3-8B-speculator.eagle3 --served-model-name qwen3-8b --rope-scaling-json {"rope_type":"yarn","factor":1.6,"original_max_position_embeddings":40960}
3 run(s), one fresh server each

[1/3] case_001 seed=0 arm=spec_casc_opt -> /home/chiatzen/lossy-token-eff/logs/campaign_livecodebench_qwen3/specCascOptneg0.3_case_001_seed0_20260821T191512Z.log
case_001 seed=0 mode=specCascOptneg0.3: L=3750 finish=stop l_bar=1.334 L/l_bar=2810.3 final_ch=False wall=21.78s
[1/3] ok in 109s

[2/3] case_002 seed=0 arm=spec_casc_opt -> /home/chiatzen/lossy-token-eff/logs/campaign_livecodebench_qwen3/specCascOptneg0.3_case_002_seed0_20260821T191701Z.log
case_002 seed=0 mode=specCascOptneg0.3: L=12000 finish=length l_bar=1.054 L/l_bar=11382.3 final_ch=False wall=81.52s
[2/3] ok in 170s

[3/3] case_003 seed=0 arm=spec_casc_opt -> /home/chiatzen/lossy-token-eff/logs/campaign_livecodebench_qwen3/specCascOptneg0.3_case_003_seed0_20260821T191951Z.log
case_003 seed=0 mode=specCascOptneg0.3: L=12000 finish=length l_bar=1.14 L/l_bar=10528.2 final_ch=False wall=78.03s
[3/3] ok in 164s

wrote /home/chiatzen/lossy-token-eff/runs/livecodebench_qwen3/fresh_server_replay.json; 3/3 ok
$ /home/chiatzen/lossy-token-eff/.venv-vllm/bin/python /home/chiatzen/lossy-token-eff/scripts/fresh_server_replay.py --arms spec_casc_opt --cases case_001 case_002 case_003 --spec-casc-opt-alpha -0.1 --prompt-root /home/chiatzen/lossy-token-eff/prompts/livecodebench_qwen3 --runs-root /home/chiatzen/lossy-token-eff/runs --log-root /home/chiatzen/lossy-token-eff/logs/campaign_livecodebench_qwen3 --max-new-tokens 12000 --port 30000 --model-path Qwen/Qwen3-8B --draft-model-path RedHatAI/Qwen3-8B-speculator.eagle3 --served-model-name qwen3-8b --rope-scaling-json {"rope_type":"yarn","factor":1.6,"original_max_position_embeddings":40960}
3 run(s), one fresh server each

[1/3] case_001 seed=0 arm=spec_casc_opt -> /home/chiatzen/lossy-token-eff/logs/campaign_livecodebench_qwen3/specCascOptneg0.1_case_001_seed0_20260821T192235Z.log
case_001 seed=0 mode=specCascOptneg0.1: L=6631 finish=stop l_bar=1.394 L/l_bar=4755.6 final_ch=False wall=37.89s
[1/3] ok in 124s

[2/3] case_002 seed=0 arm=spec_casc_opt -> /home/chiatzen/lossy-token-eff/logs/campaign_livecodebench_qwen3/specCascOptneg0.1_case_002_seed0_20260821T192439Z.log
case_002 seed=0 mode=specCascOptneg0.1: L=12000 finish=length l_bar=1.117 L/l_bar=10741.6 final_ch=False wall=78.96s
[2/3] ok in 166s

[3/3] case_003 seed=0 arm=spec_casc_opt -> /home/chiatzen/lossy-token-eff/logs/campaign_livecodebench_qwen3/specCascOptneg0.1_case_003_seed0_20260821T192725Z.log
case_003 seed=0 mode=specCascOptneg0.1: L=12000 finish=length l_bar=1.168 L/l_bar=10277.2 final_ch=False wall=77.01s
[3/3] ok in 164s

wrote /home/chiatzen/lossy-token-eff/runs/livecodebench_qwen3/fresh_server_replay.json; 3/3 ok
$ /home/chiatzen/lossy-token-eff/.venv-vllm/bin/python /home/chiatzen/lossy-token-eff/scripts/fresh_server_replay.py --arms spec_casc_opt --cases case_001 case_002 case_003 --spec-casc-opt-alpha -0.02 --prompt-root /home/chiatzen/lossy-token-eff/prompts/livecodebench_qwen3 --runs-root /home/chiatzen/lossy-token-eff/runs --log-root /home/chiatzen/lossy-token-eff/logs/campaign_livecodebench_qwen3 --max-new-tokens 12000 --port 30000 --model-path Qwen/Qwen3-8B --draft-model-path RedHatAI/Qwen3-8B-speculator.eagle3 --served-model-name qwen3-8b --rope-scaling-json {"rope_type":"yarn","factor":1.6,"original_max_position_embeddings":40960}
3 run(s), one fresh server each

[1/3] case_001 seed=0 arm=spec_casc_opt -> /home/chiatzen/lossy-token-eff/logs/campaign_livecodebench_qwen3/specCascOptneg0.02_case_001_seed0_20260821T193008Z.log
case_001 seed=0 mode=specCascOptneg0.02: L=10499 finish=stop l_bar=1.205 L/l_bar=8716.2 final_ch=False wall=65.99s
[1/3] ok in 155s

[2/3] case_002 seed=0 arm=spec_casc_opt -> /home/chiatzen/lossy-token-eff/logs/campaign_livecodebench_qwen3/specCascOptneg0.02_case_002_seed0_20260821T193243Z.log
case_002 seed=0 mode=specCascOptneg0.02: L=12000 finish=length l_bar=1.185 L/l_bar=10126.6 final_ch=False wall=76.53s
[2/3] ok in 163s

[3/3] case_003 seed=0 arm=spec_casc_opt -> /home/chiatzen/lossy-token-eff/logs/campaign_livecodebench_qwen3/specCascOptneg0.02_case_003_seed0_20260821T193526Z.log
case_003 seed=0 mode=specCascOptneg0.02: L=12000 finish=length l_bar=1.239 L/l_bar=9686.7 final_ch=False wall=74.74s
[3/3] ok in 161s

wrote /home/chiatzen/lossy-token-eff/runs/livecodebench_qwen3/fresh_server_replay.json; 3/3 ok
$ /home/chiatzen/lossy-token-eff/.venv-vllm/bin/python /home/chiatzen/lossy-token-eff/scripts/fresh_server_replay.py --arms spec_casc_opt --cases case_001 case_002 case_003 --spec-casc-opt-alpha 0.05 --prompt-root /home/chiatzen/lossy-token-eff/prompts/livecodebench_qwen3 --runs-root /home/chiatzen/lossy-token-eff/runs --log-root /home/chiatzen/lossy-token-eff/logs/campaign_livecodebench_qwen3 --max-new-tokens 12000 --port 30000 --model-path Qwen/Qwen3-8B --draft-model-path RedHatAI/Qwen3-8B-speculator.eagle3 --served-model-name qwen3-8b --rope-scaling-json {"rope_type":"yarn","factor":1.6,"original_max_position_embeddings":40960}
3 run(s), one fresh server each

[1/3] case_001 seed=0 arm=spec_casc_opt -> /home/chiatzen/lossy-token-eff/logs/campaign_livecodebench_qwen3/specCascOpt0.05_case_001_seed0_20260821T193807Z.log
case_001 seed=0 mode=specCascOpt0.05: L=8961 finish=stop l_bar=1.416 L/l_bar=6329.5 final_ch=False wall=51.17s
[1/3] ok in 137s

[2/3] case_002 seed=0 arm=spec_casc_opt -> /home/chiatzen/lossy-token-eff/logs/campaign_livecodebench_qwen3/specCascOpt0.05_case_002_seed0_20260821T194024Z.log
case_002 seed=0 mode=specCascOpt0.05: L=12000 finish=length l_bar=1.291 L/l_bar=9292.3 final_ch=False wall=73.11s
[2/3] ok in 162s

[3/3] case_003 seed=0 arm=spec_casc_opt -> /home/chiatzen/lossy-token-eff/logs/campaign_livecodebench_qwen3/specCascOpt0.05_case_003_seed0_20260821T194306Z.log
case_003 seed=0 mode=specCascOpt0.05: L=12000 finish=length l_bar=1.7 L/l_bar=7058.6 final_ch=False wall=61.72s
[3/3] ok in 148s

wrote /home/chiatzen/lossy-token-eff/runs/livecodebench_qwen3/fresh_server_replay.json; 3/3 ok
$ /home/chiatzen/lossy-token-eff/.venv-vllm/bin/python /home/chiatzen/lossy-token-eff/scripts/fresh_server_replay.py --arms r_fuzzy --cases case_001 case_002 case_003 --r-fuzzy-alpha 0.03 --prompt-root /home/chiatzen/lossy-token-eff/prompts/livecodebench_qwen3 --runs-root /home/chiatzen/lossy-token-eff/runs --log-root /home/chiatzen/lossy-token-eff/logs/campaign_livecodebench_qwen3 --max-new-tokens 12000 --port 30000 --model-path Qwen/Qwen3-8B --draft-model-path RedHatAI/Qwen3-8B-speculator.eagle3 --served-model-name qwen3-8b --rope-scaling-json {"rope_type":"yarn","factor":1.6,"original_max_position_embeddings":40960}
3 run(s), one fresh server each

[1/3] case_001 seed=0 arm=r_fuzzy -> /home/chiatzen/lossy-token-eff/logs/campaign_livecodebench_qwen3/rFuzzy0.03_case_001_seed0_20260821T194534Z.log
case_001 seed=0 mode=rFuzzy0.03: L=6884 finish=stop l_bar=1.121 L/l_bar=6140.6 final_ch=False wall=44.48s
[1/3] ok in 133s

[2/3] case_002 seed=0 arm=r_fuzzy -> /home/chiatzen/lossy-token-eff/logs/campaign_livecodebench_qwen3/rFuzzy0.03_case_002_seed0_20260821T194747Z.log
case_002 seed=0 mode=rFuzzy0.03: L=12000 finish=length l_bar=0.968 L/l_bar=12402.6 final_ch=False wall=84.98s
[2/3] ok in 173s

[3/3] case_003 seed=0 arm=r_fuzzy -> /home/chiatzen/lossy-token-eff/logs/campaign_livecodebench_qwen3/rFuzzy0.03_case_003_seed0_20260821T195040Z.log
case_003 seed=0 mode=rFuzzy0.03: L=12000 finish=length l_bar=0.956 L/l_bar=12546.2 final_ch=False wall=85.43s
[3/3] ok in 174s

wrote /home/chiatzen/lossy-token-eff/runs/livecodebench_qwen3/fresh_server_replay.json; 3/3 ok
$ /home/chiatzen/lossy-token-eff/.venv-vllm/bin/python /home/chiatzen/lossy-token-eff/scripts/fresh_server_replay.py --arms r_fuzzy --cases case_001 case_002 case_003 --r-fuzzy-alpha 0.08 --prompt-root /home/chiatzen/lossy-token-eff/prompts/livecodebench_qwen3 --runs-root /home/chiatzen/lossy-token-eff/runs --log-root /home/chiatzen/lossy-token-eff/logs/campaign_livecodebench_qwen3 --max-new-tokens 12000 --port 30000 --model-path Qwen/Qwen3-8B --draft-model-path RedHatAI/Qwen3-8B-speculator.eagle3 --served-model-name qwen3-8b --rope-scaling-json {"rope_type":"yarn","factor":1.6,"original_max_position_embeddings":40960}
3 run(s), one fresh server each

[1/3] case_001 seed=0 arm=r_fuzzy -> /home/chiatzen/lossy-token-eff/logs/campaign_livecodebench_qwen3/rFuzzy0.08_case_001_seed0_20260821T195334Z.log
case_001 seed=0 mode=rFuzzy0.08: L=3184 finish=stop l_bar=1.24 L/l_bar=2567.8 final_ch=False wall=19.21s
[1/3] ok in 108s

[2/3] case_002 seed=0 arm=r_fuzzy -> /home/chiatzen/lossy-token-eff/logs/campaign_livecodebench_qwen3/rFuzzy0.08_case_002_seed0_20260821T195522Z.log
case_002 seed=0 mode=rFuzzy0.08: L=12000 finish=length l_bar=0.973 L/l_bar=12328.4 final_ch=False wall=84.70s
[2/3] ok in 174s

[3/3] case_003 seed=0 arm=r_fuzzy -> /home/chiatzen/lossy-token-eff/logs/campaign_livecodebench_qwen3/rFuzzy0.08_case_003_seed0_20260821T195816Z.log
case_003 seed=0 mode=rFuzzy0.08: L=12000 finish=length l_bar=1.027 L/l_bar=11686.1 final_ch=False wall=82.52s
[3/3] ok in 171s

wrote /home/chiatzen/lossy-token-eff/runs/livecodebench_qwen3/fresh_server_replay.json; 3/3 ok
$ /home/chiatzen/lossy-token-eff/.venv-vllm/bin/python /home/chiatzen/lossy-token-eff/scripts/fresh_server_replay.py --arms r_fuzzy --cases case_001 case_002 case_003 --r-fuzzy-alpha 0.15 --prompt-root /home/chiatzen/lossy-token-eff/prompts/livecodebench_qwen3 --runs-root /home/chiatzen/lossy-token-eff/runs --log-root /home/chiatzen/lossy-token-eff/logs/campaign_livecodebench_qwen3 --max-new-tokens 12000 --port 30000 --model-path Qwen/Qwen3-8B --draft-model-path RedHatAI/Qwen3-8B-speculator.eagle3 --served-model-name qwen3-8b --rope-scaling-json {"rope_type":"yarn","factor":1.6,"original_max_position_embeddings":40960}
3 run(s), one fresh server each

[1/3] case_001 seed=0 arm=r_fuzzy -> /home/chiatzen/lossy-token-eff/logs/campaign_livecodebench_qwen3/rFuzzy0.15_case_001_seed0_20260821T200107Z.log
case_001 seed=0 mode=rFuzzy0.15: L=718 finish=stop l_bar=1.741 L/l_bar=412.3 final_ch=False wall=3.58s
[1/3] ok in 92s

[2/3] case_002 seed=0 arm=r_fuzzy -> /home/chiatzen/lossy-token-eff/logs/campaign_livecodebench_qwen3/rFuzzy0.15_case_002_seed0_20260821T200239Z.log
case_002 seed=0 mode=rFuzzy0.15: L=12000 finish=length l_bar=1.163 L/l_bar=10315.2 final_ch=False wall=77.37s
[2/3] ok in 166s

[3/3] case_003 seed=0 arm=r_fuzzy -> /home/chiatzen/lossy-token-eff/logs/campaign_livecodebench_qwen3/rFuzzy0.15_case_003_seed0_20260821T200525Z.log
case_003 seed=0 mode=rFuzzy0.15: L=12000 finish=length l_bar=1.191 L/l_bar=10072.3 final_ch=False wall=76.32s
[3/3] ok in 164s

wrote /home/chiatzen/lossy-token-eff/runs/livecodebench_qwen3/fresh_server_replay.json; 3/3 ok
$ /home/chiatzen/lossy-token-eff/.venv-vllm/bin/python /home/chiatzen/lossy-token-eff/scripts/fresh_server_replay.py --arms r_fuzzy --cases case_001 case_002 case_003 --r-fuzzy-alpha 0.25 --prompt-root /home/chiatzen/lossy-token-eff/prompts/livecodebench_qwen3 --runs-root /home/chiatzen/lossy-token-eff/runs --log-root /home/chiatzen/lossy-token-eff/logs/campaign_livecodebench_qwen3 --max-new-tokens 12000 --port 30000 --model-path Qwen/Qwen3-8B --draft-model-path RedHatAI/Qwen3-8B-speculator.eagle3 --served-model-name qwen3-8b --rope-scaling-json {"rope_type":"yarn","factor":1.6,"original_max_position_embeddings":40960}
3 run(s), one fresh server each

[1/3] case_001 seed=0 arm=r_fuzzy -> /home/chiatzen/lossy-token-eff/logs/campaign_livecodebench_qwen3/rFuzzy0.25_case_001_seed0_20260821T200809Z.log
case_001 seed=0 mode=rFuzzy0.25: L=663 finish=stop l_bar=1.947 L/l_bar=340.5 final_ch=False wall=3.09s
[1/3] ok in 90s

[2/3] case_002 seed=0 arm=r_fuzzy -> /home/chiatzen/lossy-token-eff/logs/campaign_livecodebench_qwen3/rFuzzy0.25_case_002_seed0_20260821T200939Z.log
case_002 seed=0 mode=rFuzzy0.25: L=12000 finish=length l_bar=1.255 L/l_bar=9561.9 final_ch=False wall=74.17s
[2/3] ok in 161s

[3/3] case_003 seed=0 arm=r_fuzzy -> /home/chiatzen/lossy-token-eff/logs/campaign_livecodebench_qwen3/rFuzzy0.25_case_003_seed0_20260821T201220Z.log
case_003 seed=0 mode=rFuzzy0.25: L=12000 finish=length l_bar=1.316 L/l_bar=9115.7 final_ch=False wall=72.14s
[3/3] ok in 159s

wrote /home/chiatzen/lossy-token-eff/runs/livecodebench_qwen3/fresh_server_replay.json; 3/3 ok
$ /home/chiatzen/lossy-token-eff/.venv-vllm/bin/python /home/chiatzen/lossy-token-eff/scripts/fresh_server_replay.py --arms spec_casc_tok --cases case_001 case_002 case_003 --spec-casc-tok-alpha 0.15 --prompt-root /home/chiatzen/lossy-token-eff/prompts/livecodebench_qwen3 --runs-root /home/chiatzen/lossy-token-eff/runs --log-root /home/chiatzen/lossy-token-eff/logs/campaign_livecodebench_qwen3 --max-new-tokens 12000 --port 30000 --model-path Qwen/Qwen3-8B --draft-model-path RedHatAI/Qwen3-8B-speculator.eagle3 --served-model-name qwen3-8b --rope-scaling-json {"rope_type":"yarn","factor":1.6,"original_max_position_embeddings":40960}
3 run(s), one fresh server each

[1/3] case_001 seed=0 arm=spec_casc_tok -> /home/chiatzen/lossy-token-eff/logs/campaign_livecodebench_qwen3/specCascTok0.15_case_001_seed0_20260821T201459Z.log
case_001 seed=0 mode=specCascTok0.15: L=2639 finish=stop l_bar=1.243 L/l_bar=2122.8 final_ch=False wall=15.91s
[1/3] ok in 104s

[2/3] case_002 seed=0 arm=spec_casc_tok -> /home/chiatzen/lossy-token-eff/logs/campaign_livecodebench_qwen3/specCascTok0.15_case_002_seed0_20260821T201643Z.log
case_002 seed=0 mode=specCascTok0.15: L=12000 finish=length l_bar=0.996 L/l_bar=12050.1 final_ch=False wall=83.85s
[2/3] ok in 170s

[3/3] case_003 seed=0 arm=spec_casc_tok -> /home/chiatzen/lossy-token-eff/logs/campaign_livecodebench_qwen3/specCascTok0.15_case_003_seed0_20260821T201934Z.log
case_003 seed=0 mode=specCascTok0.15: L=12000 finish=length l_bar=0.992 L/l_bar=12092.4 final_ch=False wall=83.90s
[3/3] ok in 173s

wrote /home/chiatzen/lossy-token-eff/runs/livecodebench_qwen3/fresh_server_replay.json; 3/3 ok
$ /home/chiatzen/lossy-token-eff/.venv-vllm/bin/python /home/chiatzen/lossy-token-eff/scripts/fresh_server_replay.py --arms spec_casc_tok --cases case_001 case_002 case_003 --spec-casc-tok-alpha 0.35 --prompt-root /home/chiatzen/lossy-token-eff/prompts/livecodebench_qwen3 --runs-root /home/chiatzen/lossy-token-eff/runs --log-root /home/chiatzen/lossy-token-eff/logs/campaign_livecodebench_qwen3 --max-new-tokens 12000 --port 30000 --model-path Qwen/Qwen3-8B --draft-model-path RedHatAI/Qwen3-8B-speculator.eagle3 --served-model-name qwen3-8b --rope-scaling-json {"rope_type":"yarn","factor":1.6,"original_max_position_embeddings":40960}
3 run(s), one fresh server each

[1/3] case_001 seed=0 arm=spec_casc_tok -> /home/chiatzen/lossy-token-eff/logs/campaign_livecodebench_qwen3/specCascTok0.35_case_001_seed0_20260821T202227Z.log
case_001 seed=0 mode=specCascTok0.35: L=3513 finish=stop l_bar=1.283 L/l_bar=2737.1 final_ch=False wall=20.84s
[1/3] ok in 110s

[2/3] case_002 seed=0 arm=spec_casc_tok -> /home/chiatzen/lossy-token-eff/logs/campaign_livecodebench_qwen3/specCascTok0.35_case_002_seed0_20260821T202416Z.log
case_002 seed=0 mode=specCascTok0.35: L=12000 finish=length l_bar=0.937 L/l_bar=12808.3 final_ch=False wall=86.41s
[2/3] ok in 173s

[3/3] case_003 seed=0 arm=spec_casc_tok -> /home/chiatzen/lossy-token-eff/logs/campaign_livecodebench_qwen3/specCascTok0.35_case_003_seed0_20260821T202709Z.log
case_003 seed=0 mode=specCascTok0.35: L=12000 finish=length l_bar=1.018 L/l_bar=11787.9 final_ch=False wall=82.81s
[3/3] ok in 171s

wrote /home/chiatzen/lossy-token-eff/runs/livecodebench_qwen3/fresh_server_replay.json; 3/3 ok
$ /home/chiatzen/lossy-token-eff/.venv-vllm/bin/python /home/chiatzen/lossy-token-eff/scripts/fresh_server_replay.py --arms spec_casc_tok --cases case_001 case_002 case_003 --spec-casc-tok-alpha 0.55 --prompt-root /home/chiatzen/lossy-token-eff/prompts/livecodebench_qwen3 --runs-root /home/chiatzen/lossy-token-eff/runs --log-root /home/chiatzen/lossy-token-eff/logs/campaign_livecodebench_qwen3 --max-new-tokens 12000 --port 30000 --model-path Qwen/Qwen3-8B --draft-model-path RedHatAI/Qwen3-8B-speculator.eagle3 --served-model-name qwen3-8b --rope-scaling-json {"rope_type":"yarn","factor":1.6,"original_max_position_embeddings":40960}
3 run(s), one fresh server each

[1/3] case_001 seed=0 arm=spec_casc_tok -> /home/chiatzen/lossy-token-eff/logs/campaign_livecodebench_qwen3/specCascTok0.55_case_001_seed0_20260821T203001Z.log
case_001 seed=0 mode=specCascTok0.55: L=4594 finish=stop l_bar=1.275 L/l_bar=3603.5 final_ch=False wall=27.41s
[1/3] ok in 114s

[2/3] case_002 seed=0 arm=spec_casc_tok -> /home/chiatzen/lossy-token-eff/logs/campaign_livecodebench_qwen3/specCascTok0.55_case_002_seed0_20260821T203155Z.log
case_002 seed=0 mode=specCascTok0.55: L=12000 finish=length l_bar=0.967 L/l_bar=12404.7 final_ch=False wall=85.04s
[2/3] ok in 173s

[3/3] case_003 seed=0 arm=spec_casc_tok -> /home/chiatzen/lossy-token-eff/logs/campaign_livecodebench_qwen3/specCascTok0.55_case_003_seed0_20260821T203449Z.log
case_003 seed=0 mode=specCascTok0.55: L=12000 finish=length l_bar=1.097 L/l_bar=10942.6 final_ch=False wall=79.57s
[3/3] ok in 166s

wrote /home/chiatzen/lossy-token-eff/runs/livecodebench_qwen3/fresh_server_replay.json; 3/3 ok
$ /home/chiatzen/lossy-token-eff/.venv-vllm/bin/python /home/chiatzen/lossy-token-eff/scripts/fresh_server_replay.py --arms spec_casc_tok --cases case_001 case_002 case_003 --spec-casc-tok-alpha 0.8 --prompt-root /home/chiatzen/lossy-token-eff/prompts/livecodebench_qwen3 --runs-root /home/chiatzen/lossy-token-eff/runs --log-root /home/chiatzen/lossy-token-eff/logs/campaign_livecodebench_qwen3 --max-new-tokens 12000 --port 30000 --model-path Qwen/Qwen3-8B --draft-model-path RedHatAI/Qwen3-8B-speculator.eagle3 --served-model-name qwen3-8b --rope-scaling-json {"rope_type":"yarn","factor":1.6,"original_max_position_embeddings":40960}
3 run(s), one fresh server each

[1/3] case_001 seed=0 arm=spec_casc_tok -> /home/chiatzen/lossy-token-eff/logs/campaign_livecodebench_qwen3/specCascTok0.8_case_001_seed0_20260821T203734Z.log
case_001 seed=0 mode=specCascTok0.8: L=3916 finish=stop l_bar=1.415 L/l_bar=2767.6 final_ch=False wall=22.00s
[1/3] ok in 111s

[2/3] case_002 seed=0 arm=spec_casc_tok -> /home/chiatzen/lossy-token-eff/logs/campaign_livecodebench_qwen3/specCascTok0.8_case_002_seed0_20260821T203925Z.log
case_002 seed=0 mode=specCascTok0.8: L=12000 finish=length l_bar=1.053 L/l_bar=11401.3 final_ch=False wall=81.34s
[2/3] ok in 168s

[3/3] case_003 seed=0 arm=spec_casc_tok -> /home/chiatzen/lossy-token-eff/logs/campaign_livecodebench_qwen3/specCascTok0.8_case_003_seed0_20260821T204213Z.log
case_003 seed=0 mode=specCascTok0.8: L=12000 finish=length l_bar=1.088 L/l_bar=11032.6 final_ch=False wall=80.08s
[3/3] ok in 169s

wrote /home/chiatzen/lossy-token-eff/runs/livecodebench_qwen3/fresh_server_replay.json; 3/3 ok
targets (l_bar): [1.371, 1.993, 2.615]
  mentored_dec: chosen alphas = [0.75, 0.15]
  cactus: chosen alphas = [0.03, 0.18, 0.35]
  spec_casc_opt: chosen alphas = [0.05, -0.3]
  r_fuzzy: chosen alphas = [0.15, 0.25, 0.03]
  spec_casc_tok: chosen alphas = [0.8, 0.15]
wrote /home/chiatzen/lossy-token-eff/campaign/calibration/livecodebench_qwen3.json
$ /home/chiatzen/lossy-token-eff/.venv-vllm/bin/python /home/chiatzen/lossy-token-eff/scripts/fresh_server_replay.py --arms mentored_dec --cases case_001 case_002 case_003 case_004 case_005 case_006 case_007 case_008 case_009 case_010 case_011 case_012 --mentored-dec-alpha 0.75 --prompt-root /home/chiatzen/lossy-token-eff/prompts/livecodebench_qwen3 --runs-root /home/chiatzen/lossy-token-eff/runs --log-root /home/chiatzen/lossy-token-eff/logs/campaign_livecodebench_qwen3 --max-new-tokens 12000 --port 30000 --model-path Qwen/Qwen3-8B --draft-model-path RedHatAI/Qwen3-8B-speculator.eagle3 --served-model-name qwen3-8b --rope-scaling-json {"rope_type":"yarn","factor":1.6,"original_max_position_embeddings":40960}
skip case_001 seed=0 mentored_dec/alpha0.75: already present (/home/chiatzen/lossy-token-eff/runs/livecodebench_qwen3/mentored_dec/alpha0.75/case_001/seed_0/run.json)
skip case_002 seed=0 mentored_dec/alpha0.75: already present (/home/chiatzen/lossy-token-eff/runs/livecodebench_qwen3/mentored_dec/alpha0.75/case_002/seed_0/run.json)
skip case_003 seed=0 mentored_dec/alpha0.75: already present (/home/chiatzen/lossy-token-eff/runs/livecodebench_qwen3/mentored_dec/alpha0.75/case_003/seed_0/run.json)
9 run(s), one fresh server each

[1/9] case_004 seed=0 arm=mentored_dec -> /home/chiatzen/lossy-token-eff/logs/campaign_livecodebench_qwen3/mentoredDec0.75_case_004_seed0_20260821T204502Z.log
case_004 seed=0 mode=mentoredDec0.75: L=5352 finish=stop l_bar=1.297 L/l_bar=4127.8 final_ch=False wall=31.75s
[1/9] ok in 126s

[2/9] case_005 seed=0 arm=mentored_dec -> /home/chiatzen/lossy-token-eff/logs/campaign_livecodebench_qwen3/mentoredDec0.75_case_005_seed0_20260821T204708Z.log
case_005 seed=0 mode=mentoredDec0.75: L=12000 finish=length l_bar=1.514 L/l_bar=7924.2 final_ch=False wall=66.54s
[2/9] ok in 161s

[3/9] case_006 seed=0 arm=mentored_dec -> /home/chiatzen/lossy-token-eff/logs/campaign_livecodebench_qwen3/mentoredDec0.75_case_006_seed0_20260821T204949Z.log
case_006 seed=0 mode=mentoredDec0.75: L=10987 finish=stop l_bar=1.289 L/l_bar=8522.2 final_ch=False wall=66.61s
[3/9] ok in 162s

[4/9] case_007 seed=0 arm=mentored_dec -> /home/chiatzen/lossy-token-eff/logs/campaign_livecodebench_qwen3/mentoredDec0.75_case_007_seed0_20260821T205231Z.log
case_007 seed=0 mode=mentoredDec0.75: L=12000 finish=length l_bar=1.256 L/l_bar=9555.1 final_ch=False wall=74.02s
[4/9] ok in 169s

[5/9] case_008 seed=0 arm=mentored_dec -> /home/chiatzen/lossy-token-eff/logs/campaign_livecodebench_qwen3/mentoredDec0.75_case_008_seed0_20260821T205520Z.log
case_008 seed=0 mode=mentoredDec0.75: L=5230 finish=stop l_bar=1.414 L/l_bar=3698.4 final_ch=False wall=29.48s
[5/9] ok in 123s

[6/9] case_009 seed=0 arm=mentored_dec -> /home/chiatzen/lossy-token-eff/logs/campaign_livecodebench_qwen3/mentoredDec0.75_case_009_seed0_20260821T205723Z.log
case_009 seed=0 mode=mentoredDec0.75: L=12000 finish=length l_bar=1.167 L/l_bar=10282.3 final_ch=False wall=77.12s
[6/9] ok in 172s

[7/9] case_010 seed=0 arm=mentored_dec -> /home/chiatzen/lossy-token-eff/logs/campaign_livecodebench_qwen3/mentoredDec0.75_case_010_seed0_20260821T210016Z.log
case_010 seed=0 mode=mentoredDec0.75: L=3182 finish=stop l_bar=1.312 L/l_bar=2425.7 final_ch=False wall=18.63s
[7/9] ok in 126s

[8/9] case_011 seed=0 arm=mentored_dec -> /home/chiatzen/lossy-token-eff/logs/campaign_livecodebench_qwen3/mentoredDec0.75_case_011_seed0_20260821T210222Z.log
case_011 seed=0 mode=mentoredDec0.75: L=11772 finish=stop l_bar=1.371 L/l_bar=8584.7 final_ch=False wall=69.14s
[8/9] ok in 164s

[9/9] case_012 seed=0 arm=mentored_dec -> /home/chiatzen/lossy-token-eff/logs/campaign_livecodebench_qwen3/mentoredDec0.75_case_012_seed0_20260821T210506Z.log
case_012 seed=0 mode=mentoredDec0.75: L=11908 finish=stop l_bar=1.205 L/l_bar=9882.2 final_ch=False wall=75.22s
[9/9] ok in 170s

wrote /home/chiatzen/lossy-token-eff/runs/livecodebench_qwen3/fresh_server_replay.json; 9/9 ok
$ /home/chiatzen/lossy-token-eff/.venv-vllm/bin/python /home/chiatzen/lossy-token-eff/scripts/fresh_server_replay.py --arms mentored_dec --cases case_001 case_002 case_003 case_004 case_005 case_006 case_007 case_008 case_009 case_010 case_011 case_012 --mentored-dec-alpha 0.15 --prompt-root /home/chiatzen/lossy-token-eff/prompts/livecodebench_qwen3 --runs-root /home/chiatzen/lossy-token-eff/runs --log-root /home/chiatzen/lossy-token-eff/logs/campaign_livecodebench_qwen3 --max-new-tokens 12000 --port 30000 --model-path Qwen/Qwen3-8B --draft-model-path RedHatAI/Qwen3-8B-speculator.eagle3 --served-model-name qwen3-8b --rope-scaling-json {"rope_type":"yarn","factor":1.6,"original_max_position_embeddings":40960}
skip case_001 seed=0 mentored_dec/alpha0.15: already present (/home/chiatzen/lossy-token-eff/runs/livecodebench_qwen3/mentored_dec/alpha0.15/case_001/seed_0/run.json)
skip case_002 seed=0 mentored_dec/alpha0.15: already present (/home/chiatzen/lossy-token-eff/runs/livecodebench_qwen3/mentored_dec/alpha0.15/case_002/seed_0/run.json)
skip case_003 seed=0 mentored_dec/alpha0.15: already present (/home/chiatzen/lossy-token-eff/runs/livecodebench_qwen3/mentored_dec/alpha0.15/case_003/seed_0/run.json)
9 run(s), one fresh server each

[1/9] case_004 seed=0 arm=mentored_dec -> /home/chiatzen/lossy-token-eff/logs/campaign_livecodebench_qwen3/mentoredDec0.15_case_004_seed0_20260821T210756Z.log
case_004 seed=0 mode=mentoredDec0.15: L=5676 finish=stop l_bar=1.175 L/l_bar=4830.0 final_ch=False wall=35.60s
[1/9] ok in 131s

[2/9] case_005 seed=0 arm=mentored_dec -> /home/chiatzen/lossy-token-eff/logs/campaign_livecodebench_qwen3/mentoredDec0.15_case_005_seed0_20260821T211007Z.log
case_005 seed=0 mode=mentoredDec0.15: L=12000 finish=length l_bar=1.187 L/l_bar=10111.2 final_ch=False wall=76.52s
[2/9] ok in 170s

[3/9] case_006 seed=0 arm=mentored_dec -> /home/chiatzen/lossy-token-eff/logs/campaign_livecodebench_qwen3/mentoredDec0.15_case_006_seed0_20260821T211257Z.log
case_006 seed=0 mode=mentoredDec0.15: L=10134 finish=stop l_bar=1.116 L/l_bar=9081.5 final_ch=False wall=66.33s
[3/9] ok in 162s

[4/9] case_007 seed=0 arm=mentored_dec -> /home/chiatzen/lossy-token-eff/logs/campaign_livecodebench_qwen3/mentoredDec0.15_case_007_seed0_20260821T211539Z.log
case_007 seed=0 mode=mentoredDec0.15: L=11572 finish=stop l_bar=1.08 L/l_bar=10711.2 final_ch=False wall=77.28s
[4/9] ok in 171s

[5/9] case_008 seed=0 arm=mentored_dec -> /home/chiatzen/lossy-token-eff/logs/campaign_livecodebench_qwen3/mentoredDec0.15_case_008_seed0_20260821T211830Z.log
case_008 seed=0 mode=mentoredDec0.15: L=6984 finish=stop l_bar=1.152 L/l_bar=6062.9 final_ch=False wall=44.41s
[5/9] ok in 140s

[6/9] case_009 seed=0 arm=mentored_dec -> /home/chiatzen/lossy-token-eff/logs/campaign_livecodebench_qwen3/mentoredDec0.15_case_009_seed0_20260821T212050Z.log
case_009 seed=0 mode=mentoredDec0.15: L=12000 finish=length l_bar=1.01 L/l_bar=11878.6 final_ch=False wall=83.06s
[6/9] ok in 179s

[7/9] case_010 seed=0 arm=mentored_dec -> /home/chiatzen/lossy-token-eff/logs/campaign_livecodebench_qwen3/mentoredDec0.15_case_010_seed0_20260821T212348Z.log
case_010 seed=0 mode=mentoredDec0.15: L=3289 finish=stop l_bar=1.093 L/l_bar=3009.3 final_ch=False wall=21.26s
[7/9] ok in 114s

[8/9] case_011 seed=0 arm=mentored_dec -> /home/chiatzen/lossy-token-eff/logs/campaign_livecodebench_qwen3/mentoredDec0.15_case_011_seed0_20260821T212543Z.log
case_011 seed=0 mode=mentoredDec0.15: L=10405 finish=stop l_bar=1.177 L/l_bar=8843.5 final_ch=False wall=66.32s
[8/9] ok in 161s

[9/9] case_012 seed=0 arm=mentored_dec -> /home/chiatzen/lossy-token-eff/logs/campaign_livecodebench_qwen3/mentoredDec0.15_case_012_seed0_20260821T212824Z.log
case_012 seed=0 mode=mentoredDec0.15: L=10183 finish=stop l_bar=1.085 L/l_bar=9387.3 final_ch=False wall=67.66s
[9/9] ok in 163s

wrote /home/chiatzen/lossy-token-eff/runs/livecodebench_qwen3/fresh_server_replay.json; 9/9 ok
$ /home/chiatzen/lossy-token-eff/.venv-vllm/bin/python /home/chiatzen/lossy-token-eff/scripts/fresh_server_replay.py --arms cactus --cases case_001 case_002 case_003 case_004 case_005 case_006 case_007 case_008 case_009 case_010 case_011 case_012 --cactus-alpha 0.03 --prompt-root /home/chiatzen/lossy-token-eff/prompts/livecodebench_qwen3 --runs-root /home/chiatzen/lossy-token-eff/runs --log-root /home/chiatzen/lossy-token-eff/logs/campaign_livecodebench_qwen3 --max-new-tokens 12000 --port 30000 --model-path Qwen/Qwen3-8B --draft-model-path RedHatAI/Qwen3-8B-speculator.eagle3 --served-model-name qwen3-8b --rope-scaling-json {"rope_type":"yarn","factor":1.6,"original_max_position_embeddings":40960}
skip case_001 seed=0 cactus/alpha0.03: already present (/home/chiatzen/lossy-token-eff/runs/livecodebench_qwen3/cactus/alpha0.03/case_001/seed_0/run.json)
skip case_002 seed=0 cactus/alpha0.03: already present (/home/chiatzen/lossy-token-eff/runs/livecodebench_qwen3/cactus/alpha0.03/case_002/seed_0/run.json)
skip case_003 seed=0 cactus/alpha0.03: already present (/home/chiatzen/lossy-token-eff/runs/livecodebench_qwen3/cactus/alpha0.03/case_003/seed_0/run.json)
9 run(s), one fresh server each

[1/9] case_004 seed=0 arm=cactus -> /home/chiatzen/lossy-token-eff/logs/campaign_livecodebench_qwen3/cactus0.03_case_004_seed0_20260821T213108Z.log
case_004 seed=0 mode=cactus0.03: L=6973 finish=stop l_bar=1.227 L/l_bar=5684.1 final_ch=False wall=42.93s
[1/9] ok in 134s

[2/9] case_005 seed=0 arm=cactus -> /home/chiatzen/lossy-token-eff/logs/campaign_livecodebench_qwen3/cactus0.03_case_005_seed0_20260821T213321Z.log
case_005 seed=0 mode=cactus0.03: L=12000 finish=length l_bar=1.613 L/l_bar=7439.4 final_ch=False wall=63.99s
[2/9] ok in 157s

[3/9] case_006 seed=0 arm=cactus -> /home/chiatzen/lossy-token-eff/logs/campaign_livecodebench_qwen3/cactus0.03_case_006_seed0_20260821T213559Z.log
case_006 seed=0 mode=cactus0.03: L=12000 finish=length l_bar=1.198 L/l_bar=10015.0 final_ch=False wall=76.08s
[3/9] ok in 169s

[4/9] case_007 seed=0 arm=cactus -> /home/chiatzen/lossy-token-eff/logs/campaign_livecodebench_qwen3/cactus0.03_case_007_seed0_20260821T213848Z.log
case_007 seed=0 mode=cactus0.03: L=12000 finish=length l_bar=1.22 L/l_bar=9839.5 final_ch=False wall=75.16s
[4/9] ok in 168s

[5/9] case_008 seed=0 arm=cactus -> /home/chiatzen/lossy-token-eff/logs/campaign_livecodebench_qwen3/cactus0.03_case_008_seed0_20260821T214136Z.log
case_008 seed=0 mode=cactus0.03: L=5479 finish=stop l_bar=1.314 L/l_bar=4168.7 final_ch=False wall=32.30s
[5/9] ok in 125s

[6/9] case_009 seed=0 arm=cactus -> /home/chiatzen/lossy-token-eff/logs/campaign_livecodebench_qwen3/cactus0.03_case_009_seed0_20260821T214341Z.log
case_009 seed=0 mode=cactus0.03: L=12000 finish=length l_bar=1.258 L/l_bar=9539.3 final_ch=False wall=73.92s
[6/9] ok in 166s

[7/9] case_010 seed=0 arm=cactus -> /home/chiatzen/lossy-token-eff/logs/campaign_livecodebench_qwen3/cactus0.03_case_010_seed0_20260821T214627Z.log
case_010 seed=0 mode=cactus0.03: L=3753 finish=stop l_bar=1.217 L/l_bar=3082.9 final_ch=False wall=22.95s
[7/9] ok in 116s

[8/9] case_011 seed=0 arm=cactus -> /home/chiatzen/lossy-token-eff/logs/campaign_livecodebench_qwen3/cactus0.03_case_011_seed0_20260821T214823Z.log
case_011 seed=0 mode=cactus0.03: L=10761 finish=stop l_bar=1.287 L/l_bar=8361.8 final_ch=False wall=65.41s
[8/9] ok in 159s

[9/9] case_012 seed=0 arm=cactus -> /home/chiatzen/lossy-token-eff/logs/campaign_livecodebench_qwen3/cactus0.03_case_012_seed0_20260821T215102Z.log
case_012 seed=0 mode=cactus0.03: L=7684 finish=stop l_bar=1.219 L/l_bar=6305.6 final_ch=False wall=47.61s
[9/9] ok in 138s

wrote /home/chiatzen/lossy-token-eff/runs/livecodebench_qwen3/fresh_server_replay.json; 9/9 ok
$ /home/chiatzen/lossy-token-eff/.venv-vllm/bin/python /home/chiatzen/lossy-token-eff/scripts/fresh_server_replay.py --arms cactus --cases case_001 case_002 case_003 case_004 case_005 case_006 case_007 case_008 case_009 case_010 case_011 case_012 --cactus-alpha 0.18 --prompt-root /home/chiatzen/lossy-token-eff/prompts/livecodebench_qwen3 --runs-root /home/chiatzen/lossy-token-eff/runs --log-root /home/chiatzen/lossy-token-eff/logs/campaign_livecodebench_qwen3 --max-new-tokens 12000 --port 30000 --model-path Qwen/Qwen3-8B --draft-model-path RedHatAI/Qwen3-8B-speculator.eagle3 --served-model-name qwen3-8b --rope-scaling-json {"rope_type":"yarn","factor":1.6,"original_max_position_embeddings":40960}
skip case_001 seed=0 cactus/alpha0.18: already present (/home/chiatzen/lossy-token-eff/runs/livecodebench_qwen3/cactus/alpha0.18/case_001/seed_0/run.json)
skip case_002 seed=0 cactus/alpha0.18: already present (/home/chiatzen/lossy-token-eff/runs/livecodebench_qwen3/cactus/alpha0.18/case_002/seed_0/run.json)
skip case_003 seed=0 cactus/alpha0.18: already present (/home/chiatzen/lossy-token-eff/runs/livecodebench_qwen3/cactus/alpha0.18/case_003/seed_0/run.json)
9 run(s), one fresh server each

[1/9] case_004 seed=0 arm=cactus -> /home/chiatzen/lossy-token-eff/logs/campaign_livecodebench_qwen3/cactus0.18_case_004_seed0_20260821T215320Z.log
case_004 seed=0 mode=cactus0.18: L=3925 finish=stop l_bar=1.321 L/l_bar=2972.3 final_ch=False wall=22.94s
[1/9] ok in 114s

[2/9] case_005 seed=0 arm=cactus -> /home/chiatzen/lossy-token-eff/logs/campaign_livecodebench_qwen3/cactus0.18_case_005_seed0_20260821T215514Z.log
case_005 seed=0 mode=cactus0.18: L=12000 finish=length l_bar=2.64 L/l_bar=4545.5 final_ch=False wall=45.72s
[2/9] ok in 138s

[3/9] case_006 seed=0 arm=cactus -> /home/chiatzen/lossy-token-eff/logs/campaign_livecodebench_qwen3/cactus0.18_case_006_seed0_20260821T215732Z.log
case_006 seed=0 mode=cactus0.18: L=12000 finish=length l_bar=2.183 L/l_bar=5496.4 final_ch=False wall=52.31s
[3/9] ok in 145s

[4/9] case_007 seed=0 arm=cactus -> /home/chiatzen/lossy-token-eff/logs/campaign_livecodebench_qwen3/cactus0.18_case_007_seed0_20260821T215957Z.log
case_007 seed=0 mode=cactus0.18: L=12000 finish=length l_bar=1.915 L/l_bar=6268.0 final_ch=False wall=57.04s
[4/9] ok in 148s

[5/9] case_008 seed=0 arm=cactus -> /home/chiatzen/lossy-token-eff/logs/campaign_livecodebench_qwen3/cactus0.18_case_008_seed0_20260821T220225Z.log
case_008 seed=0 mode=cactus0.18: L=6280 finish=stop l_bar=1.361 L/l_bar=4613.3 final_ch=False wall=36.35s
[5/9] ok in 128s

[6/9] case_009 seed=0 arm=cactus -> /home/chiatzen/lossy-token-eff/logs/campaign_livecodebench_qwen3/cactus0.18_case_009_seed0_20260821T220433Z.log
case_009 seed=0 mode=cactus0.18: L=12000 finish=length l_bar=2.209 L/l_bar=5433.4 final_ch=False wall=51.92s
[6/9] ok in 143s

[7/9] case_010 seed=0 arm=cactus -> /home/chiatzen/lossy-token-eff/logs/campaign_livecodebench_qwen3/cactus0.18_case_010_seed0_20260821T220656Z.log
case_010 seed=0 mode=cactus0.18: L=3909 finish=stop l_bar=1.263 L/l_bar=3095.3 final_ch=False wall=23.41s
[7/9] ok in 116s

[8/9] case_011 seed=0 arm=cactus -> /home/chiatzen/lossy-token-eff/logs/campaign_livecodebench_qwen3/cactus0.18_case_011_seed0_20260821T220852Z.log
case_011 seed=0 mode=cactus0.18: L=6528 finish=stop l_bar=1.589 L/l_bar=4108.1 final_ch=False wall=34.53s
[8/9] ok in 127s

[9/9] case_012 seed=0 arm=cactus -> /home/chiatzen/lossy-token-eff/logs/campaign_livecodebench_qwen3/cactus0.18_case_012_seed0_20260821T221100Z.log
case_012 seed=0 mode=cactus0.18: L=6812 finish=stop l_bar=1.388 L/l_bar=4907.3 final_ch=False wall=39.05s
[9/9] ok in 130s

wrote /home/chiatzen/lossy-token-eff/runs/livecodebench_qwen3/fresh_server_replay.json; 9/9 ok
$ /home/chiatzen/lossy-token-eff/.venv-vllm/bin/python /home/chiatzen/lossy-token-eff/scripts/fresh_server_replay.py --arms cactus --cases case_001 case_002 case_003 case_004 case_005 case_006 case_007 case_008 case_009 case_010 case_011 case_012 --cactus-alpha 0.35 --prompt-root /home/chiatzen/lossy-token-eff/prompts/livecodebench_qwen3 --runs-root /home/chiatzen/lossy-token-eff/runs --log-root /home/chiatzen/lossy-token-eff/logs/campaign_livecodebench_qwen3 --max-new-tokens 12000 --port 30000 --model-path Qwen/Qwen3-8B --draft-model-path RedHatAI/Qwen3-8B-speculator.eagle3 --served-model-name qwen3-8b --rope-scaling-json {"rope_type":"yarn","factor":1.6,"original_max_position_embeddings":40960}
skip case_001 seed=0 cactus/alpha0.35: already present (/home/chiatzen/lossy-token-eff/runs/livecodebench_qwen3/cactus/alpha0.35/case_001/seed_0/run.json)
skip case_002 seed=0 cactus/alpha0.35: already present (/home/chiatzen/lossy-token-eff/runs/livecodebench_qwen3/cactus/alpha0.35/case_002/seed_0/run.json)
skip case_003 seed=0 cactus/alpha0.35: already present (/home/chiatzen/lossy-token-eff/runs/livecodebench_qwen3/cactus/alpha0.35/case_003/seed_0/run.json)
9 run(s), one fresh server each

[1/9] case_004 seed=0 arm=cactus -> /home/chiatzen/lossy-token-eff/logs/campaign_livecodebench_qwen3/cactus0.35_case_004_seed0_20260821T221309Z.log
case_004 seed=0 mode=cactus0.35: L=5400 finish=stop l_bar=1.368 L/l_bar=3947.4 final_ch=False wall=31.08s
[1/9] ok in 122s

[2/9] case_005 seed=0 arm=cactus -> /home/chiatzen/lossy-token-eff/logs/campaign_livecodebench_qwen3/cactus0.35_case_005_seed0_20260821T221511Z.log
case_005 seed=0 mode=cactus0.35: L=12000 finish=length l_bar=3.644 L/l_bar=3293.3 final_ch=False wall=35.81s
[2/9] ok in 127s

[3/9] case_006 seed=0 arm=cactus -> /home/chiatzen/lossy-token-eff/logs/campaign_livecodebench_qwen3/cactus0.35_case_006_seed0_20260821T221718Z.log
case_006 seed=0 mode=cactus0.35: L=12000 finish=length l_bar=2.931 L/l_bar=4094.8 final_ch=False wall=42.25s
[3/9] ok in 133s

[4/9] case_007 seed=0 arm=cactus -> /home/chiatzen/lossy-token-eff/logs/campaign_livecodebench_qwen3/cactus0.35_case_007_seed0_20260821T221932Z.log
case_007 seed=0 mode=cactus0.35: L=12000 finish=length l_bar=2.453 L/l_bar=4891.5 final_ch=False wall=48.04s
[4/9] ok in 140s

[5/9] case_008 seed=0 arm=cactus -> /home/chiatzen/lossy-token-eff/logs/campaign_livecodebench_qwen3/cactus0.35_case_008_seed0_20260821T222152Z.log
case_008 seed=0 mode=cactus0.35: L=9155 finish=stop l_bar=1.766 L/l_bar=5185.3 final_ch=False wall=45.58s
[5/9] ok in 137s

[6/9] case_009 seed=0 arm=cactus -> /home/chiatzen/lossy-token-eff/logs/campaign_livecodebench_qwen3/cactus0.35_case_009_seed0_20260821T222409Z.log
case_009 seed=0 mode=cactus0.35: L=12000 finish=length l_bar=2.704 L/l_bar=4438.4 final_ch=False wall=44.80s
[6/9] ok in 135s

[7/9] case_010 seed=0 arm=cactus -> /home/chiatzen/lossy-token-eff/logs/campaign_livecodebench_qwen3/cactus0.35_case_010_seed0_20260821T222624Z.log
case_010 seed=0 mode=cactus0.35: L=3720 finish=stop l_bar=1.314 L/l_bar=2830.5 final_ch=False wall=21.77s
[7/9] ok in 112s

[8/9] case_011 seed=0 arm=cactus -> /home/chiatzen/lossy-token-eff/logs/campaign_livecodebench_qwen3/cactus0.35_case_011_seed0_20260821T222817Z.log
case_011 seed=0 mode=cactus0.35: L=12000 finish=length l_bar=2.881 L/l_bar=4164.7 final_ch=False wall=42.91s
[8/9] ok in 136s

[9/9] case_012 seed=0 arm=cactus -> /home/chiatzen/lossy-token-eff/logs/campaign_livecodebench_qwen3/cactus0.35_case_012_seed0_20260821T223033Z.log
case_012 seed=0 mode=cactus0.35: L=12000 finish=length l_bar=2.323 L/l_bar=5165.5 final_ch=False wall=50.18s
[9/9] ok in 143s

wrote /home/chiatzen/lossy-token-eff/runs/livecodebench_qwen3/fresh_server_replay.json; 9/9 ok
$ /home/chiatzen/lossy-token-eff/.venv-vllm/bin/python /home/chiatzen/lossy-token-eff/scripts/fresh_server_replay.py --arms spec_casc_opt --cases case_001 case_002 case_003 case_004 case_005 case_006 case_007 case_008 case_009 case_010 case_011 case_012 --spec-casc-opt-alpha 0.05 --prompt-root /home/chiatzen/lossy-token-eff/prompts/livecodebench_qwen3 --runs-root /home/chiatzen/lossy-token-eff/runs --log-root /home/chiatzen/lossy-token-eff/logs/campaign_livecodebench_qwen3 --max-new-tokens 12000 --port 30000 --model-path Qwen/Qwen3-8B --draft-model-path RedHatAI/Qwen3-8B-speculator.eagle3 --served-model-name qwen3-8b --rope-scaling-json {"rope_type":"yarn","factor":1.6,"original_max_position_embeddings":40960}
skip case_001 seed=0 spec_casc_opt/alpha0.05: already present (/home/chiatzen/lossy-token-eff/runs/livecodebench_qwen3/spec_casc_opt/alpha0.05/case_001/seed_0/run.json)
skip case_002 seed=0 spec_casc_opt/alpha0.05: already present (/home/chiatzen/lossy-token-eff/runs/livecodebench_qwen3/spec_casc_opt/alpha0.05/case_002/seed_0/run.json)
skip case_003 seed=0 spec_casc_opt/alpha0.05: already present (/home/chiatzen/lossy-token-eff/runs/livecodebench_qwen3/spec_casc_opt/alpha0.05/case_003/seed_0/run.json)
9 run(s), one fresh server each

[1/9] case_004 seed=0 arm=spec_casc_opt -> /home/chiatzen/lossy-token-eff/logs/campaign_livecodebench_qwen3/specCascOpt0.05_case_004_seed0_20260821T223255Z.log
case_004 seed=0 mode=specCascOpt0.05: L=12000 finish=length l_bar=1.474 L/l_bar=8138.7 final_ch=False wall=67.52s
[1/9] ok in 157s

[2/9] case_005 seed=0 arm=spec_casc_opt -> /home/chiatzen/lossy-token-eff/logs/campaign_livecodebench_qwen3/specCascOpt0.05_case_005_seed0_20260821T223532Z.log
case_005 seed=0 mode=specCascOpt0.05: L=12000 finish=length l_bar=1.555 L/l_bar=7716.3 final_ch=False wall=65.52s
[2/9] ok in 154s

[3/9] case_006 seed=0 arm=spec_casc_opt -> /home/chiatzen/lossy-token-eff/logs/campaign_livecodebench_qwen3/specCascOpt0.05_case_006_seed0_20260821T223806Z.log
case_006 seed=0 mode=specCascOpt0.05: L=12000 finish=length l_bar=1.493 L/l_bar=8040.1 final_ch=False wall=67.10s
[3/9] ok in 156s

[4/9] case_007 seed=0 arm=spec_casc_opt -> /home/chiatzen/lossy-token-eff/logs/campaign_livecodebench_qwen3/specCascOpt0.05_case_007_seed0_20260821T224042Z.log
case_007 seed=0 mode=specCascOpt0.05: L=12000 finish=length l_bar=1.3 L/l_bar=9232.7 final_ch=False wall=72.65s
[4/9] ok in 162s

[5/9] case_008 seed=0 arm=spec_casc_opt -> /home/chiatzen/lossy-token-eff/logs/campaign_livecodebench_qwen3/specCascOpt0.05_case_008_seed0_20260821T224324Z.log
case_008 seed=0 mode=specCascOpt0.05: L=8282 finish=stop l_bar=1.439 L/l_bar=5754.7 final_ch=False wall=46.74s
[5/9] ok in 136s

[6/9] case_009 seed=0 arm=spec_casc_opt -> /home/chiatzen/lossy-token-eff/logs/campaign_livecodebench_qwen3/specCascOpt0.05_case_009_seed0_20260821T224539Z.log
case_009 seed=0 mode=specCascOpt0.05: L=12000 finish=length l_bar=1.271 L/l_bar=9442.7 final_ch=False wall=73.61s
[6/9] ok in 161s

[7/9] case_010 seed=0 arm=spec_casc_opt -> /home/chiatzen/lossy-token-eff/logs/campaign_livecodebench_qwen3/specCascOpt0.05_case_010_seed0_20260821T224821Z.log
case_010 seed=0 mode=specCascOpt0.05: L=6763 finish=stop l_bar=1.444 L/l_bar=4684.2 final_ch=False wall=37.86s
[7/9] ok in 125s

[8/9] case_011 seed=0 arm=spec_casc_opt -> /home/chiatzen/lossy-token-eff/logs/campaign_livecodebench_qwen3/specCascOpt0.05_case_011_seed0_20260821T225025Z.log
case_011 seed=0 mode=specCascOpt0.05: L=12000 finish=length l_bar=1.403 L/l_bar=8553.8 final_ch=False wall=69.60s
[8/9] ok in 159s

[9/9] case_012 seed=0 arm=spec_casc_opt -> /home/chiatzen/lossy-token-eff/logs/campaign_livecodebench_qwen3/specCascOpt0.05_case_012_seed0_20260821T225304Z.log
case_012 seed=0 mode=specCascOpt0.05: L=12000 finish=length l_bar=1.471 L/l_bar=8155.1 final_ch=False wall=67.60s
[9/9] ok in 156s

wrote /home/chiatzen/lossy-token-eff/runs/livecodebench_qwen3/fresh_server_replay.json; 9/9 ok
$ /home/chiatzen/lossy-token-eff/.venv-vllm/bin/python /home/chiatzen/lossy-token-eff/scripts/fresh_server_replay.py --arms spec_casc_opt --cases case_001 case_002 case_003 case_004 case_005 case_006 case_007 case_008 case_009 case_010 case_011 case_012 --spec-casc-opt-alpha -0.3 --prompt-root /home/chiatzen/lossy-token-eff/prompts/livecodebench_qwen3 --runs-root /home/chiatzen/lossy-token-eff/runs --log-root /home/chiatzen/lossy-token-eff/logs/campaign_livecodebench_qwen3 --max-new-tokens 12000 --port 30000 --model-path Qwen/Qwen3-8B --draft-model-path RedHatAI/Qwen3-8B-speculator.eagle3 --served-model-name qwen3-8b --rope-scaling-json {"rope_type":"yarn","factor":1.6,"original_max_position_embeddings":40960}
skip case_001 seed=0 spec_casc_opt/alphaneg0.3: already present (/home/chiatzen/lossy-token-eff/runs/livecodebench_qwen3/spec_casc_opt/alphaneg0.3/case_001/seed_0/run.json)
skip case_002 seed=0 spec_casc_opt/alphaneg0.3: already present (/home/chiatzen/lossy-token-eff/runs/livecodebench_qwen3/spec_casc_opt/alphaneg0.3/case_002/seed_0/run.json)
skip case_003 seed=0 spec_casc_opt/alphaneg0.3: already present (/home/chiatzen/lossy-token-eff/runs/livecodebench_qwen3/spec_casc_opt/alphaneg0.3/case_003/seed_0/run.json)
9 run(s), one fresh server each

[1/9] case_004 seed=0 arm=spec_casc_opt -> /home/chiatzen/lossy-token-eff/logs/campaign_livecodebench_qwen3/specCascOptneg0.3_case_004_seed0_20260821T225540Z.log
case_004 seed=0 mode=specCascOptneg0.3: L=7964 finish=stop l_bar=1.251 L/l_bar=6364.4 final_ch=False wall=48.60s
[1/9] ok in 136s

[2/9] case_005 seed=0 arm=spec_casc_opt -> /home/chiatzen/lossy-token-eff/logs/campaign_livecodebench_qwen3/specCascOptneg0.3_case_005_seed0_20260821T225757Z.log
case_005 seed=0 mode=specCascOptneg0.3: L=12000 finish=length l_bar=1.26 L/l_bar=9523.2 final_ch=False wall=73.86s
[2/9] ok in 163s

[3/9] case_006 seed=0 arm=spec_casc_opt -> /home/chiatzen/lossy-token-eff/logs/campaign_livecodebench_qwen3/specCascOptneg0.3_case_006_seed0_20260821T230040Z.log
case_006 seed=0 mode=specCascOptneg0.3: L=10687 finish=stop l_bar=1.156 L/l_bar=9246.9 final_ch=False wall=68.77s
[3/9] ok in 158s

[4/9] case_007 seed=0 arm=spec_casc_opt -> /home/chiatzen/lossy-token-eff/logs/campaign_livecodebench_qwen3/specCascOptneg0.3_case_007_seed0_20260821T230318Z.log
case_007 seed=0 mode=specCascOptneg0.3: L=12000 finish=length l_bar=1.094 L/l_bar=10971.9 final_ch=False wall=79.69s
[4/9] ok in 168s

[5/9] case_008 seed=0 arm=spec_casc_opt -> /home/chiatzen/lossy-token-eff/logs/campaign_livecodebench_qwen3/specCascOptneg0.3_case_008_seed0_20260821T230606Z.log
case_008 seed=0 mode=specCascOptneg0.3: L=5234 finish=stop l_bar=1.278 L/l_bar=4094.9 final_ch=False wall=31.26s
[5/9] ok in 120s

[6/9] case_009 seed=0 arm=spec_casc_opt -> /home/chiatzen/lossy-token-eff/logs/campaign_livecodebench_qwen3/specCascOptneg0.3_case_009_seed0_20260821T230806Z.log
case_009 seed=0 mode=specCascOptneg0.3: L=12000 finish=length l_bar=1.113 L/l_bar=10782.9 final_ch=False wall=79.09s
[6/9] ok in 168s

[7/9] case_010 seed=0 arm=spec_casc_opt -> /home/chiatzen/lossy-token-eff/logs/campaign_livecodebench_qwen3/specCascOptneg0.3_case_010_seed0_20260821T231054Z.log
case_010 seed=0 mode=specCascOptneg0.3: L=2514 finish=stop l_bar=1.187 L/l_bar=2118.0 final_ch=False wall=15.54s
[7/9] ok in 105s

[8/9] case_011 seed=0 arm=spec_casc_opt -> /home/chiatzen/lossy-token-eff/logs/campaign_livecodebench_qwen3/specCascOptneg0.3_case_011_seed0_20260821T231239Z.log
case_011 seed=0 mode=specCascOptneg0.3: L=10125 finish=stop l_bar=1.207 L/l_bar=8391.2 final_ch=False wall=63.60s
[8/9] ok in 150s

[9/9] case_012 seed=0 arm=spec_casc_opt -> /home/chiatzen/lossy-token-eff/logs/campaign_livecodebench_qwen3/specCascOptneg0.3_case_012_seed0_20260821T231509Z.log
case_012 seed=0 mode=specCascOptneg0.3: L=11702 finish=stop l_bar=1.221 L/l_bar=9582.8 final_ch=False wall=73.40s
[9/9] ok in 162s

wrote /home/chiatzen/lossy-token-eff/runs/livecodebench_qwen3/fresh_server_replay.json; 9/9 ok
$ /home/chiatzen/lossy-token-eff/.venv-vllm/bin/python /home/chiatzen/lossy-token-eff/scripts/fresh_server_replay.py --arms r_fuzzy --cases case_001 case_002 case_003 case_004 case_005 case_006 case_007 case_008 case_009 case_010 case_011 case_012 --r-fuzzy-alpha 0.15 --prompt-root /home/chiatzen/lossy-token-eff/prompts/livecodebench_qwen3 --runs-root /home/chiatzen/lossy-token-eff/runs --log-root /home/chiatzen/lossy-token-eff/logs/campaign_livecodebench_qwen3 --max-new-tokens 12000 --port 30000 --model-path Qwen/Qwen3-8B --draft-model-path RedHatAI/Qwen3-8B-speculator.eagle3 --served-model-name qwen3-8b --rope-scaling-json {"rope_type":"yarn","factor":1.6,"original_max_position_embeddings":40960}
skip case_001 seed=0 r_fuzzy/alpha0.15: already present (/home/chiatzen/lossy-token-eff/runs/livecodebench_qwen3/r_fuzzy/alpha0.15/case_001/seed_0/run.json)
skip case_002 seed=0 r_fuzzy/alpha0.15: already present (/home/chiatzen/lossy-token-eff/runs/livecodebench_qwen3/r_fuzzy/alpha0.15/case_002/seed_0/run.json)
skip case_003 seed=0 r_fuzzy/alpha0.15: already present (/home/chiatzen/lossy-token-eff/runs/livecodebench_qwen3/r_fuzzy/alpha0.15/case_003/seed_0/run.json)
9 run(s), one fresh server each

[1/9] case_004 seed=0 arm=r_fuzzy -> /home/chiatzen/lossy-token-eff/logs/campaign_livecodebench_qwen3/rFuzzy0.15_case_004_seed0_20260821T231752Z.log
case_004 seed=0 mode=rFuzzy0.15: L=12000 finish=length l_bar=1.222 L/l_bar=9819.7 final_ch=False wall=75.31s
[1/9] ok in 164s

[2/9] case_005 seed=0 arm=r_fuzzy -> /home/chiatzen/lossy-token-eff/logs/campaign_livecodebench_qwen3/rFuzzy0.15_case_005_seed0_20260821T232036Z.log
case_005 seed=0 mode=rFuzzy0.15: L=3329 finish=stop l_bar=2.163 L/l_bar=1538.7 final_ch=False wall=14.26s
[2/9] ok in 101s

[3/9] case_006 seed=0 arm=r_fuzzy -> /home/chiatzen/lossy-token-eff/logs/campaign_livecodebench_qwen3/rFuzzy0.15_case_006_seed0_20260821T232216Z.log
case_006 seed=0 mode=rFuzzy0.15: L=12000 finish=length l_bar=1.216 L/l_bar=9869.4 final_ch=False wall=75.40s
[3/9] ok in 164s

[4/9] case_007 seed=0 arm=r_fuzzy -> /home/chiatzen/lossy-token-eff/logs/campaign_livecodebench_qwen3/rFuzzy0.15_case_007_seed0_20260821T232501Z.log
case_007 seed=0 mode=rFuzzy0.15: L=12000 finish=length l_bar=1.156 L/l_bar=10379.2 final_ch=False wall=77.32s
[4/9] ok in 166s

[5/9] case_008 seed=0 arm=r_fuzzy -> /home/chiatzen/lossy-token-eff/logs/campaign_livecodebench_qwen3/rFuzzy0.15_case_008_seed0_20260821T232747Z.log
case_008 seed=0 mode=rFuzzy0.15: L=12000 finish=length l_bar=1.24 L/l_bar=9675.5 final_ch=False wall=74.49s
[5/9] ok in 163s

[6/9] case_009 seed=0 arm=r_fuzzy -> /home/chiatzen/lossy-token-eff/logs/campaign_livecodebench_qwen3/rFuzzy0.15_case_009_seed0_20260821T233030Z.log
case_009 seed=0 mode=rFuzzy0.15: L=12000 finish=length l_bar=1.157 L/l_bar=10375.8 final_ch=False wall=77.49s
[6/9] ok in 164s

[7/9] case_010 seed=0 arm=r_fuzzy -> /home/chiatzen/lossy-token-eff/logs/campaign_livecodebench_qwen3/rFuzzy0.15_case_010_seed0_20260821T233314Z.log
case_010 seed=0 mode=rFuzzy0.15: L=3577 finish=stop l_bar=1.367 L/l_bar=2617.4 final_ch=False wall=20.46s
[7/9] ok in 109s

[8/9] case_011 seed=0 arm=r_fuzzy -> /home/chiatzen/lossy-token-eff/logs/campaign_livecodebench_qwen3/rFuzzy0.15_case_011_seed0_20260821T233503Z.log
case_011 seed=0 mode=rFuzzy0.15: L=12000 finish=length l_bar=1.246 L/l_bar=9631.4 final_ch=False wall=74.58s
[8/9] ok in 161s

[9/9] case_012 seed=0 arm=r_fuzzy -> /home/chiatzen/lossy-token-eff/logs/campaign_livecodebench_qwen3/rFuzzy0.15_case_012_seed0_20260821T233744Z.log
case_012 seed=0 mode=rFuzzy0.15: L=12000 finish=length l_bar=1.182 L/l_bar=10152.0 final_ch=False wall=76.69s
[9/9] ok in 163s

wrote /home/chiatzen/lossy-token-eff/runs/livecodebench_qwen3/fresh_server_replay.json; 9/9 ok
$ /home/chiatzen/lossy-token-eff/.venv-vllm/bin/python /home/chiatzen/lossy-token-eff/scripts/fresh_server_replay.py --arms r_fuzzy --cases case_001 case_002 case_003 case_004 case_005 case_006 case_007 case_008 case_009 case_010 case_011 case_012 --r-fuzzy-alpha 0.25 --prompt-root /home/chiatzen/lossy-token-eff/prompts/livecodebench_qwen3 --runs-root /home/chiatzen/lossy-token-eff/runs --log-root /home/chiatzen/lossy-token-eff/logs/campaign_livecodebench_qwen3 --max-new-tokens 12000 --port 30000 --model-path Qwen/Qwen3-8B --draft-model-path RedHatAI/Qwen3-8B-speculator.eagle3 --served-model-name qwen3-8b --rope-scaling-json {"rope_type":"yarn","factor":1.6,"original_max_position_embeddings":40960}
skip case_001 seed=0 r_fuzzy/alpha0.25: already present (/home/chiatzen/lossy-token-eff/runs/livecodebench_qwen3/r_fuzzy/alpha0.25/case_001/seed_0/run.json)
skip case_002 seed=0 r_fuzzy/alpha0.25: already present (/home/chiatzen/lossy-token-eff/runs/livecodebench_qwen3/r_fuzzy/alpha0.25/case_002/seed_0/run.json)
skip case_003 seed=0 r_fuzzy/alpha0.25: already present (/home/chiatzen/lossy-token-eff/runs/livecodebench_qwen3/r_fuzzy/alpha0.25/case_003/seed_0/run.json)
9 run(s), one fresh server each

[1/9] case_004 seed=0 arm=r_fuzzy -> /home/chiatzen/lossy-token-eff/logs/campaign_livecodebench_qwen3/rFuzzy0.25_case_004_seed0_20260821T234028Z.log
case_004 seed=0 mode=rFuzzy0.25: L=8185 finish=stop l_bar=1.589 L/l_bar=5150.9 final_ch=False wall=43.51s
[1/9] ok in 133s

[2/9] case_005 seed=0 arm=r_fuzzy -> /home/chiatzen/lossy-token-eff/logs/campaign_livecodebench_qwen3/rFuzzy0.25_case_005_seed0_20260821T234240Z.log
case_005 seed=0 mode=rFuzzy0.25: L=965 finish=stop l_bar=1.975 L/l_bar=488.5 final_ch=False wall=4.41s
[2/9] ok in 93s

[3/9] case_006 seed=0 arm=r_fuzzy -> /home/chiatzen/lossy-token-eff/logs/campaign_livecodebench_qwen3/rFuzzy0.25_case_006_seed0_20260821T234414Z.log
case_006 seed=0 mode=rFuzzy0.25: L=12000 finish=length l_bar=1.348 L/l_bar=8901.1 final_ch=False wall=71.30s
[3/9] ok in 160s

[4/9] case_007 seed=0 arm=r_fuzzy -> /home/chiatzen/lossy-token-eff/logs/campaign_livecodebench_qwen3/rFuzzy0.25_case_007_seed0_20260821T234654Z.log
case_007 seed=0 mode=rFuzzy0.25: L=12000 finish=length l_bar=1.425 L/l_bar=8423.1 final_ch=False wall=68.78s
[4/9] ok in 158s

[5/9] case_008 seed=0 arm=r_fuzzy -> /home/chiatzen/lossy-token-eff/logs/campaign_livecodebench_qwen3/rFuzzy0.25_case_008_seed0_20260821T234932Z.log
case_008 seed=0 mode=rFuzzy0.25: L=12000 finish=length l_bar=1.48 L/l_bar=8110.1 final_ch=False wall=67.35s
[5/9] ok in 156s

[6/9] case_009 seed=0 arm=r_fuzzy -> /home/chiatzen/lossy-token-eff/logs/campaign_livecodebench_qwen3/rFuzzy0.25_case_009_seed0_20260821T235208Z.log
case_009 seed=0 mode=rFuzzy0.25: L=12000 finish=length l_bar=1.338 L/l_bar=8968.1 final_ch=False wall=71.64s
[6/9] ok in 158s

[7/9] case_010 seed=0 arm=r_fuzzy -> /home/chiatzen/lossy-token-eff/logs/campaign_livecodebench_qwen3/rFuzzy0.25_case_010_seed0_20260821T235447Z.log
case_010 seed=0 mode=rFuzzy0.25: L=6503 finish=stop l_bar=1.488 L/l_bar=4369.9 final_ch=False wall=35.73s
[7/9] ok in 124s

[8/9] case_011 seed=0 arm=r_fuzzy -> /home/chiatzen/lossy-token-eff/logs/campaign_livecodebench_qwen3/rFuzzy0.25_case_011_seed0_20260821T235651Z.log
case_011 seed=0 mode=rFuzzy0.25: L=12000 finish=length l_bar=1.518 L/l_bar=7904.3 final_ch=False wall=66.47s
[8/9] ok in 156s

[9/9] case_012 seed=0 arm=r_fuzzy -> /home/chiatzen/lossy-token-eff/logs/campaign_livecodebench_qwen3/rFuzzy0.25_case_012_seed0_20260821T235927Z.log
case_012 seed=0 mode=rFuzzy0.25: L=12000 finish=length l_bar=1.378 L/l_bar=8705.8 final_ch=False wall=70.35s
[9/9] ok in 159s

wrote /home/chiatzen/lossy-token-eff/runs/livecodebench_qwen3/fresh_server_replay.json; 9/9 ok
$ /home/chiatzen/lossy-token-eff/.venv-vllm/bin/python /home/chiatzen/lossy-token-eff/scripts/fresh_server_replay.py --arms r_fuzzy --cases case_001 case_002 case_003 case_004 case_005 case_006 case_007 case_008 case_009 case_010 case_011 case_012 --r-fuzzy-alpha 0.03 --prompt-root /home/chiatzen/lossy-token-eff/prompts/livecodebench_qwen3 --runs-root /home/chiatzen/lossy-token-eff/runs --log-root /home/chiatzen/lossy-token-eff/logs/campaign_livecodebench_qwen3 --max-new-tokens 12000 --port 30000 --model-path Qwen/Qwen3-8B --draft-model-path RedHatAI/Qwen3-8B-speculator.eagle3 --served-model-name qwen3-8b --rope-scaling-json {"rope_type":"yarn","factor":1.6,"original_max_position_embeddings":40960}
skip case_001 seed=0 r_fuzzy/alpha0.03: already present (/home/chiatzen/lossy-token-eff/runs/livecodebench_qwen3/r_fuzzy/alpha0.03/case_001/seed_0/run.json)
skip case_002 seed=0 r_fuzzy/alpha0.03: already present (/home/chiatzen/lossy-token-eff/runs/livecodebench_qwen3/r_fuzzy/alpha0.03/case_002/seed_0/run.json)
skip case_003 seed=0 r_fuzzy/alpha0.03: already present (/home/chiatzen/lossy-token-eff/runs/livecodebench_qwen3/r_fuzzy/alpha0.03/case_003/seed_0/run.json)
9 run(s), one fresh server each

[1/9] case_004 seed=0 arm=r_fuzzy -> /home/chiatzen/lossy-token-eff/logs/campaign_livecodebench_qwen3/rFuzzy0.03_case_004_seed0_20260822T000206Z.log
case_004 seed=0 mode=rFuzzy0.03: L=5949 finish=stop l_bar=1.144 L/l_bar=5199.3 final_ch=False wall=37.87s
[1/9] ok in 127s

[2/9] case_005 seed=0 arm=r_fuzzy -> /home/chiatzen/lossy-token-eff/logs/campaign_livecodebench_qwen3/rFuzzy0.03_case_005_seed0_20260822T000413Z.log
case_005 seed=0 mode=rFuzzy0.03: L=10764 finish=stop l_bar=1.127 L/l_bar=9547.0 final_ch=False wall=70.26s
[2/9] ok in 159s

[3/9] case_006 seed=0 arm=r_fuzzy -> /home/chiatzen/lossy-token-eff/logs/campaign_livecodebench_qwen3/rFuzzy0.03_case_006_seed0_20260822T000653Z.log
case_006 seed=0 mode=rFuzzy0.03: L=10625 finish=stop l_bar=1.084 L/l_bar=9802.1 final_ch=False wall=70.64s
[3/9] ok in 158s

[4/9] case_007 seed=0 arm=r_fuzzy -> /home/chiatzen/lossy-token-eff/logs/campaign_livecodebench_qwen3/rFuzzy0.03_case_007_seed0_20260822T000931Z.log
case_007 seed=0 mode=rFuzzy0.03: L=11696 finish=stop l_bar=1.057 L/l_bar=11067.3 final_ch=False wall=78.92s
[4/9] ok in 168s

[5/9] case_008 seed=0 arm=r_fuzzy -> /home/chiatzen/lossy-token-eff/logs/campaign_livecodebench_qwen3/rFuzzy0.03_case_008_seed0_20260822T001218Z.log
case_008 seed=0 mode=rFuzzy0.03: L=7968 finish=stop l_bar=1.097 L/l_bar=7262.6 final_ch=False wall=52.20s
[5/9] ok in 141s

[6/9] case_009 seed=0 arm=r_fuzzy -> /home/chiatzen/lossy-token-eff/logs/campaign_livecodebench_qwen3/rFuzzy0.03_case_009_seed0_20260822T001440Z.log
case_009 seed=0 mode=rFuzzy0.03: L=12000 finish=length l_bar=0.967 L/l_bar=12406.8 final_ch=False wall=85.01s
[6/9] ok in 174s

[7/9] case_010 seed=0 arm=r_fuzzy -> /home/chiatzen/lossy-token-eff/logs/campaign_livecodebench_qwen3/rFuzzy0.03_case_010_seed0_20260822T001734Z.log
case_010 seed=0 mode=rFuzzy0.03: L=3316 finish=stop l_bar=1.056 L/l_bar=3138.8 final_ch=False wall=21.80s
[7/9] ok in 111s

[8/9] case_011 seed=0 arm=r_fuzzy -> /home/chiatzen/lossy-token-eff/logs/campaign_livecodebench_qwen3/rFuzzy0.03_case_011_seed0_20260822T001925Z.log
case_011 seed=0 mode=rFuzzy0.03: L=11976 finish=stop l_bar=1.142 L/l_bar=10484.9 final_ch=False wall=77.99s
[8/9] ok in 165s

[9/9] case_012 seed=0 arm=r_fuzzy -> /home/chiatzen/lossy-token-eff/logs/campaign_livecodebench_qwen3/rFuzzy0.03_case_012_seed0_20260822T002210Z.log
case_012 seed=0 mode=rFuzzy0.03: L=12000 finish=length l_bar=1.02 L/l_bar=11760.4 final_ch=False wall=82.77s
[9/9] ok in 171s

wrote /home/chiatzen/lossy-token-eff/runs/livecodebench_qwen3/fresh_server_replay.json; 9/9 ok
$ /home/chiatzen/lossy-token-eff/.venv-vllm/bin/python /home/chiatzen/lossy-token-eff/scripts/fresh_server_replay.py --arms spec_casc_tok --cases case_001 case_002 case_003 case_004 case_005 case_006 case_007 case_008 case_009 case_010 case_011 case_012 --spec-casc-tok-alpha 0.8 --prompt-root /home/chiatzen/lossy-token-eff/prompts/livecodebench_qwen3 --runs-root /home/chiatzen/lossy-token-eff/runs --log-root /home/chiatzen/lossy-token-eff/logs/campaign_livecodebench_qwen3 --max-new-tokens 12000 --port 30000 --model-path Qwen/Qwen3-8B --draft-model-path RedHatAI/Qwen3-8B-speculator.eagle3 --served-model-name qwen3-8b --rope-scaling-json {"rope_type":"yarn","factor":1.6,"original_max_position_embeddings":40960}
skip case_001 seed=0 spec_casc_tok/alpha0.8: already present (/home/chiatzen/lossy-token-eff/runs/livecodebench_qwen3/spec_casc_tok/alpha0.8/case_001/seed_0/run.json)
skip case_002 seed=0 spec_casc_tok/alpha0.8: already present (/home/chiatzen/lossy-token-eff/runs/livecodebench_qwen3/spec_casc_tok/alpha0.8/case_002/seed_0/run.json)
skip case_003 seed=0 spec_casc_tok/alpha0.8: already present (/home/chiatzen/lossy-token-eff/runs/livecodebench_qwen3/spec_casc_tok/alpha0.8/case_003/seed_0/run.json)
9 run(s), one fresh server each

[1/9] case_004 seed=0 arm=spec_casc_tok -> /home/chiatzen/lossy-token-eff/logs/campaign_livecodebench_qwen3/specCascTok0.8_case_004_seed0_20260822T002501Z.log
case_004 seed=0 mode=specCascTok0.8: L=4457 finish=stop l_bar=1.304 L/l_bar=3418.3 final_ch=False wall=26.33s
[1/9] ok in 116s

[2/9] case_005 seed=0 arm=spec_casc_tok -> /home/chiatzen/lossy-token-eff/logs/campaign_livecodebench_qwen3/specCascTok0.8_case_005_seed0_20260822T002657Z.log
case_005 seed=0 mode=specCascTok0.8: L=11049 finish=stop l_bar=1.305 L/l_bar=8466.5 final_ch=False wall=66.54s
[2/9] ok in 153s

[3/9] case_006 seed=0 arm=spec_casc_tok -> /home/chiatzen/lossy-token-eff/logs/campaign_livecodebench_qwen3/specCascTok0.8_case_006_seed0_20260822T002930Z.log
case_006 seed=0 mode=specCascTok0.8: L=11329 finish=stop l_bar=1.099 L/l_bar=10305.3 final_ch=False wall=74.99s
[3/9] ok in 164s

[4/9] case_007 seed=0 arm=spec_casc_tok -> /home/chiatzen/lossy-token-eff/logs/campaign_livecodebench_qwen3/specCascTok0.8_case_007_seed0_20260822T003214Z.log
case_007 seed=0 mode=specCascTok0.8: L=12000 finish=length l_bar=1.082 L/l_bar=11093.5 final_ch=False wall=80.15s
[4/9] ok in 169s

[5/9] case_008 seed=0 arm=spec_casc_tok -> /home/chiatzen/lossy-token-eff/logs/campaign_livecodebench_qwen3/specCascTok0.8_case_008_seed0_20260822T003503Z.log
case_008 seed=0 mode=specCascTok0.8: L=7242 finish=stop l_bar=1.22 L/l_bar=5937.3 final_ch=False wall=44.70s
[5/9] ok in 134s

[6/9] case_009 seed=0 arm=spec_casc_tok -> /home/chiatzen/lossy-token-eff/logs/campaign_livecodebench_qwen3/specCascTok0.8_case_009_seed0_20260822T003717Z.log
case_009 seed=0 mode=specCascTok0.8: L=12000 finish=length l_bar=1.06 L/l_bar=11321.7 final_ch=False wall=81.07s
[6/9] ok in 168s

[7/9] case_010 seed=0 arm=spec_casc_tok -> /home/chiatzen/lossy-token-eff/logs/campaign_livecodebench_qwen3/specCascTok0.8_case_010_seed0_20260822T004005Z.log
case_010 seed=0 mode=specCascTok0.8: L=2771 finish=stop l_bar=1.259 L/l_bar=2200.3 final_ch=False wall=16.57s
[7/9] ok in 105s

[8/9] case_011 seed=0 arm=spec_casc_tok -> /home/chiatzen/lossy-token-eff/logs/campaign_livecodebench_qwen3/specCascTok0.8_case_011_seed0_20260822T004150Z.log
case_011 seed=0 mode=specCascTok0.8: L=11063 finish=stop l_bar=1.239 L/l_bar=8930.3 final_ch=False wall=68.70s
[8/9] ok in 155s

[9/9] case_012 seed=0 arm=spec_casc_tok -> /home/chiatzen/lossy-token-eff/logs/campaign_livecodebench_qwen3/specCascTok0.8_case_012_seed0_20260822T004426Z.log
case_012 seed=0 mode=specCascTok0.8: L=6955 finish=stop l_bar=1.275 L/l_bar=5453.0 final_ch=False wall=41.94s
[9/9] ok in 131s

wrote /home/chiatzen/lossy-token-eff/runs/livecodebench_qwen3/fresh_server_replay.json; 9/9 ok
$ /home/chiatzen/lossy-token-eff/.venv-vllm/bin/python /home/chiatzen/lossy-token-eff/scripts/fresh_server_replay.py --arms spec_casc_tok --cases case_001 case_002 case_003 case_004 case_005 case_006 case_007 case_008 case_009 case_010 case_011 case_012 --spec-casc-tok-alpha 0.15 --prompt-root /home/chiatzen/lossy-token-eff/prompts/livecodebench_qwen3 --runs-root /home/chiatzen/lossy-token-eff/runs --log-root /home/chiatzen/lossy-token-eff/logs/campaign_livecodebench_qwen3 --max-new-tokens 12000 --port 30000 --model-path Qwen/Qwen3-8B --draft-model-path RedHatAI/Qwen3-8B-speculator.eagle3 --served-model-name qwen3-8b --rope-scaling-json {"rope_type":"yarn","factor":1.6,"original_max_position_embeddings":40960}
skip case_001 seed=0 spec_casc_tok/alpha0.15: already present (/home/chiatzen/lossy-token-eff/runs/livecodebench_qwen3/spec_casc_tok/alpha0.15/case_001/seed_0/run.json)
skip case_002 seed=0 spec_casc_tok/alpha0.15: already present (/home/chiatzen/lossy-token-eff/runs/livecodebench_qwen3/spec_casc_tok/alpha0.15/case_002/seed_0/run.json)
skip case_003 seed=0 spec_casc_tok/alpha0.15: already present (/home/chiatzen/lossy-token-eff/runs/livecodebench_qwen3/spec_casc_tok/alpha0.15/case_003/seed_0/run.json)
9 run(s), one fresh server each

[1/9] case_004 seed=0 arm=spec_casc_tok -> /home/chiatzen/lossy-token-eff/logs/campaign_livecodebench_qwen3/specCascTok0.15_case_004_seed0_20260822T004637Z.log
case_004 seed=0 mode=specCascTok0.15: L=6227 finish=stop l_bar=1.188 L/l_bar=5243.2 final_ch=False wall=38.92s
[1/9] ok in 126s

[2/9] case_005 seed=0 arm=spec_casc_tok -> /home/chiatzen/lossy-token-eff/logs/campaign_livecodebench_qwen3/specCascTok0.15_case_005_seed0_20260822T004842Z.log
case_005 seed=0 mode=specCascTok0.15: L=12000 finish=length l_bar=1.162 L/l_bar=10327.2 final_ch=False wall=77.34s
[2/9] ok in 166s

[3/9] case_006 seed=0 arm=spec_casc_tok -> /home/chiatzen/lossy-token-eff/logs/campaign_livecodebench_qwen3/specCascTok0.15_case_006_seed0_20260822T005128Z.log
case_006 seed=0 mode=specCascTok0.15: L=8810 finish=stop l_bar=1.087 L/l_bar=8101.6 final_ch=False wall=58.14s
[3/9] ok in 147s

[4/9] case_007 seed=0 arm=spec_casc_tok -> /home/chiatzen/lossy-token-eff/logs/campaign_livecodebench_qwen3/specCascTok0.15_case_007_seed0_20260822T005355Z.log
case_007 seed=0 mode=specCascTok0.15: L=11538 finish=stop l_bar=1.034 L/l_bar=11158.3 final_ch=False wall=78.84s
[4/9] ok in 166s

[5/9] case_008 seed=0 arm=spec_casc_tok -> /home/chiatzen/lossy-token-eff/logs/campaign_livecodebench_qwen3/specCascTok0.15_case_008_seed0_20260822T005641Z.log
case_008 seed=0 mode=specCascTok0.15: L=5313 finish=stop l_bar=1.191 L/l_bar=4462.8 final_ch=False wall=33.07s
[5/9] ok in 120s

[6/9] case_009 seed=0 arm=spec_casc_tok -> /home/chiatzen/lossy-token-eff/logs/campaign_livecodebench_qwen3/specCascTok0.15_case_009_seed0_20260822T005841Z.log
case_009 seed=0 mode=specCascTok0.15: L=12000 finish=length l_bar=1.0 L/l_bar=12006.0 final_ch=False wall=83.57s
[6/9] ok in 172s

[7/9] case_010 seed=0 arm=spec_casc_tok -> /home/chiatzen/lossy-token-eff/logs/campaign_livecodebench_qwen3/specCascTok0.15_case_010_seed0_20260822T010133Z.log
case_010 seed=0 mode=specCascTok0.15: L=3246 finish=stop l_bar=1.22 L/l_bar=2661.6 final_ch=False wall=19.80s
[7/9] ok in 110s

[8/9] case_011 seed=0 arm=spec_casc_tok -> /home/chiatzen/lossy-token-eff/logs/campaign_livecodebench_qwen3/specCascTok0.15_case_011_seed0_20260822T010323Z.log
case_011 seed=0 mode=specCascTok0.15: L=11362 finish=stop l_bar=1.236 L/l_bar=9192.7 final_ch=False wall=70.64s
[8/9] ok in 160s

[9/9] case_012 seed=0 arm=spec_casc_tok -> /home/chiatzen/lossy-token-eff/logs/campaign_livecodebench_qwen3/specCascTok0.15_case_012_seed0_20260822T010603Z.log
case_012 seed=0 mode=specCascTok0.15: L=8043 finish=stop l_bar=1.089 L/l_bar=7383.1 final_ch=False wall=52.97s
[9/9] ok in 141s

wrote /home/chiatzen/lossy-token-eff/runs/livecodebench_qwen3/fresh_server_replay.json; 9/9 ok
=== campaign_run done: dataset=livecodebench_qwen3 ===
campaign_run.py --dataset livecodebench_qwen3 exited 0
wrote /home/chiatzen/lossy-token-eff/campaign/tables/livecodebench_qwen3.csv (180 rows)
wrote /home/chiatzen/lossy-token-eff/campaign/results/livecodebench_qwen3.csv (13 rows)
wrote /home/chiatzen/lossy-token-eff/campaign/graphs/livecodebench_qwen3.png
wrote /home/chiatzen/lossy-token-eff/campaign/graphs/livecodebench_qwen3_accuracy.png
campaign_report.py --dataset livecodebench_qwen3 exited 0
########## dataset=livecodebench_qwen3 finished 2026-08-22T01:08:27Z ##########

free space check before mtbench_qwen3: 7G
########## dataset=mtbench_qwen3 started 2026-08-22T01:08:27Z ##########
=== campaign_run: dataset=mtbench_qwen3 methods=['mentored_dec', 'cactus', 'spec_casc_opt', 'r_fuzzy', 'spec_casc_tok'] probe_cases=['case_001', 'case_002', 'case_003'] full_cases=12 max_new_tokens=4096 model=qwen3-8b (Qwen/Qwen3-8B + RedHatAI/Qwen3-8B-speculator.eagle3) ===
$ /home/chiatzen/lossy-token-eff/.venv-vllm/bin/python /home/chiatzen/lossy-token-eff/scripts/fresh_server_replay.py --arms strict --cases case_001 case_002 case_003 case_004 case_005 case_006 case_007 case_008 case_009 case_010 case_011 case_012 --prompt-root /home/chiatzen/lossy-token-eff/prompts/mtbench_qwen3 --runs-root /home/chiatzen/lossy-token-eff/runs --log-root /home/chiatzen/lossy-token-eff/logs/campaign_mtbench_qwen3 --max-new-tokens 4096 --port 30000 --model-path Qwen/Qwen3-8B --draft-model-path RedHatAI/Qwen3-8B-speculator.eagle3 --served-model-name qwen3-8b --rope-scaling-json {"rope_type":"yarn","factor":1.6,"original_max_position_embeddings":40960}
12 run(s), one fresh server each

[1/12] case_001 seed=0 arm=strict -> /home/chiatzen/lossy-token-eff/logs/campaign_mtbench_qwen3/strict_case_001_seed0_20260822T010827Z.log
case_001 seed=0 mode=strict: L=2087 finish=stop l_bar=0.841 L/l_bar=2481.2 final_ch=False wall=15.24s
[1/12] ok in 100s

[2/12] case_002 seed=0 arm=strict -> /home/chiatzen/lossy-token-eff/logs/campaign_mtbench_qwen3/strict_case_002_seed0_20260822T011007Z.log
case_002 seed=0 mode=strict: L=1120 finish=stop l_bar=0.853 L/l_bar=1313.6 final_ch=False wall=8.11s
[2/12] ok in 93s

[3/12] case_003 seed=0 arm=strict -> /home/chiatzen/lossy-token-eff/logs/campaign_mtbench_qwen3/strict_case_003_seed0_20260822T011140Z.log
case_003 seed=0 mode=strict: L=1264 finish=stop l_bar=1.034 L/l_bar=1222.7 final_ch=False wall=8.35s
[3/12] ok in 95s

[4/12] case_004 seed=0 arm=strict -> /home/chiatzen/lossy-token-eff/logs/campaign_mtbench_qwen3/strict_case_004_seed0_20260822T011315Z.log
case_004 seed=0 mode=strict: L=2437 finish=stop l_bar=1.386 L/l_bar=1757.7 final_ch=False wall=13.77s
[4/12] ok in 101s

[5/12] case_005 seed=0 arm=strict -> /home/chiatzen/lossy-token-eff/logs/campaign_mtbench_qwen3/strict_case_005_seed0_20260822T011456Z.log
case_005 seed=0 mode=strict: L=596 finish=stop l_bar=1.171 L/l_bar=509.0 final_ch=False wall=3.72s
[5/12] ok in 91s

[6/12] case_006 seed=0 arm=strict -> /home/chiatzen/lossy-token-eff/logs/campaign_mtbench_qwen3/strict_case_006_seed0_20260822T011627Z.log
case_006 seed=0 mode=strict: L=3853 finish=stop l_bar=1.5 L/l_bar=2569.2 final_ch=False wall=20.84s
[6/12] ok in 108s

[7/12] case_007 seed=0 arm=strict -> /home/chiatzen/lossy-token-eff/logs/campaign_mtbench_qwen3/strict_case_007_seed0_20260822T011814Z.log
case_007 seed=0 mode=strict: L=3717 finish=stop l_bar=1.194 L/l_bar=3114.0 final_ch=False wall=22.90s
[7/12] ok in 110s

[8/12] case_008 seed=0 arm=strict -> /home/chiatzen/lossy-token-eff/logs/campaign_mtbench_qwen3/strict_case_008_seed0_20260822T012004Z.log
case_008 seed=0 mode=strict: L=2611 finish=stop l_bar=1.441 L/l_bar=1811.8 final_ch=False wall=14.39s
[8/12] ok in 100s

[9/12] case_009 seed=0 arm=strict -> /home/chiatzen/lossy-token-eff/logs/campaign_mtbench_qwen3/strict_case_009_seed0_20260822T012144Z.log
case_009 seed=0 mode=strict: L=787 finish=stop l_bar=1.721 L/l_bar=457.4 final_ch=False wall=3.94s
[9/12] ok in 91s

[10/12] case_010 seed=0 arm=strict -> /home/chiatzen/lossy-token-eff/logs/campaign_mtbench_qwen3/strict_case_010_seed0_20260822T012315Z.log
case_010 seed=0 mode=strict: L=1464 finish=stop l_bar=1.078 L/l_bar=1357.9 final_ch=False wall=9.47s
[10/12] ok in 94s

[11/12] case_011 seed=0 arm=strict -> /home/chiatzen/lossy-token-eff/logs/campaign_mtbench_qwen3/strict_case_011_seed0_20260822T012449Z.log
case_011 seed=0 mode=strict: L=2668 finish=stop l_bar=0.868 L/l_bar=3074.7 final_ch=False wall=19.22s
[11/12] ok in 105s

[12/12] case_012 seed=0 arm=strict -> /home/chiatzen/lossy-token-eff/logs/campaign_mtbench_qwen3/strict_case_012_seed0_20260822T012634Z.log
case_012 seed=0 mode=strict: L=2747 finish=stop l_bar=1.112 L/l_bar=2469.6 final_ch=False wall=17.49s
[12/12] ok in 104s

wrote /home/chiatzen/lossy-token-eff/runs/mtbench_qwen3/fresh_server_replay.json; 12/12 ok
$ /home/chiatzen/lossy-token-eff/.venv-vllm/bin/python /home/chiatzen/lossy-token-eff/scripts/fresh_server_replay.py --arms mentored_dec --cases case_001 case_002 case_003 --mentored-dec-alpha 0.15 --prompt-root /home/chiatzen/lossy-token-eff/prompts/mtbench_qwen3 --runs-root /home/chiatzen/lossy-token-eff/runs --log-root /home/chiatzen/lossy-token-eff/logs/campaign_mtbench_qwen3 --max-new-tokens 4096 --port 30000 --model-path Qwen/Qwen3-8B --draft-model-path RedHatAI/Qwen3-8B-speculator.eagle3 --served-model-name qwen3-8b --rope-scaling-json {"rope_type":"yarn","factor":1.6,"original_max_position_embeddings":40960}
3 run(s), one fresh server each

[1/3] case_001 seed=0 arm=mentored_dec -> /home/chiatzen/lossy-token-eff/logs/campaign_mtbench_qwen3/mentoredDec0.15_case_001_seed0_20260822T012818Z.log
case_001 seed=0 mode=mentoredDec0.15: L=2424 finish=stop l_bar=0.965 L/l_bar=2511.6 final_ch=False wall=16.59s
[1/3] ok in 112s

[2/3] case_002 seed=0 arm=mentored_dec -> /home/chiatzen/lossy-token-eff/logs/campaign_mtbench_qwen3/mentoredDec0.15_case_002_seed0_20260822T013010Z.log
case_002 seed=0 mode=mentoredDec0.15: L=1110 finish=stop l_bar=0.932 L/l_bar=1190.8 final_ch=False wall=7.72s
[2/3] ok in 102s

[3/3] case_003 seed=0 arm=mentored_dec -> /home/chiatzen/lossy-token-eff/logs/campaign_mtbench_qwen3/mentoredDec0.15_case_003_seed0_20260822T013152Z.log
case_003 seed=0 mode=mentoredDec0.15: L=907 finish=stop l_bar=1.013 L/l_bar=895.1 final_ch=False wall=6.07s
[3/3] ok in 101s

wrote /home/chiatzen/lossy-token-eff/runs/mtbench_qwen3/fresh_server_replay.json; 3/3 ok
$ /home/chiatzen/lossy-token-eff/.venv-vllm/bin/python /home/chiatzen/lossy-token-eff/scripts/fresh_server_replay.py --arms mentored_dec --cases case_001 case_002 case_003 --mentored-dec-alpha 0.35 --prompt-root /home/chiatzen/lossy-token-eff/prompts/mtbench_qwen3 --runs-root /home/chiatzen/lossy-token-eff/runs --log-root /home/chiatzen/lossy-token-eff/logs/campaign_mtbench_qwen3 --max-new-tokens 4096 --port 30000 --model-path Qwen/Qwen3-8B --draft-model-path RedHatAI/Qwen3-8B-speculator.eagle3 --served-model-name qwen3-8b --rope-scaling-json {"rope_type":"yarn","factor":1.6,"original_max_position_embeddings":40960}
3 run(s), one fresh server each

[1/3] case_001 seed=0 arm=mentored_dec -> /home/chiatzen/lossy-token-eff/logs/campaign_mtbench_qwen3/mentoredDec0.35_case_001_seed0_20260822T013334Z.log
case_001 seed=0 mode=mentoredDec0.35: L=2420 finish=stop l_bar=1.064 L/l_bar=2274.6 final_ch=False wall=15.79s
[1/3] ok in 109s

[2/3] case_002 seed=0 arm=mentored_dec -> /home/chiatzen/lossy-token-eff/logs/campaign_mtbench_qwen3/mentoredDec0.35_case_002_seed0_20260822T013522Z.log
case_002 seed=0 mode=mentoredDec0.35: L=1339 finish=stop l_bar=0.953 L/l_bar=1404.5 final_ch=False wall=9.23s
[2/3] ok in 104s

[3/3] case_003 seed=0 arm=mentored_dec -> /home/chiatzen/lossy-token-eff/logs/campaign_mtbench_qwen3/mentoredDec0.35_case_003_seed0_20260822T013706Z.log
case_003 seed=0 mode=mentoredDec0.35: L=1072 finish=stop l_bar=1.208 L/l_bar=887.6 final_ch=False wall=6.55s
[3/3] ok in 100s

wrote /home/chiatzen/lossy-token-eff/runs/mtbench_qwen3/fresh_server_replay.json; 3/3 ok
$ /home/chiatzen/lossy-token-eff/.venv-vllm/bin/python /home/chiatzen/lossy-token-eff/scripts/fresh_server_replay.py --arms mentored_dec --cases case_001 case_002 case_003 --mentored-dec-alpha 0.55 --prompt-root /home/chiatzen/lossy-token-eff/prompts/mtbench_qwen3 --runs-root /home/chiatzen/lossy-token-eff/runs --log-root /home/chiatzen/lossy-token-eff/logs/campaign_mtbench_qwen3 --max-new-tokens 4096 --port 30000 --model-path Qwen/Qwen3-8B --draft-model-path RedHatAI/Qwen3-8B-speculator.eagle3 --served-model-name qwen3-8b --rope-scaling-json {"rope_type":"yarn","factor":1.6,"original_max_position_embeddings":40960}
3 run(s), one fresh server each

[1/3] case_001 seed=0 arm=mentored_dec -> /home/chiatzen/lossy-token-eff/logs/campaign_mtbench_qwen3/mentoredDec0.55_case_001_seed0_20260822T013845Z.log
case_001 seed=0 mode=mentoredDec0.55: L=2110 finish=stop l_bar=1.009 L/l_bar=2092.1 final_ch=False wall=14.09s
[1/3] ok in 107s

[2/3] case_002 seed=0 arm=mentored_dec -> /home/chiatzen/lossy-token-eff/logs/campaign_mtbench_qwen3/mentoredDec0.55_case_002_seed0_20260822T014032Z.log
case_002 seed=0 mode=mentoredDec0.55: L=2042 finish=stop l_bar=1.078 L/l_bar=1893.7 final_ch=False wall=13.20s
[2/3] ok in 108s

[3/3] case_003 seed=0 arm=mentored_dec -> /home/chiatzen/lossy-token-eff/logs/campaign_mtbench_qwen3/mentoredDec0.55_case_003_seed0_20260822T014221Z.log
case_003 seed=0 mode=mentoredDec0.55: L=867 finish=stop l_bar=1.187 L/l_bar=730.5 final_ch=False wall=5.34s
[3/3] ok in 98s

wrote /home/chiatzen/lossy-token-eff/runs/mtbench_qwen3/fresh_server_replay.json; 3/3 ok
$ /home/chiatzen/lossy-token-eff/.venv-vllm/bin/python /home/chiatzen/lossy-token-eff/scripts/fresh_server_replay.py --arms mentored_dec --cases case_001 case_002 case_003 --mentored-dec-alpha 0.75 --prompt-root /home/chiatzen/lossy-token-eff/prompts/mtbench_qwen3 --runs-root /home/chiatzen/lossy-token-eff/runs --log-root /home/chiatzen/lossy-token-eff/logs/campaign_mtbench_qwen3 --max-new-tokens 4096 --port 30000 --model-path Qwen/Qwen3-8B --draft-model-path RedHatAI/Qwen3-8B-speculator.eagle3 --served-model-name qwen3-8b --rope-scaling-json {"rope_type":"yarn","factor":1.6,"original_max_position_embeddings":40960}
3 run(s), one fresh server each

[1/3] case_001 seed=0 arm=mentored_dec -> /home/chiatzen/lossy-token-eff/logs/campaign_mtbench_qwen3/mentoredDec0.75_case_001_seed0_20260822T014359Z.log
case_001 seed=0 mode=mentoredDec0.75: L=2398 finish=stop l_bar=1.101 L/l_bar=2178.4 final_ch=False wall=15.34s
[1/3] ok in 110s

[2/3] case_002 seed=0 arm=mentored_dec -> /home/chiatzen/lossy-token-eff/logs/campaign_mtbench_qwen3/mentoredDec0.75_case_002_seed0_20260822T014549Z.log
case_002 seed=0 mode=mentoredDec0.75: L=1204 finish=stop l_bar=1.025 L/l_bar=1174.4 final_ch=False wall=7.99s
[2/3] ok in 100s

[3/3] case_003 seed=0 arm=mentored_dec -> /home/chiatzen/lossy-token-eff/logs/campaign_mtbench_qwen3/mentoredDec0.75_case_003_seed0_20260822T014730Z.log
case_003 seed=0 mode=mentoredDec0.75: L=727 finish=stop l_bar=1.341 L/l_bar=542.2 final_ch=False wall=4.21s
[3/3] ok in 99s

wrote /home/chiatzen/lossy-token-eff/runs/mtbench_qwen3/fresh_server_replay.json; 3/3 ok
$ /home/chiatzen/lossy-token-eff/.venv-vllm/bin/python /home/chiatzen/lossy-token-eff/scripts/fresh_server_replay.py --arms cactus --cases case_001 case_002 case_003 --cactus-alpha 0.03 --prompt-root /home/chiatzen/lossy-token-eff/prompts/mtbench_qwen3 --runs-root /home/chiatzen/lossy-token-eff/runs --log-root /home/chiatzen/lossy-token-eff/logs/campaign_mtbench_qwen3 --max-new-tokens 4096 --port 30000 --model-path Qwen/Qwen3-8B --draft-model-path RedHatAI/Qwen3-8B-speculator.eagle3 --served-model-name qwen3-8b --rope-scaling-json {"rope_type":"yarn","factor":1.6,"original_max_position_embeddings":40960}
3 run(s), one fresh server each

[1/3] case_001 seed=0 arm=cactus -> /home/chiatzen/lossy-token-eff/logs/campaign_mtbench_qwen3/cactus0.03_case_001_seed0_20260822T014909Z.log
case_001 seed=0 mode=cactus0.03: L=2523 finish=stop l_bar=1.083 L/l_bar=2330.6 final_ch=False wall=16.31s
[1/3] ok in 107s

[2/3] case_002 seed=0 arm=cactus -> /home/chiatzen/lossy-token-eff/logs/campaign_mtbench_qwen3/cactus0.03_case_002_seed0_20260822T015056Z.log
case_002 seed=0 mode=cactus0.03: L=1411 finish=stop l_bar=0.98 L/l_bar=1439.3 final_ch=False wall=9.58s
[2/3] ok in 100s

[3/3] case_003 seed=0 arm=cactus -> /home/chiatzen/lossy-token-eff/logs/campaign_mtbench_qwen3/cactus0.03_case_003_seed0_20260822T015236Z.log
case_003 seed=0 mode=cactus0.03: L=514 finish=stop l_bar=1.342 L/l_bar=382.9 final_ch=False wall=2.97s
[3/3] ok in 93s

wrote /home/chiatzen/lossy-token-eff/runs/mtbench_qwen3/fresh_server_replay.json; 3/3 ok
$ /home/chiatzen/lossy-token-eff/.venv-vllm/bin/python /home/chiatzen/lossy-token-eff/scripts/fresh_server_replay.py --arms cactus --cases case_001 case_002 case_003 --cactus-alpha 0.08 --prompt-root /home/chiatzen/lossy-token-eff/prompts/mtbench_qwen3 --runs-root /home/chiatzen/lossy-token-eff/runs --log-root /home/chiatzen/lossy-token-eff/logs/campaign_mtbench_qwen3 --max-new-tokens 4096 --port 30000 --model-path Qwen/Qwen3-8B --draft-model-path RedHatAI/Qwen3-8B-speculator.eagle3 --served-model-name qwen3-8b --rope-scaling-json {"rope_type":"yarn","factor":1.6,"original_max_position_embeddings":40960}
3 run(s), one fresh server each

[1/3] case_001 seed=0 arm=cactus -> /home/chiatzen/lossy-token-eff/logs/campaign_mtbench_qwen3/cactus0.08_case_001_seed0_20260822T015409Z.log
case_001 seed=0 mode=cactus0.08: L=2073 finish=stop l_bar=1.524 L/l_bar=1360.5 final_ch=False wall=11.04s
[1/3] ok in 101s

[2/3] case_002 seed=0 arm=cactus -> /home/chiatzen/lossy-token-eff/logs/campaign_mtbench_qwen3/cactus0.08_case_002_seed0_20260822T015550Z.log
case_002 seed=0 mode=cactus0.08: L=1870 finish=stop l_bar=1.475 L/l_bar=1267.4 final_ch=False wall=10.15s
[2/3] ok in 100s

[3/3] case_003 seed=0 arm=cactus -> /home/chiatzen/lossy-token-eff/logs/campaign_mtbench_qwen3/cactus0.08_case_003_seed0_20260822T015731Z.log
case_003 seed=0 mode=cactus0.08: L=1403 finish=stop l_bar=2.242 L/l_bar=625.6 final_ch=False wall=5.85s
[3/3] ok in 96s

wrote /home/chiatzen/lossy-token-eff/runs/mtbench_qwen3/fresh_server_replay.json; 3/3 ok
$ /home/chiatzen/lossy-token-eff/.venv-vllm/bin/python /home/chiatzen/lossy-token-eff/scripts/fresh_server_replay.py --arms cactus --cases case_001 case_002 case_003 --cactus-alpha 0.18 --prompt-root /home/chiatzen/lossy-token-eff/prompts/mtbench_qwen3 --runs-root /home/chiatzen/lossy-token-eff/runs --log-root /home/chiatzen/lossy-token-eff/logs/campaign_mtbench_qwen3 --max-new-tokens 4096 --port 30000 --model-path Qwen/Qwen3-8B --draft-model-path RedHatAI/Qwen3-8B-speculator.eagle3 --served-model-name qwen3-8b --rope-scaling-json {"rope_type":"yarn","factor":1.6,"original_max_position_embeddings":40960}
3 run(s), one fresh server each

[1/3] case_001 seed=0 arm=cactus -> /home/chiatzen/lossy-token-eff/logs/campaign_mtbench_qwen3/cactus0.18_case_001_seed0_20260822T015907Z.log
case_001 seed=0 mode=cactus0.18: L=2360 finish=stop l_bar=1.795 L/l_bar=1314.7 final_ch=False wall=11.37s
[1/3] ok in 104s

[2/3] case_002 seed=0 arm=cactus -> /home/chiatzen/lossy-token-eff/logs/campaign_mtbench_qwen3/cactus0.18_case_002_seed0_20260822T020051Z.log
case_002 seed=0 mode=cactus0.18: L=1407 finish=stop l_bar=1.228 L/l_bar=1145.9 final_ch=False wall=8.49s
[2/3] ok in 99s

[3/3] case_003 seed=0 arm=cactus -> /home/chiatzen/lossy-token-eff/logs/campaign_mtbench_qwen3/cactus0.18_case_003_seed0_20260822T020229Z.log
case_003 seed=0 mode=cactus0.18: L=497 finish=stop l_bar=2.037 L/l_bar=244.0 final_ch=False wall=2.24s
[3/3] ok in 94s

wrote /home/chiatzen/lossy-token-eff/runs/mtbench_qwen3/fresh_server_replay.json; 3/3 ok
$ /home/chiatzen/lossy-token-eff/.venv-vllm/bin/python /home/chiatzen/lossy-token-eff/scripts/fresh_server_replay.py --arms cactus --cases case_001 case_002 case_003 --cactus-alpha 0.35 --prompt-root /home/chiatzen/lossy-token-eff/prompts/mtbench_qwen3 --runs-root /home/chiatzen/lossy-token-eff/runs --log-root /home/chiatzen/lossy-token-eff/logs/campaign_mtbench_qwen3 --max-new-tokens 4096 --port 30000 --model-path Qwen/Qwen3-8B --draft-model-path RedHatAI/Qwen3-8B-speculator.eagle3 --served-model-name qwen3-8b --rope-scaling-json {"rope_type":"yarn","factor":1.6,"original_max_position_embeddings":40960}
3 run(s), one fresh server each

[1/3] case_001 seed=0 arm=cactus -> /home/chiatzen/lossy-token-eff/logs/campaign_mtbench_qwen3/cactus0.35_case_001_seed0_20260822T020404Z.log
case_001 seed=0 mode=cactus0.35: L=2618 finish=stop l_bar=2.965 L/l_bar=882.9 final_ch=False wall=8.91s
[1/3] ok in 99s

[2/3] case_002 seed=0 arm=cactus -> /home/chiatzen/lossy-token-eff/logs/campaign_mtbench_qwen3/cactus0.35_case_002_seed0_20260822T020543Z.log
case_002 seed=0 mode=cactus0.35: L=2658 finish=stop l_bar=2.748 L/l_bar=967.4 final_ch=False wall=9.56s
[2/3] ok in 100s

[3/3] case_003 seed=0 arm=cactus -> /home/chiatzen/lossy-token-eff/logs/campaign_mtbench_qwen3/cactus0.35_case_003_seed0_20260822T020722Z.log
case_003 seed=0 mode=cactus0.35: L=1669 finish=stop l_bar=3.603 L/l_bar=463.2 final_ch=False wall=4.92s
[3/3] ok in 95s

wrote /home/chiatzen/lossy-token-eff/runs/mtbench_qwen3/fresh_server_replay.json; 3/3 ok
$ /home/chiatzen/lossy-token-eff/.venv-vllm/bin/python /home/chiatzen/lossy-token-eff/scripts/fresh_server_replay.py --arms spec_casc_opt --cases case_001 case_002 case_003 --spec-casc-opt-alpha -0.3 --prompt-root /home/chiatzen/lossy-token-eff/prompts/mtbench_qwen3 --runs-root /home/chiatzen/lossy-token-eff/runs --log-root /home/chiatzen/lossy-token-eff/logs/campaign_mtbench_qwen3 --max-new-tokens 4096 --port 30000 --model-path Qwen/Qwen3-8B --draft-model-path RedHatAI/Qwen3-8B-speculator.eagle3 --served-model-name qwen3-8b --rope-scaling-json {"rope_type":"yarn","factor":1.6,"original_max_position_embeddings":40960}
3 run(s), one fresh server each

[1/3] case_001 seed=0 arm=spec_casc_opt -> /home/chiatzen/lossy-token-eff/logs/campaign_mtbench_qwen3/specCascOptneg0.3_case_001_seed0_20260822T020858Z.log
case_001 seed=0 mode=specCascOptneg0.3: L=2141 finish=stop l_bar=0.94 L/l_bar=2277.3 final_ch=False wall=14.81s
[1/3] ok in 101s

[2/3] case_002 seed=0 arm=spec_casc_opt -> /home/chiatzen/lossy-token-eff/logs/campaign_mtbench_qwen3/specCascOptneg0.3_case_002_seed0_20260822T021039Z.log
case_002 seed=0 mode=specCascOptneg0.3: L=1134 finish=stop l_bar=0.977 L/l_bar=1160.3 final_ch=False wall=7.71s
[2/3] ok in 96s

[3/3] case_003 seed=0 arm=spec_casc_opt -> /home/chiatzen/lossy-token-eff/logs/campaign_mtbench_qwen3/specCascOptneg0.3_case_003_seed0_20260822T021215Z.log
case_003 seed=0 mode=specCascOptneg0.3: L=1040 finish=stop l_bar=1.129 L/l_bar=921.1 final_ch=False wall=6.58s
[3/3] ok in 95s

wrote /home/chiatzen/lossy-token-eff/runs/mtbench_qwen3/fresh_server_replay.json; 3/3 ok
$ /home/chiatzen/lossy-token-eff/.venv-vllm/bin/python /home/chiatzen/lossy-token-eff/scripts/fresh_server_replay.py --arms spec_casc_opt --cases case_001 case_002 case_003 --spec-casc-opt-alpha -0.1 --prompt-root /home/chiatzen/lossy-token-eff/prompts/mtbench_qwen3 --runs-root /home/chiatzen/lossy-token-eff/runs --log-root /home/chiatzen/lossy-token-eff/logs/campaign_mtbench_qwen3 --max-new-tokens 4096 --port 30000 --model-path Qwen/Qwen3-8B --draft-model-path RedHatAI/Qwen3-8B-speculator.eagle3 --served-model-name qwen3-8b --rope-scaling-json {"rope_type":"yarn","factor":1.6,"original_max_position_embeddings":40960}
3 run(s), one fresh server each

[1/3] case_001 seed=0 arm=spec_casc_opt -> /home/chiatzen/lossy-token-eff/logs/campaign_mtbench_qwen3/specCascOptneg0.1_case_001_seed0_20260822T021350Z.log
case_001 seed=0 mode=specCascOptneg0.1: L=2612 finish=stop l_bar=1.123 L/l_bar=2326.4 final_ch=False wall=16.55s
[1/3] ok in 103s

[2/3] case_002 seed=0 arm=spec_casc_opt -> /home/chiatzen/lossy-token-eff/logs/campaign_mtbench_qwen3/specCascOptneg0.1_case_002_seed0_20260822T021533Z.log
case_002 seed=0 mode=specCascOptneg0.1: L=1799 finish=stop l_bar=0.998 L/l_bar=1803.0 final_ch=False wall=12.11s
[2/3] ok in 99s

[3/3] case_003 seed=0 arm=spec_casc_opt -> /home/chiatzen/lossy-token-eff/logs/campaign_mtbench_qwen3/specCascOptneg0.1_case_003_seed0_20260822T021711Z.log
case_003 seed=0 mode=specCascOptneg0.1: L=553 finish=stop l_bar=1.28 L/l_bar=432.1 final_ch=False wall=3.30s
[3/3] ok in 90s

wrote /home/chiatzen/lossy-token-eff/runs/mtbench_qwen3/fresh_server_replay.json; 3/3 ok
$ /home/chiatzen/lossy-token-eff/.venv-vllm/bin/python /home/chiatzen/lossy-token-eff/scripts/fresh_server_replay.py --arms spec_casc_opt --cases case_001 case_002 case_003 --spec-casc-opt-alpha -0.02 --prompt-root /home/chiatzen/lossy-token-eff/prompts/mtbench_qwen3 --runs-root /home/chiatzen/lossy-token-eff/runs --log-root /home/chiatzen/lossy-token-eff/logs/campaign_mtbench_qwen3 --max-new-tokens 4096 --port 30000 --model-path Qwen/Qwen3-8B --draft-model-path RedHatAI/Qwen3-8B-speculator.eagle3 --served-model-name qwen3-8b --rope-scaling-json {"rope_type":"yarn","factor":1.6,"original_max_position_embeddings":40960}
3 run(s), one fresh server each

[1/3] case_001 seed=0 arm=spec_casc_opt -> /home/chiatzen/lossy-token-eff/logs/campaign_mtbench_qwen3/specCascOptneg0.02_case_001_seed0_20260822T021841Z.log
case_001 seed=0 mode=specCascOptneg0.02: L=2261 finish=stop l_bar=1.055 L/l_bar=2144.1 final_ch=False wall=14.78s
[1/3] ok in 101s

[2/3] case_002 seed=0 arm=spec_casc_opt -> /home/chiatzen/lossy-token-eff/logs/campaign_mtbench_qwen3/specCascOptneg0.02_case_002_seed0_20260822T022023Z.log
case_002 seed=0 mode=specCascOptneg0.02: L=1718 finish=stop l_bar=1.271 L/l_bar=1351.9 final_ch=False wall=10.17s
[2/3] ok in 98s

[3/3] case_003 seed=0 arm=spec_casc_opt -> /home/chiatzen/lossy-token-eff/logs/campaign_mtbench_qwen3/specCascOptneg0.02_case_003_seed0_20260822T022201Z.log
case_003 seed=0 mode=specCascOptneg0.02: L=2138 finish=stop l_bar=1.374 L/l_bar=1555.5 final_ch=False wall=12.11s
[3/3] ok in 105s

wrote /home/chiatzen/lossy-token-eff/runs/mtbench_qwen3/fresh_server_replay.json; 3/3 ok
$ /home/chiatzen/lossy-token-eff/.venv-vllm/bin/python /home/chiatzen/lossy-token-eff/scripts/fresh_server_replay.py --arms spec_casc_opt --cases case_001 case_002 case_003 --spec-casc-opt-alpha 0.05 --prompt-root /home/chiatzen/lossy-token-eff/prompts/mtbench_qwen3 --runs-root /home/chiatzen/lossy-token-eff/runs --log-root /home/chiatzen/lossy-token-eff/logs/campaign_mtbench_qwen3 --max-new-tokens 4096 --port 30000 --model-path Qwen/Qwen3-8B --draft-model-path RedHatAI/Qwen3-8B-speculator.eagle3 --served-model-name qwen3-8b --rope-scaling-json {"rope_type":"yarn","factor":1.6,"original_max_position_embeddings":40960}
3 run(s), one fresh server each

[1/3] case_001 seed=0 arm=spec_casc_opt -> /home/chiatzen/lossy-token-eff/logs/campaign_mtbench_qwen3/specCascOpt0.05_case_001_seed0_20260822T022346Z.log
case_001 seed=0 mode=specCascOpt0.05: L=1914 finish=stop l_bar=1.077 L/l_bar=1777.0 final_ch=False wall=12.37s
[1/3] ok in 101s

[2/3] case_002 seed=0 arm=spec_casc_opt -> /home/chiatzen/lossy-token-eff/logs/campaign_mtbench_qwen3/specCascOpt0.05_case_002_seed0_20260822T022526Z.log
case_002 seed=0 mode=specCascOpt0.05: L=1341 finish=stop l_bar=1.12 L/l_bar=1197.3 final_ch=False wall=8.52s
[2/3] ok in 97s

[3/3] case_003 seed=0 arm=spec_casc_opt -> /home/chiatzen/lossy-token-eff/logs/campaign_mtbench_qwen3/specCascOpt0.05_case_003_seed0_20260822T022703Z.log
case_003 seed=0 mode=specCascOpt0.05: L=1431 finish=stop l_bar=1.355 L/l_bar=1055.9 final_ch=False wall=8.19s
[3/3] ok in 95s

wrote /home/chiatzen/lossy-token-eff/runs/mtbench_qwen3/fresh_server_replay.json; 3/3 ok
$ /home/chiatzen/lossy-token-eff/.venv-vllm/bin/python /home/chiatzen/lossy-token-eff/scripts/fresh_server_replay.py --arms r_fuzzy --cases case_001 case_002 case_003 --r-fuzzy-alpha 0.03 --prompt-root /home/chiatzen/lossy-token-eff/prompts/mtbench_qwen3 --runs-root /home/chiatzen/lossy-token-eff/runs --log-root /home/chiatzen/lossy-token-eff/logs/campaign_mtbench_qwen3 --max-new-tokens 4096 --port 30000 --model-path Qwen/Qwen3-8B --draft-model-path RedHatAI/Qwen3-8B-speculator.eagle3 --served-model-name qwen3-8b --rope-scaling-json {"rope_type":"yarn","factor":1.6,"original_max_position_embeddings":40960}
3 run(s), one fresh server each

[1/3] case_001 seed=0 arm=r_fuzzy -> /home/chiatzen/lossy-token-eff/logs/campaign_mtbench_qwen3/rFuzzy0.03_case_001_seed0_20260822T022838Z.log
case_001 seed=0 mode=rFuzzy0.03: L=2154 finish=stop l_bar=0.943 L/l_bar=2283.7 final_ch=False wall=14.91s
[1/3] ok in 102s

[2/3] case_002 seed=0 arm=r_fuzzy -> /home/chiatzen/lossy-token-eff/logs/campaign_mtbench_qwen3/rFuzzy0.03_case_002_seed0_20260822T023019Z.log
case_002 seed=0 mode=rFuzzy0.03: L=1291 finish=stop l_bar=0.848 L/l_bar=1522.2 final_ch=False wall=9.38s
[2/3] ok in 96s

[3/3] case_003 seed=0 arm=r_fuzzy -> /home/chiatzen/lossy-token-eff/logs/campaign_mtbench_qwen3/rFuzzy0.03_case_003_seed0_20260822T023155Z.log
case_003 seed=0 mode=rFuzzy0.03: L=797 finish=stop l_bar=1.062 L/l_bar=750.5 final_ch=False wall=5.22s
[3/3] ok in 92s

wrote /home/chiatzen/lossy-token-eff/runs/mtbench_qwen3/fresh_server_replay.json; 3/3 ok
$ /home/chiatzen/lossy-token-eff/.venv-vllm/bin/python /home/chiatzen/lossy-token-eff/scripts/fresh_server_replay.py --arms r_fuzzy --cases case_001 case_002 case_003 --r-fuzzy-alpha 0.08 --prompt-root /home/chiatzen/lossy-token-eff/prompts/mtbench_qwen3 --runs-root /home/chiatzen/lossy-token-eff/runs --log-root /home/chiatzen/lossy-token-eff/logs/campaign_mtbench_qwen3 --max-new-tokens 4096 --port 30000 --model-path Qwen/Qwen3-8B --draft-model-path RedHatAI/Qwen3-8B-speculator.eagle3 --served-model-name qwen3-8b --rope-scaling-json {"rope_type":"yarn","factor":1.6,"original_max_position_embeddings":40960}
3 run(s), one fresh server each

[1/3] case_001 seed=0 arm=r_fuzzy -> /home/chiatzen/lossy-token-eff/logs/campaign_mtbench_qwen3/rFuzzy0.08_case_001_seed0_20260822T023327Z.log
case_001 seed=0 mode=rFuzzy0.08: L=1622 finish=stop l_bar=0.9 L/l_bar=1801.5 final_ch=False wall=11.45s
[1/3] ok in 98s

[2/3] case_002 seed=0 arm=r_fuzzy -> /home/chiatzen/lossy-token-eff/logs/campaign_mtbench_qwen3/rFuzzy0.08_case_002_seed0_20260822T023504Z.log
case_002 seed=0 mode=rFuzzy0.08: L=1547 finish=stop l_bar=0.974 L/l_bar=1587.5 final_ch=False wall=10.54s
[2/3] ok in 97s

[3/3] case_003 seed=0 arm=r_fuzzy -> /home/chiatzen/lossy-token-eff/logs/campaign_mtbench_qwen3/rFuzzy0.08_case_003_seed0_20260822T023641Z.log
case_003 seed=0 mode=rFuzzy0.08: L=547 finish=stop l_bar=1.246 L/l_bar=439.0 final_ch=False wall=3.31s
[3/3] ok in 90s

wrote /home/chiatzen/lossy-token-eff/runs/mtbench_qwen3/fresh_server_replay.json; 3/3 ok
$ /home/chiatzen/lossy-token-eff/.venv-vllm/bin/python /home/chiatzen/lossy-token-eff/scripts/fresh_server_replay.py --arms r_fuzzy --cases case_001 case_002 case_003 --r-fuzzy-alpha 0.15 --prompt-root /home/chiatzen/lossy-token-eff/prompts/mtbench_qwen3 --runs-root /home/chiatzen/lossy-token-eff/runs --log-root /home/chiatzen/lossy-token-eff/logs/campaign_mtbench_qwen3 --max-new-tokens 4096 --port 30000 --model-path Qwen/Qwen3-8B --draft-model-path RedHatAI/Qwen3-8B-speculator.eagle3 --served-model-name qwen3-8b --rope-scaling-json {"rope_type":"yarn","factor":1.6,"original_max_position_embeddings":40960}
3 run(s), one fresh server each

[1/3] case_001 seed=0 arm=r_fuzzy -> /home/chiatzen/lossy-token-eff/logs/campaign_mtbench_qwen3/rFuzzy0.15_case_001_seed0_20260822T023811Z.log
case_001 seed=0 mode=rFuzzy0.15: L=3506 finish=stop l_bar=0.942 L/l_bar=3722.5 final_ch=False wall=24.37s
[1/3] ok in 111s

[2/3] case_002 seed=0 arm=r_fuzzy -> /home/chiatzen/lossy-token-eff/logs/campaign_mtbench_qwen3/rFuzzy0.15_case_002_seed0_20260822T024001Z.log
case_002 seed=0 mode=rFuzzy0.15: L=1244 finish=stop l_bar=1.284 L/l_bar=968.5 final_ch=False wall=7.33s
[2/3] ok in 95s

[3/3] case_003 seed=0 arm=r_fuzzy -> /home/chiatzen/lossy-token-eff/logs/campaign_mtbench_qwen3/rFuzzy0.15_case_003_seed0_20260822T024137Z.log
case_003 seed=0 mode=rFuzzy0.15: L=1553 finish=stop l_bar=1.266 L/l_bar=1227.0 final_ch=False wall=9.22s
[3/3] ok in 96s

wrote /home/chiatzen/lossy-token-eff/runs/mtbench_qwen3/fresh_server_replay.json; 3/3 ok
$ /home/chiatzen/lossy-token-eff/.venv-vllm/bin/python /home/chiatzen/lossy-token-eff/scripts/fresh_server_replay.py --arms r_fuzzy --cases case_001 case_002 case_003 --r-fuzzy-alpha 0.25 --prompt-root /home/chiatzen/lossy-token-eff/prompts/mtbench_qwen3 --runs-root /home/chiatzen/lossy-token-eff/runs --log-root /home/chiatzen/lossy-token-eff/logs/campaign_mtbench_qwen3 --max-new-tokens 4096 --port 30000 --model-path Qwen/Qwen3-8B --draft-model-path RedHatAI/Qwen3-8B-speculator.eagle3 --served-model-name qwen3-8b --rope-scaling-json {"rope_type":"yarn","factor":1.6,"original_max_position_embeddings":40960}
3 run(s), one fresh server each

[1/3] case_001 seed=0 arm=r_fuzzy -> /home/chiatzen/lossy-token-eff/logs/campaign_mtbench_qwen3/rFuzzy0.25_case_001_seed0_20260822T024312Z.log
case_001 seed=0 mode=rFuzzy0.25: L=2065 finish=stop l_bar=1.47 L/l_bar=1405.2 final_ch=False wall=11.27s
[1/3] ok in 97s

[2/3] case_002 seed=0 arm=r_fuzzy -> /home/chiatzen/lossy-token-eff/logs/campaign_mtbench_qwen3/rFuzzy0.25_case_002_seed0_20260822T024450Z.log
case_002 seed=0 mode=rFuzzy0.25: L=1146 finish=stop l_bar=1.663 L/l_bar=689.2 final_ch=False wall=5.80s
[2/3] ok in 94s

[3/3] case_003 seed=0 arm=r_fuzzy -> /home/chiatzen/lossy-token-eff/logs/campaign_mtbench_qwen3/rFuzzy0.25_case_003_seed0_20260822T024624Z.log
case_003 seed=0 mode=rFuzzy0.25: L=267 finish=stop l_bar=2.153 L/l_bar=124.0 final_ch=False wall=1.19s
[3/3] ok in 89s

wrote /home/chiatzen/lossy-token-eff/runs/mtbench_qwen3/fresh_server_replay.json; 3/3 ok
$ /home/chiatzen/lossy-token-eff/.venv-vllm/bin/python /home/chiatzen/lossy-token-eff/scripts/fresh_server_replay.py --arms spec_casc_tok --cases case_001 case_002 case_003 --spec-casc-tok-alpha 0.15 --prompt-root /home/chiatzen/lossy-token-eff/prompts/mtbench_qwen3 --runs-root /home/chiatzen/lossy-token-eff/runs --log-root /home/chiatzen/lossy-token-eff/logs/campaign_mtbench_qwen3 --max-new-tokens 4096 --port 30000 --model-path Qwen/Qwen3-8B --draft-model-path RedHatAI/Qwen3-8B-speculator.eagle3 --served-model-name qwen3-8b --rope-scaling-json {"rope_type":"yarn","factor":1.6,"original_max_position_embeddings":40960}
3 run(s), one fresh server each

[1/3] case_001 seed=0 arm=spec_casc_tok -> /home/chiatzen/lossy-token-eff/logs/campaign_mtbench_qwen3/specCascTok0.15_case_001_seed0_20260822T024753Z.log
case_001 seed=0 mode=specCascTok0.15: L=2365 finish=stop l_bar=0.92 L/l_bar=2569.6 final_ch=False wall=16.56s
[1/3] ok in 103s

[2/3] case_002 seed=0 arm=spec_casc_tok -> /home/chiatzen/lossy-token-eff/logs/campaign_mtbench_qwen3/specCascTok0.15_case_002_seed0_20260822T024936Z.log
case_002 seed=0 mode=specCascTok0.15: L=970 finish=stop l_bar=0.864 L/l_bar=1123.0 final_ch=False wall=7.01s
[2/3] ok in 96s

[3/3] case_003 seed=0 arm=spec_casc_tok -> /home/chiatzen/lossy-token-eff/logs/campaign_mtbench_qwen3/specCascTok0.15_case_003_seed0_20260822T025112Z.log
case_003 seed=0 mode=specCascTok0.15: L=1131 finish=stop l_bar=1.018 L/l_bar=1111.2 final_ch=False wall=7.54s
[3/3] ok in 96s

wrote /home/chiatzen/lossy-token-eff/runs/mtbench_qwen3/fresh_server_replay.json; 3/3 ok
$ /home/chiatzen/lossy-token-eff/.venv-vllm/bin/python /home/chiatzen/lossy-token-eff/scripts/fresh_server_replay.py --arms spec_casc_tok --cases case_001 case_002 case_003 --spec-casc-tok-alpha 0.35 --prompt-root /home/chiatzen/lossy-token-eff/prompts/mtbench_qwen3 --runs-root /home/chiatzen/lossy-token-eff/runs --log-root /home/chiatzen/lossy-token-eff/logs/campaign_mtbench_qwen3 --max-new-tokens 4096 --port 30000 --model-path Qwen/Qwen3-8B --draft-model-path RedHatAI/Qwen3-8B-speculator.eagle3 --served-model-name qwen3-8b --rope-scaling-json {"rope_type":"yarn","factor":1.6,"original_max_position_embeddings":40960}
3 run(s), one fresh server each

[1/3] case_001 seed=0 arm=spec_casc_tok -> /home/chiatzen/lossy-token-eff/logs/campaign_mtbench_qwen3/specCascTok0.35_case_001_seed0_20260822T025248Z.log
case_001 seed=0 mode=specCascTok0.35: L=2179 finish=stop l_bar=0.884 L/l_bar=2464.7 final_ch=False wall=15.52s
[1/3] ok in 102s

[2/3] case_002 seed=0 arm=spec_casc_tok -> /home/chiatzen/lossy-token-eff/logs/campaign_mtbench_qwen3/specCascTok0.35_case_002_seed0_20260822T025430Z.log
case_002 seed=0 mode=specCascTok0.35: L=1194 finish=stop l_bar=0.858 L/l_bar=1390.8 final_ch=False wall=8.63s
[2/3] ok in 97s

[3/3] case_003 seed=0 arm=spec_casc_tok -> /home/chiatzen/lossy-token-eff/logs/campaign_mtbench_qwen3/specCascTok0.35_case_003_seed0_20260822T025607Z.log
case_003 seed=0 mode=specCascTok0.35: L=1170 finish=stop l_bar=1.012 L/l_bar=1156.1 final_ch=False wall=7.81s
[3/3] ok in 95s

wrote /home/chiatzen/lossy-token-eff/runs/mtbench_qwen3/fresh_server_replay.json; 3/3 ok
$ /home/chiatzen/lossy-token-eff/.venv-vllm/bin/python /home/chiatzen/lossy-token-eff/scripts/fresh_server_replay.py --arms spec_casc_tok --cases case_001 case_002 case_003 --spec-casc-tok-alpha 0.55 --prompt-root /home/chiatzen/lossy-token-eff/prompts/mtbench_qwen3 --runs-root /home/chiatzen/lossy-token-eff/runs --log-root /home/chiatzen/lossy-token-eff/logs/campaign_mtbench_qwen3 --max-new-tokens 4096 --port 30000 --model-path Qwen/Qwen3-8B --draft-model-path RedHatAI/Qwen3-8B-speculator.eagle3 --served-model-name qwen3-8b --rope-scaling-json {"rope_type":"yarn","factor":1.6,"original_max_position_embeddings":40960}
3 run(s), one fresh server each

[1/3] case_001 seed=0 arm=spec_casc_tok -> /home/chiatzen/lossy-token-eff/logs/campaign_mtbench_qwen3/specCascTok0.55_case_001_seed0_20260822T025742Z.log
case_001 seed=0 mode=specCascTok0.55: L=1878 finish=stop l_bar=0.951 L/l_bar=1974.5 final_ch=False wall=12.92s
[1/3] ok in 102s

[2/3] case_002 seed=0 arm=spec_casc_tok -> /home/chiatzen/lossy-token-eff/logs/campaign_mtbench_qwen3/specCascTok0.55_case_002_seed0_20260822T025924Z.log
case_002 seed=0 mode=specCascTok0.55: L=1368 finish=stop l_bar=0.956 L/l_bar=1431.4 final_ch=False wall=9.40s
[2/3] ok in 98s

[3/3] case_003 seed=0 arm=spec_casc_tok -> /home/chiatzen/lossy-token-eff/logs/campaign_mtbench_qwen3/specCascTok0.55_case_003_seed0_20260822T030102Z.log
case_003 seed=0 mode=specCascTok0.55: L=1170 finish=stop l_bar=1.012 L/l_bar=1156.1 final_ch=False wall=7.82s
[3/3] ok in 97s

wrote /home/chiatzen/lossy-token-eff/runs/mtbench_qwen3/fresh_server_replay.json; 3/3 ok
$ /home/chiatzen/lossy-token-eff/.venv-vllm/bin/python /home/chiatzen/lossy-token-eff/scripts/fresh_server_replay.py --arms spec_casc_tok --cases case_001 case_002 case_003 --spec-casc-tok-alpha 0.8 --prompt-root /home/chiatzen/lossy-token-eff/prompts/mtbench_qwen3 --runs-root /home/chiatzen/lossy-token-eff/runs --log-root /home/chiatzen/lossy-token-eff/logs/campaign_mtbench_qwen3 --max-new-tokens 4096 --port 30000 --model-path Qwen/Qwen3-8B --draft-model-path RedHatAI/Qwen3-8B-speculator.eagle3 --served-model-name qwen3-8b --rope-scaling-json {"rope_type":"yarn","factor":1.6,"original_max_position_embeddings":40960}
3 run(s), one fresh server each

[1/3] case_001 seed=0 arm=spec_casc_tok -> /home/chiatzen/lossy-token-eff/logs/campaign_mtbench_qwen3/specCascTok0.8_case_001_seed0_20260822T030239Z.log
case_001 seed=0 mode=specCascTok0.8: L=2199 finish=stop l_bar=0.959 L/l_bar=2293.0 final_ch=False wall=15.10s
[1/3] ok in 102s

[2/3] case_002 seed=0 arm=spec_casc_tok -> /home/chiatzen/lossy-token-eff/logs/campaign_mtbench_qwen3/specCascTok0.8_case_002_seed0_20260822T030421Z.log
case_002 seed=0 mode=specCascTok0.8: L=2118 finish=stop l_bar=1.088 L/l_bar=1947.3 final_ch=False wall=13.66s
[2/3] ok in 102s

[3/3] case_003 seed=0 arm=spec_casc_tok -> /home/chiatzen/lossy-token-eff/logs/campaign_mtbench_qwen3/specCascTok0.8_case_003_seed0_20260822T030603Z.log
case_003 seed=0 mode=specCascTok0.8: L=1097 finish=stop l_bar=0.996 L/l_bar=1101.0 final_ch=False wall=7.39s
[3/3] ok in 94s

wrote /home/chiatzen/lossy-token-eff/runs/mtbench_qwen3/fresh_server_replay.json; 3/3 ok
targets (l_bar): [1.356, 2.121, 2.887]
  mentored_dec: chosen alphas = [0.75, 0.15]
  cactus: chosen alphas = [0.03, 0.08, 0.35]
  spec_casc_opt: chosen alphas = [-0.02, -0.3, 0.05]
  r_fuzzy: chosen alphas = [0.15, 0.25, 0.03]
  spec_casc_tok: chosen alphas = [0.8, 0.15]
wrote /home/chiatzen/lossy-token-eff/campaign/calibration/mtbench_qwen3.json
$ /home/chiatzen/lossy-token-eff/.venv-vllm/bin/python /home/chiatzen/lossy-token-eff/scripts/fresh_server_replay.py --arms mentored_dec --cases case_001 case_002 case_003 case_004 case_005 case_006 case_007 case_008 case_009 case_010 case_011 case_012 --mentored-dec-alpha 0.75 --prompt-root /home/chiatzen/lossy-token-eff/prompts/mtbench_qwen3 --runs-root /home/chiatzen/lossy-token-eff/runs --log-root /home/chiatzen/lossy-token-eff/logs/campaign_mtbench_qwen3 --max-new-tokens 4096 --port 30000 --model-path Qwen/Qwen3-8B --draft-model-path RedHatAI/Qwen3-8B-speculator.eagle3 --served-model-name qwen3-8b --rope-scaling-json {"rope_type":"yarn","factor":1.6,"original_max_position_embeddings":40960}
skip case_001 seed=0 mentored_dec/alpha0.75: already present (/home/chiatzen/lossy-token-eff/runs/mtbench_qwen3/mentored_dec/alpha0.75/case_001/seed_0/run.json)
skip case_002 seed=0 mentored_dec/alpha0.75: already present (/home/chiatzen/lossy-token-eff/runs/mtbench_qwen3/mentored_dec/alpha0.75/case_002/seed_0/run.json)
skip case_003 seed=0 mentored_dec/alpha0.75: already present (/home/chiatzen/lossy-token-eff/runs/mtbench_qwen3/mentored_dec/alpha0.75/case_003/seed_0/run.json)
9 run(s), one fresh server each

[1/9] case_004 seed=0 arm=mentored_dec -> /home/chiatzen/lossy-token-eff/logs/campaign_mtbench_qwen3/mentoredDec0.75_case_004_seed0_20260822T030737Z.log
case_004 seed=0 mode=mentoredDec0.75: L=1697 finish=stop l_bar=1.752 L/l_bar=968.6 final_ch=False wall=8.31s
[1/9] ok in 103s

[2/9] case_005 seed=0 arm=mentored_dec -> /home/chiatzen/lossy-token-eff/logs/campaign_mtbench_qwen3/mentoredDec0.75_case_005_seed0_20260822T030920Z.log
case_005 seed=0 mode=mentoredDec0.75: L=731 finish=stop l_bar=1.765 L/l_bar=414.1 final_ch=False wall=3.57s
[2/9] ok in 97s

[3/9] case_006 seed=0 arm=mentored_dec -> /home/chiatzen/lossy-token-eff/logs/campaign_mtbench_qwen3/mentoredDec0.75_case_006_seed0_20260822T031057Z.log
case_006 seed=0 mode=mentoredDec0.75: L=4096 finish=length l_bar=1.913 L/l_bar=2141.7 final_ch=False wall=19.03s
[3/9] ok in 111s

[4/9] case_007 seed=0 arm=mentored_dec -> /home/chiatzen/lossy-token-eff/logs/campaign_mtbench_qwen3/mentoredDec0.75_case_007_seed0_20260822T031248Z.log
case_007 seed=0 mode=mentoredDec0.75: L=4096 finish=length l_bar=1.622 L/l_bar=2525.8 final_ch=False wall=21.13s
[4/9] ok in 114s

[5/9] case_008 seed=0 arm=mentored_dec -> /home/chiatzen/lossy-token-eff/logs/campaign_mtbench_qwen3/mentoredDec0.75_case_008_seed0_20260822T031442Z.log
case_008 seed=0 mode=mentoredDec0.75: L=4096 finish=length l_bar=1.806 L/l_bar=2267.8 final_ch=False wall=19.76s
[5/9] ok in 113s

[6/9] case_009 seed=0 arm=mentored_dec -> /home/chiatzen/lossy-token-eff/logs/campaign_mtbench_qwen3/mentoredDec0.75_case_009_seed0_20260822T031635Z.log
case_009 seed=0 mode=mentoredDec0.75: L=638 finish=stop l_bar=2.005 L/l_bar=318.2 final_ch=False wall=2.89s
[6/9] ok in 96s

[7/9] case_010 seed=0 arm=mentored_dec -> /home/chiatzen/lossy-token-eff/logs/campaign_mtbench_qwen3/mentoredDec0.75_case_010_seed0_20260822T031811Z.log
case_010 seed=0 mode=mentoredDec0.75: L=1798 finish=stop l_bar=1.373 L/l_bar=1309.2 final_ch=False wall=10.20s
[7/9] ok in 103s

[8/9] case_011 seed=0 arm=mentored_dec -> /home/chiatzen/lossy-token-eff/logs/campaign_mtbench_qwen3/mentoredDec0.75_case_011_seed0_20260822T031954Z.log
case_011 seed=0 mode=mentoredDec0.75: L=2354 finish=stop l_bar=1.141 L/l_bar=2063.3 final_ch=False wall=14.82s
[8/9] ok in 110s

[9/9] case_012 seed=0 arm=mentored_dec -> /home/chiatzen/lossy-token-eff/logs/campaign_mtbench_qwen3/mentoredDec0.75_case_012_seed0_20260822T032144Z.log
case_012 seed=0 mode=mentoredDec0.75: L=2510 finish=stop l_bar=1.426 L/l_bar=1759.6 final_ch=False wall=13.93s
[9/9] ok in 107s

wrote /home/chiatzen/lossy-token-eff/runs/mtbench_qwen3/fresh_server_replay.json; 9/9 ok
$ /home/chiatzen/lossy-token-eff/.venv-vllm/bin/python /home/chiatzen/lossy-token-eff/scripts/fresh_server_replay.py --arms mentored_dec --cases case_001 case_002 case_003 case_004 case_005 case_006 case_007 case_008 case_009 case_010 case_011 case_012 --mentored-dec-alpha 0.15 --prompt-root /home/chiatzen/lossy-token-eff/prompts/mtbench_qwen3 --runs-root /home/chiatzen/lossy-token-eff/runs --log-root /home/chiatzen/lossy-token-eff/logs/campaign_mtbench_qwen3 --max-new-tokens 4096 --port 30000 --model-path Qwen/Qwen3-8B --draft-model-path RedHatAI/Qwen3-8B-speculator.eagle3 --served-model-name qwen3-8b --rope-scaling-json {"rope_type":"yarn","factor":1.6,"original_max_position_embeddings":40960}
skip case_001 seed=0 mentored_dec/alpha0.15: already present (/home/chiatzen/lossy-token-eff/runs/mtbench_qwen3/mentored_dec/alpha0.15/case_001/seed_0/run.json)
skip case_002 seed=0 mentored_dec/alpha0.15: already present (/home/chiatzen/lossy-token-eff/runs/mtbench_qwen3/mentored_dec/alpha0.15/case_002/seed_0/run.json)
skip case_003 seed=0 mentored_dec/alpha0.15: already present (/home/chiatzen/lossy-token-eff/runs/mtbench_qwen3/mentored_dec/alpha0.15/case_003/seed_0/run.json)
9 run(s), one fresh server each

[1/9] case_004 seed=0 arm=mentored_dec -> /home/chiatzen/lossy-token-eff/logs/campaign_mtbench_qwen3/mentoredDec0.15_case_004_seed0_20260822T032330Z.log
case_004 seed=0 mode=mentoredDec0.15: L=2651 finish=stop l_bar=1.42 L/l_bar=1866.8 final_ch=False wall=14.71s
[1/9] ok in 107s

[2/9] case_005 seed=0 arm=mentored_dec -> /home/chiatzen/lossy-token-eff/logs/campaign_mtbench_qwen3/mentoredDec0.15_case_005_seed0_20260822T032518Z.log
case_005 seed=0 mode=mentoredDec0.15: L=452 finish=stop l_bar=1.178 L/l_bar=383.7 final_ch=False wall=2.82s
[2/9] ok in 96s

[3/9] case_006 seed=0 arm=mentored_dec -> /home/chiatzen/lossy-token-eff/logs/campaign_mtbench_qwen3/mentoredDec0.15_case_006_seed0_20260822T032654Z.log
case_006 seed=0 mode=mentoredDec0.15: L=3519 finish=stop l_bar=1.542 L/l_bar=2282.8 final_ch=False wall=18.72s
[3/9] ok in 112s

[4/9] case_007 seed=0 arm=mentored_dec -> /home/chiatzen/lossy-token-eff/logs/campaign_mtbench_qwen3/mentoredDec0.15_case_007_seed0_20260822T032846Z.log
case_007 seed=0 mode=mentoredDec0.15: L=4096 finish=length l_bar=1.221 L/l_bar=3354.2 final_ch=False wall=24.95s
[4/9] ok in 120s

[5/9] case_008 seed=0 arm=mentored_dec -> /home/chiatzen/lossy-token-eff/logs/campaign_mtbench_qwen3/mentoredDec0.15_case_008_seed0_20260822T033046Z.log
case_008 seed=0 mode=mentoredDec0.15: L=2837 finish=stop l_bar=1.474 L/l_bar=1924.3 final_ch=False wall=15.44s
[5/9] ok in 108s

[6/9] case_009 seed=0 arm=mentored_dec -> /home/chiatzen/lossy-token-eff/logs/campaign_mtbench_qwen3/mentoredDec0.15_case_009_seed0_20260822T033234Z.log
case_009 seed=0 mode=mentoredDec0.15: L=562 finish=stop l_bar=1.892 L/l_bar=297.0 final_ch=False wall=2.66s
[6/9] ok in 96s

[7/9] case_010 seed=0 arm=mentored_dec -> /home/chiatzen/lossy-token-eff/logs/campaign_mtbench_qwen3/mentoredDec0.15_case_010_seed0_20260822T033409Z.log
case_010 seed=0 mode=mentoredDec0.15: L=2343 finish=stop l_bar=1.261 L/l_bar=1858.6 final_ch=False wall=13.94s
[7/9] ok in 107s

[8/9] case_011 seed=0 arm=mentored_dec -> /home/chiatzen/lossy-token-eff/logs/campaign_mtbench_qwen3/mentoredDec0.15_case_011_seed0_20260822T033557Z.log
case_011 seed=0 mode=mentoredDec0.15: L=3007 finish=stop l_bar=0.987 L/l_bar=3047.3 final_ch=False wall=20.38s
[8/9] ok in 113s

[9/9] case_012 seed=0 arm=mentored_dec -> /home/chiatzen/lossy-token-eff/logs/campaign_mtbench_qwen3/mentoredDec0.15_case_012_seed0_20260822T033750Z.log
case_012 seed=0 mode=mentoredDec0.15: L=2589 finish=stop l_bar=1.132 L/l_bar=2287.5 final_ch=False wall=16.33s
[9/9] ok in 111s

wrote /home/chiatzen/lossy-token-eff/runs/mtbench_qwen3/fresh_server_replay.json; 9/9 ok
$ /home/chiatzen/lossy-token-eff/.venv-vllm/bin/python /home/chiatzen/lossy-token-eff/scripts/fresh_server_replay.py --arms cactus --cases case_001 case_002 case_003 case_004 case_005 case_006 case_007 case_008 case_009 case_010 case_011 case_012 --cactus-alpha 0.03 --prompt-root /home/chiatzen/lossy-token-eff/prompts/mtbench_qwen3 --runs-root /home/chiatzen/lossy-token-eff/runs --log-root /home/chiatzen/lossy-token-eff/logs/campaign_mtbench_qwen3 --max-new-tokens 4096 --port 30000 --model-path Qwen/Qwen3-8B --draft-model-path RedHatAI/Qwen3-8B-speculator.eagle3 --served-model-name qwen3-8b --rope-scaling-json {"rope_type":"yarn","factor":1.6,"original_max_position_embeddings":40960}
skip case_001 seed=0 cactus/alpha0.03: already present (/home/chiatzen/lossy-token-eff/runs/mtbench_qwen3/cactus/alpha0.03/case_001/seed_0/run.json)
skip case_002 seed=0 cactus/alpha0.03: already present (/home/chiatzen/lossy-token-eff/runs/mtbench_qwen3/cactus/alpha0.03/case_002/seed_0/run.json)
skip case_003 seed=0 cactus/alpha0.03: already present (/home/chiatzen/lossy-token-eff/runs/mtbench_qwen3/cactus/alpha0.03/case_003/seed_0/run.json)
9 run(s), one fresh server each

[1/9] case_004 seed=0 arm=cactus -> /home/chiatzen/lossy-token-eff/logs/campaign_mtbench_qwen3/cactus0.03_case_004_seed0_20260822T033941Z.log
case_004 seed=0 mode=cactus0.03: L=1402 finish=stop l_bar=1.802 L/l_bar=777.9 final_ch=False wall=6.75s
[1/9] ok in 99s

[2/9] case_005 seed=0 arm=cactus -> /home/chiatzen/lossy-token-eff/logs/campaign_mtbench_qwen3/cactus0.03_case_005_seed0_20260822T034120Z.log
case_005 seed=0 mode=cactus0.03: L=535 finish=stop l_bar=1.589 L/l_bar=336.6 final_ch=False wall=2.82s
[2/9] ok in 93s

[3/9] case_006 seed=0 arm=cactus -> /home/chiatzen/lossy-token-eff/logs/campaign_mtbench_qwen3/cactus0.03_case_006_seed0_20260822T034253Z.log
case_006 seed=0 mode=cactus0.03: L=3111 finish=stop l_bar=1.882 L/l_bar=1652.8 final_ch=False wall=14.56s
[3/9] ok in 105s

[4/9] case_007 seed=0 arm=cactus -> /home/chiatzen/lossy-token-eff/logs/campaign_mtbench_qwen3/cactus0.03_case_007_seed0_20260822T034438Z.log
case_007 seed=0 mode=cactus0.03: L=4064 finish=stop l_bar=1.68 L/l_bar=2418.9 final_ch=False wall=20.44s
[4/9] ok in 111s

[5/9] case_008 seed=0 arm=cactus -> /home/chiatzen/lossy-token-eff/logs/campaign_mtbench_qwen3/cactus0.03_case_008_seed0_20260822T034629Z.log
case_008 seed=0 mode=cactus0.03: L=3010 finish=stop l_bar=1.709 L/l_bar=1761.6 final_ch=False wall=14.98s
[5/9] ok in 105s

[6/9] case_009 seed=0 arm=cactus -> /home/chiatzen/lossy-token-eff/logs/campaign_mtbench_qwen3/cactus0.03_case_009_seed0_20260822T034814Z.log
case_009 seed=0 mode=cactus0.03: L=620 finish=stop l_bar=1.751 L/l_bar=354.1 final_ch=False wall=3.07s
[6/9] ok in 93s

[7/9] case_010 seed=0 arm=cactus -> /home/chiatzen/lossy-token-eff/logs/campaign_mtbench_qwen3/cactus0.03_case_010_seed0_20260822T034948Z.log
case_010 seed=0 mode=cactus0.03: L=2231 finish=stop l_bar=1.614 L/l_bar=1382.2 final_ch=False wall=11.50s
[7/9] ok in 102s

[8/9] case_011 seed=0 arm=cactus -> /home/chiatzen/lossy-token-eff/logs/campaign_mtbench_qwen3/cactus0.03_case_011_seed0_20260822T035130Z.log
case_011 seed=0 mode=cactus0.03: L=2150 finish=stop l_bar=2.048 L/l_bar=1049.7 final_ch=False wall=9.51s
[8/9] ok in 100s

[9/9] case_012 seed=0 arm=cactus -> /home/chiatzen/lossy-token-eff/logs/campaign_mtbench_qwen3/cactus0.03_case_012_seed0_20260822T035310Z.log
case_012 seed=0 mode=cactus0.03: L=2693 finish=stop l_bar=1.822 L/l_bar=1478.2 final_ch=False wall=12.86s
[9/9] ok in 104s

wrote /home/chiatzen/lossy-token-eff/runs/mtbench_qwen3/fresh_server_replay.json; 9/9 ok
$ /home/chiatzen/lossy-token-eff/.venv-vllm/bin/python /home/chiatzen/lossy-token-eff/scripts/fresh_server_replay.py --arms cactus --cases case_001 case_002 case_003 case_004 case_005 case_006 case_007 case_008 case_009 case_010 case_011 case_012 --cactus-alpha 0.08 --prompt-root /home/chiatzen/lossy-token-eff/prompts/mtbench_qwen3 --runs-root /home/chiatzen/lossy-token-eff/runs --log-root /home/chiatzen/lossy-token-eff/logs/campaign_mtbench_qwen3 --max-new-tokens 4096 --port 30000 --model-path Qwen/Qwen3-8B --draft-model-path RedHatAI/Qwen3-8B-speculator.eagle3 --served-model-name qwen3-8b --rope-scaling-json {"rope_type":"yarn","factor":1.6,"original_max_position_embeddings":40960}
skip case_001 seed=0 cactus/alpha0.08: already present (/home/chiatzen/lossy-token-eff/runs/mtbench_qwen3/cactus/alpha0.08/case_001/seed_0/run.json)
skip case_002 seed=0 cactus/alpha0.08: already present (/home/chiatzen/lossy-token-eff/runs/mtbench_qwen3/cactus/alpha0.08/case_002/seed_0/run.json)
skip case_003 seed=0 cactus/alpha0.08: already present (/home/chiatzen/lossy-token-eff/runs/mtbench_qwen3/cactus/alpha0.08/case_003/seed_0/run.json)
9 run(s), one fresh server each

[1/9] case_004 seed=0 arm=cactus -> /home/chiatzen/lossy-token-eff/logs/campaign_mtbench_qwen3/cactus0.08_case_004_seed0_20260822T035453Z.log
case_004 seed=0 mode=cactus0.08: L=3752 finish=stop l_bar=2.279 L/l_bar=1646.4 final_ch=False wall=15.47s
[1/9] ok in 106s

[2/9] case_005 seed=0 arm=cactus -> /home/chiatzen/lossy-token-eff/logs/campaign_mtbench_qwen3/cactus0.08_case_005_seed0_20260822T035639Z.log
case_005 seed=0 mode=cactus0.08: L=726 finish=stop l_bar=2.189 L/l_bar=331.7 final_ch=False wall=3.10s
[2/9] ok in 93s

[3/9] case_006 seed=0 arm=cactus -> /home/chiatzen/lossy-token-eff/logs/campaign_mtbench_qwen3/cactus0.08_case_006_seed0_20260822T035812Z.log
case_006 seed=0 mode=cactus0.08: L=4096 finish=length l_bar=2.268 L/l_bar=1805.9 final_ch=False wall=16.95s
[3/9] ok in 109s

[4/9] case_007 seed=0 arm=cactus -> /home/chiatzen/lossy-token-eff/logs/campaign_mtbench_qwen3/cactus0.08_case_007_seed0_20260822T040001Z.log
case_007 seed=0 mode=cactus0.08: L=4096 finish=length l_bar=1.895 L/l_bar=2161.8 final_ch=False wall=19.14s
[4/9] ok in 112s

[5/9] case_008 seed=0 arm=cactus -> /home/chiatzen/lossy-token-eff/logs/campaign_mtbench_qwen3/cactus0.08_case_008_seed0_20260822T040153Z.log
case_008 seed=0 mode=cactus0.08: L=3117 finish=stop l_bar=1.824 L/l_bar=1708.5 final_ch=False wall=14.88s
[5/9] ok in 105s

[6/9] case_009 seed=0 arm=cactus -> /home/chiatzen/lossy-token-eff/logs/campaign_mtbench_qwen3/cactus0.08_case_009_seed0_20260822T040338Z.log
case_009 seed=0 mode=cactus0.08: L=577 finish=stop l_bar=1.81 L/l_bar=318.8 final_ch=False wall=2.80s
[6/9] ok in 93s

[7/9] case_010 seed=0 arm=cactus -> /home/chiatzen/lossy-token-eff/logs/campaign_mtbench_qwen3/cactus0.08_case_010_seed0_20260822T040511Z.log
case_010 seed=0 mode=cactus0.08: L=2506 finish=stop l_bar=2.093 L/l_bar=1197.6 final_ch=False wall=10.92s
[7/9] ok in 102s

[8/9] case_011 seed=0 arm=cactus -> /home/chiatzen/lossy-token-eff/logs/campaign_mtbench_qwen3/cactus0.08_case_011_seed0_20260822T040653Z.log
case_011 seed=0 mode=cactus0.08: L=3366 finish=stop l_bar=2.54 L/l_bar=1324.9 final_ch=False wall=12.87s
[8/9] ok in 105s

[9/9] case_012 seed=0 arm=cactus -> /home/chiatzen/lossy-token-eff/logs/campaign_mtbench_qwen3/cactus0.08_case_012_seed0_20260822T040838Z.log
case_012 seed=0 mode=cactus0.08: L=2692 finish=stop l_bar=2.296 L/l_bar=1172.4 final_ch=False wall=11.02s
[9/9] ok in 102s

wrote /home/chiatzen/lossy-token-eff/runs/mtbench_qwen3/fresh_server_replay.json; 9/9 ok
$ /home/chiatzen/lossy-token-eff/.venv-vllm/bin/python /home/chiatzen/lossy-token-eff/scripts/fresh_server_replay.py --arms cactus --cases case_001 case_002 case_003 case_004 case_005 case_006 case_007 case_008 case_009 case_010 case_011 case_012 --cactus-alpha 0.35 --prompt-root /home/chiatzen/lossy-token-eff/prompts/mtbench_qwen3 --runs-root /home/chiatzen/lossy-token-eff/runs --log-root /home/chiatzen/lossy-token-eff/logs/campaign_mtbench_qwen3 --max-new-tokens 4096 --port 30000 --model-path Qwen/Qwen3-8B --draft-model-path RedHatAI/Qwen3-8B-speculator.eagle3 --served-model-name qwen3-8b --rope-scaling-json {"rope_type":"yarn","factor":1.6,"original_max_position_embeddings":40960}
skip case_001 seed=0 cactus/alpha0.35: already present (/home/chiatzen/lossy-token-eff/runs/mtbench_qwen3/cactus/alpha0.35/case_001/seed_0/run.json)
skip case_002 seed=0 cactus/alpha0.35: already present (/home/chiatzen/lossy-token-eff/runs/mtbench_qwen3/cactus/alpha0.35/case_002/seed_0/run.json)
skip case_003 seed=0 cactus/alpha0.35: already present (/home/chiatzen/lossy-token-eff/runs/mtbench_qwen3/cactus/alpha0.35/case_003/seed_0/run.json)
9 run(s), one fresh server each

[1/9] case_004 seed=0 arm=cactus -> /home/chiatzen/lossy-token-eff/logs/campaign_mtbench_qwen3/cactus0.35_case_004_seed0_20260822T041020Z.log
case_004 seed=0 mode=cactus0.35: L=2428 finish=stop l_bar=3.1 L/l_bar=783.3 final_ch=False wall=7.98s
[1/9] ok in 101s

[2/9] case_005 seed=0 arm=cactus -> /home/chiatzen/lossy-token-eff/logs/campaign_mtbench_qwen3/cactus0.35_case_005_seed0_20260822T041200Z.log
case_005 seed=0 mode=cactus0.35: L=1201 finish=stop l_bar=3.023 L/l_bar=397.2 final_ch=False wall=4.05s
[2/9] ok in 96s

[3/9] case_006 seed=0 arm=cactus -> /home/chiatzen/lossy-token-eff/logs/campaign_mtbench_qwen3/cactus0.35_case_006_seed0_20260822T041337Z.log
case_006 seed=0 mode=cactus0.35: L=4096 finish=length l_bar=2.853 L/l_bar=1435.6 final_ch=False wall=14.39s
[3/9] ok in 107s

[4/9] case_007 seed=0 arm=cactus -> /home/chiatzen/lossy-token-eff/logs/campaign_mtbench_qwen3/cactus0.35_case_007_seed0_20260822T041524Z.log
case_007 seed=0 mode=cactus0.35: L=4096 finish=length l_bar=2.852 L/l_bar=1436.4 final_ch=False wall=14.41s
[4/9] ok in 107s

[5/9] case_008 seed=0 arm=cactus -> /home/chiatzen/lossy-token-eff/logs/campaign_mtbench_qwen3/cactus0.35_case_008_seed0_20260822T041711Z.log
case_008 seed=0 mode=cactus0.35: L=4096 finish=length l_bar=3.066 L/l_bar=1335.7 final_ch=False wall=13.63s
[5/9] ok in 105s

[6/9] case_009 seed=0 arm=cactus -> /home/chiatzen/lossy-token-eff/logs/campaign_mtbench_qwen3/cactus0.35_case_009_seed0_20260822T041856Z.log
case_009 seed=0 mode=cactus0.35: L=917 finish=stop l_bar=3.397 L/l_bar=269.9 final_ch=False wall=2.86s
[6/9] ok in 93s

[7/9] case_010 seed=0 arm=cactus -> /home/chiatzen/lossy-token-eff/logs/campaign_mtbench_qwen3/cactus0.35_case_010_seed0_20260822T042029Z.log
case_010 seed=0 mode=cactus0.35: L=1820 finish=stop l_bar=2.842 L/l_bar=640.4 final_ch=False wall=6.40s
[7/9] ok in 97s

[8/9] case_011 seed=0 arm=cactus -> /home/chiatzen/lossy-token-eff/logs/campaign_mtbench_qwen3/cactus0.35_case_011_seed0_20260822T042206Z.log
case_011 seed=0 mode=cactus0.35: L=4096 finish=length l_bar=4.007 L/l_bar=1022.1 final_ch=False wall=11.12s
[8/9] ok in 102s

[9/9] case_012 seed=0 arm=cactus -> /home/chiatzen/lossy-token-eff/logs/campaign_mtbench_qwen3/cactus0.35_case_012_seed0_20260822T042348Z.log
case_012 seed=0 mode=cactus0.35: L=4096 finish=length l_bar=3.199 L/l_bar=1280.5 final_ch=False wall=13.22s
[9/9] ok in 106s

wrote /home/chiatzen/lossy-token-eff/runs/mtbench_qwen3/fresh_server_replay.json; 9/9 ok
$ /home/chiatzen/lossy-token-eff/.venv-vllm/bin/python /home/chiatzen/lossy-token-eff/scripts/fresh_server_replay.py --arms spec_casc_opt --cases case_001 case_002 case_003 case_004 case_005 case_006 case_007 case_008 case_009 case_010 case_011 case_012 --spec-casc-opt-alpha -0.02 --prompt-root /home/chiatzen/lossy-token-eff/prompts/mtbench_qwen3 --runs-root /home/chiatzen/lossy-token-eff/runs --log-root /home/chiatzen/lossy-token-eff/logs/campaign_mtbench_qwen3 --max-new-tokens 4096 --port 30000 --model-path Qwen/Qwen3-8B --draft-model-path RedHatAI/Qwen3-8B-speculator.eagle3 --served-model-name qwen3-8b --rope-scaling-json {"rope_type":"yarn","factor":1.6,"original_max_position_embeddings":40960}
skip case_001 seed=0 spec_casc_opt/alphaneg0.02: already present (/home/chiatzen/lossy-token-eff/runs/mtbench_qwen3/spec_casc_opt/alphaneg0.02/case_001/seed_0/run.json)
skip case_002 seed=0 spec_casc_opt/alphaneg0.02: already present (/home/chiatzen/lossy-token-eff/runs/mtbench_qwen3/spec_casc_opt/alphaneg0.02/case_002/seed_0/run.json)
skip case_003 seed=0 spec_casc_opt/alphaneg0.02: already present (/home/chiatzen/lossy-token-eff/runs/mtbench_qwen3/spec_casc_opt/alphaneg0.02/case_003/seed_0/run.json)
9 run(s), one fresh server each

[1/9] case_004 seed=0 arm=spec_casc_opt -> /home/chiatzen/lossy-token-eff/logs/campaign_mtbench_qwen3/specCascOptneg0.02_case_004_seed0_20260822T042534Z.log
case_004 seed=0 mode=specCascOptneg0.02: L=1857 finish=stop l_bar=1.808 L/l_bar=1027.2 final_ch=False wall=8.90s
[1/9] ok in 96s

[2/9] case_005 seed=0 arm=spec_casc_opt -> /home/chiatzen/lossy-token-eff/logs/campaign_mtbench_qwen3/specCascOptneg0.02_case_005_seed0_20260822T042709Z.log
case_005 seed=0 mode=specCascOptneg0.02: L=1206 finish=stop l_bar=1.771 L/l_bar=681.1 final_ch=False wall=5.88s
[2/9] ok in 94s

[3/9] case_006 seed=0 arm=spec_casc_opt -> /home/chiatzen/lossy-token-eff/logs/campaign_mtbench_qwen3/specCascOptneg0.02_case_006_seed0_20260822T042843Z.log
case_006 seed=0 mode=specCascOptneg0.02: L=4007 finish=stop l_bar=1.97 L/l_bar=2034.4 final_ch=False wall=18.23s
[3/9] ok in 105s

[4/9] case_007 seed=0 arm=spec_casc_opt -> /home/chiatzen/lossy-token-eff/logs/campaign_mtbench_qwen3/specCascOptneg0.02_case_007_seed0_20260822T043028Z.log
case_007 seed=0 mode=specCascOptneg0.02: L=4096 finish=length l_bar=1.465 L/l_bar=2795.2 final_ch=False wall=22.45s
[4/9] ok in 109s

[5/9] case_008 seed=0 arm=spec_casc_opt -> /home/chiatzen/lossy-token-eff/logs/campaign_mtbench_qwen3/specCascOptneg0.02_case_008_seed0_20260822T043217Z.log
case_008 seed=0 mode=specCascOptneg0.02: L=4096 finish=length l_bar=1.978 L/l_bar=2070.6 final_ch=False wall=18.60s
[5/9] ok in 105s

[6/9] case_009 seed=0 arm=spec_casc_opt -> /home/chiatzen/lossy-token-eff/logs/campaign_mtbench_qwen3/specCascOptneg0.02_case_009_seed0_20260822T043402Z.log
case_009 seed=0 mode=specCascOptneg0.02: L=380 finish=stop l_bar=1.702 L/l_bar=223.2 final_ch=False wall=1.95s
[6/9] ok in 89s

[7/9] case_010 seed=0 arm=spec_casc_opt -> /home/chiatzen/lossy-token-eff/logs/campaign_mtbench_qwen3/specCascOptneg0.02_case_010_seed0_20260822T043531Z.log
case_010 seed=0 mode=specCascOptneg0.02: L=2498 finish=stop l_bar=1.535 L/l_bar=1627.3 final_ch=False wall=13.26s
[7/9] ok in 99s

[8/9] case_011 seed=0 arm=spec_casc_opt -> /home/chiatzen/lossy-token-eff/logs/campaign_mtbench_qwen3/specCascOptneg0.02_case_011_seed0_20260822T043710Z.log
case_011 seed=0 mode=specCascOptneg0.02: L=2549 finish=stop l_bar=1.247 L/l_bar=2044.6 final_ch=False wall=15.30s
[8/9] ok in 102s

[9/9] case_012 seed=0 arm=spec_casc_opt -> /home/chiatzen/lossy-token-eff/logs/campaign_mtbench_qwen3/specCascOptneg0.02_case_012_seed0_20260822T043852Z.log
case_012 seed=0 mode=specCascOptneg0.02: L=3102 finish=stop l_bar=1.3 L/l_bar=2385.3 final_ch=False wall=18.16s
[9/9] ok in 105s

wrote /home/chiatzen/lossy-token-eff/runs/mtbench_qwen3/fresh_server_replay.json; 9/9 ok
$ /home/chiatzen/lossy-token-eff/.venv-vllm/bin/python /home/chiatzen/lossy-token-eff/scripts/fresh_server_replay.py --arms spec_casc_opt --cases case_001 case_002 case_003 case_004 case_005 case_006 case_007 case_008 case_009 case_010 case_011 case_012 --spec-casc-opt-alpha -0.3 --prompt-root /home/chiatzen/lossy-token-eff/prompts/mtbench_qwen3 --runs-root /home/chiatzen/lossy-token-eff/runs --log-root /home/chiatzen/lossy-token-eff/logs/campaign_mtbench_qwen3 --max-new-tokens 4096 --port 30000 --model-path Qwen/Qwen3-8B --draft-model-path RedHatAI/Qwen3-8B-speculator.eagle3 --served-model-name qwen3-8b --rope-scaling-json {"rope_type":"yarn","factor":1.6,"original_max_position_embeddings":40960}
skip case_001 seed=0 spec_casc_opt/alphaneg0.3: already present (/home/chiatzen/lossy-token-eff/runs/mtbench_qwen3/spec_casc_opt/alphaneg0.3/case_001/seed_0/run.json)
skip case_002 seed=0 spec_casc_opt/alphaneg0.3: already present (/home/chiatzen/lossy-token-eff/runs/mtbench_qwen3/spec_casc_opt/alphaneg0.3/case_002/seed_0/run.json)
skip case_003 seed=0 spec_casc_opt/alphaneg0.3: already present (/home/chiatzen/lossy-token-eff/runs/mtbench_qwen3/spec_casc_opt/alphaneg0.3/case_003/seed_0/run.json)
9 run(s), one fresh server each

[1/9] case_004 seed=0 arm=spec_casc_opt -> /home/chiatzen/lossy-token-eff/logs/campaign_mtbench_qwen3/specCascOptneg0.3_case_004_seed0_20260822T044037Z.log
case_004 seed=0 mode=specCascOptneg0.3: L=2411 finish=stop l_bar=1.58 L/l_bar=1525.7 final_ch=False wall=12.57s
[1/9] ok in 99s

[2/9] case_005 seed=0 arm=spec_casc_opt -> /home/chiatzen/lossy-token-eff/logs/campaign_mtbench_qwen3/specCascOptneg0.3_case_005_seed0_20260822T044216Z.log
case_005 seed=0 mode=specCascOptneg0.3: L=734 finish=stop l_bar=1.556 L/l_bar=471.9 final_ch=False wall=3.89s
[2/9] ok in 91s

[3/9] case_006 seed=0 arm=spec_casc_opt -> /home/chiatzen/lossy-token-eff/logs/campaign_mtbench_qwen3/specCascOptneg0.3_case_006_seed0_20260822T044346Z.log
case_006 seed=0 mode=specCascOptneg0.3: L=4096 finish=length l_bar=1.632 L/l_bar=2509.2 final_ch=False wall=21.03s
[3/9] ok in 108s

[4/9] case_007 seed=0 arm=spec_casc_opt -> /home/chiatzen/lossy-token-eff/logs/campaign_mtbench_qwen3/specCascOptneg0.3_case_007_seed0_20260822T044534Z.log
case_007 seed=0 mode=specCascOptneg0.3: L=4096 finish=length l_bar=1.117 L/l_bar=3667.6 final_ch=False wall=26.16s
[4/9] ok in 113s

[5/9] case_008 seed=0 arm=spec_casc_opt -> /home/chiatzen/lossy-token-eff/logs/campaign_mtbench_qwen3/specCascOptneg0.3_case_008_seed0_20260822T044726Z.log
case_008 seed=0 mode=specCascOptneg0.3: L=4096 finish=length l_bar=1.633 L/l_bar=2507.6 final_ch=False wall=21.00s
[5/9] ok in 108s

[6/9] case_009 seed=0 arm=spec_casc_opt -> /home/chiatzen/lossy-token-eff/logs/campaign_mtbench_qwen3/specCascOptneg0.3_case_009_seed0_20260822T044914Z.log
case_009 seed=0 mode=specCascOptneg0.3: L=712 finish=stop l_bar=2.275 L/l_bar=312.9 final_ch=False wall=2.98s
[6/9] ok in 89s

[7/9] case_010 seed=0 arm=spec_casc_opt -> /home/chiatzen/lossy-token-eff/logs/campaign_mtbench_qwen3/specCascOptneg0.3_case_010_seed0_20260822T045043Z.log
case_010 seed=0 mode=specCascOptneg0.3: L=1072 finish=stop l_bar=1.217 L/l_bar=880.9 final_ch=False wall=6.53s
[7/9] ok in 93s

[8/9] case_011 seed=0 arm=spec_casc_opt -> /home/chiatzen/lossy-token-eff/logs/campaign_mtbench_qwen3/specCascOptneg0.3_case_011_seed0_20260822T045216Z.log
case_011 seed=0 mode=specCascOptneg0.3: L=2370 finish=stop l_bar=1.064 L/l_bar=2228.3 final_ch=False wall=15.44s
[8/9] ok in 102s

[9/9] case_012 seed=0 arm=spec_casc_opt -> /home/chiatzen/lossy-token-eff/logs/campaign_mtbench_qwen3/specCascOptneg0.3_case_012_seed0_20260822T045358Z.log
case_012 seed=0 mode=specCascOptneg0.3: L=3277 finish=stop l_bar=1.151 L/l_bar=2847.0 final_ch=False wall=20.55s
[9/9] ok in 107s

wrote /home/chiatzen/lossy-token-eff/runs/mtbench_qwen3/fresh_server_replay.json; 9/9 ok
$ /home/chiatzen/lossy-token-eff/.venv-vllm/bin/python /home/chiatzen/lossy-token-eff/scripts/fresh_server_replay.py --arms spec_casc_opt --cases case_001 case_002 case_003 case_004 case_005 case_006 case_007 case_008 case_009 case_010 case_011 case_012 --spec-casc-opt-alpha 0.05 --prompt-root /home/chiatzen/lossy-token-eff/prompts/mtbench_qwen3 --runs-root /home/chiatzen/lossy-token-eff/runs --log-root /home/chiatzen/lossy-token-eff/logs/campaign_mtbench_qwen3 --max-new-tokens 4096 --port 30000 --model-path Qwen/Qwen3-8B --draft-model-path RedHatAI/Qwen3-8B-speculator.eagle3 --served-model-name qwen3-8b --rope-scaling-json {"rope_type":"yarn","factor":1.6,"original_max_position_embeddings":40960}
skip case_001 seed=0 spec_casc_opt/alpha0.05: already present (/home/chiatzen/lossy-token-eff/runs/mtbench_qwen3/spec_casc_opt/alpha0.05/case_001/seed_0/run.json)
skip case_002 seed=0 spec_casc_opt/alpha0.05: already present (/home/chiatzen/lossy-token-eff/runs/mtbench_qwen3/spec_casc_opt/alpha0.05/case_002/seed_0/run.json)
skip case_003 seed=0 spec_casc_opt/alpha0.05: already present (/home/chiatzen/lossy-token-eff/runs/mtbench_qwen3/spec_casc_opt/alpha0.05/case_003/seed_0/run.json)
9 run(s), one fresh server each

[1/9] case_004 seed=0 arm=spec_casc_opt -> /home/chiatzen/lossy-token-eff/logs/campaign_mtbench_qwen3/specCascOpt0.05_case_004_seed0_20260822T045545Z.log
case_004 seed=0 mode=specCascOpt0.05: L=1842 finish=stop l_bar=2.129 L/l_bar=865.2 final_ch=False wall=7.93s
[1/9] ok in 95s

[2/9] case_005 seed=0 arm=spec_casc_opt -> /home/chiatzen/lossy-token-eff/logs/campaign_mtbench_qwen3/specCascOpt0.05_case_005_seed0_20260822T045720Z.log
case_005 seed=0 mode=specCascOpt0.05: L=563 finish=stop l_bar=2.433 L/l_bar=231.4 final_ch=False wall=2.24s
[2/9] ok in 91s

[3/9] case_006 seed=0 arm=spec_casc_opt -> /home/chiatzen/lossy-token-eff/logs/campaign_mtbench_qwen3/specCascOpt0.05_case_006_seed0_20260822T045851Z.log
case_006 seed=0 mode=specCascOpt0.05: L=4096 finish=length l_bar=2.064 L/l_bar=1984.2 final_ch=False wall=18.09s
[3/9] ok in 104s

[4/9] case_007 seed=0 arm=spec_casc_opt -> /home/chiatzen/lossy-token-eff/logs/campaign_mtbench_qwen3/specCascOpt0.05_case_007_seed0_20260822T050035Z.log
case_007 seed=0 mode=specCascOpt0.05: L=4096 finish=length l_bar=1.716 L/l_bar=2387.6 final_ch=False wall=20.38s
[4/9] ok in 107s

[5/9] case_008 seed=0 arm=spec_casc_opt -> /home/chiatzen/lossy-token-eff/logs/campaign_mtbench_qwen3/specCascOpt0.05_case_008_seed0_20260822T050222Z.log
case_008 seed=0 mode=specCascOpt0.05: L=3331 finish=stop l_bar=1.976 L/l_bar=1685.8 final_ch=False wall=15.10s
[5/9] ok in 102s

[6/9] case_009 seed=0 arm=spec_casc_opt -> /home/chiatzen/lossy-token-eff/logs/campaign_mtbench_qwen3/specCascOpt0.05_case_009_seed0_20260822T050403Z.log
case_009 seed=0 mode=specCascOpt0.05: L=2966 finish=stop l_bar=2.64 L/l_bar=1123.3 final_ch=False wall=11.02s
[6/9] ok in 100s

[7/9] case_010 seed=0 arm=spec_casc_opt -> /home/chiatzen/lossy-token-eff/logs/campaign_mtbench_qwen3/specCascOpt0.05_case_010_seed0_20260822T050543Z.log
case_010 seed=0 mode=specCascOpt0.05: L=2261 finish=stop l_bar=1.539 L/l_bar=1469.4 final_ch=False wall=11.99s
[7/9] ok in 100s

[8/9] case_011 seed=0 arm=spec_casc_opt -> /home/chiatzen/lossy-token-eff/logs/campaign_mtbench_qwen3/specCascOpt0.05_case_011_seed0_20260822T050723Z.log
case_011 seed=0 mode=specCascOpt0.05: L=2806 finish=stop l_bar=1.409 L/l_bar=1990.9 final_ch=False wall=15.70s
[8/9] ok in 102s

[9/9] case_012 seed=0 arm=spec_casc_opt -> /home/chiatzen/lossy-token-eff/logs/campaign_mtbench_qwen3/specCascOpt0.05_case_012_seed0_20260822T050906Z.log
case_012 seed=0 mode=specCascOpt0.05: L=3103 finish=stop l_bar=1.547 L/l_bar=2006.1 final_ch=False wall=16.42s
[9/9] ok in 105s

wrote /home/chiatzen/lossy-token-eff/runs/mtbench_qwen3/fresh_server_replay.json; 9/9 ok
$ /home/chiatzen/lossy-token-eff/.venv-vllm/bin/python /home/chiatzen/lossy-token-eff/scripts/fresh_server_replay.py --arms r_fuzzy --cases case_001 case_002 case_003 case_004 case_005 case_006 case_007 case_008 case_009 case_010 case_011 case_012 --r-fuzzy-alpha 0.15 --prompt-root /home/chiatzen/lossy-token-eff/prompts/mtbench_qwen3 --runs-root /home/chiatzen/lossy-token-eff/runs --log-root /home/chiatzen/lossy-token-eff/logs/campaign_mtbench_qwen3 --max-new-tokens 4096 --port 30000 --model-path Qwen/Qwen3-8B --draft-model-path RedHatAI/Qwen3-8B-speculator.eagle3 --served-model-name qwen3-8b --rope-scaling-json {"rope_type":"yarn","factor":1.6,"original_max_position_embeddings":40960}
skip case_001 seed=0 r_fuzzy/alpha0.15: already present (/home/chiatzen/lossy-token-eff/runs/mtbench_qwen3/r_fuzzy/alpha0.15/case_001/seed_0/run.json)
skip case_002 seed=0 r_fuzzy/alpha0.15: already present (/home/chiatzen/lossy-token-eff/runs/mtbench_qwen3/r_fuzzy/alpha0.15/case_002/seed_0/run.json)
skip case_003 seed=0 r_fuzzy/alpha0.15: already present (/home/chiatzen/lossy-token-eff/runs/mtbench_qwen3/r_fuzzy/alpha0.15/case_003/seed_0/run.json)
9 run(s), one fresh server each

[1/9] case_004 seed=0 arm=r_fuzzy -> /home/chiatzen/lossy-token-eff/logs/campaign_mtbench_qwen3/rFuzzy0.15_case_004_seed0_20260822T051051Z.log
case_004 seed=0 mode=rFuzzy0.15: L=3031 finish=stop l_bar=1.795 L/l_bar=1688.4 final_ch=False wall=14.61s
[1/9] ok in 101s

[2/9] case_005 seed=0 arm=r_fuzzy -> /home/chiatzen/lossy-token-eff/logs/campaign_mtbench_qwen3/rFuzzy0.15_case_005_seed0_20260822T051232Z.log
case_005 seed=0 mode=rFuzzy0.15: L=695 finish=stop l_bar=1.549 L/l_bar=448.5 final_ch=False wall=3.70s
[2/9] ok in 90s

[3/9] case_006 seed=0 arm=r_fuzzy -> /home/chiatzen/lossy-token-eff/logs/campaign_mtbench_qwen3/rFuzzy0.15_case_006_seed0_20260822T051402Z.log
case_006 seed=0 mode=rFuzzy0.15: L=3987 finish=stop l_bar=1.686 L/l_bar=2364.8 final_ch=False wall=20.07s
[3/9] ok in 107s

[4/9] case_007 seed=0 arm=r_fuzzy -> /home/chiatzen/lossy-token-eff/logs/campaign_mtbench_qwen3/rFuzzy0.15_case_007_seed0_20260822T051549Z.log
case_007 seed=0 mode=rFuzzy0.15: L=4096 finish=length l_bar=1.593 L/l_bar=2571.2 final_ch=False wall=21.33s
[4/9] ok in 108s

[5/9] case_008 seed=0 arm=r_fuzzy -> /home/chiatzen/lossy-token-eff/logs/campaign_mtbench_qwen3/rFuzzy0.15_case_008_seed0_20260822T051737Z.log
case_008 seed=0 mode=rFuzzy0.15: L=3779 finish=stop l_bar=1.847 L/l_bar=2046.0 final_ch=False wall=17.95s
[5/9] ok in 104s

[6/9] case_009 seed=0 arm=r_fuzzy -> /home/chiatzen/lossy-token-eff/logs/campaign_mtbench_qwen3/rFuzzy0.15_case_009_seed0_20260822T051921Z.log
case_009 seed=0 mode=rFuzzy0.15: L=915 finish=stop l_bar=1.847 L/l_bar=495.3 final_ch=False wall=4.36s
[6/9] ok in 91s

[7/9] case_010 seed=0 arm=r_fuzzy -> /home/chiatzen/lossy-token-eff/logs/campaign_mtbench_qwen3/rFuzzy0.15_case_010_seed0_20260822T052052Z.log
case_010 seed=0 mode=rFuzzy0.15: L=1516 finish=stop l_bar=1.334 L/l_bar=1136.1 final_ch=False wall=8.74s
[7/9] ok in 95s

[8/9] case_011 seed=0 arm=r_fuzzy -> /home/chiatzen/lossy-token-eff/logs/campaign_mtbench_qwen3/rFuzzy0.15_case_011_seed0_20260822T052227Z.log
case_011 seed=0 mode=rFuzzy0.15: L=2149 finish=stop l_bar=1.247 L/l_bar=1723.9 final_ch=False wall=12.87s
[8/9] ok in 99s

[9/9] case_012 seed=0 arm=r_fuzzy -> /home/chiatzen/lossy-token-eff/logs/campaign_mtbench_qwen3/rFuzzy0.15_case_012_seed0_20260822T052406Z.log
case_012 seed=0 mode=rFuzzy0.15: L=2693 finish=stop l_bar=1.251 L/l_bar=2153.0 final_ch=False wall=16.09s
[9/9] ok in 104s

wrote /home/chiatzen/lossy-token-eff/runs/mtbench_qwen3/fresh_server_replay.json; 9/9 ok
$ /home/chiatzen/lossy-token-eff/.venv-vllm/bin/python /home/chiatzen/lossy-token-eff/scripts/fresh_server_replay.py --arms r_fuzzy --cases case_001 case_002 case_003 case_004 case_005 case_006 case_007 case_008 case_009 case_010 case_011 case_012 --r-fuzzy-alpha 0.25 --prompt-root /home/chiatzen/lossy-token-eff/prompts/mtbench_qwen3 --runs-root /home/chiatzen/lossy-token-eff/runs --log-root /home/chiatzen/lossy-token-eff/logs/campaign_mtbench_qwen3 --max-new-tokens 4096 --port 30000 --model-path Qwen/Qwen3-8B --draft-model-path RedHatAI/Qwen3-8B-speculator.eagle3 --served-model-name qwen3-8b --rope-scaling-json {"rope_type":"yarn","factor":1.6,"original_max_position_embeddings":40960}
skip case_001 seed=0 r_fuzzy/alpha0.25: already present (/home/chiatzen/lossy-token-eff/runs/mtbench_qwen3/r_fuzzy/alpha0.25/case_001/seed_0/run.json)
skip case_002 seed=0 r_fuzzy/alpha0.25: already present (/home/chiatzen/lossy-token-eff/runs/mtbench_qwen3/r_fuzzy/alpha0.25/case_002/seed_0/run.json)
skip case_003 seed=0 r_fuzzy/alpha0.25: already present (/home/chiatzen/lossy-token-eff/runs/mtbench_qwen3/r_fuzzy/alpha0.25/case_003/seed_0/run.json)
9 run(s), one fresh server each

[1/9] case_004 seed=0 arm=r_fuzzy -> /home/chiatzen/lossy-token-eff/logs/campaign_mtbench_qwen3/rFuzzy0.25_case_004_seed0_20260822T052550Z.log
case_004 seed=0 mode=rFuzzy0.25: L=4096 finish=length l_bar=2.444 L/l_bar=1676.1 final_ch=False wall=16.11s
[1/9] ok in 103s

[2/9] case_005 seed=0 arm=r_fuzzy -> /home/chiatzen/lossy-token-eff/logs/campaign_mtbench_qwen3/rFuzzy0.25_case_005_seed0_20260822T052733Z.log
case_005 seed=0 mode=rFuzzy0.25: L=693 finish=stop l_bar=1.848 L/l_bar=374.9 final_ch=False wall=3.31s
[2/9] ok in 90s

[3/9] case_006 seed=0 arm=r_fuzzy -> /home/chiatzen/lossy-token-eff/logs/campaign_mtbench_qwen3/rFuzzy0.25_case_006_seed0_20260822T052903Z.log
case_006 seed=0 mode=rFuzzy0.25: L=4096 finish=length l_bar=2.199 L/l_bar=1862.5 final_ch=False wall=17.31s
[3/9] ok in 104s

[4/9] case_007 seed=0 arm=r_fuzzy -> /home/chiatzen/lossy-token-eff/logs/campaign_mtbench_qwen3/rFuzzy0.25_case_007_seed0_20260822T053047Z.log
case_007 seed=0 mode=rFuzzy0.25: L=4096 finish=length l_bar=1.828 L/l_bar=2240.7 final_ch=False wall=19.61s
[4/9] ok in 106s

[5/9] case_008 seed=0 arm=r_fuzzy -> /home/chiatzen/lossy-token-eff/logs/campaign_mtbench_qwen3/rFuzzy0.25_case_008_seed0_20260822T053233Z.log
case_008 seed=0 mode=rFuzzy0.25: L=4096 finish=length l_bar=2.23 L/l_bar=1836.5 final_ch=False wall=17.13s
[5/9] ok in 104s

[6/9] case_009 seed=0 arm=r_fuzzy -> /home/chiatzen/lossy-token-eff/logs/campaign_mtbench_qwen3/rFuzzy0.25_case_009_seed0_20260822T053416Z.log
case_009 seed=0 mode=rFuzzy0.25: L=3376 finish=stop l_bar=2.458 L/l_bar=1373.5 final_ch=False wall=13.21s
[6/9] ok in 99s

[7/9] case_010 seed=0 arm=r_fuzzy -> /home/chiatzen/lossy-token-eff/logs/campaign_mtbench_qwen3/rFuzzy0.25_case_010_seed0_20260822T053556Z.log
case_010 seed=0 mode=rFuzzy0.25: L=2775 finish=stop l_bar=1.782 L/l_bar=1557.6 final_ch=False wall=13.45s
[7/9] ok in 102s

[8/9] case_011 seed=0 arm=r_fuzzy -> /home/chiatzen/lossy-token-eff/logs/campaign_mtbench_qwen3/rFuzzy0.25_case_011_seed0_20260822T053738Z.log
case_011 seed=0 mode=rFuzzy0.25: L=2409 finish=stop l_bar=1.41 L/l_bar=1708.0 final_ch=False wall=13.45s
[8/9] ok in 100s

[9/9] case_012 seed=0 arm=r_fuzzy -> /home/chiatzen/lossy-token-eff/logs/campaign_mtbench_qwen3/rFuzzy0.25_case_012_seed0_20260822T053918Z.log
case_012 seed=0 mode=rFuzzy0.25: L=1919 finish=stop l_bar=1.811 L/l_bar=1059.6 final_ch=False wall=9.20s
[9/9] ok in 96s

wrote /home/chiatzen/lossy-token-eff/runs/mtbench_qwen3/fresh_server_replay.json; 9/9 ok
$ /home/chiatzen/lossy-token-eff/.venv-vllm/bin/python /home/chiatzen/lossy-token-eff/scripts/fresh_server_replay.py --arms r_fuzzy --cases case_001 case_002 case_003 case_004 case_005 case_006 case_007 case_008 case_009 case_010 case_011 case_012 --r-fuzzy-alpha 0.03 --prompt-root /home/chiatzen/lossy-token-eff/prompts/mtbench_qwen3 --runs-root /home/chiatzen/lossy-token-eff/runs --log-root /home/chiatzen/lossy-token-eff/logs/campaign_mtbench_qwen3 --max-new-tokens 4096 --port 30000 --model-path Qwen/Qwen3-8B --draft-model-path RedHatAI/Qwen3-8B-speculator.eagle3 --served-model-name qwen3-8b --rope-scaling-json {"rope_type":"yarn","factor":1.6,"original_max_position_embeddings":40960}
skip case_001 seed=0 r_fuzzy/alpha0.03: already present (/home/chiatzen/lossy-token-eff/runs/mtbench_qwen3/r_fuzzy/alpha0.03/case_001/seed_0/run.json)
skip case_002 seed=0 r_fuzzy/alpha0.03: already present (/home/chiatzen/lossy-token-eff/runs/mtbench_qwen3/r_fuzzy/alpha0.03/case_002/seed_0/run.json)
skip case_003 seed=0 r_fuzzy/alpha0.03: already present (/home/chiatzen/lossy-token-eff/runs/mtbench_qwen3/r_fuzzy/alpha0.03/case_003/seed_0/run.json)
9 run(s), one fresh server each

[1/9] case_004 seed=0 arm=r_fuzzy -> /home/chiatzen/lossy-token-eff/logs/campaign_mtbench_qwen3/rFuzzy0.03_case_004_seed0_20260822T054054Z.log
case_004 seed=0 mode=rFuzzy0.03: L=1647 finish=stop l_bar=1.382 L/l_bar=1191.7 final_ch=False wall=9.30s
[1/9] ok in 96s

[2/9] case_005 seed=0 arm=r_fuzzy -> /home/chiatzen/lossy-token-eff/logs/campaign_mtbench_qwen3/rFuzzy0.03_case_005_seed0_20260822T054230Z.log
case_005 seed=0 mode=rFuzzy0.03: L=419 finish=stop l_bar=1.389 L/l_bar=301.7 final_ch=False wall=2.39s
[2/9] ok in 89s

[3/9] case_006 seed=0 arm=r_fuzzy -> /home/chiatzen/lossy-token-eff/logs/campaign_mtbench_qwen3/rFuzzy0.03_case_006_seed0_20260822T054359Z.log
case_006 seed=0 mode=rFuzzy0.03: L=3511 finish=stop l_bar=1.463 L/l_bar=2399.6 final_ch=False wall=19.25s
[3/9] ok in 106s

[4/9] case_007 seed=0 arm=r_fuzzy -> /home/chiatzen/lossy-token-eff/logs/campaign_mtbench_qwen3/rFuzzy0.03_case_007_seed0_20260822T054544Z.log
case_007 seed=0 mode=rFuzzy0.03: L=4096 finish=length l_bar=1.093 L/l_bar=3747.5 final_ch=False wall=26.47s
[4/9] ok in 113s

[5/9] case_008 seed=0 arm=r_fuzzy -> /home/chiatzen/lossy-token-eff/logs/campaign_mtbench_qwen3/rFuzzy0.03_case_008_seed0_20260822T054737Z.log
case_008 seed=0 mode=rFuzzy0.03: L=4096 finish=length l_bar=1.473 L/l_bar=2780.4 final_ch=False wall=22.39s
[5/9] ok in 111s

[6/9] case_009 seed=0 arm=r_fuzzy -> /home/chiatzen/lossy-token-eff/logs/campaign_mtbench_qwen3/rFuzzy0.03_case_009_seed0_20260822T054928Z.log
case_009 seed=0 mode=rFuzzy0.03: L=770 finish=stop l_bar=1.856 L/l_bar=415.0 final_ch=False wall=3.67s
[6/9] ok in 90s

[7/9] case_010 seed=0 arm=r_fuzzy -> /home/chiatzen/lossy-token-eff/logs/campaign_mtbench_qwen3/rFuzzy0.03_case_010_seed0_20260822T055058Z.log
case_010 seed=0 mode=rFuzzy0.03: L=2343 finish=stop l_bar=1.135 L/l_bar=2064.5 final_ch=False wall=14.78s
[7/9] ok in 101s

[8/9] case_011 seed=0 arm=r_fuzzy -> /home/chiatzen/lossy-token-eff/logs/campaign_mtbench_qwen3/rFuzzy0.03_case_011_seed0_20260822T055239Z.log
case_011 seed=0 mode=rFuzzy0.03: L=2639 finish=stop l_bar=1.002 L/l_bar=2635.0 final_ch=False wall=17.74s
[8/9] ok in 104s

[9/9] case_012 seed=0 arm=r_fuzzy -> /home/chiatzen/lossy-token-eff/logs/campaign_mtbench_qwen3/rFuzzy0.03_case_012_seed0_20260822T055424Z.log
case_012 seed=0 mode=rFuzzy0.03: L=3429 finish=stop l_bar=1.098 L/l_bar=3123.2 final_ch=False wall=22.06s
[9/9] ok in 109s

wrote /home/chiatzen/lossy-token-eff/runs/mtbench_qwen3/fresh_server_replay.json; 9/9 ok
$ /home/chiatzen/lossy-token-eff/.venv-vllm/bin/python /home/chiatzen/lossy-token-eff/scripts/fresh_server_replay.py --arms spec_casc_tok --cases case_001 case_002 case_003 case_004 case_005 case_006 case_007 case_008 case_009 case_010 case_011 case_012 --spec-casc-tok-alpha 0.8 --prompt-root /home/chiatzen/lossy-token-eff/prompts/mtbench_qwen3 --runs-root /home/chiatzen/lossy-token-eff/runs --log-root /home/chiatzen/lossy-token-eff/logs/campaign_mtbench_qwen3 --max-new-tokens 4096 --port 30000 --model-path Qwen/Qwen3-8B --draft-model-path RedHatAI/Qwen3-8B-speculator.eagle3 --served-model-name qwen3-8b --rope-scaling-json {"rope_type":"yarn","factor":1.6,"original_max_position_embeddings":40960}
skip case_001 seed=0 spec_casc_tok/alpha0.8: already present (/home/chiatzen/lossy-token-eff/runs/mtbench_qwen3/spec_casc_tok/alpha0.8/case_001/seed_0/run.json)
skip case_002 seed=0 spec_casc_tok/alpha0.8: already present (/home/chiatzen/lossy-token-eff/runs/mtbench_qwen3/spec_casc_tok/alpha0.8/case_002/seed_0/run.json)
skip case_003 seed=0 spec_casc_tok/alpha0.8: already present (/home/chiatzen/lossy-token-eff/runs/mtbench_qwen3/spec_casc_tok/alpha0.8/case_003/seed_0/run.json)
9 run(s), one fresh server each

[1/9] case_004 seed=0 arm=spec_casc_tok -> /home/chiatzen/lossy-token-eff/logs/campaign_mtbench_qwen3/specCascTok0.8_case_004_seed0_20260822T055612Z.log
case_004 seed=0 mode=specCascTok0.8: L=2240 finish=stop l_bar=1.533 L/l_bar=1461.4 final_ch=False wall=11.89s
[1/9] ok in 100s

[2/9] case_005 seed=0 arm=spec_casc_tok -> /home/chiatzen/lossy-token-eff/logs/campaign_mtbench_qwen3/specCascTok0.8_case_005_seed0_20260822T055753Z.log
case_005 seed=0 mode=specCascTok0.8: L=559 finish=stop l_bar=1.405 L/l_bar=397.8 final_ch=False wall=3.15s
[2/9] ok in 90s

[3/9] case_006 seed=0 arm=spec_casc_tok -> /home/chiatzen/lossy-token-eff/logs/campaign_mtbench_qwen3/specCascTok0.8_case_006_seed0_20260822T055923Z.log
case_006 seed=0 mode=specCascTok0.8: L=2966 finish=stop l_bar=1.745 L/l_bar=1699.4 final_ch=False wall=14.57s
[3/9] ok in 101s

[4/9] case_007 seed=0 arm=spec_casc_tok -> /home/chiatzen/lossy-token-eff/logs/campaign_mtbench_qwen3/specCascTok0.8_case_007_seed0_20260822T060104Z.log
case_007 seed=0 mode=specCascTok0.8: L=4096 finish=length l_bar=1.17 L/l_bar=3500.5 final_ch=False wall=25.48s
[4/9] ok in 112s

[5/9] case_008 seed=0 arm=spec_casc_tok -> /home/chiatzen/lossy-token-eff/logs/campaign_mtbench_qwen3/specCascTok0.8_case_008_seed0_20260822T060256Z.log
case_008 seed=0 mode=specCascTok0.8: L=4096 finish=length l_bar=1.636 L/l_bar=2504.0 final_ch=False wall=21.02s
[5/9] ok in 108s

[6/9] case_009 seed=0 arm=spec_casc_tok -> /home/chiatzen/lossy-token-eff/logs/campaign_mtbench_qwen3/specCascTok0.8_case_009_seed0_20260822T060443Z.log
case_009 seed=0 mode=specCascTok0.8: L=682 finish=stop l_bar=1.792 L/l_bar=380.6 final_ch=False wall=3.34s
[6/9] ok in 90s

[7/9] case_010 seed=0 arm=spec_casc_tok -> /home/chiatzen/lossy-token-eff/logs/campaign_mtbench_qwen3/specCascTok0.8_case_010_seed0_20260822T060614Z.log
case_010 seed=0 mode=specCascTok0.8: L=1756 finish=stop l_bar=1.315 L/l_bar=1335.5 final_ch=False wall=10.20s
[7/9] ok in 99s

[8/9] case_011 seed=0 arm=spec_casc_tok -> /home/chiatzen/lossy-token-eff/logs/campaign_mtbench_qwen3/specCascTok0.8_case_011_seed0_20260822T060753Z.log
case_011 seed=0 mode=specCascTok0.8: L=1924 finish=stop l_bar=1.024 L/l_bar=1878.6 final_ch=False wall=12.80s
[8/9] ok in 100s

[9/9] case_012 seed=0 arm=spec_casc_tok -> /home/chiatzen/lossy-token-eff/logs/campaign_mtbench_qwen3/specCascTok0.8_case_012_seed0_20260822T060933Z.log
case_012 seed=0 mode=specCascTok0.8: L=2215 finish=stop l_bar=1.275 L/l_bar=1736.7 final_ch=False wall=13.08s
[9/9] ok in 100s

wrote /home/chiatzen/lossy-token-eff/runs/mtbench_qwen3/fresh_server_replay.json; 9/9 ok
$ /home/chiatzen/lossy-token-eff/.venv-vllm/bin/python /home/chiatzen/lossy-token-eff/scripts/fresh_server_replay.py --arms spec_casc_tok --cases case_001 case_002 case_003 case_004 case_005 case_006 case_007 case_008 case_009 case_010 case_011 case_012 --spec-casc-tok-alpha 0.15 --prompt-root /home/chiatzen/lossy-token-eff/prompts/mtbench_qwen3 --runs-root /home/chiatzen/lossy-token-eff/runs --log-root /home/chiatzen/lossy-token-eff/logs/campaign_mtbench_qwen3 --max-new-tokens 4096 --port 30000 --model-path Qwen/Qwen3-8B --draft-model-path RedHatAI/Qwen3-8B-speculator.eagle3 --served-model-name qwen3-8b --rope-scaling-json {"rope_type":"yarn","factor":1.6,"original_max_position_embeddings":40960}
skip case_001 seed=0 spec_casc_tok/alpha0.15: already present (/home/chiatzen/lossy-token-eff/runs/mtbench_qwen3/spec_casc_tok/alpha0.15/case_001/seed_0/run.json)
skip case_002 seed=0 spec_casc_tok/alpha0.15: already present (/home/chiatzen/lossy-token-eff/runs/mtbench_qwen3/spec_casc_tok/alpha0.15/case_002/seed_0/run.json)
skip case_003 seed=0 spec_casc_tok/alpha0.15: already present (/home/chiatzen/lossy-token-eff/runs/mtbench_qwen3/spec_casc_tok/alpha0.15/case_003/seed_0/run.json)
9 run(s), one fresh server each

[1/9] case_004 seed=0 arm=spec_casc_tok -> /home/chiatzen/lossy-token-eff/logs/campaign_mtbench_qwen3/specCascTok0.15_case_004_seed0_20260822T061113Z.log
case_004 seed=0 mode=specCascTok0.15: L=1163 finish=stop l_bar=1.298 L/l_bar=896.1 final_ch=False wall=6.82s
[1/9] ok in 94s

[2/9] case_005 seed=0 arm=spec_casc_tok -> /home/chiatzen/lossy-token-eff/logs/campaign_mtbench_qwen3/specCascTok0.15_case_005_seed0_20260822T061246Z.log
case_005 seed=0 mode=specCascTok0.15: L=678 finish=stop l_bar=1.444 L/l_bar=469.5 final_ch=False wall=3.75s
[2/9] ok in 92s

[3/9] case_006 seed=0 arm=spec_casc_tok -> /home/chiatzen/lossy-token-eff/logs/campaign_mtbench_qwen3/specCascTok0.15_case_006_seed0_20260822T061419Z.log
case_006 seed=0 mode=specCascTok0.15: L=4096 finish=length l_bar=1.574 L/l_bar=2602.5 final_ch=False wall=21.53s
[3/9] ok in 108s

[4/9] case_007 seed=0 arm=spec_casc_tok -> /home/chiatzen/lossy-token-eff/logs/campaign_mtbench_qwen3/specCascTok0.15_case_007_seed0_20260822T061607Z.log
case_007 seed=0 mode=specCascTok0.15: L=4096 finish=length l_bar=1.122 L/l_bar=3649.7 final_ch=False wall=26.07s
[4/9] ok in 113s

[5/9] case_008 seed=0 arm=spec_casc_tok -> /home/chiatzen/lossy-token-eff/logs/campaign_mtbench_qwen3/specCascTok0.15_case_008_seed0_20260822T061759Z.log
case_008 seed=0 mode=specCascTok0.15: L=3375 finish=stop l_bar=1.42 L/l_bar=2376.1 final_ch=False wall=18.80s
[5/9] ok in 105s

[6/9] case_009 seed=0 arm=spec_casc_tok -> /home/chiatzen/lossy-token-eff/logs/campaign_mtbench_qwen3/specCascTok0.15_case_009_seed0_20260822T061945Z.log
case_009 seed=0 mode=specCascTok0.15: L=454 finish=stop l_bar=1.923 L/l_bar=236.1 final_ch=False wall=2.15s
[6/9] ok in 89s

[7/9] case_010 seed=0 arm=spec_casc_tok -> /home/chiatzen/lossy-token-eff/logs/campaign_mtbench_qwen3/specCascTok0.15_case_010_seed0_20260822T062114Z.log
case_010 seed=0 mode=specCascTok0.15: L=2992 finish=stop l_bar=1.144 L/l_bar=2615.2 final_ch=False wall=18.81s
[7/9] ok in 106s

[8/9] case_011 seed=0 arm=spec_casc_tok -> /home/chiatzen/lossy-token-eff/logs/campaign_mtbench_qwen3/specCascTok0.15_case_011_seed0_20260822T062259Z.log
case_011 seed=0 mode=specCascTok0.15: L=2689 finish=stop l_bar=0.956 L/l_bar=2811.7 final_ch=False wall=18.50s
[8/9] ok in 105s

[9/9] case_012 seed=0 arm=spec_casc_tok -> /home/chiatzen/lossy-token-eff/logs/campaign_mtbench_qwen3/specCascTok0.15_case_012_seed0_20260822T062444Z.log
case_012 seed=0 mode=specCascTok0.15: L=2395 finish=stop l_bar=1.041 L/l_bar=2300.8 final_ch=False wall=15.76s
[9/9] ok in 103s

wrote /home/chiatzen/lossy-token-eff/runs/mtbench_qwen3/fresh_server_replay.json; 9/9 ok
=== campaign_run done: dataset=mtbench_qwen3 ===
campaign_run.py --dataset mtbench_qwen3 exited 0
wrote /home/chiatzen/lossy-token-eff/campaign/tables/mtbench_qwen3.csv (189 rows)
wrote /home/chiatzen/lossy-token-eff/campaign/results/mtbench_qwen3.csv (14 rows)
  (no grader registered for mtbench_qwen3 yet -- accuracy column left blank; see GRADERS in this script)
wrote /home/chiatzen/lossy-token-eff/campaign/graphs/mtbench_qwen3.png
  no grader registered for mtbench_qwen3 yet -- accuracy graph not written
campaign_report.py --dataset mtbench_qwen3 exited 0
########## dataset=mtbench_qwen3 finished 2026-08-22T06:26:27Z ##########

free space check before longbench_v2_qwen3: 7G
########## dataset=longbench_v2_qwen3 started 2026-08-22T06:26:27Z ##########
=== campaign_run: dataset=longbench_v2_qwen3 methods=['mentored_dec', 'cactus', 'spec_casc_opt', 'r_fuzzy', 'spec_casc_tok'] probe_cases=['case_001', 'case_002', 'case_003'] full_cases=12 max_new_tokens=8192 model=qwen3-8b (Qwen/Qwen3-8B + RedHatAI/Qwen3-8B-speculator.eagle3) ===
$ /home/chiatzen/lossy-token-eff/.venv-vllm/bin/python /home/chiatzen/lossy-token-eff/scripts/fresh_server_replay.py --arms strict --cases case_001 case_002 case_003 case_004 case_005 case_006 case_007 case_008 case_009 case_010 case_011 case_012 --prompt-root /home/chiatzen/lossy-token-eff/prompts/longbench_v2_qwen3 --runs-root /home/chiatzen/lossy-token-eff/runs --log-root /home/chiatzen/lossy-token-eff/logs/campaign_longbench_v2_qwen3 --max-new-tokens 8192 --port 30000 --model-path Qwen/Qwen3-8B --draft-model-path RedHatAI/Qwen3-8B-speculator.eagle3 --served-model-name qwen3-8b --rope-scaling-json {"rope_type":"yarn","factor":1.6,"original_max_position_embeddings":40960}
12 run(s), one fresh server each

[1/12] case_001 seed=0 arm=strict -> /home/chiatzen/lossy-token-eff/logs/campaign_longbench_v2_qwen3/strict_case_001_seed0_20260822T062628Z.log
case_001 seed=0 mode=strict: L=970 finish=stop l_bar=0.254 L/l_bar=3825.6 final_ch=False wall=15.64s
[1/12] ok in 103s

[2/12] case_002 seed=0 arm=strict -> /home/chiatzen/lossy-token-eff/logs/campaign_longbench_v2_qwen3/strict_case_002_seed0_20260822T062811Z.log
case_002 seed=0 failed: HTTPError: HTTP Error 500: Internal Server Error
[2/12] request failed (exit 1) in 89s

[3/12] case_003 seed=0 arm=strict -> /home/chiatzen/lossy-token-eff/logs/campaign_longbench_v2_qwen3/strict_case_003_seed0_20260822T062940Z.log
case_003 seed=0 mode=strict: L=1473 finish=stop l_bar=0.223 L/l_bar=6617.5 final_ch=False wall=21.60s
[3/12] ok in 109s

[4/12] case_004 seed=0 arm=strict -> /home/chiatzen/lossy-token-eff/logs/campaign_longbench_v2_qwen3/strict_case_004_seed0_20260822T063129Z.log
case_004 seed=0 mode=strict: L=1422 finish=stop l_bar=0.469 L/l_bar=3028.8 final_ch=False wall=15.71s
[4/12] ok in 102s

[5/12] case_005 seed=0 arm=strict -> /home/chiatzen/lossy-token-eff/logs/campaign_longbench_v2_qwen3/strict_case_005_seed0_20260822T063311Z.log
case_005 seed=0 mode=strict: L=2279 finish=stop l_bar=0.774 L/l_bar=2943.9 final_ch=False wall=19.41s
[5/12] ok in 104s

[6/12] case_006 seed=0 arm=strict -> /home/chiatzen/lossy-token-eff/logs/campaign_longbench_v2_qwen3/strict_case_006_seed0_20260822T063456Z.log
case_006 seed=0 mode=strict: L=3149 finish=stop l_bar=0.344 L/l_bar=9150.1 final_ch=False wall=38.71s
[6/12] ok in 124s

[7/12] case_007 seed=0 arm=strict -> /home/chiatzen/lossy-token-eff/logs/campaign_longbench_v2_qwen3/strict_case_007_seed0_20260822T063700Z.log
case_007 seed=0 failed: HTTPError: HTTP Error 500: Internal Server Error
[7/12] request failed (exit 1) in 90s

[8/12] case_008 seed=0 arm=strict -> /home/chiatzen/lossy-token-eff/logs/campaign_longbench_v2_qwen3/strict_case_008_seed0_20260822T063830Z.log
case_008 seed=0 mode=strict: L=2809 finish=stop l_bar=0.835 L/l_bar=3362.9 final_ch=False wall=26.63s
[8/12] ok in 112s

[9/12] case_009 seed=0 arm=strict -> /home/chiatzen/lossy-token-eff/logs/campaign_longbench_v2_qwen3/strict_case_009_seed0_20260822T064022Z.log
case_009 seed=0 mode=strict: L=6481 finish=stop l_bar=0.82 L/l_bar=7901.5 final_ch=False wall=58.31s
[9/12] ok in 144s

[10/12] case_010 seed=0 arm=strict -> /home/chiatzen/lossy-token-eff/logs/campaign_longbench_v2_qwen3/strict_case_010_seed0_20260822T064246Z.log
case_010 seed=0 failed: HTTPError: HTTP Error 500: Internal Server Error
[10/12] request failed (exit 1) in 105s

[11/12] case_011 seed=0 arm=strict -> /home/chiatzen/lossy-token-eff/logs/campaign_longbench_v2_qwen3/strict_case_011_seed0_20260822T064430Z.log
case_011 seed=0 mode=strict: L=1542 finish=stop l_bar=0.293 L/l_bar=5266.7 final_ch=False wall=19.45s
[11/12] ok in 105s

[12/12] case_012 seed=0 arm=strict -> /home/chiatzen/lossy-token-eff/logs/campaign_longbench_v2_qwen3/strict_case_012_seed0_20260822T064615Z.log
case_012 seed=0 mode=strict: L=2260 finish=stop l_bar=0.624 L/l_bar=3621.7 final_ch=False wall=21.55s
[12/12] ok in 107s

wrote /home/chiatzen/lossy-token-eff/runs/longbench_v2_qwen3/fresh_server_replay.json; 9/12 ok
warning: strict reference run failed (exit 1), continuing
$ /home/chiatzen/lossy-token-eff/.venv-vllm/bin/python /home/chiatzen/lossy-token-eff/scripts/fresh_server_replay.py --arms mentored_dec --cases case_001 case_002 case_003 --mentored-dec-alpha 0.15 --prompt-root /home/chiatzen/lossy-token-eff/prompts/longbench_v2_qwen3 --runs-root /home/chiatzen/lossy-token-eff/runs --log-root /home/chiatzen/lossy-token-eff/logs/campaign_longbench_v2_qwen3 --max-new-tokens 8192 --port 30000 --model-path Qwen/Qwen3-8B --draft-model-path RedHatAI/Qwen3-8B-speculator.eagle3 --served-model-name qwen3-8b --rope-scaling-json {"rope_type":"yarn","factor":1.6,"original_max_position_embeddings":40960}
3 run(s), one fresh server each

[1/3] case_001 seed=0 arm=mentored_dec -> /home/chiatzen/lossy-token-eff/logs/campaign_longbench_v2_qwen3/mentoredDec0.15_case_001_seed0_20260822T064801Z.log
case_001 seed=0 mode=mentoredDec0.15: L=970 finish=stop l_bar=0.254 L/l_bar=3825.6 final_ch=False wall=15.64s
[1/3] ok in 109s

[2/3] case_002 seed=0 arm=mentored_dec -> /home/chiatzen/lossy-token-eff/logs/campaign_longbench_v2_qwen3/mentoredDec0.15_case_002_seed0_20260822T064950Z.log
case_002 seed=0 failed: HTTPError: HTTP Error 500: Internal Server Error
[2/3] request failed (exit 1) in 96s

[3/3] case_003 seed=0 arm=mentored_dec -> /home/chiatzen/lossy-token-eff/logs/campaign_longbench_v2_qwen3/mentoredDec0.15_case_003_seed0_20260822T065127Z.log
case_003 seed=0 mode=mentoredDec0.15: L=754 finish=stop l_bar=0.215 L/l_bar=3514.9 final_ch=False wall=12.11s
[3/3] ok in 105s

wrote /home/chiatzen/lossy-token-eff/runs/longbench_v2_qwen3/fresh_server_replay.json; 2/3 ok
warning: calibration run failed method=mentored_dec alpha=0.15 (exit 1), continuing
$ /home/chiatzen/lossy-token-eff/.venv-vllm/bin/python /home/chiatzen/lossy-token-eff/scripts/fresh_server_replay.py --arms mentored_dec --cases case_001 case_002 case_003 --mentored-dec-alpha 0.35 --prompt-root /home/chiatzen/lossy-token-eff/prompts/longbench_v2_qwen3 --runs-root /home/chiatzen/lossy-token-eff/runs --log-root /home/chiatzen/lossy-token-eff/logs/campaign_longbench_v2_qwen3 --max-new-tokens 8192 --port 30000 --model-path Qwen/Qwen3-8B --draft-model-path RedHatAI/Qwen3-8B-speculator.eagle3 --served-model-name qwen3-8b --rope-scaling-json {"rope_type":"yarn","factor":1.6,"original_max_position_embeddings":40960}
3 run(s), one fresh server each

[1/3] case_001 seed=0 arm=mentored_dec -> /home/chiatzen/lossy-token-eff/logs/campaign_longbench_v2_qwen3/mentoredDec0.35_case_001_seed0_20260822T065312Z.log
case_001 seed=0 mode=mentoredDec0.35: L=952 finish=stop l_bar=0.25 L/l_bar=3813.0 final_ch=False wall=15.43s
[1/3] ok in 109s

[2/3] case_002 seed=0 arm=mentored_dec -> /home/chiatzen/lossy-token-eff/logs/campaign_longbench_v2_qwen3/mentoredDec0.35_case_002_seed0_20260822T065500Z.log
case_002 seed=0 failed: HTTPError: HTTP Error 500: Internal Server Error
[2/3] request failed (exit 1) in 96s

[3/3] case_003 seed=0 arm=mentored_dec -> /home/chiatzen/lossy-token-eff/logs/campaign_longbench_v2_qwen3/mentoredDec0.35_case_003_seed0_20260822T065637Z.log
case_003 seed=0 mode=mentoredDec0.35: L=754 finish=stop l_bar=0.216 L/l_bar=3483.0 final_ch=False wall=12.07s
[3/3] ok in 107s

wrote /home/chiatzen/lossy-token-eff/runs/longbench_v2_qwen3/fresh_server_replay.json; 2/3 ok
warning: calibration run failed method=mentored_dec alpha=0.35 (exit 1), continuing
$ /home/chiatzen/lossy-token-eff/.venv-vllm/bin/python /home/chiatzen/lossy-token-eff/scripts/fresh_server_replay.py --arms mentored_dec --cases case_001 case_002 case_003 --mentored-dec-alpha 0.55 --prompt-root /home/chiatzen/lossy-token-eff/prompts/longbench_v2_qwen3 --runs-root /home/chiatzen/lossy-token-eff/runs --log-root /home/chiatzen/lossy-token-eff/logs/campaign_longbench_v2_qwen3 --max-new-tokens 8192 --port 30000 --model-path Qwen/Qwen3-8B --draft-model-path RedHatAI/Qwen3-8B-speculator.eagle3 --served-model-name qwen3-8b --rope-scaling-json {"rope_type":"yarn","factor":1.6,"original_max_position_embeddings":40960}
3 run(s), one fresh server each

[1/3] case_001 seed=0 arm=mentored_dec -> /home/chiatzen/lossy-token-eff/logs/campaign_longbench_v2_qwen3/mentoredDec0.55_case_001_seed0_20260822T065824Z.log
case_001 seed=0 mode=mentoredDec0.55: L=943 finish=stop l_bar=0.261 L/l_bar=3612.4 final_ch=False wall=15.19s
[1/3] ok in 109s

[2/3] case_002 seed=0 arm=mentored_dec -> /home/chiatzen/lossy-token-eff/logs/campaign_longbench_v2_qwen3/mentoredDec0.55_case_002_seed0_20260822T070012Z.log
case_002 seed=0 failed: HTTPError: HTTP Error 500: Internal Server Error
[2/3] request failed (exit 1) in 96s

[3/3] case_003 seed=0 arm=mentored_dec -> /home/chiatzen/lossy-token-eff/logs/campaign_longbench_v2_qwen3/mentoredDec0.55_case_003_seed0_20260822T070148Z.log
case_003 seed=0 mode=mentoredDec0.55: L=1213 finish=stop l_bar=0.194 L/l_bar=6249.7 final_ch=False wall=18.52s
[3/3] ok in 111s

wrote /home/chiatzen/lossy-token-eff/runs/longbench_v2_qwen3/fresh_server_replay.json; 2/3 ok
warning: calibration run failed method=mentored_dec alpha=0.55 (exit 1), continuing
$ /home/chiatzen/lossy-token-eff/.venv-vllm/bin/python /home/chiatzen/lossy-token-eff/scripts/fresh_server_replay.py --arms mentored_dec --cases case_001 case_002 case_003 --mentored-dec-alpha 0.75 --prompt-root /home/chiatzen/lossy-token-eff/prompts/longbench_v2_qwen3 --runs-root /home/chiatzen/lossy-token-eff/runs --log-root /home/chiatzen/lossy-token-eff/logs/campaign_longbench_v2_qwen3 --max-new-tokens 8192 --port 30000 --model-path Qwen/Qwen3-8B --draft-model-path RedHatAI/Qwen3-8B-speculator.eagle3 --served-model-name qwen3-8b --rope-scaling-json {"rope_type":"yarn","factor":1.6,"original_max_position_embeddings":40960}
3 run(s), one fresh server each

[1/3] case_001 seed=0 arm=mentored_dec -> /home/chiatzen/lossy-token-eff/logs/campaign_longbench_v2_qwen3/mentoredDec0.75_case_001_seed0_20260822T070340Z.log
case_001 seed=0 mode=mentoredDec0.75: L=1487 finish=stop l_bar=0.24 L/l_bar=6195.8 final_ch=False wall=22.79s
[1/3] ok in 116s

[2/3] case_002 seed=0 arm=mentored_dec -> /home/chiatzen/lossy-token-eff/logs/campaign_longbench_v2_qwen3/mentoredDec0.75_case_002_seed0_20260822T070535Z.log
case_002 seed=0 failed: HTTPError: HTTP Error 500: Internal Server Error
[2/3] request failed (exit 1) in 96s

[3/3] case_003 seed=0 arm=mentored_dec -> /home/chiatzen/lossy-token-eff/logs/campaign_longbench_v2_qwen3/mentoredDec0.75_case_003_seed0_20260822T070711Z.log
case_003 seed=0 mode=mentoredDec0.75: L=1110 finish=stop l_bar=0.252 L/l_bar=4410.1 final_ch=False wall=16.40s
[3/3] ok in 112s

wrote /home/chiatzen/lossy-token-eff/runs/longbench_v2_qwen3/fresh_server_replay.json; 2/3 ok
warning: calibration run failed method=mentored_dec alpha=0.75 (exit 1), continuing
$ /home/chiatzen/lossy-token-eff/.venv-vllm/bin/python /home/chiatzen/lossy-token-eff/scripts/fresh_server_replay.py --arms cactus --cases case_001 case_002 case_003 --cactus-alpha 0.03 --prompt-root /home/chiatzen/lossy-token-eff/prompts/longbench_v2_qwen3 --runs-root /home/chiatzen/lossy-token-eff/runs --log-root /home/chiatzen/lossy-token-eff/logs/campaign_longbench_v2_qwen3 --max-new-tokens 8192 --port 30000 --model-path Qwen/Qwen3-8B --draft-model-path RedHatAI/Qwen3-8B-speculator.eagle3 --served-model-name qwen3-8b --rope-scaling-json {"rope_type":"yarn","factor":1.6,"original_max_position_embeddings":40960}
3 run(s), one fresh server each

[1/3] case_001 seed=0 arm=cactus -> /home/chiatzen/lossy-token-eff/logs/campaign_longbench_v2_qwen3/cactus0.03_case_001_seed0_20260822T070903Z.log
scripts/campaign_all_qwen3.sh: line 31: 454976 Killed                  python3 scripts/campaign_run.py --dataset "$dataset"
campaign_run.py --dataset longbench_v2_qwen3 exited 137
wrote /home/chiatzen/lossy-token-eff/campaign/tables/longbench_v2_qwen3.csv (24 rows)
no calibration file at /home/chiatzen/lossy-token-eff/campaign/calibration/longbench_v2_qwen3.json yet -- skipping results/graph
campaign_report.py --dataset longbench_v2_qwen3 exited 0
########## dataset=longbench_v2_qwen3 finished 2026-08-22T07:10:08Z ##########

=== campaign_all_qwen3.sh done 2026-08-22T07:10:08Z ===
