dataset,method,params,case,seed,status,l_bar,mean_accept_length,output_tokens,draft_rounds,draft_acceptance_rate,finish_reason,reached_final_channel,wall_time_seconds
aime24,spec_casc_opt_head,alpha0.05_beta0.15,case_001,0,ok,3.23943661971831,4.23943661971831,1505,355.0,0.539906103286385,stop,True,2.940152666065842
aime24,spec_casc_opt_head,alpha0.05_beta0.15,case_002,0,ok,2.307908225530876,3.307908225530876,27105,8194.0,0.38465137092181273,stop,True,60.875964374048635
aime24,spec_casc_opt_head,alpha0.05_beta0.15,case_003,0,ok,1.9476985223769534,2.947698522376953,27729,9407.0,0.3246164203961589,stop,True,70.66227218997665
aime24,spec_casc_opt_head,alpha0.05_beta0.15,case_004,0,ok,2.4738520408163267,3.4738520408163267,27235,7840.0,0.41230867346938777,stop,True,58.74265062902123
aime24,spec_casc_opt_head,alpha0.05_beta0.15,case_005,0,ok,2.326923076923077,3.326923076923077,5536,1664.0,0.38782051282051283,stop,True,12.194741943152621
aime24,spec_casc_opt_head,alpha0.05_beta0.15,case_006,0,ok,2.367972082202404,3.367972082202404,8686,2579.0,0.39466201370040066,stop,True,18.80926350178197
aime24,spec_casc_opt_head,alpha0.05_beta0.15,case_007,0,ok,2.2796887796887795,3.2796887796887795,8008,2442.0,0.37994812994812993,stop,True,17.814207831164822
aime24,spec_casc_opt_head,alpha0.05_beta0.15,case_008,0,ok,2.588636363636364,3.588636363636364,1578,440.0,0.43143939393939396,stop,True,3.214611900039017
aime24,spec_casc_opt_head,alpha0.05_beta0.15,case_009,0,ok,2.588888888888889,3.588888888888889,2260,630.0,0.43148148148148147,stop,True,4.674703520024195
aime24,spec_casc_opt_head,alpha0.05_beta0.15,case_010,0,ok,2.700854700854701,3.700854700854701,865,234.0,0.45014245014245013,stop,True,1.756255814107135
aime24,spec_casc_opt_head,alpha0.05_beta0.15,case_011,0,ok,2.290901672786618,3.290901672786618,8065,2451.0,0.3818169454644363,stop,True,18.185148183023557
aime24,spec_casc_opt_head,alpha0.05_beta0.15,case_012,0,ok,2.3698630136986303,3.3698630136986303,1723,511.0,0.3949771689497717,stop,True,3.7878675959073007
aime24,spec_casc_opt_head,alpha0.05_beta0.15,case_013,0,ok,2.902309058614565,3.902309058614565,2197,563.0,0.4837181764357608,stop,True,4.07719214190729
aime24,spec_casc_opt_head,alpha0.05_beta0.15,case_014,0,ok,1.858719936916809,2.858719936916809,21752,7609.0,0.3097866561528015,stop,True,56.70186877413653
aime24,spec_casc_opt_head,alpha0.05_beta0.15,case_015,0,ok,2.5213358070500926,3.5213358070500926,5695,1617.0,0.4202226345083488,stop,True,11.809968836139888
aime24,spec_casc_opt_head,alpha0.05_beta0.15,case_016,0,ok,2.626794258373206,3.626794258373206,1516,418.0,0.43779904306220097,stop,True,3.1032171240076423
aime24,spec_casc_opt_head,alpha0.05_beta0.15,case_017,0,ok,2.4173553719008263,3.4173553719008263,20673,6050.0,0.40289256198347106,stop,True,44.53485457203351
aime24,spec_casc_opt_head,alpha0.05_beta0.15,case_018,0,ok,2.534794711203897,3.534794711203897,10159,2874.0,0.4224657852006495,stop,True,21.172293925192207
aime24,spec_casc_opt_head,alpha0.05_beta0.15,case_019,0,ok,2.4793704806465335,3.4793704806465335,8180,2351.0,0.4132284134410889,stop,True,17.232550240820274
aime24,spec_casc_opt_head,alpha0.05_beta0.15,case_020,0,ok,2.5649263721552877,3.5649263721552877,2663,747.0,0.427487728692548,stop,True,5.394429998006672
aime24,spec_casc_opt_head,alpha0.05_beta0.15,case_021,0,ok,2.3688634192932185,3.3688634192932185,17636,5235.0,0.39481056988220314,stop,True,39.04703902313486
aime24,spec_casc_opt_head,alpha0.05_beta0.15,case_022,0,ok,1.9773893216796503,2.9773893216796505,15670,5263.0,0.3295648869466084,stop,True,38.9886928498745
aime24,spec_casc_opt_head,alpha0.05_beta0.15,case_023,0,ok,2.2394276629570746,3.2394276629570746,10186,3145.0,0.37323794382617914,stop,True,23.412703052163124
aime24,spec_casc_opt_head,alpha0.05_beta0.15,case_024,0,ok,2.64635761589404,3.64635761589404,2753,755.0,0.4410596026490066,stop,True,5.548755440162495
aime24,spec_casc_opt_head,alpha0.05_beta0.15,case_025,0,ok,3.0917248255234298,4.09172482552343,4102,1003.0,0.5152874709205716,stop,True,7.292791119078174
aime24,spec_casc_opt_head,alpha0.05_beta0.15,case_026,0,ok,2.1581381902283896,3.1581381902283896,32768,10377.0,0.3596896983713983,length,False,77.9265794469975
aime24,spec_casc_opt_head,alpha0.05_beta0.15,case_027,0,ok,2.8740458015267176,3.8740458015267176,2029,524.0,0.47900763358778625,stop,True,3.853748488938436
aime24,spec_casc_opt_head,alpha0.05_beta0.15,case_028,0,ok,2.8055853920515577,3.8055853920515577,3542,931.0,0.46759756534192626,stop,True,6.82193694007583
aime24,spec_casc_opt_head,alpha0.05_beta0.15,case_029,0,ok,2.183038568080119,3.183038568080119,14937,4693.0,0.36383976134668655,stop,True,34.70472661196254
aime24,spec_casc_opt_head,alpha0.05_beta0.15,case_030,0,ok,1.9103666817564509,2.910366681756451,6429,2209.0,0.3183944469594085,stop,True,16.306192490039393
aime24,spec_casc_opt_head,alpha0.05_beta0.35,case_001,0,ok,3.3045685279187818,4.304568527918782,1695,394.0,0.550761421319797,stop,True,3.210230688098818
aime24,spec_casc_opt_head,alpha0.05_beta0.35,case_002,0,ok,2.1185876082611594,3.1185876082611594,32768,10507.0,0.3530979347101932,length,False,78.60236725397408
aime24,spec_casc_opt_head,alpha0.05_beta0.35,case_003,0,ok,2.061472346786248,3.061472346786248,32768,10704.0,0.3435787244643747,length,False,80.69600803684443
aime24,spec_casc_opt_head,alpha0.05_beta0.35,case_004,0,ok,2.4906832298136647,3.4906832298136647,20232,5796.0,0.41511387163561075,stop,True,42.552110059186816
aime24,spec_casc_opt_head,alpha0.05_beta0.35,case_005,0,ok,2.494344365312107,3.494344365312107,8341,2387.0,0.4157240608853512,stop,True,17.09105875203386
aime24,spec_casc_opt_head,alpha0.05_beta0.35,case_006,0,ok,2.8683417085427134,3.8683417085427134,7698,1990.0,0.47805695142378557,stop,True,14.10084770200774
aime24,spec_casc_opt_head,alpha0.05_beta0.35,case_007,0,ok,2.16735659373152,3.16735659373152,5356,1691.0,0.3612260989552533,stop,True,12.016766159096733
aime24,spec_casc_opt_head,alpha0.05_beta0.35,case_008,0,ok,2.6661880832735103,3.6661880832735103,5105,1393.0,0.4443646805455851,stop,True,9.901617381023243
aime24,spec_casc_opt_head,alpha0.05_beta0.35,case_009,0,ok,2.677285318559557,3.677285318559557,2655,722.0,0.44621421975992615,stop,True,5.225357767893001
aime24,spec_casc_opt_head,alpha0.05_beta0.35,case_010,0,ok,2.8819742489270386,3.8819742489270386,1809,466.0,0.4803290414878398,stop,True,3.3573966331314296
aime24,spec_casc_opt_head,alpha0.05_beta0.35,case_011,0,ok,2.46147507210548,3.46147507210548,8401,2427.0,0.41024584535091335,stop,True,17.447389555862173
aime24,spec_casc_opt_head,alpha0.05_beta0.35,case_012,0,ok,2.4210526315789473,3.4210526315789473,2210,646.0,0.40350877192982454,stop,True,4.66916230507195
aime24,spec_casc_opt_head,alpha0.05_beta0.35,case_013,0,ok,2.7622282608695654,3.7622282608695654,2770,736.0,0.4603713768115942,stop,True,5.193668900988996
aime24,spec_casc_opt_head,alpha0.05_beta0.35,case_014,0,ok,1.9671314741035857,2.967131474103586,32768,11044.0,0.32785524568393093,length,False,80.79120234493166
aime24,spec_casc_opt_head,alpha0.05_beta0.35,case_015,0,ok,2.5150703281982585,3.5150703281982585,5248,1493.0,0.4191783880330431,stop,True,10.675778954057023
aime24,spec_casc_opt_head,alpha0.05_beta0.35,case_016,0,ok,2.6611675126903553,3.6611675126903553,2885,788.0,0.44352791878172587,stop,True,5.676128874067217
aime24,spec_casc_opt_head,alpha0.05_beta0.35,case_017,0,ok,2.9575221238938054,3.9575221238938054,4473,1130.0,0.4929203539823009,stop,True,8.008110863855109
aime24,spec_casc_opt_head,alpha0.05_beta0.35,case_018,0,ok,2.5397512168739858,3.5397512168739858,6545,1849.0,0.42329186947899766,stop,True,13.223701296141371
aime24,spec_casc_opt_head,alpha0.05_beta0.35,case_019,0,ok,2.265596970300977,3.265596970300977,32768,10034.0,0.37759949505016277,length,False,73.27558999601752
aime24,spec_casc_opt_head,alpha0.05_beta0.35,case_020,0,ok,2.776431718061674,3.776431718061674,3427,908.0,0.4627386196769457,stop,True,6.400424840860069
aime24,spec_casc_opt_head,alpha0.05_beta0.35,case_021,0,ok,2.4178851451578725,3.4178851451578725,16128,4719.0,0.4029808575263121,stop,True,34.26272463100031
aime24,spec_casc_opt_head,alpha0.05_beta0.35,case_022,0,ok,2.2059973924380705,3.2059973924380705,4918,1534.0,0.36766623207301175,stop,True,10.936090268893167
aime24,spec_casc_opt_head,alpha0.05_beta0.35,case_023,0,ok,2.327797202797203,3.327797202797203,3808,1144.0,0.38796620046620045,stop,True,8.279414721066132
aime24,spec_casc_opt_head,alpha0.05_beta0.35,case_024,0,ok,2.551413881748072,3.551413881748072,2763,778.0,0.42523564695801197,stop,True,5.59284719103016
aime24,spec_casc_opt_head,alpha0.05_beta0.35,case_025,0,ok,3.2504091653027825,4.2504091653027825,2596,611.0,0.5417348608837971,stop,True,4.332157411146909
aime24,spec_casc_opt_head,alpha0.05_beta0.35,case_026,0,ok,2.389947486871718,3.389947486871718,22594,6665.0,0.3983245811452863,stop,True,48.17140982183628
aime24,spec_casc_opt_head,alpha0.05_beta0.35,case_027,0,ok,2.7699316628701594,3.7699316628701594,1655,439.0,0.4616552771450266,stop,True,3.1543154129758477
aime24,spec_casc_opt_head,alpha0.05_beta0.35,case_028,0,ok,2.6577313769751694,3.6577313769751694,12962,3544.0,0.4429552294958615,stop,True,25.636254185810685
aime24,spec_casc_opt_head,alpha0.05_beta0.35,case_029,0,ok,2.1561356193411676,3.1561356193411676,32768,10382.0,0.3593559365568612,length,False,76.29599463311024
aime24,spec_casc_opt_head,alpha0.05_beta0.35,case_030,0,ok,2.053,3.053,3053,1000.0,0.3421666666666667,stop,True,7.199030823074281
aime24,spec_casc_opt_head,alphaneg0.02_beta0.15,case_001,0,ok,3.23943661971831,4.23943661971831,1505,355.0,0.539906103286385,stop,True,2.9123977839481086
aime24,spec_casc_opt_head,alphaneg0.02_beta0.15,case_002,0,ok,2.2913596784996653,3.2913596784996653,19655,5972.0,0.3818932797499442,stop,True,43.38812672998756
aime24,spec_casc_opt_head,alphaneg0.02_beta0.15,case_003,0,ok,2.059496996996997,3.059496996996997,16301,5328.0,0.3432494994994995,stop,True,38.52780741103925
aime24,spec_casc_opt_head,alphaneg0.02_beta0.15,case_004,0,ok,2.659745095231276,3.659745095231276,25556,6983.0,0.44329084920521267,stop,True,51.0993364630267
aime24,spec_casc_opt_head,alphaneg0.02_beta0.15,case_005,0,ok,2.323296354992076,3.323296354992076,6291,1893.0,0.387216059165346,stop,True,13.517650529975072
aime24,spec_casc_opt_head,alphaneg0.02_beta0.15,case_006,0,ok,2.6175531914893617,3.6175531914893617,6800,1880.0,0.43625886524822693,stop,True,13.30573176103644
aime24,spec_casc_opt_head,alphaneg0.02_beta0.15,case_007,0,ok,2.1542943244600705,3.1542943244600705,31400,9955.0,0.35904905407667836,stop,True,72.46069993707351
aime24,spec_casc_opt_head,alphaneg0.02_beta0.15,case_008,0,ok,2.6451612903225805,3.6451612903225805,1807,496.0,0.44086021505376344,stop,True,3.5242147690150887
aime24,spec_casc_opt_head,alphaneg0.02_beta0.15,case_009,0,ok,2.7557544757033248,3.7557544757033248,2937,782.0,0.4592924126172208,stop,True,5.6590663669630885
aime24,spec_casc_opt_head,alphaneg0.02_beta0.15,case_010,0,ok,2.7732342007434942,3.7732342007434942,2029,538.0,0.46220570012391576,stop,True,3.858707864070311
aime24,spec_casc_opt_head,alphaneg0.02_beta0.15,case_011,0,ok,2.297473867595819,3.297473867595819,7570,2296.0,0.3829123112659698,stop,True,16.474480513948947
aime24,spec_casc_opt_head,alphaneg0.02_beta0.15,case_012,0,ok,2.4258823529411764,3.4258823529411764,1455,425.0,0.40431372549019606,stop,True,3.087410878855735
aime24,spec_casc_opt_head,alphaneg0.02_beta0.15,case_013,0,ok,3.0725806451612905,4.07258064516129,1515,372.0,0.5120967741935484,stop,True,2.6225636480376124
aime24,spec_casc_opt_head,alphaneg0.02_beta0.15,case_014,0,ok,1.8332702498107494,2.8332702498107496,29941,10568.0,0.3055450416351249,stop,True,77.09073397703469
aime24,spec_casc_opt_head,alphaneg0.02_beta0.15,case_015,0,ok,2.611695414387884,3.611695414387884,8585,2377.0,0.4352825690646473,stop,True,17.028762391069904
aime24,spec_casc_opt_head,alphaneg0.02_beta0.15,case_016,0,ok,2.586505190311419,3.586505190311419,4146,1156.0,0.43108419838523643,stop,True,8.302413470111787
aime24,spec_casc_opt_head,alphaneg0.02_beta0.15,case_017,0,ok,2.460977388767323,3.460977388767323,4745,1371.0,0.4101628981278872,stop,True,9.695836694911122
aime24,spec_casc_opt_head,alphaneg0.02_beta0.15,case_018,0,ok,2.4798387096774195,3.4798387096774195,7767,2232.0,0.41330645161290325,stop,True,15.93965029087849
aime24,spec_casc_opt_head,alphaneg0.02_beta0.15,case_019,0,ok,2.233668837576475,3.233668837576475,32768,10134.0,0.3722781395960792,length,False,74.22547174803913
aime24,spec_casc_opt_head,alphaneg0.02_beta0.15,case_020,0,ok,2.912017167381974,3.912017167381974,3644,932.0,0.4853361945636624,stop,True,6.558163161156699
aime24,spec_casc_opt_head,alphaneg0.02_beta0.15,case_021,0,ok,2.4413447782546496,3.4413447782546496,9623,2796.0,0.4068907963757749,stop,True,20.174687327817082
aime24,spec_casc_opt_head,alphaneg0.02_beta0.15,case_022,0,ok,1.9299812030075187,2.929981203007519,6234,2128.0,0.32166353383458646,stop,True,15.218331532087177
aime24,spec_casc_opt_head,alphaneg0.02_beta0.15,case_023,0,ok,2.340411413404114,3.340411413404114,5032,1507.0,0.3900685689006857,stop,True,10.862453277921304
aime24,spec_casc_opt_head,alphaneg0.02_beta0.15,case_024,0,ok,2.6234662576687118,3.6234662576687118,4726,1304.0,0.43724437627811863,stop,True,9.389013448962942
aime24,spec_casc_opt_head,alphaneg0.02_beta0.15,case_025,0,ok,3.1077981651376145,4.1077981651376145,1790,436.0,0.5179663608562691,stop,True,3.0990154249593616
aime24,spec_casc_opt_head,alphaneg0.02_beta0.15,case_026,0,ok,2.201547887778136,3.201547887778136,29784,9303.0,0.36692464796302265,stop,True,67.62242762907408
aime24,spec_casc_opt_head,alphaneg0.02_beta0.15,case_027,0,ok,2.8138613861386137,3.8138613861386137,1925,505.0,0.46897689768976897,stop,True,3.615733983926475
aime24,spec_casc_opt_head,alphaneg0.02_beta0.15,case_028,0,ok,2.462883202432227,3.462883202432227,13667,3947.0,0.4104805337387045,stop,True,28.565039097098634
aime24,spec_casc_opt_head,alphaneg0.02_beta0.15,case_029,0,ok,2.024457775726811,3.024457775726811,32768,10835.0,0.3374096292878019,length,False,79.30161617998965
aime24,spec_casc_opt_head,alphaneg0.02_beta0.15,case_030,0,ok,2.149167270094135,3.149167270094135,8698,2762.0,0.3581945450156891,stop,True,19.911650019930676
aime24,spec_casc_opt_head,alphaneg0.02_beta0.35,case_001,0,ok,3.3045685279187818,4.304568527918782,1695,394.0,0.550761421319797,stop,True,3.1932949000038207
aime24,spec_casc_opt_head,alphaneg0.02_beta0.35,case_002,0,ok,2.1410169491525424,3.1410169491525424,18531,5900.0,0.3568361581920904,stop,True,43.59956140606664
aime24,spec_casc_opt_head,alphaneg0.02_beta0.35,case_003,0,ok,1.8732010890704007,2.8732010890704007,29546,10284.0,0.31220018151173345,stop,True,77.17433602013625
aime24,spec_casc_opt_head,alphaneg0.02_beta0.35,case_004,0,ok,2.5833333333333335,3.5833333333333335,22016,6144.0,0.4305555555555556,stop,True,45.81093094497919
aime24,spec_casc_opt_head,alphaneg0.02_beta0.35,case_005,0,ok,2.492249397175336,3.492249397175336,10138,2903.0,0.41537489952922263,stop,True,21.37766039208509
aime24,spec_casc_opt_head,alphaneg0.02_beta0.35,case_006,0,ok,2.592552617377226,3.592552617377226,6656,1853.0,0.43209210289620437,stop,True,13.502306266920641
aime24,spec_casc_opt_head,alphaneg0.02_beta0.35,case_007,0,ok,2.3136629452418926,3.3136629452418926,6233,1881.0,0.3856104908736488,stop,True,13.76800588099286
aime24,spec_casc_opt_head,alphaneg0.02_beta0.35,case_008,0,ok,2.724503311258278,3.724503311258278,2812,755.0,0.45408388520971305,stop,True,5.47154331789352
aime24,spec_casc_opt_head,alphaneg0.02_beta0.35,case_009,0,ok,2.7340025094102884,3.7340025094102884,2976,797.0,0.45566708490171476,stop,True,5.904299044981599
aime24,spec_casc_opt_head,alphaneg0.02_beta0.35,case_010,0,ok,2.8095238095238093,3.8095238095238093,1520,399.0,0.46825396825396826,stop,True,2.9566688120830804
aime24,spec_casc_opt_head,alphaneg0.02_beta0.35,case_011,0,ok,2.5284552845528454,3.5284552845528454,3037,861.0,0.42140921409214094,stop,True,6.34073802200146
aime24,spec_casc_opt_head,alphaneg0.02_beta0.35,case_012,0,ok,2.1416526138279934,3.1416526138279934,1861,593.0,0.35694210230466555,stop,True,4.384446260984987
aime24,spec_casc_opt_head,alphaneg0.02_beta0.35,case_013,0,ok,2.6729634002361276,3.6729634002361276,3111,847.0,0.4454939000393546,stop,True,6.153353859903291
aime24,spec_casc_opt_head,alphaneg0.02_beta0.35,case_014,0,ok,2.131702188664819,3.131702188664819,32768,10463.0,0.3552836981108031,length,False,78.32602363801561
aime24,spec_casc_opt_head,alphaneg0.02_beta0.35,case_015,0,ok,2.6109476162448497,3.6109476162448497,6135,1699.0,0.4351579360408083,stop,True,12.436174489092082
aime24,spec_casc_opt_head,alphaneg0.02_beta0.35,case_016,0,ok,2.7679671457905544,3.7679671457905544,1835,487.0,0.46132785763175904,stop,True,3.613370197126642
aime24,spec_casc_opt_head,alphaneg0.02_beta0.35,case_017,0,ok,2.485630784218217,3.485630784218217,14312,4106.0,0.4142717973697029,stop,True,30.094912340166047
aime24,spec_casc_opt_head,alphaneg0.02_beta0.35,case_018,0,ok,2.8153374233128834,3.8153374233128834,6219,1630.0,0.46922290388548055,stop,True,11.90822752402164
aime24,spec_casc_opt_head,alphaneg0.02_beta0.35,case_019,0,ok,2.505266981474755,3.505266981474755,19300,5506.0,0.41754449691245915,stop,True,40.84515401604585
aime24,spec_casc_opt_head,alphaneg0.02_beta0.35,case_020,0,ok,2.6220145379023885,3.6220145379023885,3488,963.0,0.4370024229837314,stop,True,6.97077227011323
aime24,spec_casc_opt_head,alphaneg0.02_beta0.35,case_021,0,ok,2.3414792387543253,3.3414792387543253,15451,4624.0,0.39024653979238755,stop,True,34.35532410512678
aime24,spec_casc_opt_head,alphaneg0.02_beta0.35,case_022,0,ok,1.9626604434072346,2.9626604434072346,2539,857.0,0.3271100739012058,stop,True,6.286937729921192
aime24,spec_casc_opt_head,alphaneg0.02_beta0.35,case_023,0,ok,2.352261790182868,3.352261790182868,3483,1039.0,0.3920436316971447,stop,True,7.7042544519063085
aime24,spec_casc_opt_head,alphaneg0.02_beta0.35,case_024,0,ok,2.6055944055944056,3.6055944055944056,2578,715.0,0.4342657342657343,stop,True,5.284707124810666
aime24,spec_casc_opt_head,alphaneg0.02_beta0.35,case_025,0,ok,3.3661971830985915,4.366197183098592,2170,497.0,0.5610328638497653,stop,True,3.6174230370670557
aime24,spec_casc_opt_head,alphaneg0.02_beta0.35,case_026,0,ok,2.2389048136799445,3.2389048136799445,32768,10117.0,0.37315080227999076,length,False,75.61679995595478
aime24,spec_casc_opt_head,alphaneg0.02_beta0.35,case_027,0,ok,2.803347280334728,3.803347280334728,2726,717.0,0.46722454672245467,stop,True,5.274597153998911
aime24,spec_casc_opt_head,alphaneg0.02_beta0.35,case_028,0,ok,2.804637020144432,3.804637020144432,10010,2631.0,0.4674395033574053,stop,True,19.399191856151447
aime24,spec_casc_opt_head,alphaneg0.02_beta0.35,case_029,0,ok,2.4923076923076923,3.4923076923076923,11804,3380.0,0.4153846153846154,stop,True,24.935273692943156
aime24,spec_casc_opt_head,alphaneg0.02_beta0.35,case_030,0,ok,2.178723404255319,3.178723404255319,6723,2115.0,0.36312056737588655,stop,True,15.565133879194036
aime24,spec_casc_opt_head,alphaneg0.1_beta0.15,case_001,0,ok,2.887543252595156,3.887543252595156,2243,578.0,0.4812572087658593,stop,True,5.022012110101059
aime24,spec_casc_opt_head,alphaneg0.1_beta0.15,case_002,0,ok,2.402267573696145,3.402267573696145,7499,2205.0,0.40037792894935753,stop,True,16.030691544990987
aime24,spec_casc_opt_head,alphaneg0.1_beta0.15,case_003,0,ok,1.8738817751271706,2.8738817751271704,32768,11402.0,0.31231362918786176,length,False,85.60646078689024
aime24,spec_casc_opt_head,alphaneg0.1_beta0.15,case_004,0,ok,2.500388198757764,3.500388198757764,9016,2576.0,0.41673136645962733,stop,True,18.900987742003053
aime24,spec_casc_opt_head,alphaneg0.1_beta0.15,case_005,0,ok,2.327027027027027,3.327027027027027,7387,2220.0,0.3878378378378378,stop,True,16.20251519815065
aime24,spec_casc_opt_head,alphaneg0.1_beta0.15,case_006,0,ok,2.5583743204763136,3.5583743204763136,13746,3863.0,0.42639572007938564,stop,True,28.111100484151393
aime24,spec_casc_opt_head,alphaneg0.1_beta0.15,case_007,0,ok,2.1756238003838773,3.1756238003838773,3307,1042.0,0.3626039667306462,stop,True,7.5553471660241485
aime24,spec_casc_opt_head,alphaneg0.1_beta0.15,case_008,0,ok,2.8318385650224216,3.8318385650224216,3416,892.0,0.47197309417040356,stop,True,6.473249855916947
aime24,spec_casc_opt_head,alphaneg0.1_beta0.15,case_009,0,ok,2.7348560079443893,3.7348560079443893,3761,1007.0,0.4558093346573982,stop,True,7.422159128123894
aime24,spec_casc_opt_head,alphaneg0.1_beta0.15,case_010,0,ok,2.6961832061068702,3.6961832061068702,2421,655.0,0.4493638676844784,stop,True,4.8019348771777
aime24,spec_casc_opt_head,alphaneg0.1_beta0.15,case_011,0,ok,2.425470332850941,3.425470332850941,2367,691.0,0.40424505547515677,stop,True,5.068727606907487
aime24,spec_casc_opt_head,alphaneg0.1_beta0.15,case_012,0,ok,2.5540229885057473,3.5540229885057473,1546,435.0,0.4256704980842912,stop,True,3.2104460690170527
aime24,spec_casc_opt_head,alphaneg0.1_beta0.15,case_013,0,ok,2.8802698145025296,3.8802698145025296,2301,593.0,0.48004496908375494,stop,True,4.276216155849397
aime24,spec_casc_opt_head,alphaneg0.1_beta0.15,case_014,0,ok,1.8705761509011112,2.870576150901111,30740,10709.0,0.31176269181685184,stop,True,79.87361967889592
aime24,spec_casc_opt_head,alphaneg0.1_beta0.15,case_015,0,ok,2.5515230071289694,3.5515230071289694,5480,1543.0,0.4252538345214949,stop,True,11.207516759866849
aime24,spec_casc_opt_head,alphaneg0.1_beta0.15,case_016,0,ok,2.5538461538461537,3.5538461538461537,3233,910.0,0.4256410256410256,stop,True,6.676725494908169
aime24,spec_casc_opt_head,alphaneg0.1_beta0.15,case_017,0,ok,2.2905982905982905,3.2905982905982905,18095,5499.0,0.3817663817663818,stop,True,40.222708138870075
aime24,spec_casc_opt_head,alphaneg0.1_beta0.15,case_018,0,ok,2.557675628794449,3.557675628794449,4101,1153.0,0.4262792714657415,stop,True,8.376440837979317
aime24,spec_casc_opt_head,alphaneg0.1_beta0.15,case_019,0,ok,2.4706279540850775,3.4706279540850775,10279,2962.0,0.4117713256808463,stop,True,21.54454922513105
aime24,spec_casc_opt_head,alphaneg0.1_beta0.15,case_020,0,ok,2.6952054794520546,3.6952054794520546,3235,876.0,0.4492009132420091,stop,True,6.298675735015422
aime24,spec_casc_opt_head,alphaneg0.1_beta0.15,case_021,0,ok,2.3977900552486187,3.3977900552486187,12299,3620.0,0.3996316758747698,stop,True,26.660317985108122
aime24,spec_casc_opt_head,alphaneg0.1_beta0.15,case_022,0,ok,2.0170103092783505,3.0170103092783505,5852,1940.0,0.3361683848797251,stop,True,14.158492649905384
aime24,spec_casc_opt_head,alphaneg0.1_beta0.15,case_023,0,ok,2.1256667712582367,3.1256667712582367,19923,6374.0,0.3542777952097061,stop,True,47.639493251917884
aime24,spec_casc_opt_head,alphaneg0.1_beta0.15,case_024,0,ok,2.5307855626326963,3.5307855626326963,4989,1413.0,0.42179759377211606,stop,True,10.368047080934048
aime24,spec_casc_opt_head,alphaneg0.1_beta0.15,case_025,0,ok,3.383495145631068,4.383495145631068,1806,412.0,0.563915857605178,stop,True,2.9866050051059574
aime24,spec_casc_opt_head,alphaneg0.1_beta0.15,case_026,0,ok,2.3432972862681085,3.3432972862681085,32768,9802.0,0.3905495477113514,length,False,72.81207179091871
aime24,spec_casc_opt_head,alphaneg0.1_beta0.15,case_027,0,ok,2.7490974729241877,3.7490974729241877,2076,554.0,0.4581829121540313,stop,True,4.061577610904351
aime24,spec_casc_opt_head,alphaneg0.1_beta0.15,case_028,0,ok,2.613583138173302,3.613583138173302,4628,1281.0,0.43559718969555034,stop,True,9.354147315956652
aime24,spec_casc_opt_head,alphaneg0.1_beta0.15,case_029,0,ok,2.0237128621516884,3.0237128621516884,32768,10838.0,0.33728547702528144,length,False,81.44939104910009
aime24,spec_casc_opt_head,alphaneg0.1_beta0.15,case_030,0,ok,2.011854360711262,3.011854360711262,3555,1181.0,0.3353090601185436,stop,True,8.64411315903999
aime24,spec_casc_opt_head,alphaneg0.1_beta0.35,case_001,0,ok,3.3045685279187818,4.304568527918782,1695,394.0,0.550761421319797,stop,True,3.1775206432212144
aime24,spec_casc_opt_head,alphaneg0.1_beta0.35,case_002,0,ok,2.134985171721037,3.134985171721037,32768,10453.0,0.35583086195350616,length,False,78.0371818470303
aime24,spec_casc_opt_head,alphaneg0.1_beta0.35,case_003,0,ok,2.0282859338970023,3.0282859338970023,19698,6505.0,0.3380476556495004,stop,True,48.34224059805274
aime24,spec_casc_opt_head,alphaneg0.1_beta0.35,case_004,0,ok,2.3142857142857145,3.3142857142857145,17052,5145.0,0.38571428571428573,stop,True,37.9858164510224
aime24,spec_casc_opt_head,alphaneg0.1_beta0.35,case_005,0,ok,2.4760147601476015,3.4760147601476015,5651,1626.0,0.41266912669126693,stop,True,11.87684416002594
aime24,spec_casc_opt_head,alphaneg0.1_beta0.35,case_006,0,ok,2.3634404187621882,3.3634404187621882,32768,9743.0,0.3939067364603647,length,False,72.44114809692837
aime24,spec_casc_opt_head,alphaneg0.1_beta0.35,case_007,0,ok,2.1297039159503344,3.1297039159503344,32768,10470.0,0.35495065265838904,length,False,77.66281208395958
aime24,spec_casc_opt_head,alphaneg0.1_beta0.35,case_008,0,ok,2.7348798674399335,3.7348798674399335,4507,1207.0,0.45581331123998897,stop,True,8.749326697085053
aime24,spec_casc_opt_head,alphaneg0.1_beta0.35,case_009,0,ok,2.50187265917603,3.50187265917603,2804,801.0,0.41697877652933835,stop,True,5.895171624142677
aime24,spec_casc_opt_head,alphaneg0.1_beta0.35,case_010,0,ok,2.9113082039911307,3.9113082039911307,1763,451.0,0.4852180339985218,stop,True,3.338398596039042
aime24,spec_casc_opt_head,alphaneg0.1_beta0.35,case_011,0,ok,2.290799194089993,3.290799194089993,4900,1489.0,0.3817998656816656,stop,True,10.958162866067141
aime24,spec_casc_opt_head,alphaneg0.1_beta0.35,case_012,0,ok,2.297157622739018,3.297157622739018,1275,387.0,0.38285960378983636,stop,True,2.8563507318031043
aime24,spec_casc_opt_head,alphaneg0.1_beta0.35,case_013,0,ok,2.9969604863221884,3.9969604863221884,2630,658.0,0.49949341438703143,stop,True,4.745605337200686
aime24,spec_casc_opt_head,alphaneg0.1_beta0.35,case_014,0,ok,1.8655424894608388,2.8655424894608386,12914,4507.0,0.31092374824347313,stop,True,33.052861866075546
aime24,spec_casc_opt_head,alphaneg0.1_beta0.35,case_015,0,ok,2.7429775280898876,3.7429775280898876,7994,2136.0,0.4571629213483146,stop,True,15.551696548005566
aime24,spec_casc_opt_head,alphaneg0.1_beta0.35,case_016,0,ok,2.6377952755905514,3.6377952755905514,1386,381.0,0.43963254593175854,stop,True,2.8131361971609294
aime24,spec_casc_opt_head,alphaneg0.1_beta0.35,case_017,0,ok,2.351962457337884,3.351962457337884,7857,2344.0,0.39199374288964733,stop,True,17.023505806922913
aime24,spec_casc_opt_head,alphaneg0.1_beta0.35,case_018,0,ok,2.5480225988700567,3.5480225988700567,8792,2478.0,0.4246704331450094,stop,True,18.16694689099677
aime24,spec_casc_opt_head,alphaneg0.1_beta0.35,case_019,0,ok,2.5361233480176213,3.5361233480176213,8026,2270.0,0.4226872246696035,stop,True,16.454406986944377
aime24,spec_casc_opt_head,alphaneg0.1_beta0.35,case_020,0,ok,2.3448795180722892,3.3448795180722892,4442,1328.0,0.39081325301204817,stop,True,9.582782491110265
aime24,spec_casc_opt_head,alphaneg0.1_beta0.35,case_021,0,ok,2.3276150627615064,3.3276150627615064,7953,2390.0,0.38793584379358437,stop,True,17.611542957136407
aime24,spec_casc_opt_head,alphaneg0.1_beta0.35,case_022,0,ok,2.084640642101423,3.084640642101423,8455,2741.0,0.3474401070169038,stop,True,20.077831067843363
aime24,spec_casc_opt_head,alphaneg0.1_beta0.35,case_023,0,ok,2.414858645627876,3.414858645627876,5192,1521.0,0.4024764409379794,stop,True,11.228452635928988
aime24,spec_casc_opt_head,alphaneg0.1_beta0.35,case_024,0,ok,2.8273224043715848,3.8273224043715848,3501,915.0,0.47122040072859744,stop,True,6.716737311799079
aime24,spec_casc_opt_head,alphaneg0.1_beta0.35,case_025,0,ok,3.3015873015873014,4.301587301587301,2167,504.0,0.5502645502645502,stop,True,3.6465468478854746
aime24,spec_casc_opt_head,alphaneg0.1_beta0.35,case_026,0,ok,2.3368635437881875,3.3368635437881875,32768,9820.0,0.38947725729803123,length,False,73.17346064699814
aime24,spec_casc_opt_head,alphaneg0.1_beta0.35,case_027,0,ok,2.584722222222222,3.584722222222222,2580,720.0,0.430787037037037,stop,True,5.263536346144974
aime24,spec_casc_opt_head,alphaneg0.1_beta0.35,case_028,0,ok,2.7252657399836466,3.7252657399836466,4554,1223.0,0.4542109566639411,stop,True,8.933703821152449
aime24,spec_casc_opt_head,alphaneg0.1_beta0.35,case_029,0,ok,2.022505072864785,3.022505072864785,32768,10842.0,0.3370841788107975,length,False,81.28555401181802
aime24,spec_casc_opt_head,alphaneg0.1_beta0.35,case_030,0,ok,1.9776286353467563,2.9776286353467563,9317,3129.0,0.3296047725577927,stop,True,22.979427414014935
aime24,spec_casc_opt_head,alphaneg0.3_beta0.15,case_001,0,ok,2.995305164319249,3.995305164319249,1702,426.0,0.49921752738654146,stop,True,3.5299804219976068
aime24,spec_casc_opt_head,alphaneg0.3_beta0.15,case_002,0,ok,2.4270325203252034,3.4270325203252034,16861,4920.0,0.40450542005420054,stop,True,35.67652105120942
aime24,spec_casc_opt_head,alphaneg0.3_beta0.15,case_003,0,ok,1.926207729468599,2.926207729468599,24229,8280.0,0.32103462157809987,stop,True,60.10202089883387
aime24,spec_casc_opt_head,alphaneg0.3_beta0.15,case_004,0,ok,2.3639135959339264,3.3639135959339264,13237,3935.0,0.393985599322321,stop,True,28.242781253065914
aime24,spec_casc_opt_head,alphaneg0.3_beta0.15,case_005,0,ok,2.307361963190184,3.307361963190184,5391,1630.0,0.384560327198364,stop,True,11.551055477000773
aime24,spec_casc_opt_head,alphaneg0.3_beta0.15,case_006,0,ok,2.544455066921606,3.544455066921606,14829,4184.0,0.42407584448693436,stop,True,29.662744363071397
aime24,spec_casc_opt_head,alphaneg0.3_beta0.15,case_007,0,ok,2.3916666666666666,3.3916666666666666,4477,1320.0,0.39861111111111114,stop,True,9.331262337975204
aime24,spec_casc_opt_head,alphaneg0.3_beta0.15,case_008,0,ok,2.8844393592677346,3.8844393592677346,3395,874.0,0.48073989321128907,stop,True,6.160405908012763
aime24,spec_casc_opt_head,alphaneg0.3_beta0.15,case_009,0,ok,2.8295918367346937,3.8295918367346937,3753,980.0,0.4715986394557823,stop,True,7.035919538931921
aime24,spec_casc_opt_head,alphaneg0.3_beta0.15,case_010,0,ok,2.6171875,3.6171875,1388,384.0,0.4361979166666667,stop,True,2.7717897028196603
aime24,spec_casc_opt_head,alphaneg0.3_beta0.15,case_011,0,ok,2.5074626865671643,3.5074626865671643,8460,2412.0,0.417910447761194,stop,True,17.2096334900707
aime24,spec_casc_opt_head,alphaneg0.3_beta0.15,case_012,0,ok,2.1617021276595745,3.1617021276595745,1485,470.0,0.36028368794326243,stop,True,3.3726534550078213
aime24,spec_casc_opt_head,alphaneg0.3_beta0.15,case_013,0,ok,2.765726681127983,3.765726681127983,1736,461.0,0.4609544468546638,stop,True,3.2339393529109657
aime24,spec_casc_opt_head,alphaneg0.3_beta0.15,case_014,0,ok,1.8944773175542406,2.894477317554241,17611,6084.0,0.3157462195923734,stop,True,43.72720605600625
aime24,spec_casc_opt_head,alphaneg0.3_beta0.15,case_015,0,ok,2.5155065472088216,3.5155065472088216,5101,1451.0,0.41925109120147025,stop,True,10.285863376921043
aime24,spec_casc_opt_head,alphaneg0.3_beta0.15,case_016,0,ok,2.420300751879699,3.420300751879699,4546,1330.0,0.40338345864661657,stop,True,9.535987350158393
aime24,spec_casc_opt_head,alphaneg0.3_beta0.15,case_017,0,ok,2.488243430152144,3.488243430152144,20176,5784.0,0.41470723835869067,stop,True,41.25799143384211
aime24,spec_casc_opt_head,alphaneg0.3_beta0.15,case_018,0,ok,2.7190909090909092,3.7190909090909092,8183,2200.0,0.4531818181818182,stop,True,15.621398407965899
aime24,spec_casc_opt_head,alphaneg0.3_beta0.15,case_019,0,ok,2.5313523631258774,3.5313523631258774,15093,4274.0,0.42189206052097955,stop,True,30.353481410071254
aime24,spec_casc_opt_head,alphaneg0.3_beta0.15,case_020,0,ok,2.667375132837407,3.667375132837407,3451,941.0,0.4445625221395678,stop,True,6.5993070809636265
aime24,spec_casc_opt_head,alphaneg0.3_beta0.15,case_021,0,ok,2.2817416758141236,3.2817416758141236,8969,2733.0,0.38029027930235393,stop,True,19.57866482110694
aime24,spec_casc_opt_head,alphaneg0.3_beta0.15,case_022,0,ok,2.1479514415781487,3.1479514415781487,4149,1318.0,0.35799190692969146,stop,True,9.31216690200381
aime24,spec_casc_opt_head,alphaneg0.3_beta0.15,case_023,0,ok,2.1979166666666665,3.1979166666666665,5526,1728.0,0.3663194444444444,stop,True,12.399924063822255
aime24,spec_casc_opt_head,alphaneg0.3_beta0.15,case_024,0,ok,2.5735645933014353,3.5735645933014353,5975,1672.0,0.4289274322169059,stop,True,11.92813062807545
aime24,spec_casc_opt_head,alphaneg0.3_beta0.15,case_025,0,ok,2.8716216216216215,3.8716216216216215,1718,444.0,0.4786036036036036,stop,True,3.1237916578538716
aime24,spec_casc_opt_head,alphaneg0.3_beta0.15,case_026,0,ok,2.1770409152608106,3.1770409152608106,32768,10314.0,0.3628401525434684,length,False,74.76496375119314
aime24,spec_casc_opt_head,alphaneg0.3_beta0.15,case_027,0,ok,2.7577854671280275,3.7577854671280275,3259,867.0,0.4596309111880046,stop,True,6.182235351996496
aime24,spec_casc_opt_head,alphaneg0.3_beta0.15,case_028,0,ok,2.5953203935123637,3.5953203935123637,13522,3761.0,0.4325533989187273,stop,True,26.89103990700096
aime24,spec_casc_opt_head,alphaneg0.3_beta0.15,case_029,0,ok,2.0692028292869433,3.0692028292869433,16055,5231.0,0.34486713821449055,stop,True,37.57716937083751
aime24,spec_casc_opt_head,alphaneg0.3_beta0.15,case_030,0,ok,2.0066436353972894,3.0066436353972894,11314,3763.0,0.3344406058995482,stop,True,27.04387195291929
aime24,spec_casc_opt_head,alphaneg0.3_beta0.35,case_001,0,ok,3.2881773399014778,4.288177339901478,1741,406.0,0.5480295566502463,stop,True,3.272321549942717
aime24,spec_casc_opt_head,alphaneg0.3_beta0.35,case_002,0,ok,2.028093521855651,3.028093521855651,32768,10821.0,0.33801558697594186,length,False,81.10605427017435
aime24,spec_casc_opt_head,alphaneg0.3_beta0.35,case_003,0,ok,1.9680529300567107,2.968052930056711,15701,5290.0,0.32800882167611844,stop,True,39.304377391934395
aime24,spec_casc_opt_head,alphaneg0.3_beta0.35,case_004,0,ok,2.4051440727132083,3.4051440727132083,17608,5171.0,0.40085734545220136,stop,True,38.39625684195198
aime24,spec_casc_opt_head,alphaneg0.3_beta0.35,case_005,0,ok,2.3297345928924877,3.3297345928924877,7402,2223.0,0.3882890988154146,stop,True,16.283563969889656
aime24,spec_casc_opt_head,alphaneg0.3_beta0.35,case_006,0,ok,2.51558550968829,3.51558550968829,16692,4748.0,0.419264251614715,stop,True,35.03989136987366
aime24,spec_casc_opt_head,alphaneg0.3_beta0.35,case_007,0,ok,2.3111702127659575,3.3111702127659575,4980,1504.0,0.38519503546099293,stop,True,10.984600888099521
aime24,spec_casc_opt_head,alphaneg0.3_beta0.35,case_008,0,ok,2.682182985553772,3.682182985553772,2294,623.0,0.44703049759229535,stop,True,4.535658181179315
aime24,spec_casc_opt_head,alphaneg0.3_beta0.35,case_009,0,ok,2.6957383548067395,3.6957383548067395,3730,1009.0,0.44928972580112325,stop,True,7.475954135879874
aime24,spec_casc_opt_head,alphaneg0.3_beta0.35,case_010,0,ok,2.896039603960396,3.896039603960396,1573,404.0,0.48267326732673266,stop,True,2.990988908801228
aime24,spec_casc_opt_head,alphaneg0.3_beta0.35,case_011,0,ok,2.347208121827411,3.347208121827411,6594,1970.0,0.39120135363790187,stop,True,14.52782920608297
aime24,spec_casc_opt_head,alphaneg0.3_beta0.35,case_012,0,ok,2.3264462809917354,3.3264462809917354,2416,726.0,0.3877410468319559,stop,True,5.376582449069247
aime24,spec_casc_opt_head,alphaneg0.3_beta0.35,case_013,0,ok,3.0,4.0,1665,416.0,0.5,stop,True,3.023369471076876
aime24,spec_casc_opt_head,alphaneg0.3_beta0.35,case_014,0,ok,1.992294186500195,2.992294186500195,30676,10252.0,0.33204903108336586,stop,True,75.63921335688792
aime24,spec_casc_opt_head,alphaneg0.3_beta0.35,case_015,0,ok,2.601702645180906,3.601702645180906,11845,3289.0,0.43361710753015104,stop,True,23.591720360098407
aime24,spec_casc_opt_head,alphaneg0.3_beta0.35,case_016,0,ok,2.5928057553956836,3.5928057553956836,2496,695.0,0.43213429256594726,stop,True,5.002377369208261
aime24,spec_casc_opt_head,alphaneg0.3_beta0.35,case_017,0,ok,2.371765601217656,3.371765601217656,8861,2628.0,0.39529426686960933,stop,True,18.754882041132078
aime24,spec_casc_opt_head,alphaneg0.3_beta0.35,case_018,0,ok,2.6856528747984956,3.6856528747984956,6859,1861.0,0.44760881246641593,stop,True,13.314159534871578
aime24,spec_casc_opt_head,alphaneg0.3_beta0.35,case_019,0,ok,2.7154268597104343,3.7154268597104343,7442,2003.0,0.45257114328507236,stop,True,14.187394720036536
aime24,spec_casc_opt_head,alphaneg0.3_beta0.35,case_020,0,ok,2.6151545363908277,3.6151545363908277,3624,1003.0,0.43585908939847123,stop,True,7.091240891022608
aime24,spec_casc_opt_head,alphaneg0.3_beta0.35,case_021,0,ok,2.326280041797283,3.326280041797283,12733,3828.0,0.3877133402995472,stop,True,27.698236239841208
aime24,spec_casc_opt_head,alphaneg0.3_beta0.35,case_022,0,ok,1.9274924471299093,2.927492447129909,7752,2648.0,0.32124874118831825,stop,True,18.933763972949237
aime24,spec_casc_opt_head,alphaneg0.3_beta0.35,case_023,0,ok,2.3666927286942925,3.3666927286942925,4304,1279.0,0.3944487881157154,stop,True,9.25063964095898
aime24,spec_casc_opt_head,alphaneg0.3_beta0.35,case_024,0,ok,2.4024489795918367,3.4024489795918367,4168,1225.0,0.40040816326530615,stop,True,8.825533825904131
aime24,spec_casc_opt_head,alphaneg0.3_beta0.35,case_025,0,ok,3.2037037037037037,4.203703703703704,1816,432.0,0.5339506172839507,stop,True,3.0676884199492633
aime24,spec_casc_opt_head,alphaneg0.3_beta0.35,case_026,0,ok,2.5981339553482172,3.5981339553482172,10797,3001.0,0.4330223258913695,stop,True,21.326926296111196
aime24,spec_casc_opt_head,alphaneg0.3_beta0.35,case_027,0,ok,2.6985871271585555,3.6985871271585555,2355,637.0,0.4497645211930926,stop,True,4.561344618909061
aime24,spec_casc_opt_head,alphaneg0.3_beta0.35,case_028,0,ok,2.770596115204287,3.770596115204287,11259,2986.0,0.4617660192007145,stop,True,21.46816334594041
aime24,spec_casc_opt_head,alphaneg0.3_beta0.35,case_029,0,ok,2.1779816513761467,3.1779816513761467,6928,2180.0,0.36299694189602444,stop,True,15.651077008107677
aime24,spec_casc_opt_head,alphaneg0.3_beta0.35,case_030,0,ok,1.864332603938731,2.864332603938731,13090,4570.0,0.31072210065645517,stop,True,33.06264508422464
aime24,spec_casc_tok,alpha0.05,case_001,0,ok,3.009630818619583,4.009630818619582,2498,623.0,0.5016051364365971,stop,True,4.897056455025449
aime24,spec_casc_tok,alpha0.05,case_001,1,ok,2.986175115207373,3.986175115207373,1728,434.0,0.4976958525345622,stop,True,3.4759202778805047
aime24,spec_casc_tok,alpha0.05,case_001,2,ok,2.884393063583815,3.884393063583815,2016,519.0,0.48073217726396916,stop,True,4.188284375937656
aime24,spec_casc_tok,alpha0.05,case_002,0,ok,1.9432318332884218,2.9432318332884218,32768,11133.0,0.32387197221473696,length,False,83.00678245397285
aime24,spec_casc_tok,alpha0.05,case_002,1,ok,1.9784584620978003,2.9784584620978003,32768,11002.0,0.32974307701630007,length,False,80.31275172997266
aime24,spec_casc_tok,alpha0.05,case_002,2,ok,2.212885154061625,3.212885154061625,12615,3927.0,0.36881419234360413,stop,True,28.79926551389508
aime24,spec_casc_tok,alpha0.05,case_003,0,ok,1.6729857819905214,2.6729857819905214,2819,1055.0,0.27883096366508686,stop,True,7.696986091090366
aime24,spec_casc_tok,alpha0.05,case_003,1,ok,1.763855683547055,2.763855683547055,25432,9202.0,0.2939759472578425,stop,True,67.28228854690678
aime24,spec_casc_tok,alpha0.05,case_003,2,ok,1.7578118311788373,2.757811831178837,32214,11681.0,0.29296863852980626,stop,True,87.95949079096317
aime24,spec_casc_tok,alpha0.05,case_004,0,ok,2.2731155242366006,3.2731155242366006,15328,4683.0,0.3788525873727667,stop,True,34.50508554512635
aime24,spec_casc_tok,alpha0.05,case_004,1,ok,2.284934497816594,3.284934497816594,21063,6412.0,0.38082241630276564,stop,True,46.53877662913874
aime24,spec_casc_tok,alpha0.05,case_004,2,ok,2.298538622129436,3.298538622129436,26859,8143.0,0.38308977035490605,stop,True,60.95136319892481
aime24,spec_casc_tok,alpha0.05,case_005,0,ok,2.2307193778353858,3.2307193778353858,4983,1543.0,0.3717865629725643,stop,True,11.227991126012057
aime24,spec_casc_tok,alpha0.05,case_005,1,ok,2.4660907127429805,3.4660907127429805,8024,2315.0,0.41101511879049674,stop,True,16.602562170941383
aime24,spec_casc_tok,alpha0.05,case_005,2,ok,2.3868940754039496,3.3868940754039496,7546,2228.0,0.39781567923399164,stop,True,16.316209922078997
aime24,spec_casc_tok,alpha0.05,case_006,0,ok,2.5363101079489696,3.5363101079489696,7205,2038.0,0.42271835132482827,stop,True,14.72012811503373
aime24,spec_casc_tok,alpha0.05,case_006,1,ok,2.3764387271496275,3.3764387271496275,9974,2954.0,0.3960731211916046,stop,True,21.014853935921565
aime24,spec_casc_tok,alpha0.05,case_006,2,ok,2.094494189369404,3.094494189369404,32486,10498.0,0.34908236489490063,stop,True,76.6415706789121
aime24,spec_casc_tok,alpha0.05,case_007,0,ok,2.148030739673391,3.148030739673391,32768,10410.0,0.3580051232788985,length,False,77.00052136112936
aime24,spec_casc_tok,alpha0.05,case_007,1,ok,2.2339901477832513,3.2339901477832513,2626,812.0,0.37233169129720856,stop,True,5.768682844005525
aime24,spec_casc_tok,alpha0.05,case_007,2,ok,2.127138720715978,3.127138720715978,11880,3799.0,0.3545231201193296,stop,True,27.08317263191566
aime24,spec_casc_tok,alpha0.05,case_008,0,ok,2.3681377825618943,3.3681377825618943,3129,929.0,0.3946896304269824,stop,True,6.692161564016715
aime24,spec_casc_tok,alpha0.05,case_008,1,ok,2.7514880952380953,3.7514880952380953,5040,1344.0,0.4585813492063492,stop,True,9.52962694899179
aime24,spec_casc_tok,alpha0.05,case_008,2,ok,2.4278260869565216,3.4278260869565216,1971,575.0,0.4046376811594203,stop,True,4.079959367867559
aime24,spec_casc_tok,alpha0.05,case_009,0,ok,2.6301169590643276,3.6301169590643276,2481,684.0,0.43835282651072127,stop,True,5.038693360053003
aime24,spec_casc_tok,alpha0.05,case_009,1,ok,2.58472553699284,3.58472553699284,3003,838.0,0.4307875894988067,stop,True,6.080687476089224
aime24,spec_casc_tok,alpha0.05,case_009,2,ok,2.491275167785235,3.491275167785235,2600,745.0,0.4152125279642058,stop,True,5.364715579198673
aime24,spec_casc_tok,alpha0.05,case_010,0,ok,2.7716763005780347,3.7716763005780347,1304,346.0,0.4619460500963391,stop,True,2.5400320480111986
aime24,spec_casc_tok,alpha0.05,case_010,1,ok,2.546666666666667,3.546666666666667,1862,525.0,0.42444444444444446,stop,True,3.811807241057977
aime24,spec_casc_tok,alpha0.05,case_010,2,ok,2.5182186234817814,3.5182186234817814,1738,494.0,0.41970310391363025,stop,True,3.563924147048965
aime24,spec_casc_tok,alpha0.05,case_011,0,ok,2.1133004926108376,3.1133004926108376,6952,2233.0,0.3522167487684729,stop,True,16.421013057930395
aime24,spec_casc_tok,alpha0.05,case_011,1,ok,2.217837837837838,3.217837837837838,17859,5550.0,0.36963963963963964,stop,True,40.131629993906245
aime24,spec_casc_tok,alpha0.05,case_011,2,ok,1.9626302551203736,2.9626302551203736,8244,2783.0,0.3271050425200623,stop,True,20.106407589046285
aime24,spec_casc_tok,alpha0.05,case_012,0,ok,1.9600840336134453,2.9600840336134455,1408,476.0,0.32668067226890757,stop,True,3.491332540055737
aime24,spec_casc_tok,alpha0.05,case_012,1,ok,1.907617504051864,2.907617504051864,1794,617.0,0.3179362506753106,stop,True,4.457091717980802
aime24,spec_casc_tok,alpha0.05,case_012,2,ok,1.950920245398773,2.9509202453987733,2405,815.0,0.32515337423312884,stop,True,5.866075274068862
aime24,spec_casc_tok,alpha0.05,case_013,0,ok,2.7787114845938374,3.7787114845938374,1349,357.0,0.4631185807656396,stop,True,2.5756270769052207
aime24,spec_casc_tok,alpha0.05,case_013,1,ok,2.860074626865672,3.860074626865672,2068,536.0,0.4766791044776119,stop,True,3.7851452419999987
aime24,spec_casc_tok,alpha0.05,case_013,2,ok,2.436762225969646,3.436762225969646,2038,593.0,0.4061270376616076,stop,True,4.171950898133218
aime24,spec_casc_tok,alpha0.05,case_014,0,ok,1.9967078189300411,2.996707818930041,32768,10935.0,0.33278463648834017,length,False,81.24580328399315
aime24,spec_casc_tok,alpha0.05,case_014,1,ok,1.8836574848191499,2.8836574848191496,32768,11363.0,0.313942914136525,length,False,83.0520881449338
aime24,spec_casc_tok,alpha0.05,case_014,2,ok,1.883921499603978,2.8839214996039777,32768,11363.0,0.31398691660066297,length,False,82.9040786579717
aime24,spec_casc_tok,alpha0.05,case_015,0,ok,2.2460496613995486,3.2460496613995486,5752,1772.0,0.37434161023325807,stop,True,12.947492950828746
aime24,spec_casc_tok,alpha0.05,case_015,1,ok,2.2396166134185305,3.2396166134185305,5070,1565.0,0.37326943556975506,stop,True,11.12442692485638
aime24,spec_casc_tok,alpha0.05,case_015,2,ok,2.254955867457676,3.254955867457676,22494,6911.0,0.3758259779096127,stop,True,50.05272637004964
aime24,spec_casc_tok,alpha0.05,case_016,0,ok,2.358569051580699,3.358569051580699,4038,1202.0,0.39309484193011646,stop,True,8.862022164044902
aime24,spec_casc_tok,alpha0.05,case_016,1,ok,2.399808245445829,3.399808245445829,3544,1043.0,0.3999680409076382,stop,True,7.5272548131179065
aime24,spec_casc_tok,alpha0.05,case_016,2,ok,2.5392706872370265,3.5392706872370265,5046,1426.0,0.4232117812061711,stop,True,10.23275864799507
aime24,spec_casc_tok,alpha0.05,case_017,0,ok,2.61931330472103,3.61931330472103,8433,2330.0,0.43655221745350503,stop,True,16.87082392699085
aime24,spec_casc_tok,alpha0.05,case_017,1,ok,2.5398230088495577,3.5398230088495577,5600,1582.0,0.42330383480825956,stop,True,11.169709712034091
aime24,spec_casc_tok,alpha0.05,case_017,2,ok,2.384979702300406,3.384979702300406,10006,2956.0,0.39749661705006767,stop,True,20.981857990147546
aime24,spec_casc_tok,alpha0.05,case_018,0,ok,2.35051140833989,3.35051140833989,8517,2542.0,0.3917519013899816,stop,True,18.597991021117195
aime24,spec_casc_tok,alpha0.05,case_018,1,ok,2.3010179350460493,3.3010179350460493,6810,2063.0,0.38350298917434156,stop,True,14.744690064108
aime24,spec_casc_tok,alpha0.05,case_018,2,ok,2.7020157756354077,3.7020157756354077,4224,1141.0,0.45033596260590125,stop,True,8.121650106972083
aime24,spec_casc_tok,alpha0.05,case_019,0,ok,2.264595607927156,3.264595607927156,6095,1867.0,0.37743260132119266,stop,True,13.567261280026287
aime24,spec_casc_tok,alpha0.05,case_019,1,ok,2.3799444370948537,3.3799444370948537,25549,7559.0,0.39665740618247564,stop,True,55.06299558398314
aime24,spec_casc_tok,alpha0.05,case_019,2,ok,2.40249403024675,3.40249403024675,12824,3769.0,0.40041567170779163,stop,True,26.86579717695713
aime24,spec_casc_tok,alpha0.05,case_020,0,ok,2.4898348157560357,3.4898348157560357,5493,1574.0,0.4149724692926726,stop,True,11.345557891065255
aime24,spec_casc_tok,alpha0.05,case_020,1,ok,2.473908413205538,3.473908413205538,3260,939.0,0.41231806886758965,stop,True,6.605558515992016
aime24,spec_casc_tok,alpha0.05,case_020,2,ok,2.5964630225080385,3.5964630225080385,2235,622.0,0.4327438370846731,stop,True,4.368844888173044
aime24,spec_casc_tok,alpha0.05,case_021,0,ok,2.1340941512125533,3.1340941512125533,4394,1402.0,0.35568235853542557,stop,True,10.275752546964213
aime24,spec_casc_tok,alpha0.05,case_021,1,ok,2.186094920899251,3.186094920899251,7653,2402.0,0.36434915348320845,stop,True,17.26412996603176
aime24,spec_casc_tok,alpha0.05,case_021,2,ok,2.227882647259495,3.227882647259495,14192,4397.0,0.3713137745432492,stop,True,31.75703366100788
aime24,spec_casc_tok,alpha0.05,case_022,0,ok,1.8458471760797341,2.845847176079734,4282,1505.0,0.30764119601328904,stop,True,10.973487287061289
aime24,spec_casc_tok,alpha0.05,case_022,1,ok,1.9684567257559957,2.9684567257559955,11387,3836.0,0.32807612095933264,stop,True,27.56726758601144
aime24,spec_casc_tok,alpha0.05,case_022,2,ok,1.9477329974811084,2.9477329974811086,32768,11116.0,0.32462216624685136,length,False,81.84060627315193
aime24,spec_casc_tok,alpha0.05,case_023,0,ok,1.9578696343402227,2.9578696343402227,3720,1258.0,0.3263116057233704,stop,True,9.268011491047218
aime24,spec_casc_tok,alpha0.05,case_023,1,ok,1.9013257987394045,2.9013257987394043,13348,4601.0,0.3168876331232341,stop,True,33.43128381995484
aime24,spec_casc_tok,alpha0.05,case_023,2,ok,2.1261627906976743,3.1261627906976743,5376,1720.0,0.35436046511627906,stop,True,12.41133488388732
aime24,spec_casc_tok,alpha0.05,case_024,0,ok,2.529177718832891,3.529177718832891,2661,754.0,0.42152961980548187,stop,True,5.50280211516656
aime24,spec_casc_tok,alpha0.05,case_024,1,ok,2.5560897435897436,3.5560897435897436,4438,1248.0,0.42601495726495725,stop,True,8.92761777783744
aime24,spec_casc_tok,alpha0.05,case_024,2,ok,2.2813588850174216,3.2813588850174216,3767,1148.0,0.38022648083623695,stop,True,8.241410468006507
aime24,spec_casc_tok,alpha0.05,case_025,0,ok,2.984154929577465,3.984154929577465,2263,568.0,0.49735915492957744,stop,True,4.099696682067588
aime24,spec_casc_tok,alpha0.05,case_025,1,ok,3.1823529411764704,4.18235294117647,2843,680.0,0.5303921568627451,stop,True,4.813158432021737
aime24,spec_casc_tok,alpha0.05,case_025,2,ok,3.09118086696562,4.091180866965621,2737,669.0,0.5151968111609367,stop,True,4.736825826112181
aime24,spec_casc_tok,alpha0.05,case_026,0,ok,2.376773630211744,3.376773630211744,15469,4581.0,0.396128938368624,stop,True,33.36472793389112
aime24,spec_casc_tok,alpha0.05,case_026,1,ok,2.123116659492036,3.123116659492036,14510,4646.0,0.35385277658200603,stop,True,33.18388566793874
aime24,spec_casc_tok,alpha0.05,case_026,2,ok,2.1270159366351753,3.1270159366351753,32768,10479.0,0.3545026561058625,length,False,76.16092404001392
aime24,spec_casc_tok,alpha0.05,case_027,0,ok,2.633906633906634,3.633906633906634,2958,814.0,0.438984438984439,stop,True,5.957166844978929
aime24,spec_casc_tok,alpha0.05,case_027,1,ok,2.7889105058365757,3.7889105058365757,3893,1028.0,0.4648184176394293,stop,True,7.3739894879981875
aime24,spec_casc_tok,alpha0.05,case_027,2,ok,2.5485362095531587,3.5485362095531587,2302,649.0,0.42475603492552644,stop,True,4.651178896892816
aime24,spec_casc_tok,alpha0.05,case_028,0,ok,2.5112238922506345,3.5112238922506345,17987,5123.0,0.41853731537510575,stop,True,38.08444718690589
aime24,spec_casc_tok,alpha0.05,case_028,1,ok,2.673606447280054,3.673606447280054,5470,1489.0,0.44560107454667564,stop,True,10.678254241123796
aime24,spec_casc_tok,alpha0.05,case_028,2,ok,2.7408277076606984,3.7408277076606984,12743,3407.0,0.4568046179434498,stop,True,24.613309503067285
aime24,spec_casc_tok,alpha0.05,case_029,0,ok,1.9438429506246282,2.943842950624628,24744,8405.0,0.3239738251041047,stop,True,62.506474547088146
aime24,spec_casc_tok,alpha0.05,case_029,1,ok,1.8980739322885514,2.8980739322885514,24223,8359.0,0.31634565538142523,stop,True,61.08393811318092
aime24,spec_casc_tok,alpha0.05,case_029,2,ok,2.0379567222419297,3.0379567222419297,25690,8457.0,0.3396594537069883,stop,True,61.658809477929026
aime24,spec_casc_tok,alpha0.05,case_030,0,ok,1.8053470919324577,2.8053470919324575,5981,2132.0,0.300891181988743,stop,True,15.553722638869658
aime24,spec_casc_tok,alpha0.05,case_030,1,ok,1.7853881278538812,2.7853881278538815,10370,3723.0,0.2975646879756469,stop,True,26.83637007488869
aime24,spec_casc_tok,alpha0.05,case_030,2,ok,1.9782608695652173,2.9782608695652173,7671,2576.0,0.32971014492753625,stop,True,18.456425959942862
aime24,spec_casc_tok,alpha0.1,case_001,0,ok,3.009630818619583,4.009630818619582,2498,623.0,0.5016051364365971,stop,True,4.8907239160034806
aime24,spec_casc_tok,alpha0.1,case_001,1,ok,2.986175115207373,3.986175115207373,1728,434.0,0.4976958525345622,stop,True,3.497611068189144
aime24,spec_casc_tok,alpha0.1,case_001,2,ok,2.884393063583815,3.884393063583815,2016,519.0,0.48073217726396916,stop,True,4.181900834897533
aime24,spec_casc_tok,alpha0.1,case_002,0,ok,1.9432318332884218,2.9432318332884218,32768,11133.0,0.32387197221473696,length,False,83.40900897188112
aime24,spec_casc_tok,alpha0.1,case_002,1,ok,1.9784584620978003,2.9784584620978003,32768,11002.0,0.32974307701630007,length,False,82.01387291005813
aime24,spec_casc_tok,alpha0.1,case_002,2,ok,2.212885154061625,3.212885154061625,12615,3927.0,0.36881419234360413,stop,True,28.79811154305935
aime24,spec_casc_tok,alpha0.1,case_003,0,ok,1.6729857819905214,2.6729857819905214,2819,1055.0,0.27883096366508686,stop,True,7.731465751072392
aime24,spec_casc_tok,alpha0.1,case_003,1,ok,1.763855683547055,2.763855683547055,25432,9202.0,0.2939759472578425,stop,True,68.36085578100756
aime24,spec_casc_tok,alpha0.1,case_003,2,ok,1.7578118311788373,2.757811831178837,32214,11681.0,0.29296863852980626,stop,True,87.94537982204929
aime24,spec_casc_tok,alpha0.1,case_004,0,ok,2.2731155242366006,3.2731155242366006,15328,4683.0,0.3788525873727667,stop,True,34.6677842780482
aime24,spec_casc_tok,alpha0.1,case_004,1,ok,2.306559031281534,3.306559031281534,32768,9910.0,0.38442650521358895,length,False,72.50795139907859
aime24,spec_casc_tok,alpha0.1,case_004,2,ok,2.298538622129436,3.298538622129436,26859,8143.0,0.38308977035490605,stop,True,60.94210005202331
aime24,spec_casc_tok,alpha0.1,case_005,0,ok,2.2307193778353858,3.2307193778353858,4983,1543.0,0.3717865629725643,stop,True,11.279995984164998
aime24,spec_casc_tok,alpha0.1,case_005,1,ok,2.1352345906163754,3.1352345906163754,6816,2174.0,0.35587243176939587,stop,True,15.399037634022534
aime24,spec_casc_tok,alpha0.1,case_005,2,ok,2.3868940754039496,3.3868940754039496,7546,2228.0,0.39781567923399164,stop,True,16.315643126145005
aime24,spec_casc_tok,alpha0.1,case_006,0,ok,2.5363101079489696,3.5363101079489696,7205,2038.0,0.42271835132482827,stop,True,14.791831056121737
aime24,spec_casc_tok,alpha0.1,case_006,1,ok,2.6422641509433964,3.6422641509433964,4826,1325.0,0.44037735849056603,stop,True,9.32494952599518
aime24,spec_casc_tok,alpha0.1,case_006,2,ok,2.298269790231205,3.298269790231205,21541,6531.0,0.3830449650385342,stop,True,48.04978898400441
aime24,spec_casc_tok,alpha0.1,case_007,0,ok,2.136017078377554,3.136017078377554,10283,3279.0,0.356002846396259,stop,True,23.89903923915699
aime24,spec_casc_tok,alpha0.1,case_007,1,ok,2.3321513002364065,3.3321513002364065,2819,846.0,0.3886918833727344,stop,True,5.976433745119721
aime24,spec_casc_tok,alpha0.1,case_007,2,ok,2.2198162729658795,3.2198162729658795,9814,3048.0,0.3699693788276465,stop,True,22.260551535058767
aime24,spec_casc_tok,alpha0.1,case_008,0,ok,2.653890824622532,3.653890824622532,3145,861.0,0.44231513743708867,stop,True,6.267589558148757
aime24,spec_casc_tok,alpha0.1,case_008,1,ok,2.467411545623836,3.467411545623836,3723,1074.0,0.41123525760397267,stop,True,7.550806931219995
aime24,spec_casc_tok,alpha0.1,case_008,2,ok,2.5912743972445464,3.5912743972445464,3128,871.0,0.4318790662074244,stop,True,6.349288807017729
aime24,spec_casc_tok,alpha0.1,case_009,0,ok,2.4946236559139785,3.4946236559139785,1950,558.0,0.4157706093189964,stop,True,4.125721936812624
aime24,spec_casc_tok,alpha0.1,case_009,1,ok,2.902885292047854,3.902885292047854,5546,1421.0,0.4838142153413089,stop,True,10.249012010870501
aime24,spec_casc_tok,alpha0.1,case_009,2,ok,2.538812785388128,3.538812785388128,2324,657.0,0.4231354642313546,stop,True,4.876403244910762
aime24,spec_casc_tok,alpha0.1,case_010,0,ok,2.633431085043988,3.633431085043988,1239,341.0,0.4389051808406647,stop,True,2.5267712271306664
aime24,spec_casc_tok,alpha0.1,case_010,1,ok,2.37122969837587,3.37122969837587,1452,431.0,0.3952049497293117,stop,True,3.10314722917974
aime24,spec_casc_tok,alpha0.1,case_010,2,ok,2.616984402079723,3.616984402079723,2087,577.0,0.43616406701328714,stop,True,4.276866007130593
aime24,spec_casc_tok,alpha0.1,case_011,0,ok,2.3668065870196964,3.3668065870196964,10425,3097.0,0.39446776450328275,stop,True,22.848190388875082
aime24,spec_casc_tok,alpha0.1,case_011,1,ok,2.2334771354616048,3.2334771354616048,18738,5795.0,0.3722461892436008,stop,True,41.89817471592687
aime24,spec_casc_tok,alpha0.1,case_011,2,ok,1.9523172905525847,2.9523172905525845,6626,2244.0,0.3253862150920974,stop,True,16.60274710599333
aime24,spec_casc_tok,alpha0.1,case_012,0,ok,2.043298969072165,3.043298969072165,1476,485.0,0.34054982817869417,stop,True,3.5808451150078326
aime24,spec_casc_tok,alpha0.1,case_012,1,ok,2.2427385892116183,3.2427385892116183,1563,482.0,0.37378976486860305,stop,True,3.4726891200989485
aime24,spec_casc_tok,alpha0.1,case_012,2,ok,1.8953771289537713,2.895377128953771,2380,822.0,0.31589618815896187,stop,True,6.060128721874207
aime24,spec_casc_tok,alpha0.1,case_013,0,ok,2.7228915662650603,3.7228915662650603,1546,415.0,0.4538152610441767,stop,True,3.0070431160274893
aime24,spec_casc_tok,alpha0.1,case_013,1,ok,2.7893700787401574,3.7893700787401574,1924,508.0,0.46489501312335957,stop,True,3.555677714990452
aime24,spec_casc_tok,alpha0.1,case_013,2,ok,2.809116809116809,3.809116809116809,1337,351.0,0.4681861348528015,stop,True,2.548159283120185
aime24,spec_casc_tok,alpha0.1,case_014,0,ok,2.0155502392344498,3.0155502392344498,32768,10868.0,0.3359250398724083,length,False,81.14728404395282
aime24,spec_casc_tok,alpha0.1,case_014,1,ok,1.875230323769413,2.8752303237694132,32768,11397.0,0.3125383872949022,length,False,82.89427796099335
aime24,spec_casc_tok,alpha0.1,case_014,2,ok,1.8803621659634318,2.8803621659634318,32768,11376.0,0.3133936943272386,length,False,84.99289491400123
aime24,spec_casc_tok,alpha0.1,case_015,0,ok,2.6278532957168506,3.6278532957168506,14145,3899.0,0.43797554928614174,stop,True,28.67543533607386
aime24,spec_casc_tok,alpha0.1,case_015,1,ok,2.527863777089783,3.527863777089783,6837,1938.0,0.4213106295149639,stop,True,13.723240406950936
aime24,spec_casc_tok,alpha0.1,case_015,2,ok,2.321848398865018,3.321848398865018,8193,2467.0,0.3869747331441697,stop,True,18.061002745991573
aime24,spec_casc_tok,alpha0.1,case_016,0,ok,2.2954954954954956,3.2954954954954956,1829,555.0,0.3825825825825826,stop,True,4.110302352113649
aime24,spec_casc_tok,alpha0.1,case_016,1,ok,2.8980392156862744,3.8980392156862744,994,255.0,0.4830065359477124,stop,True,1.8385992888361216
aime24,spec_casc_tok,alpha0.1,case_016,2,ok,2.2663755458515285,3.2663755458515285,2992,916.0,0.3777292576419214,stop,True,6.759754633996636
aime24,spec_casc_tok,alpha0.1,case_017,0,ok,2.5807197094750745,3.5807197094750745,10846,3029.0,0.43011995157917904,stop,True,22.04656851803884
aime24,spec_casc_tok,alpha0.1,case_017,1,ok,2.539946380697051,3.539946380697051,6602,1865.0,0.42332439678284184,stop,True,13.122529892018065
aime24,spec_casc_tok,alpha0.1,case_017,2,ok,2.575912876361307,3.575912876361307,5583,1561.0,0.4293188127268845,stop,True,11.348481473047286
aime24,spec_casc_tok,alpha0.1,case_018,0,ok,2.4627934739355353,3.4627934739355353,8702,2513.0,0.4104655789892559,stop,True,18.34015746996738
aime24,spec_casc_tok,alpha0.1,case_018,1,ok,2.39584996009577,3.39584996009577,4255,1253.0,0.39930832668262833,stop,True,8.882952881976962
aime24,spec_casc_tok,alpha0.1,case_018,2,ok,2.2185842748443623,3.2185842748443623,13959,4337.0,0.36976404580739375,stop,True,32.06034644600004
aime24,spec_casc_tok,alpha0.1,case_019,0,ok,2.0205548898515993,3.0205548898515993,32768,10849.0,0.3367591483085999,length,True,81.19666850799695
aime24,spec_casc_tok,alpha0.1,case_019,1,ok,2.3933140734626495,3.3933140734626495,8221,2423.0,0.3988856789104416,stop,True,17.108886335976422
aime24,spec_casc_tok,alpha0.1,case_019,2,ok,2.3246588384639795,3.3246588384639795,10476,3151.0,0.38744313974399663,stop,True,23.03967232303694
aime24,spec_casc_tok,alpha0.1,case_020,0,ok,2.2604403948367504,3.2604403948367504,4293,1317.0,0.376740065806125,stop,True,9.508090763818473
aime24,spec_casc_tok,alpha0.1,case_020,1,ok,2.5710872162485066,3.5710872162485066,2989,837.0,0.42851453604141776,stop,True,5.862296588951722
aime24,spec_casc_tok,alpha0.1,case_020,2,ok,2.4941690962099123,3.4941690962099123,2393,686.0,0.41569484936831874,stop,True,4.928480934118852
aime24,spec_casc_tok,alpha0.1,case_021,0,ok,2.1207446808510637,3.1207446808510637,5868,1880.0,0.35345744680851066,stop,True,13.847808321006596
aime24,spec_casc_tok,alpha0.1,case_021,1,ok,2.2057344064386317,3.2057344064386317,6373,1988.0,0.3676224010731053,stop,True,14.19535375200212
aime24,spec_casc_tok,alpha0.1,case_021,2,ok,2.2291666666666665,3.2291666666666665,6819,2112.0,0.3715277777777778,stop,True,15.57836345396936
aime24,spec_casc_tok,alpha0.1,case_022,0,ok,1.799203187250996,2.799203187250996,17565,6275.0,0.299867197875166,stop,True,46.48292093491182
aime24,spec_casc_tok,alpha0.1,case_022,1,ok,1.7758369723435226,2.7758369723435226,1907,687.0,0.29597282872392044,stop,True,4.899878019001335
aime24,spec_casc_tok,alpha0.1,case_022,2,ok,2.010880077369439,3.010880077369439,12452,4136.0,0.3351466795615732,stop,True,30.455909433076158
aime24,spec_casc_tok,alpha0.1,case_023,0,ok,2.0349608197709466,3.0349608197709466,5035,1659.0,0.33916013662849104,stop,True,12.25917078810744
aime24,spec_casc_tok,alpha0.1,case_023,1,ok,1.9828533154722037,2.9828533154722034,22266,7465.0,0.3304755525787006,stop,True,54.539896896108985
aime24,spec_casc_tok,alpha0.1,case_023,2,ok,2.1284019539427774,3.1284019539427774,4482,1433.0,0.3547336589904629,stop,True,10.616271675098687
aime24,spec_casc_tok,alpha0.1,case_024,0,ok,2.515090543259557,3.515090543259557,3494,994.0,0.41918175720992623,stop,True,7.299076014896855
aime24,spec_casc_tok,alpha0.1,case_024,1,ok,2.3735979292493528,3.3735979292493528,3910,1159.0,0.3955996548748921,stop,True,8.266440527047962
aime24,spec_casc_tok,alpha0.1,case_024,2,ok,2.528329654157469,3.528329654157469,4795,1359.0,0.42138827569291143,stop,True,10.044965531909838
aime24,spec_casc_tok,alpha0.1,case_025,0,ok,3.1474164133738602,4.14741641337386,2727,658.0,0.5245694022289767,stop,True,4.764340462861583
aime24,spec_casc_tok,alpha0.1,case_025,1,ok,3.175233644859813,4.175233644859813,1786,428.0,0.5292056074766355,stop,True,3.0178244281560183
aime24,spec_casc_tok,alpha0.1,case_025,2,ok,3.0080256821829856,4.008025682182986,2496,623.0,0.5013376136971642,stop,True,4.530536842066795
aime24,spec_casc_tok,alpha0.1,case_026,0,ok,2.274870344177275,3.274870344177275,20839,6363.0,0.3791450573628791,stop,True,46.844119040993974
aime24,spec_casc_tok,alpha0.1,case_026,1,ok,2.2694533120510774,3.2694533120510774,32768,10024.0,0.37824221867517954,length,False,72.58445685682818
aime24,spec_casc_tok,alpha0.1,case_026,2,ok,1.970716228467815,2.970716228467815,32768,11030.0,0.32845270474463584,length,False,82.29240684793331
aime24,spec_casc_tok,alpha0.1,case_027,0,ok,2.466115702479339,3.466115702479339,2095,605.0,0.4110192837465565,stop,True,4.437542094150558
aime24,spec_casc_tok,alpha0.1,case_027,1,ok,2.46676970633694,3.46676970633694,2242,647.0,0.41112828438948995,stop,True,4.616596518782899
aime24,spec_casc_tok,alpha0.1,case_027,2,ok,2.5344262295081967,3.5344262295081967,2153,610.0,0.42240437158469946,stop,True,4.466733467997983
aime24,spec_casc_tok,alpha0.1,case_028,0,ok,2.4991861096039067,3.4991861096039067,19347,5529.0,0.41653101826731775,stop,True,41.14657752006315
aime24,spec_casc_tok,alpha0.1,case_028,1,ok,2.8723693143245077,3.8723693143245077,5704,1473.0,0.47872821905408464,stop,True,10.511571550974622
aime24,spec_casc_tok,alpha0.1,case_028,2,ok,2.9626288659793816,3.9626288659793816,3074,776.0,0.49377147766323026,stop,True,5.698328827042133
aime24,spec_casc_tok,alpha0.1,case_029,0,ok,2.118722876627402,3.118722876627402,10060,3226.0,0.35312047943790037,stop,True,23.792981517966837
aime24,spec_casc_tok,alpha0.1,case_029,1,ok,2.189179375453885,3.189179375453885,8783,2754.0,0.36486322924231424,stop,True,19.77594136702828
aime24,spec_casc_tok,alpha0.1,case_029,2,ok,2.0733363512901763,3.0733363512901763,6790,2209.0,0.34555605854836274,stop,True,16.344250136986375
aime24,spec_casc_tok,alpha0.1,case_030,0,ok,1.7366522366522366,2.736652236652237,7585,2772.0,0.28944203944203944,stop,True,20.437847655033693
aime24,spec_casc_tok,alpha0.1,case_030,1,ok,1.7490542244640606,2.749054224464061,4359,1586.0,0.29150903741067674,stop,True,11.32465945999138
aime24,spec_casc_tok,alpha0.1,case_030,2,ok,1.977890373099954,2.977890373099954,6465,2171.0,0.329648395516659,stop,True,15.981605080189183
aime24,spec_casc_tok,alpha0.15,case_001,0,ok,3.2384473197781887,4.238447319778189,2292,541.0,0.5397412199630314,stop,True,4.31001043994911
aime24,spec_casc_tok,alpha0.15,case_001,1,ok,2.997549019607843,3.997549019607843,1631,408.0,0.49959150326797386,stop,True,3.946830339031294
aime24,spec_casc_tok,alpha0.15,case_001,2,ok,3.066413662239089,4.066413662239089,2143,527.0,0.5110689437065149,stop,True,4.235003238078207
aime24,spec_casc_tok,alpha0.15,case_002,0,ok,2.347112462006079,3.347112462006079,11012,3290.0,0.3911854103343465,stop,True,23.908890940947458
aime24,spec_casc_tok,alpha0.15,case_002,1,ok,2.064368435227579,3.064368435227579,22756,7426.0,0.3440614058712631,stop,True,54.918540803017095
aime24,spec_casc_tok,alpha0.15,case_002,2,ok,2.170719520319787,3.170719520319787,19037,6004.0,0.36178658671996444,stop,True,44.423565777018666
aime24,spec_casc_tok,alpha0.15,case_003,0,ok,2.0040726285423385,3.0040726285423385,17703,5893.0,0.3340121047570564,stop,True,42.53864983585663
aime24,spec_casc_tok,alpha0.15,case_003,1,ok,1.8078618662747978,2.8078618662747976,30571,10888.0,0.30131031104579964,stop,True,81.68414559587836
aime24,spec_casc_tok,alpha0.15,case_003,2,ok,1.9450363196125908,2.9450363196125906,24326,8260.0,0.3241727199354318,stop,True,61.88163081603125
aime24,spec_casc_tok,alpha0.15,case_004,0,ok,2.4419329696024943,3.4419329696024943,22080,6415.0,0.4069888282670824,stop,True,46.43117428198457
aime24,spec_casc_tok,alpha0.15,case_004,1,ok,2.3419110108673364,3.3419110108673364,32598,9754.0,0.39031850181122274,stop,True,73.43676864798181
aime24,spec_casc_tok,alpha0.15,case_004,2,ok,2.159787494891704,3.159787494891704,30928,9788.0,0.3599645824819507,stop,True,73.79813784989528
aime24,spec_casc_tok,alpha0.15,case_005,0,ok,2.4145168342807173,3.4145168342807173,7809,2287.0,0.4024194723801195,stop,True,16.351112297037616
aime24,spec_casc_tok,alpha0.15,case_005,1,ok,2.239026189597934,3.239026189597934,8781,2711.0,0.3731710315996557,stop,True,19.825309382984415
aime24,spec_casc_tok,alpha0.15,case_005,2,ok,2.3401741293532337,3.3401741293532337,10743,3216.0,0.3900290215588723,stop,True,23.585578714031726
aime24,spec_casc_tok,alpha0.15,case_006,0,ok,2.4068413391557497,3.4068413391557497,32768,9618.0,0.40114022319262493,length,False,69.92497935309075
aime24,spec_casc_tok,alpha0.15,case_006,1,ok,2.510103347215795,3.510103347215795,22756,6483.0,0.4183505578692992,stop,True,47.67410193383694
aime24,spec_casc_tok,alpha0.15,case_006,2,ok,2.3179330533282423,3.3179330533282423,26069,7857.0,0.38632217555470705,stop,True,58.15466831298545
aime24,spec_casc_tok,alpha0.15,case_007,0,ok,2.243295019157088,3.243295019157088,5078,1566.0,0.37388250319284805,stop,True,11.051305913832039
aime24,spec_casc_tok,alpha0.15,case_007,1,ok,2.1597542242703534,3.1597542242703534,4113,1302.0,0.35995903737839224,stop,True,9.417249577119946
aime24,spec_casc_tok,alpha0.15,case_007,2,ok,1.983218163869694,2.9832181638696937,3020,1013.0,0.330536360644949,stop,True,7.382422032998875
aime24,spec_casc_tok,alpha0.15,case_008,0,ok,2.8817330210772836,3.8817330210772836,3315,854.0,0.4802888368462139,stop,True,6.0234470730647445
aime24,spec_casc_tok,alpha0.15,case_008,1,ok,2.536259541984733,3.536259541984733,5559,1572.0,0.42270992366412213,stop,True,11.430314064957201
aime24,spec_casc_tok,alpha0.15,case_008,2,ok,2.6837016574585637,3.6837016574585637,5332,1448.0,0.44728360957642727,stop,True,10.534690017811954
aime24,spec_casc_tok,alpha0.15,case_009,0,ok,3.141553115491467,4.141553115491467,31306,7559.0,0.5235921859152445,stop,True,55.40372016793117
aime24,spec_casc_tok,alpha0.15,case_009,1,ok,2.6782006920415227,3.6782006920415227,3189,867.0,0.4463667820069204,stop,True,6.400997590040788
aime24,spec_casc_tok,alpha0.15,case_009,2,ok,2.442760942760943,3.442760942760943,2045,594.0,0.40712682379349047,stop,True,4.399572619935498
aime24,spec_casc_tok,alpha0.15,case_010,0,ok,2.7426778242677825,3.7426778242677825,1788,478.0,0.4571129707112971,stop,True,3.429350518854335
aime24,spec_casc_tok,alpha0.15,case_010,1,ok,2.686974789915966,3.686974789915966,1753,476.0,0.4478291316526611,stop,True,3.5323152248747647
aime24,spec_casc_tok,alpha0.15,case_010,2,ok,2.7509578544061304,3.7509578544061304,1956,522.0,0.45849297573435505,stop,True,3.862895676167682
aime24,spec_casc_tok,alpha0.15,case_011,0,ok,2.2732661529342026,3.2732661529342026,5522,1687.0,0.37887769215570044,stop,True,12.047734633088112
aime24,spec_casc_tok,alpha0.15,case_011,1,ok,2.2055555555555557,3.2055555555555557,6346,1980.0,0.3675925925925926,stop,True,14.559937476878986
aime24,spec_casc_tok,alpha0.15,case_011,2,ok,2.532488114104596,3.532488114104596,2230,631.0,0.422081352350766,stop,True,4.652431102935225
aime24,spec_casc_tok,alpha0.15,case_012,0,ok,2.234234234234234,3.234234234234234,1077,333.0,0.37237237237237236,stop,True,2.400564181152731
aime24,spec_casc_tok,alpha0.15,case_012,1,ok,2.304785894206549,3.304785894206549,1312,397.0,0.38413098236775817,stop,True,2.9409570081625134
aime24,spec_casc_tok,alpha0.15,case_012,2,ok,2.3187772925764194,3.3187772925764194,1519,458.0,0.3864628820960699,stop,True,3.405395277077332
aime24,spec_casc_tok,alpha0.15,case_013,0,ok,2.723478260869565,3.723478260869565,2141,575.0,0.4539130434782609,stop,True,4.056615727953613
aime24,spec_casc_tok,alpha0.15,case_013,1,ok,2.9698046181172293,3.9698046181172293,2234,563.0,0.49496743635287155,stop,True,4.054197634104639
aime24,spec_casc_tok,alpha0.15,case_013,2,ok,2.676829268292683,3.676829268292683,1206,328.0,0.44613821138211385,stop,True,2.3806805768981576
aime24,spec_casc_tok,alpha0.15,case_014,0,ok,1.8423106947697112,2.8423106947697114,32768,11529.0,0.3070517824616185,length,False,83.95985865290277
aime24,spec_casc_tok,alpha0.15,case_014,1,ok,1.9382173601147776,2.938217360114778,32768,11152.0,0.3230362266857963,length,False,83.04322511213832
aime24,spec_casc_tok,alpha0.15,case_014,2,ok,1.7194995685936152,2.719499568593615,31518,11590.0,0.2865832614322692,stop,True,86.83954065991566
aime24,spec_casc_tok,alpha0.15,case_015,0,ok,2.483597883597884,3.483597883597884,3292,945.0,0.4139329805996473,stop,True,6.715309726074338
aime24,spec_casc_tok,alpha0.15,case_015,1,ok,2.522286821705426,3.522286821705426,7269,2064.0,0.4203811369509044,stop,True,15.077670283149928
aime24,spec_casc_tok,alpha0.15,case_015,2,ok,2.5618878005342833,3.5618878005342833,3999,1123.0,0.4269813000890472,stop,True,8.231102511053905
aime24,spec_casc_tok,alpha0.15,case_016,0,ok,2.217696629213483,3.217696629213483,2290,712.0,0.36961610486891383,stop,True,5.128940524999052
aime24,spec_casc_tok,alpha0.15,case_016,1,ok,2.6618357487922704,3.6618357487922704,1516,414.0,0.44363929146537845,stop,True,3.0565993359778076
aime24,spec_casc_tok,alpha0.15,case_016,2,ok,2.6729857819905214,3.6729857819905214,3098,844.0,0.44549763033175355,stop,True,6.2324286790098995
aime24,spec_casc_tok,alpha0.15,case_017,0,ok,2.461372549019608,3.461372549019608,17652,5100.0,0.41022875816993465,stop,True,36.363439249107614
aime24,spec_casc_tok,alpha0.15,case_017,1,ok,2.100870552611658,3.100870552611658,32768,10568.0,0.35014509210194295,length,False,78.74166529392824
aime24,spec_casc_tok,alpha0.15,case_017,2,ok,2.531693989071038,3.531693989071038,6463,1830.0,0.4219489981785064,stop,True,13.327419206034392
aime24,spec_casc_tok,alpha0.15,case_018,0,ok,2.148237858786484,3.148237858786484,25994,8257.0,0.3580396431310807,stop,True,59.29747188114561
aime24,spec_casc_tok,alpha0.15,case_018,1,ok,2.25024154589372,3.25024154589372,10092,3105.0,0.3750402576489533,stop,True,22.703879927052185
aime24,spec_casc_tok,alpha0.15,case_018,2,ok,2.4020156774916015,3.4020156774916015,9113,2679.0,0.40033594624860025,stop,True,19.688109191833064
aime24,spec_casc_tok,alpha0.15,case_019,0,ok,2.2926561929119473,3.2926561929119473,9010,2737.0,0.38210936548532454,stop,True,19.46444645198062
aime24,spec_casc_tok,alpha0.15,case_019,1,ok,2.2014484185634053,3.2014484185634053,21660,6766.0,0.36690806976056756,stop,True,49.952105815988034
aime24,spec_casc_tok,alpha0.15,case_019,2,ok,2.3415579837856892,3.3415579837856892,9479,2837.0,0.3902596639642815,stop,True,20.759933575987816
aime24,spec_casc_tok,alpha0.15,case_020,0,ok,2.62,3.62,2896,800.0,0.43666666666666665,stop,True,5.599321714835241
aime24,spec_casc_tok,alpha0.15,case_020,1,ok,2.6380434782608697,3.6380434782608697,3347,920.0,0.43967391304347825,stop,True,6.635011423844844
aime24,spec_casc_tok,alpha0.15,case_020,2,ok,2.6518151815181517,3.6518151815181517,2213,606.0,0.44196919691969194,stop,True,4.380425647133961
aime24,spec_casc_tok,alpha0.15,case_021,0,ok,2.123191582639193,3.123191582639193,7122,2281.0,0.3538652637731989,stop,True,16.399423874914646
aime24,spec_casc_tok,alpha0.15,case_021,1,ok,2.1497326203208558,3.1497326203208558,8835,2805.0,0.3582887700534759,stop,True,20.666683936025947
aime24,spec_casc_tok,alpha0.15,case_021,2,ok,2.1429704316302254,3.1429704316302254,27743,8827.0,0.3571617386050376,stop,True,66.47167584393173
aime24,spec_casc_tok,alpha0.15,case_022,0,ok,1.7794554245483079,2.779455424548308,32768,11789.0,0.2965759040913846,length,False,86.39052258408628
aime24,spec_casc_tok,alpha0.15,case_022,1,ok,1.8649239377513551,2.864923937751355,32768,11438.0,0.31082065629189254,length,False,85.84727323800325
aime24,spec_casc_tok,alpha0.15,case_022,2,ok,1.9948816378758798,2.9948816378758796,32768,10941.0,0.33248027297931326,length,False,82.77992968005128
aime24,spec_casc_tok,alpha0.15,case_023,0,ok,2.029580573951435,3.029580573951435,6863,2265.0,0.3382634289919058,stop,True,16.349365061847493
aime24,spec_casc_tok,alpha0.15,case_023,1,ok,2.1703176341730557,3.1703176341730557,5789,1826.0,0.3617196056955093,stop,True,13.493411544943228
aime24,spec_casc_tok,alpha0.15,case_023,2,ok,2.07132667617689,3.07132667617689,4305,1402.0,0.34522111269614836,stop,True,10.403778195148334
aime24,spec_casc_tok,alpha0.15,case_024,0,ok,2.4533527696793005,3.4533527696793005,7106,2058.0,0.40889212827988336,stop,True,14.772997287102044
aime24,spec_casc_tok,alpha0.15,case_024,1,ok,2.5051903114186853,3.5051903114186853,3039,867.0,0.41753171856978083,stop,True,6.358864533016458
aime24,spec_casc_tok,alpha0.15,case_024,2,ok,2.529040404040404,3.529040404040404,2795,792.0,0.421506734006734,stop,True,5.818286536028609
aime24,spec_casc_tok,alpha0.15,case_025,0,ok,3.2227272727272727,4.222727272727273,2785,660.0,0.5371212121212121,stop,True,4.6470190598629415
aime24,spec_casc_tok,alpha0.15,case_025,1,ok,2.8398576512455516,3.8398576512455516,2157,562.0,0.47330960854092524,stop,True,4.0557270620483905
aime24,spec_casc_tok,alpha0.15,case_025,2,ok,2.943231441048035,3.943231441048035,1806,458.0,0.49053857350800584,stop,True,3.3294843090698123
aime24,spec_casc_tok,alpha0.15,case_026,0,ok,2.14673965235763,3.14673965235763,32768,10413.0,0.35778994205960496,length,False,75.49357457109727
aime24,spec_casc_tok,alpha0.15,case_026,1,ok,2.1538733639900953,3.1538733639900953,17832,5654.0,0.35897889399834926,stop,True,41.49518779711798
aime24,spec_casc_tok,alpha0.15,case_026,2,ok,2.0320133234641005,3.0320133234641005,32768,10808.0,0.3386688872440168,length,False,80.84827864007093
aime24,spec_casc_tok,alpha0.15,case_027,0,ok,2.620294599018003,3.620294599018003,2211,611.0,0.43671576650300054,stop,True,4.364496748894453
aime24,spec_casc_tok,alpha0.15,case_027,1,ok,2.6713947990543736,3.6713947990543736,1552,423.0,0.44523246650906223,stop,True,3.094033394008875
aime24,spec_casc_tok,alpha0.15,case_027,2,ok,2.604575163398693,3.604575163398693,2207,612.0,0.4340958605664488,stop,True,4.4929757348727435
aime24,spec_casc_tok,alpha0.15,case_028,0,ok,2.8489392831016827,3.8489392831016827,10523,2734.0,0.4748232138502804,stop,True,19.652959423838183
aime24,spec_casc_tok,alpha0.15,case_028,1,ok,2.612093023255814,3.612093023255814,7766,2150.0,0.43534883720930234,stop,True,15.720958534860983
aime24,spec_casc_tok,alpha0.15,case_028,2,ok,2.6587416642505075,3.6587416642505075,12619,3449.0,0.4431236107084179,stop,True,25.512350528035313
aime24,spec_casc_tok,alpha0.15,case_029,0,ok,1.9240585400678207,2.9240585400678207,32768,11206.0,0.3206764233446368,length,False,82.00342200486921
aime24,spec_casc_tok,alpha0.15,case_029,1,ok,1.938480853735091,2.938480853735091,32768,11151.0,0.32308014228918186,length,False,83.15633145603351
aime24,spec_casc_tok,alpha0.15,case_029,2,ok,2.1234396671289875,3.1234396671289875,15764,5047.0,0.3539066111881646,stop,True,37.54231822490692
aime24,spec_casc_tok,alpha0.15,case_030,0,ok,1.767109295199183,2.767109295199183,10836,3916.0,0.2945182158665305,stop,True,28.10973055381328
aime24,spec_casc_tok,alpha0.15,case_030,1,ok,1.9220257234726688,2.922025723472669,14539,4976.0,0.3203376205787781,stop,True,36.747911506099626
aime24,spec_casc_tok,alpha0.15,case_030,2,ok,1.6841388699795778,2.684138869979578,3942,1469.0,0.280689811663263,stop,True,10.806512053124607
aime24,spec_casc_tok,alpha0.2,case_001,0,ok,3.2384473197781887,4.238447319778189,2292,541.0,0.5397412199630314,stop,True,5.12267749896273
aime24,spec_casc_tok,alpha0.2,case_001,1,ok,2.997549019607843,3.997549019607843,1631,408.0,0.49959150326797386,stop,True,3.231937434989959
aime24,spec_casc_tok,alpha0.2,case_001,2,ok,3.066413662239089,4.066413662239089,2143,527.0,0.5110689437065149,stop,True,4.140381622128189
aime24,spec_casc_tok,alpha0.2,case_002,0,ok,2.347112462006079,3.347112462006079,11012,3290.0,0.3911854103343465,stop,True,23.882889352971688
aime24,spec_casc_tok,alpha0.2,case_002,1,ok,2.064368435227579,3.064368435227579,22756,7426.0,0.3440614058712631,stop,True,53.689124163007364
aime24,spec_casc_tok,alpha0.2,case_002,2,ok,2.170719520319787,3.170719520319787,19037,6004.0,0.36178658671996444,stop,True,44.36217340803705
aime24,spec_casc_tok,alpha0.2,case_003,0,ok,2.0040726285423385,3.0040726285423385,17703,5893.0,0.3340121047570564,stop,True,43.55167278391309
aime24,spec_casc_tok,alpha0.2,case_003,1,ok,1.8078618662747978,2.8078618662747976,30571,10888.0,0.30131031104579964,stop,True,79.89040283695795
aime24,spec_casc_tok,alpha0.2,case_003,2,ok,1.9450363196125908,2.9450363196125906,24326,8260.0,0.3241727199354318,stop,True,61.80131805012934
aime24,spec_casc_tok,alpha0.2,case_004,0,ok,2.4419329696024943,3.4419329696024943,22080,6415.0,0.4069888282670824,stop,True,47.54920870391652
aime24,spec_casc_tok,alpha0.2,case_004,1,ok,2.3419110108673364,3.3419110108673364,32598,9754.0,0.39031850181122274,stop,True,71.8113877309952
aime24,spec_casc_tok,alpha0.2,case_004,2,ok,2.159787494891704,3.159787494891704,30928,9788.0,0.3599645824819507,stop,True,73.69485673401505
aime24,spec_casc_tok,alpha0.2,case_005,0,ok,2.4145168342807173,3.4145168342807173,7809,2287.0,0.4024194723801195,stop,True,16.74031033203937
aime24,spec_casc_tok,alpha0.2,case_005,1,ok,2.239026189597934,3.239026189597934,8781,2711.0,0.3731710315996557,stop,True,19.385337667074054
aime24,spec_casc_tok,alpha0.2,case_005,2,ok,2.3401741293532337,3.3401741293532337,10743,3216.0,0.3900290215588723,stop,True,23.554010753985494
aime24,spec_casc_tok,alpha0.2,case_006,0,ok,2.4068413391557497,3.4068413391557497,32768,9618.0,0.40114022319262493,length,False,71.62881916784681
aime24,spec_casc_tok,alpha0.2,case_006,1,ok,2.510103347215795,3.510103347215795,22756,6483.0,0.4183505578692992,stop,True,46.606233968166634
aime24,spec_casc_tok,alpha0.2,case_006,2,ok,2.3179330533282423,3.3179330533282423,26069,7857.0,0.38632217555470705,stop,True,58.080945695983246
aime24,spec_casc_tok,alpha0.2,case_007,0,ok,2.243295019157088,3.243295019157088,5078,1566.0,0.37388250319284805,stop,True,11.321837102063
aime24,spec_casc_tok,alpha0.2,case_007,1,ok,2.1597542242703534,3.1597542242703534,4113,1302.0,0.35995903737839224,stop,True,9.206252845004201
aime24,spec_casc_tok,alpha0.2,case_007,2,ok,1.983218163869694,2.9832181638696937,3020,1013.0,0.330536360644949,stop,True,7.372352724894881
aime24,spec_casc_tok,alpha0.2,case_008,0,ok,2.8817330210772836,3.8817330210772836,3315,854.0,0.4802888368462139,stop,True,6.169426699867472
aime24,spec_casc_tok,alpha0.2,case_008,1,ok,2.536259541984733,3.536259541984733,5559,1572.0,0.42270992366412213,stop,True,11.176313364878297
aime24,spec_casc_tok,alpha0.2,case_008,2,ok,2.6837016574585637,3.6837016574585637,5332,1448.0,0.44728360957642727,stop,True,10.520982661051676
aime24,spec_casc_tok,alpha0.2,case_009,0,ok,3.141553115491467,4.141553115491467,31306,7559.0,0.5235921859152445,stop,True,56.739561561029404
aime24,spec_casc_tok,alpha0.2,case_009,1,ok,2.6782006920415227,3.6782006920415227,3189,867.0,0.4463667820069204,stop,True,6.262581839924678
aime24,spec_casc_tok,alpha0.2,case_009,2,ok,2.442760942760943,3.442760942760943,2045,594.0,0.40712682379349047,stop,True,4.395064289914444
aime24,spec_casc_tok,alpha0.2,case_010,0,ok,2.7426778242677825,3.7426778242677825,1788,478.0,0.4571129707112971,stop,True,3.510445331921801
aime24,spec_casc_tok,alpha0.2,case_010,1,ok,2.467652495378928,3.467652495378928,1875,541.0,0.411275415896488,stop,True,3.923907959833741
aime24,spec_casc_tok,alpha0.2,case_010,2,ok,2.7509578544061304,3.7509578544061304,1956,522.0,0.45849297573435505,stop,True,3.8603084729984403
aime24,spec_casc_tok,alpha0.2,case_011,0,ok,2.2732661529342026,3.2732661529342026,5522,1687.0,0.37887769215570044,stop,True,12.338914742926136
aime24,spec_casc_tok,alpha0.2,case_011,1,ok,2.145440251572327,3.145440251572327,4001,1272.0,0.3575733752620545,stop,True,9.125471489969641
aime24,spec_casc_tok,alpha0.2,case_011,2,ok,2.532488114104596,3.532488114104596,2230,631.0,0.422081352350766,stop,True,4.648159187054262
aime24,spec_casc_tok,alpha0.2,case_012,0,ok,2.234234234234234,3.234234234234234,1077,333.0,0.37237237237237236,stop,True,2.4580248459242284
aime24,spec_casc_tok,alpha0.2,case_012,1,ok,2.3883720930232557,3.3883720930232557,1457,430.0,0.398062015503876,stop,True,3.1139547959901392
aime24,spec_casc_tok,alpha0.2,case_012,2,ok,2.3187772925764194,3.3187772925764194,1519,458.0,0.3864628820960699,stop,True,3.4000673370901495
aime24,spec_casc_tok,alpha0.2,case_013,0,ok,2.723478260869565,3.723478260869565,2141,575.0,0.4539130434782609,stop,True,4.154054943006486
aime24,spec_casc_tok,alpha0.2,case_013,1,ok,2.717663421418637,3.717663421418637,5346,1438.0,0.4529439035697728,stop,True,10.188517834059894
aime24,spec_casc_tok,alpha0.2,case_013,2,ok,2.676829268292683,3.676829268292683,1206,328.0,0.44613821138211385,stop,True,2.3782363540958613
aime24,spec_casc_tok,alpha0.2,case_014,0,ok,1.8423106947697112,2.8423106947697114,32768,11529.0,0.3070517824616185,length,False,85.9985629718285
aime24,spec_casc_tok,alpha0.2,case_014,1,ok,1.9198283261802576,2.919828326180258,17009,5825.0,0.3199713876967096,stop,False,42.01666276506148
aime24,spec_casc_tok,alpha0.2,case_014,2,ok,1.7194995685936152,2.719499568593615,31518,11590.0,0.2865832614322692,stop,True,86.49814271205105
aime24,spec_casc_tok,alpha0.2,case_015,0,ok,2.483597883597884,3.483597883597884,3292,945.0,0.4139329805996473,stop,True,6.876575669972226
aime24,spec_casc_tok,alpha0.2,case_015,1,ok,2.355700023218017,3.355700023218017,14453,4307.0,0.3926166705363362,stop,True,30.938747011125088
aime24,spec_casc_tok,alpha0.2,case_015,2,ok,2.5618878005342833,3.5618878005342833,3999,1123.0,0.4269813000890472,stop,True,8.01236048201099
aime24,spec_casc_tok,alpha0.2,case_016,0,ok,2.217696629213483,3.217696629213483,2290,712.0,0.36961610486891383,stop,True,5.24808539589867
aime24,spec_casc_tok,alpha0.2,case_016,1,ok,2.2553149215179813,3.2553149215179813,32768,10066.0,0.3758858202529969,length,False,74.44093669089489
aime24,spec_casc_tok,alpha0.2,case_016,2,ok,2.6729857819905214,3.6729857819905214,3098,844.0,0.44549763033175355,stop,True,6.071277961134911
aime24,spec_casc_tok,alpha0.2,case_017,0,ok,2.461372549019608,3.461372549019608,17652,5100.0,0.41022875816993465,stop,True,36.965807368047535
aime24,spec_casc_tok,alpha0.2,case_017,1,ok,2.381749049429658,3.381749049429658,4447,1315.0,0.39695817490494295,stop,True,9.307239549933001
aime24,spec_casc_tok,alpha0.2,case_017,2,ok,2.531693989071038,3.531693989071038,6463,1830.0,0.4219489981785064,stop,True,12.971042681019753
aime24,spec_casc_tok,alpha0.2,case_018,0,ok,2.148237858786484,3.148237858786484,25994,8257.0,0.3580396431310807,stop,True,59.2024354909081
aime24,spec_casc_tok,alpha0.2,case_018,1,ok,2.4603981363828886,3.4603981363828886,8170,2361.0,0.41006635606381475,stop,True,16.899390295846388
aime24,spec_casc_tok,alpha0.2,case_018,2,ok,2.4020156774916015,3.4020156774916015,9113,2679.0,0.40033594624860025,stop,True,19.163363647880033
aime24,spec_casc_tok,alpha0.2,case_019,0,ok,2.2926561929119473,3.2926561929119473,9010,2737.0,0.38210936548532454,stop,True,19.434951531002298
aime24,spec_casc_tok,alpha0.2,case_019,1,ok,2.200260713703764,3.200260713703764,19640,6137.0,0.36671011895062733,stop,True,44.25303185987286
aime24,spec_casc_tok,alpha0.2,case_019,2,ok,2.3415579837856892,3.3415579837856892,9479,2837.0,0.3902596639642815,stop,True,20.205271627986804
aime24,spec_casc_tok,alpha0.2,case_020,0,ok,2.62,3.62,2896,800.0,0.43666666666666665,stop,True,5.590819321107119
aime24,spec_casc_tok,alpha0.2,case_020,1,ok,2.7621681415929205,3.7621681415929205,3400,904.0,0.4603613569321534,stop,True,6.366329303942621
aime24,spec_casc_tok,alpha0.2,case_020,2,ok,2.6518151815181517,3.6518151815181517,2213,606.0,0.44196919691969194,stop,True,4.26307197404094
aime24,spec_casc_tok,alpha0.2,case_021,0,ok,2.123191582639193,3.123191582639193,7122,2281.0,0.3538652637731989,stop,True,16.37707805284299
aime24,spec_casc_tok,alpha0.2,case_021,1,ok,2.4720154397573753,3.4720154397573753,12593,3627.0,0.41200257329289586,stop,True,26.367292636074126
aime24,spec_casc_tok,alpha0.2,case_021,2,ok,2.1429704316302254,3.1429704316302254,27743,8827.0,0.3571617386050376,stop,True,64.70968768489547
aime24,spec_casc_tok,alpha0.2,case_022,0,ok,1.7794554245483079,2.779455424548308,32768,11789.0,0.2965759040913846,length,False,86.2620415869169
aime24,spec_casc_tok,alpha0.2,case_022,1,ok,1.7986144290492116,2.798614429049212,11714,4186.0,0.2997690715082019,stop,True,30.015217482112348
aime24,spec_casc_tok,alpha0.2,case_022,2,ok,1.9948816378758798,2.9948816378758796,32768,10941.0,0.33248027297931326,length,False,80.59247933002189
aime24,spec_casc_tok,alpha0.2,case_023,0,ok,2.029580573951435,3.029580573951435,6863,2265.0,0.3382634289919058,stop,True,16.323424915084615
aime24,spec_casc_tok,alpha0.2,case_023,1,ok,2.0274193548387096,3.0274193548387096,9384,3100.0,0.3379032258064516,stop,True,22.428678133990616
aime24,spec_casc_tok,alpha0.2,case_023,2,ok,2.07132667617689,3.07132667617689,4305,1402.0,0.34522111269614836,stop,True,10.132712542079389
aime24,spec_casc_tok,alpha0.2,case_024,0,ok,2.4533527696793005,3.4533527696793005,7106,2058.0,0.40889212827988336,stop,True,14.753352712839842
aime24,spec_casc_tok,alpha0.2,case_024,1,ok,2.4601293103448274,3.4601293103448274,3209,928.0,0.41002155172413796,stop,True,6.628113403916359
aime24,spec_casc_tok,alpha0.2,case_024,2,ok,2.529040404040404,3.529040404040404,2795,792.0,0.421506734006734,stop,True,5.666496977908537
aime24,spec_casc_tok,alpha0.2,case_025,0,ok,3.2227272727272727,4.222727272727273,2785,660.0,0.5371212121212121,stop,True,4.63835737388581
aime24,spec_casc_tok,alpha0.2,case_025,1,ok,3.1127450980392157,4.112745098039216,1676,408.0,0.5187908496732027,stop,True,2.8820311028975993
aime24,spec_casc_tok,alpha0.2,case_025,2,ok,2.943231441048035,3.943231441048035,1806,458.0,0.49053857350800584,stop,True,3.2402190340217203
aime24,spec_casc_tok,alpha0.2,case_026,0,ok,2.14673965235763,3.14673965235763,32768,10413.0,0.35778994205960496,length,False,75.39080487703905
aime24,spec_casc_tok,alpha0.2,case_026,1,ok,2.2539966239698144,3.2539966239698144,32768,10071.0,0.3756661039949691,length,False,73.16102462587878
aime24,spec_casc_tok,alpha0.2,case_026,2,ok,2.0320133234641005,3.0320133234641005,32768,10808.0,0.3386688872440168,length,False,78.6790676000528
aime24,spec_casc_tok,alpha0.2,case_027,0,ok,2.620294599018003,3.620294599018003,2211,611.0,0.43671576650300054,stop,True,4.357697440078482
aime24,spec_casc_tok,alpha0.2,case_027,1,ok,2.5549949545913218,3.5549949545913218,3523,991.0,0.425832492431887,stop,True,7.0807551990728825
aime24,spec_casc_tok,alpha0.2,case_027,2,ok,2.604575163398693,3.604575163398693,2207,612.0,0.4340958605664488,stop,True,4.375839822925627
aime24,spec_casc_tok,alpha0.2,case_028,0,ok,2.8489392831016827,3.8489392831016827,10523,2734.0,0.4748232138502804,stop,True,19.626743261003867
aime24,spec_casc_tok,alpha0.2,case_028,1,ok,2.688538932633421,3.688538932633421,16863,4572.0,0.44808982210557013,stop,True,33.154956097947434
aime24,spec_casc_tok,alpha0.2,case_028,2,ok,2.6587416642505075,3.6587416642505075,12619,3449.0,0.4431236107084179,stop,True,24.83322602394037
aime24,spec_casc_tok,alpha0.2,case_029,0,ok,1.9240585400678207,2.9240585400678207,32768,11206.0,0.3206764233446368,length,False,81.90143512189388
aime24,spec_casc_tok,alpha0.2,case_029,1,ok,2.1232005356545027,3.1232005356545027,18658,5974.0,0.3538667559424171,stop,True,43.21222565183416
aime24,spec_casc_tok,alpha0.2,case_029,2,ok,2.1234396671289875,3.1234396671289875,15764,5047.0,0.3539066111881646,stop,True,36.551505394047126
aime24,spec_casc_tok,alpha0.2,case_030,0,ok,1.767109295199183,2.767109295199183,10836,3916.0,0.2945182158665305,stop,True,28.071761044906452
aime24,spec_casc_tok,alpha0.2,case_030,1,ok,1.866236559139785,2.866236559139785,6664,2325.0,0.31103942652329747,stop,True,16.677780758822337
aime24,spec_casc_tok,alpha0.2,case_030,2,ok,1.6841388699795778,2.684138869979578,3942,1469.0,0.280689811663263,stop,True,10.525180482072756
aime24,spec_casc_tok,alpha0.25,case_001,0,ok,2.99402390438247,3.99402390438247,2005,502.0,0.499003984063745,stop,True,4.028186476789415
aime24,spec_casc_tok,alpha0.25,case_001,1,ok,2.9705882352941178,3.9705882352941178,1620,408.0,0.4950980392156863,stop,True,3.3100803489796817
aime24,spec_casc_tok,alpha0.25,case_001,2,ok,3.0122699386503067,4.012269938650307,1962,489.0,0.5020449897750511,stop,True,4.098102011950687
aime24,spec_casc_tok,alpha0.25,case_002,0,ok,2.0239940937615355,3.0239940937615355,32768,10836.0,0.33733234896025593,length,True,81.12050851294771
aime24,spec_casc_tok,alpha0.25,case_002,1,ok,2.1884791281502385,3.1884791281502385,32768,10277.0,0.36474652135837304,length,False,76.78197780391201
aime24,spec_casc_tok,alpha0.25,case_002,2,ok,1.9928767123287672,2.9928767123287674,32768,10950.0,0.3321461187214612,length,False,82.3534189350903
aime24,spec_casc_tok,alpha0.25,case_003,0,ok,1.851510067114094,2.851510067114094,16995,5960.0,0.3085850111856823,stop,True,43.6796729429625
aime24,spec_casc_tok,alpha0.25,case_003,1,ok,2.012961888179532,3.012961888179532,31148,10338.0,0.335493648029922,stop,True,77.62694977992214
aime24,spec_casc_tok,alpha0.25,case_003,2,ok,1.8116688116688118,2.8116688116688118,32768,11655.0,0.30194480194480194,length,False,88.04112555808388
aime24,spec_casc_tok,alpha0.25,case_004,0,ok,2.4318181818181817,3.4318181818181817,32768,9548.0,0.4053030303030303,length,False,70.03915350791067
aime24,spec_casc_tok,alpha0.25,case_004,1,ok,2.490073145245559,3.490073145245559,20040,5742.0,0.41501219087425983,stop,True,42.67633976205252
aime24,spec_casc_tok,alpha0.25,case_004,2,ok,2.2801271082864827,3.2801271082864827,13419,4091.0,0.38002118471441376,stop,True,30.240658855997026
aime24,spec_casc_tok,alpha0.25,case_005,0,ok,2.316899844548079,3.316899844548079,14936,4503.0,0.3861499740913465,stop,True,32.359981324058026
aime24,spec_casc_tok,alpha0.25,case_005,1,ok,2.2881813275769023,3.2881813275769023,6093,1853.0,0.3813635545961504,stop,True,13.580615154933184
aime24,spec_casc_tok,alpha0.25,case_005,2,ok,2.3539772727272728,3.3539772727272728,5903,1760.0,0.39232954545454546,stop,True,12.933715675957501
aime24,spec_casc_tok,alpha0.25,case_006,0,ok,2.4416710457172885,3.4416710457172885,13099,3806.0,0.40694517428621474,stop,True,27.155977277085185
aime24,spec_casc_tok,alpha0.25,case_006,1,ok,2.5223880597014925,3.5223880597014925,9203,2613.0,0.42039800995024873,stop,True,19.00583686400205
aime24,spec_casc_tok,alpha0.25,case_006,2,ok,2.444332998996991,3.444332998996991,13735,3988.0,0.40738883316616514,stop,True,29.168446213006973
aime24,spec_casc_tok,alpha0.25,case_007,0,ok,2.2640545144804087,3.2640545144804087,3830,1174.0,0.37734241908006816,stop,True,8.328430955065414
aime24,spec_casc_tok,alpha0.25,case_007,1,ok,2.385459940652819,3.385459940652819,11408,3370.0,0.3975766567754698,stop,True,24.526753157144412
aime24,spec_casc_tok,alpha0.25,case_007,2,ok,2.285604311008468,3.285604311008468,4266,1299.0,0.38093405183474466,stop,True,9.458873238880187
aime24,spec_casc_tok,alpha0.25,case_008,0,ok,2.5141903171953257,3.5141903171953257,2104,599.0,0.41903171953255425,stop,True,4.266252405941486
aime24,spec_casc_tok,alpha0.25,case_008,1,ok,2.713888888888889,3.713888888888889,2674,720.0,0.45231481481481484,stop,True,5.233031586045399
aime24,spec_casc_tok,alpha0.25,case_008,2,ok,2.59536354056902,3.59536354056902,3412,949.0,0.43256059009483666,stop,True,6.905696364818141
aime24,spec_casc_tok,alpha0.25,case_009,0,ok,2.810810810810811,3.810810810810811,2961,777.0,0.46846846846846846,stop,True,5.602295292075723
aime24,spec_casc_tok,alpha0.25,case_009,1,ok,2.528216704288939,3.528216704288939,3127,886.0,0.4213694507148232,stop,True,6.513418429996818
aime24,spec_casc_tok,alpha0.25,case_009,2,ok,2.520458265139116,3.520458265139116,2151,611.0,0.42007637752318605,stop,True,4.525112112052739
aime24,spec_casc_tok,alpha0.25,case_010,0,ok,2.632911392405063,3.632911392405063,1146,316.0,0.4388185654008439,stop,True,2.302077912958339
aime24,spec_casc_tok,alpha0.25,case_010,1,ok,2.668639053254438,3.668639053254438,1859,507.0,0.4447731755424063,stop,True,3.746883535059169
aime24,spec_casc_tok,alpha0.25,case_010,2,ok,2.7630979498861046,3.7630979498861046,1652,439.0,0.46051632498101747,stop,True,3.2489354570861906
aime24,spec_casc_tok,alpha0.25,case_011,0,ok,2.2432619212163094,3.2432619212163094,4692,1447.0,0.3738769868693849,stop,True,10.393872191896662
aime24,spec_casc_tok,alpha0.25,case_011,1,ok,2.67870036101083,3.67870036101083,4076,1108.0,0.4464500601684717,stop,True,8.122136127902195
aime24,spec_casc_tok,alpha0.25,case_011,2,ok,2.3113300492610835,3.3113300492610835,3362,1015.0,0.3852216748768473,stop,True,7.456066834041849
aime24,spec_casc_tok,alpha0.25,case_012,0,ok,2.0314606741573034,3.0314606741573034,2698,890.0,0.33857677902621724,stop,True,6.4099571539554745
aime24,spec_casc_tok,alpha0.25,case_012,1,ok,2.067754077791719,3.067754077791719,2445,797.0,0.3446256796319532,stop,True,5.86763674300164
aime24,spec_casc_tok,alpha0.25,case_012,2,ok,2.1766109785202863,3.1766109785202863,1331,419.0,0.3627684964200477,stop,True,3.1083181898575276
aime24,spec_casc_tok,alpha0.25,case_013,0,ok,2.931318681318681,3.931318681318681,1431,364.0,0.48855311355311354,stop,True,2.575304213911295
aime24,spec_casc_tok,alpha0.25,case_013,1,ok,3.2724550898203595,4.27245508982036,1427,334.0,0.5454091816367266,stop,True,2.42011415399611
aime24,spec_casc_tok,alpha0.25,case_013,2,ok,2.7153465346534653,3.7153465346534653,1501,404.0,0.45255775577557755,stop,True,2.9253095630556345
aime24,spec_casc_tok,alpha0.25,case_014,0,ok,1.7830255681818181,2.7830255681818183,31347,11264.0,0.29717092803030304,stop,True,82.26354197808541
aime24,spec_casc_tok,alpha0.25,case_014,1,ok,2.165266106442577,3.165266106442577,32768,10353.0,0.36087768440709617,length,False,77.2120454791002
aime24,spec_casc_tok,alpha0.25,case_014,2,ok,1.87859088113854,2.87859088113854,32768,11383.0,0.31309848018975667,length,False,85.45162844401784
aime24,spec_casc_tok,alpha0.25,case_015,0,ok,2.386516853932584,3.386516853932584,6027,1780.0,0.39775280898876403,stop,True,12.680527496850118
aime24,spec_casc_tok,alpha0.25,case_015,1,ok,2.5088841506751955,3.5088841506751955,4937,1407.0,0.4181473584458659,stop,True,10.267560573061928
aime24,spec_casc_tok,alpha0.25,case_015,2,ok,2.610826627651792,3.610826627651792,4936,1367.0,0.43513777127529873,stop,True,10.02649856894277
aime24,spec_casc_tok,alpha0.25,case_016,0,ok,2.5624515128006204,3.5624515128006204,4591,1289.0,0.4270752521334368,stop,True,9.27236795797944
aime24,spec_casc_tok,alpha0.25,case_016,1,ok,2.3426517571884986,3.3426517571884986,4185,1252.0,0.3904419595314164,stop,True,9.202472241129726
aime24,spec_casc_tok,alpha0.25,case_016,2,ok,2.545945945945946,3.545945945945946,3281,925.0,0.4243243243243243,stop,True,6.835077516967431
aime24,spec_casc_tok,alpha0.25,case_017,0,ok,2.6102362204724407,3.6102362204724407,8253,2286.0,0.43503937007874016,stop,True,16.20524837821722
aime24,spec_casc_tok,alpha0.25,case_017,1,ok,2.5425395468148784,3.5425395468148784,8286,2339.0,0.42375659113581304,stop,True,17.00482424115762
aime24,spec_casc_tok,alpha0.25,case_017,2,ok,2.3640552995391704,3.3640552995391704,5840,1736.0,0.39400921658986177,stop,True,12.621305270120502
aime24,spec_casc_tok,alpha0.25,case_018,0,ok,2.4133154602323503,3.4133154602323503,7638,2238.0,0.4022192433720584,stop,True,15.981720078969374
aime24,spec_casc_tok,alpha0.25,case_018,1,ok,2.546059195211174,3.546059195211174,10663,3007.0,0.4243431992018623,stop,True,21.714053713018075
aime24,spec_casc_tok,alpha0.25,case_018,2,ok,2.427619893428064,3.427619893428064,7719,2252.0,0.404603315571344,stop,True,16.56592623493634
aime24,spec_casc_tok,alpha0.25,case_019,0,ok,2.376232973226867,3.376232973226867,7187,2129.0,0.3960388288711445,stop,True,15.100833135889843
aime24,spec_casc_tok,alpha0.25,case_019,1,ok,2.355529480786154,3.355529480786154,11439,3409.0,0.3925882467976924,stop,True,24.334759634919465
aime24,spec_casc_tok,alpha0.25,case_019,2,ok,2.3842905405405403,3.3842905405405403,4007,1184.0,0.39738175675675674,stop,True,8.62046162202023
aime24,spec_casc_tok,alpha0.25,case_020,0,ok,2.6141618497109826,3.6141618497109826,2501,692.0,0.4356936416184971,stop,True,4.861833285773173
aime24,spec_casc_tok,alpha0.25,case_020,1,ok,2.2077087794432546,3.2077087794432546,2996,934.0,0.36795146324054245,stop,True,6.55579062202014
aime24,spec_casc_tok,alpha0.25,case_020,2,ok,2.4615384615384617,3.4615384615384617,2790,806.0,0.41025641025641024,stop,True,5.838745262939483
aime24,spec_casc_tok,alpha0.25,case_021,0,ok,2.226795580110497,3.226795580110497,11681,3620.0,0.37113259668508286,stop,True,26.143768006004393
aime24,spec_casc_tok,alpha0.25,case_021,1,ok,2.25,3.25,6017,1852.0,0.375,stop,True,13.286992089822888
aime24,spec_casc_tok,alpha0.25,case_021,2,ok,2.329634931997137,3.329634931997137,9303,2794.0,0.38827248866618946,stop,True,20.64737934200093
aime24,spec_casc_tok,alpha0.25,case_022,0,ok,1.981598062953995,2.981598062953995,6156,2065.0,0.3302663438256659,stop,True,14.79750322108157
aime24,spec_casc_tok,alpha0.25,case_022,1,ok,2.031768610715979,3.031768610715979,6393,2109.0,0.3386281017859965,stop,True,15.09903651708737
aime24,spec_casc_tok,alpha0.25,case_022,2,ok,1.874243079584775,2.874243079584775,26581,9248.0,0.31237384659746253,stop,True,69.58304609404877
aime24,spec_casc_tok,alpha0.25,case_023,0,ok,2.32088122605364,3.32088122605364,3464,1044.0,0.38681353767560667,stop,True,7.534219252876937
aime24,spec_casc_tok,alpha0.25,case_023,1,ok,2.0411622276029058,3.0411622276029058,3769,1239.0,0.34019370460048426,stop,True,8.91132779698819
aime24,spec_casc_tok,alpha0.25,case_023,2,ok,2.1846038863976083,3.1846038863976083,4259,1338.0,0.3641006477329347,stop,True,9.929149366915226
aime24,spec_casc_tok,alpha0.25,case_024,0,ok,2.625581395348837,3.625581395348837,3118,860.0,0.4375968992248062,stop,True,6.159399171825498
aime24,spec_casc_tok,alpha0.25,case_024,1,ok,2.583143507972665,3.583143507972665,3146,878.0,0.4305239179954442,stop,True,6.287789345020428
aime24,spec_casc_tok,alpha0.25,case_024,2,ok,2.655581947743468,3.655581947743468,3077,842.0,0.442596991290578,stop,True,6.228324067080393
aime24,spec_casc_tok,alpha0.25,case_025,0,ok,3.074127906976744,4.074127906976744,2802,688.0,0.5123546511627907,stop,True,4.8703484069556
aime24,spec_casc_tok,alpha0.25,case_025,1,ok,3.0901639344262297,4.090163934426229,1995,488.0,0.5150273224043715,stop,True,3.42866229894571
aime24,spec_casc_tok,alpha0.25,case_025,2,ok,3.2730109204368176,4.273010920436818,2738,641.0,0.5455018200728029,stop,True,4.657779359025881
aime24,spec_casc_tok,alpha0.25,case_026,0,ok,2.298801973220578,3.298801973220578,32768,9933.0,0.38313366220342965,length,False,72.18082257010974
aime24,spec_casc_tok,alpha0.25,case_026,1,ok,2.4032315978456014,3.4032315978456014,18957,5570.0,0.4005385996409336,stop,True,39.83027837006375
aime24,spec_casc_tok,alpha0.25,case_026,2,ok,2.267524179878353,3.267524179878353,32768,10029.0,0.3779206966463921,length,False,74.96736524696462
aime24,spec_casc_tok,alpha0.25,case_027,0,ok,2.4065510597302504,3.4065510597302504,1768,519.0,0.4010918432883751,stop,True,3.72454749699682
aime24,spec_casc_tok,alpha0.25,case_027,1,ok,2.488135593220339,3.488135593220339,2059,590.0,0.41468926553672314,stop,True,4.217703535920009
aime24,spec_casc_tok,alpha0.25,case_027,2,ok,2.470404984423676,3.470404984423676,2227,642.0,0.4117341640706127,stop,True,4.7211995830293745
aime24,spec_casc_tok,alpha0.25,case_028,0,ok,2.8684514193399493,3.8684514193399493,16762,4333.0,0.4780752365566582,stop,True,31.385158739052713
aime24,spec_casc_tok,alpha0.25,case_028,1,ok,2.7602523659305995,3.7602523659305995,3575,951.0,0.46004206098843325,stop,True,6.762173274997622
aime24,spec_casc_tok,alpha0.25,case_028,2,ok,2.9371464487743557,3.9371464487743557,6263,1591.0,0.4895244081290593,stop,True,11.752422836143523
aime24,spec_casc_tok,alpha0.25,case_029,0,ok,2.0340084065724113,3.0340084065724113,23820,7851.0,0.33900140109540183,stop,True,56.96691280300729
aime24,spec_casc_tok,alpha0.25,case_029,1,ok,2.0836627140974966,3.0836627140974966,32768,10626.0,0.34727711901624947,length,False,77.68189325206913
aime24,spec_casc_tok,alpha0.25,case_029,2,ok,2.139442231075697,3.139442231075697,17335,5522.0,0.3565737051792829,stop,True,41.144946611020714
aime24,spec_casc_tok,alpha0.25,case_030,0,ok,1.9103806228373703,2.91038062283737,8409,2890.0,0.31839677047289505,stop,True,20.780664379009977
aime24,spec_casc_tok,alpha0.25,case_030,1,ok,1.9425061425061425,2.9425061425061427,5988,2035.0,0.32375102375102377,stop,True,14.57910948107019
aime24,spec_casc_tok,alpha0.25,case_030,2,ok,1.7861178369652946,2.7861178369652944,6904,2478.0,0.29768630616088243,stop,True,18.3078305630479
aime24,spec_casc_tok,alpha0.35,case_001,0,ok,3.174496644295302,4.174496644295302,1867,447.0,0.529082774049217,stop,True,3.651402270887047
aime24,spec_casc_tok,alpha0.35,case_002,0,ok,2.2664092664092665,3.2664092664092665,27070,8288.0,0.37773487773487774,stop,True,61.776365485973656
aime24,spec_casc_tok,alpha0.35,case_003,0,ok,1.8912909203211858,2.891290920321186,32768,11333.0,0.31521515338686434,length,False,85.53497450100258
aime24,spec_casc_tok,alpha0.35,case_004,0,ok,2.4404661906761866,3.4404661906761866,32768,9524.0,0.40674436511269774,length,False,71.8815992148593
aime24,spec_casc_tok,alpha0.35,case_005,0,ok,2.2086917157084653,3.2086917157084653,7089,2209.0,0.3681152859514109,stop,True,16.19008904695511
aime24,spec_casc_tok,alpha0.35,case_006,0,ok,2.366202783300199,3.366202783300199,8465,2515.0,0.39436713055003314,stop,True,18.30614748992957
aime24,spec_casc_tok,alpha0.35,case_007,0,ok,2.2796504369538075,3.2796504369538075,2625,801.0,0.3799417394923013,stop,True,5.832340758992359
aime24,spec_casc_tok,alpha0.35,case_008,0,ok,2.6572164948453607,3.6572164948453607,2838,776.0,0.4428694158075601,stop,True,5.67416884098202
aime24,spec_casc_tok,alpha0.35,case_009,0,ok,2.8230277185501067,3.8230277185501067,3587,938.0,0.4705046197583511,stop,True,6.95998154906556
aime24,spec_casc_tok,alpha0.35,case_010,0,ok,2.7034120734908136,3.7034120734908136,1410,381.0,0.45056867891513563,stop,True,2.8003336349502206
aime24,spec_casc_tok,alpha0.35,case_011,0,ok,2.2740359897172238,3.2740359897172238,6368,1945.0,0.37900599828620396,stop,True,14.358310183975846
aime24,spec_casc_tok,alpha0.35,case_012,0,ok,2.124407582938389,3.124407582938389,2637,844.0,0.35406793048973145,stop,True,6.2540006909985095
aime24,spec_casc_tok,alpha0.35,case_013,0,ok,2.8723776223776225,3.8723776223776225,2214,572.0,0.4787296037296037,stop,True,4.150160175981
aime24,spec_casc_tok,alpha0.35,case_014,0,ok,2.1009883970777827,3.1009883970777827,21648,6981.0,0.35016473284629707,stop,True,51.97655865410343
aime24,spec_casc_tok,alpha0.35,case_015,0,ok,2.484796328169822,3.484796328169822,6073,1743.0,0.41413272136163704,stop,True,12.770901856012642
aime24,spec_casc_tok,alpha0.35,case_016,0,ok,2.3960090850097338,3.3960090850097338,20933,6164.0,0.39933484750162235,stop,True,46.19981622300111
aime24,spec_casc_tok,alpha0.35,case_017,0,ok,2.420181112548512,3.420181112548512,13219,3865.0,0.4033635187580854,stop,True,28.34705079603009
aime24,spec_casc_tok,alpha0.35,case_018,0,ok,2.665582655826558,3.665582655826558,6763,1845.0,0.44426377597109307,stop,True,13.565518053015694
aime24,spec_casc_tok,alpha0.35,case_019,0,ok,2.2363517489375613,3.2363517489375613,9898,3059.0,0.37272529148959355,stop,True,22.393256975105032
aime24,spec_casc_tok,alpha0.35,case_020,0,ok,2.5595533498759306,3.5595533498759306,2868,806.0,0.42659222497932175,stop,True,5.8184458038304
aime24,spec_casc_tok,alpha0.35,case_021,0,ok,2.241699867197875,3.241699867197875,4882,1506.0,0.3736166445329792,stop,True,10.973065558122471
aime24,spec_casc_tok,alpha0.35,case_022,0,ok,1.932905067808708,2.932905067808708,28763,9807.0,0.32215084463478466,stop,True,72.05301639996469
aime24,spec_casc_tok,alpha0.35,case_023,0,ok,2.139830508474576,3.139830508474576,3703,1180.0,0.356638418079096,stop,True,8.539201027015224
aime24,spec_casc_tok,alpha0.35,case_024,0,ok,2.470432480141218,3.470432480141218,3932,1133.0,0.411738746690203,stop,True,8.153317008167505
aime24,spec_casc_tok,alpha0.35,case_025,0,ok,2.8946666666666667,3.8946666666666667,2920,750.0,0.48244444444444445,stop,True,5.310342314885929
aime24,spec_casc_tok,alpha0.35,case_026,0,ok,2.3114754098360657,3.3114754098360657,18379,5551.0,0.38524590163934425,stop,False,39.885146748041734
aime24,spec_casc_tok,alpha0.35,case_027,0,ok,2.688715953307393,3.688715953307393,1894,514.0,0.4481193255512322,stop,True,3.6933957040309906
aime24,spec_casc_tok,alpha0.35,case_028,0,ok,2.6574787190920146,3.6574787190920146,9021,2467.0,0.4429131198486691,stop,True,17.825242079794407
aime24,spec_casc_tok,alpha0.35,case_029,0,ok,2.212234094696598,3.212234094696598,32768,10201.0,0.3687056824494331,length,False,74.9558326958213
aime24,spec_casc_tok,alpha0.35,case_030,0,ok,1.8391243919388465,2.8391243919388467,8169,2878.0,0.3065207319898077,stop,True,20.755560361081734
aime24,spec_casc_tok,alpha0.55,case_001,0,ok,3.1678004535147393,4.167800453514739,1838,441.0,0.5279667422524565,stop,True,3.524394132895395
aime24,spec_casc_tok,alpha0.55,case_002,0,ok,2.257227575982209,3.257227575982209,17575,5396.0,0.3762045959970348,stop,True,38.58396514505148
aime24,spec_casc_tok,alpha0.55,case_003,0,ok,2.3342490842490844,3.3342490842490844,32768,9828.0,0.38904151404151405,length,False,71.92841429100372
aime24,spec_casc_tok,alpha0.55,case_004,0,ok,2.543048469387755,3.543048469387755,22223,6272.0,0.42384141156462585,stop,True,45.401363238925114
aime24,spec_casc_tok,alpha0.55,case_005,0,ok,2.4599483204134365,3.4599483204134365,6695,1935.0,0.4099913867355728,stop,True,13.777396647026762
aime24,spec_casc_tok,alpha0.55,case_006,0,ok,2.567655689598957,3.567655689598957,10941,3067.0,0.42794261493315944,stop,True,21.702235316857696
aime24,spec_casc_tok,alpha0.55,case_007,0,ok,2.526760563380282,3.526760563380282,7512,2130.0,0.4211267605633803,stop,True,15.082230561878532
aime24,spec_casc_tok,alpha0.55,case_008,0,ok,2.718974358974359,3.718974358974359,3625,975.0,0.45316239316239315,stop,True,6.908228348940611
aime24,spec_casc_tok,alpha0.55,case_009,0,ok,2.982961992136304,3.982961992136304,3039,763.0,0.49716033202271737,stop,True,5.482659722911194
aime24,spec_casc_tok,alpha0.55,case_010,0,ok,2.709443099273608,3.709443099273608,1532,413.0,0.4515738498789346,stop,True,2.9671114122029394
aime24,spec_casc_tok,alpha0.55,case_011,0,ok,2.450442477876106,3.450442477876106,7798,2260.0,0.4084070796460177,stop,True,16.184922703076154
aime24,spec_casc_tok,alpha0.55,case_012,0,ok,2.2885431400282887,3.2885431400282887,2325,707.0,0.3814238566713814,stop,True,5.0758253070525825
aime24,spec_casc_tok,alpha0.55,case_013,0,ok,2.326145552560647,3.326145552560647,1235,371.0,0.38769092542677447,stop,True,2.603560215095058
aime24,spec_casc_tok,alpha0.55,case_014,0,ok,1.9241071428571428,2.924107142857143,30784,10528.0,0.32068452380952384,stop,True,76.4430939310696
aime24,spec_casc_tok,alpha0.55,case_015,0,ok,2.48729531338227,3.48729531338227,6176,1771.0,0.414549218897045,stop,True,12.611259436933324
aime24,spec_casc_tok,alpha0.55,case_016,0,ok,2.5425685425685427,3.5425685425685427,4909,1386.0,0.4237614237614238,stop,True,9.931575107155368
aime24,spec_casc_tok,alpha0.55,case_017,0,ok,2.7504848093083387,3.7504848093083387,5802,1547.0,0.4584141348847231,stop,True,10.909135523950681
aime24,spec_casc_tok,alpha0.55,case_018,0,ok,2.5310366232153942,3.5310366232153942,22754,6444.0,0.42183943720256567,stop,True,46.611664584837854
aime24,spec_casc_tok,alpha0.55,case_019,0,ok,2.1925100588053232,3.1925100588053232,30943,9693.0,0.36541834313422056,stop,True,70.46422428800724
aime24,spec_casc_tok,alpha0.55,case_020,0,ok,2.6761229314420802,3.6761229314420802,3109,846.0,0.44602048857368004,stop,True,5.926827286137268
aime24,spec_casc_tok,alpha0.55,case_021,0,ok,2.508335137475644,3.508335137475644,16205,4619.0,0.41805585624594066,stop,True,33.41122367489152
aime24,spec_casc_tok,alpha0.55,case_022,0,ok,2.1508508797231034,3.1508508797231034,32768,10401.0,0.35847514662051727,length,False,76.18195012584329
aime24,spec_casc_tok,alpha0.55,case_023,0,ok,2.1841343370005792,3.1841343370005792,5499,1727.0,0.3640223895000965,stop,True,12.435911377891898
aime24,spec_casc_tok,alpha0.55,case_024,0,ok,2.705050505050505,3.705050505050505,7336,1980.0,0.4508417508417508,stop,True,14.14891540305689
aime24,spec_casc_tok,alpha0.55,case_025,0,ok,3.1751918158567776,4.175191815856778,3265,782.0,0.5291986359761296,stop,True,5.5096910409629345
aime24,spec_casc_tok,alpha0.55,case_026,0,ok,2.2942595757514828,3.2942595757514828,32768,9947.0,0.3823765959585805,length,False,72.00914381002076
aime24,spec_casc_tok,alpha0.55,case_027,0,ok,2.543529411764706,3.543529411764706,1505,425.0,0.423921568627451,stop,True,3.033920966088772
aime24,spec_casc_tok,alpha0.55,case_028,0,ok,2.631063204311612,3.631063204311612,14822,4082.0,0.43851053405193535,stop,True,29.348589160945266
aime24,spec_casc_tok,alpha0.55,case_029,0,ok,2.150658590520142,3.150658590520142,32768,10401.0,0.3584430984200237,length,False,76.27719318191521
aime24,spec_casc_tok,alpha0.55,case_030,0,ok,1.8810020876826723,2.8810020876826723,13799,4790.0,0.313500347947112,stop,True,34.50932308193296
aime24,spec_casc_tok,alpha0.8,case_001,0,ok,3.2057142857142855,4.2057142857142855,1471,350.0,0.5342857142857143,stop,True,3.4883153960108757
aime24,spec_casc_tok,alpha0.8,case_002,0,ok,2.5545815069922773,3.5545815069922773,17030,4791.0,0.4257635844987129,stop,True,35.25546846911311
aime24,spec_casc_tok,alpha0.8,case_003,0,ok,2.301015394693744,3.301015394693744,30233,9159.0,0.38350256578229064,stop,True,69.02248343708925
aime24,spec_casc_tok,alpha0.8,case_004,0,ok,2.7819713758079407,3.7819713758079407,32768,8664.0,0.4636618959679901,length,False,65.26161172706634
aime24,spec_casc_tok,alpha0.8,case_005,0,ok,2.7196916608269097,3.7196916608269097,5308,1427.0,0.4532819434711516,stop,True,10.487310194876045
aime24,spec_casc_tok,alpha0.8,case_006,0,ok,2.9650943396226417,3.9650943396226417,8405,2120.0,0.4941823899371069,stop,True,15.395330033032224
aime24,spec_casc_tok,alpha0.8,case_007,0,ok,2.523421588594705,3.523421588594705,3460,982.0,0.42057026476578413,stop,True,7.1611489788629115
aime24,spec_casc_tok,alpha0.8,case_008,0,ok,2.9771137952956135,3.9771137952956135,6254,1573.0,0.4961856325492689,stop,True,11.48337184987031
aime24,spec_casc_tok,alpha0.8,case_009,0,ok,2.946406820950061,3.946406820950061,3240,821.0,0.49106780349167684,stop,True,6.09170072292909
aime24,spec_casc_tok,alpha0.8,case_010,0,ok,2.912621359223301,3.912621359223301,1610,412.0,0.4854368932038835,stop,True,3.0626288689672947
aime24,spec_casc_tok,alpha0.8,case_011,0,ok,2.4514727184934815,3.4514727184934815,7148,2071.0,0.4085787864155802,stop,True,15.391136708902195
aime24,spec_casc_tok,alpha0.8,case_012,0,ok,2.227272727272727,3.227272727272727,2840,880.0,0.3712121212121212,stop,True,6.497611245140433
aime24,spec_casc_tok,alpha0.8,case_013,0,ok,2.8088607594936708,3.8088607594936708,3008,790.0,0.4681434599156118,stop,True,5.727563493186608
aime24,spec_casc_tok,alpha0.8,case_014,0,ok,2.337645141576696,3.337645141576696,32768,9818.0,0.389607523596116,length,False,73.74639952508733
aime24,spec_casc_tok,alpha0.8,case_015,0,ok,2.5476578411405297,3.5476578411405297,17418,4910.0,0.42460964019008823,stop,True,36.086036149878055
aime24,spec_casc_tok,alpha0.8,case_016,0,ok,2.7433431952662723,3.7433431952662723,5061,1352.0,0.457223865877712,stop,True,10.006432523950934
aime24,spec_casc_tok,alpha0.8,case_017,0,ok,3.008041817450744,4.008041817450744,9966,2487.0,0.5013403029084573,stop,True,18.14901851094328
aime24,spec_casc_tok,alpha0.8,case_018,0,ok,2.825115562403698,3.825115562403698,14894,3894.0,0.47085259373394966,stop,True,28.662999786203727
aime24,spec_casc_tok,alpha0.8,case_019,0,ok,2.5572901747350327,3.5572901747350327,24837,6982.0,0.4262150291225055,stop,True,51.8576402538456
aime24,spec_casc_tok,alpha0.8,case_020,0,ok,2.8954468802698146,3.8954468802698146,4620,1186.0,0.48257448004496906,stop,True,8.575843643862754
aime24,spec_casc_tok,alpha0.8,case_021,0,ok,2.4735421166306697,3.4735421166306697,6433,1852.0,0.41225701943844495,stop,True,13.602281934814528
aime24,spec_casc_tok,alpha0.8,case_022,0,ok,2.1735966735966734,3.1735966735966734,3051,962.0,0.3622661122661123,stop,True,7.0201603409368545
aime24,spec_casc_tok,alpha0.8,case_023,0,ok,2.4620425996723103,3.4620425996723103,6337,1831.0,0.4103404332787184,stop,True,13.578740540891886
aime24,spec_casc_tok,alpha0.8,case_024,0,ok,2.822134387351779,3.822134387351779,3868,1012.0,0.47035573122529645,stop,True,7.457378590013832
aime24,spec_casc_tok,alpha0.8,case_025,0,ok,3.4491682070240297,4.44916820702403,2407,541.0,0.5748613678373382,stop,True,3.9457860470283777
aime24,spec_casc_tok,alpha0.8,case_026,0,ok,2.3425481995307558,3.3425481995307558,32768,9803.0,0.39042469992179263,length,False,73.6620886491146
aime24,spec_casc_tok,alpha0.8,case_027,0,ok,3.278719397363465,4.278719397363465,2270,531.0,0.5464532328939109,stop,True,3.9107163411099464
aime24,spec_casc_tok,alpha0.8,case_028,0,ok,2.899276572064552,3.899276572064552,21020,5391.0,0.4832127620107587,stop,True,40.328190479194745
aime24,spec_casc_tok,alpha0.8,case_029,0,ok,2.4814067148321293,3.4814067148321293,32768,9412.0,0.41356778580535486,length,False,70.98888807999901
aime24,spec_casc_tok,alpha0.8,case_030,0,ok,2.182296231375986,3.182296231375986,10893,3423.0,0.3637160385626643,stop,True,25.272443322930485
aime24,spec_casc_tok_lt,alpha0.05,case_001,0,ok,3.3590361445783135,4.3590361445783135,1809,415.0,0.5598393574297189,stop,True,3.941991118947044
aime24,spec_casc_tok_lt,alpha0.05,case_001,1,ok,3.0094562647754137,4.009456264775414,1696,423.0,0.5015760441292356,stop,True,3.4824797168839723
aime24,spec_casc_tok_lt,alpha0.05,case_001,2,ok,3.0373563218390807,4.037356321839081,1406,348.0,0.5062260536398467,stop,True,2.8931308400351554
aime24,spec_casc_tok_lt,alpha0.05,case_002,0,ok,2.343291995490417,3.343291995490417,11862,3548.0,0.39054866591506954,stop,True,25.87047950201668
aime24,spec_casc_tok_lt,alpha0.05,case_002,1,ok,2.304303694681283,3.304303694681283,16277,4926.0,0.3840506157802138,stop,True,36.099656123900786
aime24,spec_casc_tok_lt,alpha0.05,case_002,2,ok,2.202404222048475,3.202404222048475,32768,10232.0,0.36706737034141257,length,False,76.09855046891607
aime24,spec_casc_tok_lt,alpha0.05,case_003,0,ok,1.9657582938388625,2.9657582938388627,25031,8440.0,0.3276263823064771,stop,True,62.83164697815664
aime24,spec_casc_tok_lt,alpha0.05,case_003,1,ok,2.024217961654894,3.024217961654894,20979,6937.0,0.33736966027581566,stop,True,51.42499390500598
aime24,spec_casc_tok_lt,alpha0.05,case_003,2,ok,1.9093572443181819,2.9093572443181817,32768,11264.0,0.31822620738636365,length,False,84.25890278513543
aime24,spec_casc_tok_lt,alpha0.05,case_004,0,ok,2.3921325051759834,3.3921325051759834,32768,9660.0,0.3986887508626639,length,False,72.39755205414258
aime24,spec_casc_tok_lt,alpha0.05,case_004,1,ok,2.4246446488294313,3.4246446488294313,32768,9568.0,0.4041074414715719,length,False,71.73050017398782
aime24,spec_casc_tok_lt,alpha0.05,case_004,2,ok,2.3112054157825606,3.3112054157825606,32768,9897.0,0.3852009026304267,length,False,72.19830364291556
aime24,spec_casc_tok_lt,alpha0.05,case_005,0,ok,2.294469883761888,3.294469883761888,9353,2839.0,0.382411647293648,stop,True,20.764067445881665
aime24,spec_casc_tok_lt,alpha0.05,case_005,1,ok,2.4717149220489976,3.4717149220489976,7794,2245.0,0.4119524870081663,stop,True,16.399787396891043
aime24,spec_casc_tok_lt,alpha0.05,case_005,2,ok,2.231113956466069,3.231113956466069,5047,1562.0,0.3718523260776782,stop,True,11.035179176134989
aime24,spec_casc_tok_lt,alpha0.05,case_006,0,ok,2.52749755938822,3.52749755938822,21680,6146.0,0.42124959323137,stop,True,45.12083872384392
aime24,spec_casc_tok_lt,alpha0.05,case_006,1,ok,2.494020926756353,3.494020926756353,4675,1338.0,0.41567015445939215,stop,True,9.673313708975911
aime24,spec_casc_tok_lt,alpha0.05,case_006,2,ok,2.472834645669291,3.472834645669291,8820,2540.0,0.41213910761154854,stop,True,17.875528689008206
aime24,spec_casc_tok_lt,alpha0.05,case_007,0,ok,2.3529411764705883,3.3529411764705883,6382,1904.0,0.39215686274509803,stop,True,13.860854719998315
aime24,spec_casc_tok_lt,alpha0.05,case_007,1,ok,2.3396286303761307,3.3396286303761307,21042,6301.0,0.38993810506268844,stop,True,45.39607601496391
aime24,spec_casc_tok_lt,alpha0.05,case_007,2,ok,2.3796116504854368,3.3796116504854368,6962,2060.0,0.3966019417475728,stop,True,14.501455900026485
aime24,spec_casc_tok_lt,alpha0.05,case_008,0,ok,2.7462482946793996,3.7462482946793996,2746,733.0,0.45770804911323326,stop,True,5.306230915011838
aime24,spec_casc_tok_lt,alpha0.05,case_008,1,ok,2.6657263751763045,3.6657263751763045,2599,709.0,0.44428772919605075,stop,True,4.989786863094196
aime24,spec_casc_tok_lt,alpha0.05,case_008,2,ok,2.7284595300261096,3.7284595300261096,1428,383.0,0.4547432550043516,stop,True,2.705026336014271
aime24,spec_casc_tok_lt,alpha0.05,case_009,0,ok,2.686335403726708,3.686335403726708,2375,644.0,0.4477225672877847,stop,True,4.734322231030092
aime24,spec_casc_tok_lt,alpha0.05,case_009,1,ok,2.900943396226415,3.900943396226415,3308,848.0,0.4834905660377358,stop,True,6.0830698711797595
aime24,spec_casc_tok_lt,alpha0.05,case_009,2,ok,2.629585798816568,3.629585798816568,3067,845.0,0.4382642998027613,stop,True,6.041140858083963
aime24,spec_casc_tok_lt,alpha0.05,case_010,0,ok,2.6423487544483986,3.6423487544483986,2045,562.0,0.4403914590747331,stop,True,4.146645469823852
aime24,spec_casc_tok_lt,alpha0.05,case_010,1,ok,2.6503496503496504,3.6503496503496504,1044,286.0,0.4417249417249417,stop,True,2.062829660018906
aime24,spec_casc_tok_lt,alpha0.05,case_010,2,ok,2.528497409326425,3.528497409326425,1361,386.0,0.4214162348877375,stop,True,2.760769627057016
aime24,spec_casc_tok_lt,alpha0.05,case_011,0,ok,2.4957871396895785,3.4957871396895785,7883,2255.0,0.41596452328159644,stop,True,16.51611727499403
aime24,spec_casc_tok_lt,alpha0.05,case_011,1,ok,2.2779661016949153,3.2779661016949153,4835,1475.0,0.37966101694915255,stop,True,10.584954697173089
aime24,spec_casc_tok_lt,alpha0.05,case_011,2,ok,2.16959157626037,3.16959157626037,19867,6268.0,0.361598596043395,stop,True,45.19351420807652
aime24,spec_casc_tok_lt,alpha0.05,case_012,0,ok,2.3574660633484164,3.3574660633484164,1484,442.0,0.3929110105580694,stop,True,3.2567095740232617
aime24,spec_casc_tok_lt,alpha0.05,case_012,1,ok,2.288981288981289,3.288981288981289,1582,481.0,0.3814968814968815,stop,True,3.4360087669920176
aime24,spec_casc_tok_lt,alpha0.05,case_012,2,ok,2.1497005988023954,3.1497005988023954,1575,501.0,0.3582834331337325,stop,True,3.5952451589982957
aime24,spec_casc_tok_lt,alpha0.05,case_013,0,ok,2.898064516129032,3.898064516129032,3020,775.0,0.48301075268817206,stop,True,5.5993555129971355
aime24,spec_casc_tok_lt,alpha0.05,case_013,1,ok,2.8178243774574048,3.8178243774574048,2913,763.0,0.46963739624290085,stop,True,5.389001147123054
aime24,spec_casc_tok_lt,alpha0.05,case_013,2,ok,2.82025819265144,3.82025819265144,3847,1007.0,0.47004303210857334,stop,True,7.041883985046297
aime24,spec_casc_tok_lt,alpha0.05,case_014,0,ok,2.0329449578143834,3.0329449578143834,22647,7467.0,0.33882415963573054,stop,True,55.23054857808165
aime24,spec_casc_tok_lt,alpha0.05,case_014,1,ok,1.843543908365151,2.843543908365151,32768,11524.0,0.3072573180608585,length,False,84.09653269103728
aime24,spec_casc_tok_lt,alpha0.05,case_014,2,ok,1.7627118644067796,2.7627118644067794,8473,3068.0,0.2937853107344633,stop,True,21.8013475749176
aime24,spec_casc_tok_lt,alpha0.05,case_015,0,ok,2.385112168592794,3.385112168592794,9959,2942.0,0.3975186947654657,stop,True,21.436963656917214
aime24,spec_casc_tok_lt,alpha0.05,case_015,1,ok,2.6568077511473738,3.6568077511473738,7169,1961.0,0.44280129185789563,stop,True,13.967902343021706
aime24,spec_casc_tok_lt,alpha0.05,case_015,2,ok,2.490688259109312,3.490688259109312,4310,1235.0,0.41511470985155197,stop,True,8.729475031141192
aime24,spec_casc_tok_lt,alpha0.05,case_016,0,ok,2.4957825679475163,3.4957825679475163,3729,1067.0,0.41596376132458607,stop,True,7.8513233149424195
aime24,spec_casc_tok_lt,alpha0.05,case_016,1,ok,2.7026476578411405,3.7026476578411405,1818,491.0,0.45044127630685676,stop,True,3.5328607028350234
aime24,spec_casc_tok_lt,alpha0.05,case_016,2,ok,2.794816414686825,3.794816414686825,1755,463.0,0.4658027357811375,stop,True,3.336959140840918
aime24,spec_casc_tok_lt,alpha0.05,case_017,0,ok,2.1750121536217795,3.1750121536217795,6531,2057.0,0.3625020256036299,stop,True,14.952753426972777
aime24,spec_casc_tok_lt,alpha0.05,case_017,1,ok,2.4078212290502794,3.4078212290502794,25619,7518.0,0.40130353817504655,stop,True,54.12282176781446
aime24,spec_casc_tok_lt,alpha0.05,case_017,2,ok,2.6531881804043547,3.6531881804043547,7046,1929.0,0.44219803006739244,stop,True,13.581233647186309
aime24,spec_casc_tok_lt,alpha0.05,case_018,0,ok,2.708884688090737,3.708884688090737,3924,1058.0,0.4514807813484562,stop,True,7.711072392063215
aime24,spec_casc_tok_lt,alpha0.05,case_018,1,ok,2.665756417258329,3.665756417258329,6710,1831.0,0.4442927362097215,stop,True,13.067090414930135
aime24,spec_casc_tok_lt,alpha0.05,case_018,2,ok,2.7616694124107632,3.7616694124107632,6850,1821.0,0.4602782354017939,stop,True,12.944849207997322
aime24,spec_casc_tok_lt,alpha0.05,case_019,0,ok,2.5638148667601683,3.5638148667601683,7622,2139.0,0.4273024777933614,stop,True,15.469824881991372
aime24,spec_casc_tok_lt,alpha0.05,case_019,1,ok,2.527902501603592,3.527902501603592,11000,3118.0,0.42131708360059866,stop,True,22.190343723166734
aime24,spec_casc_tok_lt,alpha0.05,case_019,2,ok,2.5119152691968227,3.5119152691968227,7958,2266.0,0.4186525448661371,stop,True,15.987116345902905
aime24,spec_casc_tok_lt,alpha0.05,case_020,0,ok,2.4612903225806453,3.4612903225806453,3219,930.0,0.41021505376344086,stop,True,6.672974732937291
aime24,spec_casc_tok_lt,alpha0.05,case_020,1,ok,2.4430227908836466,3.4430227908836466,25833,7503.0,0.4071704651472744,stop,True,53.76052933605388
aime24,spec_casc_tok_lt,alpha0.05,case_020,2,ok,2.7572093023255815,3.7572093023255815,4039,1075.0,0.4595348837209302,stop,True,7.512220988050103
aime24,spec_casc_tok_lt,alpha0.05,case_021,0,ok,2.3333333333333335,3.3333333333333335,4500,1350.0,0.3888888888888889,stop,True,9.920432863989845
aime24,spec_casc_tok_lt,alpha0.05,case_021,1,ok,2.2030841610036593,3.2030841610036593,12254,3826.0,0.3671806935006099,stop,True,27.49994473089464
aime24,spec_casc_tok_lt,alpha0.05,case_021,2,ok,2.365155807365439,3.365155807365439,11879,3530.0,0.39419263456090653,stop,True,25.31960954098031
aime24,spec_casc_tok_lt,alpha0.05,case_022,0,ok,2.0169398907103826,3.0169398907103826,11042,3660.0,0.33615664845173043,stop,True,26.85689238505438
aime24,spec_casc_tok_lt,alpha0.05,case_022,1,ok,2.0359394703656997,3.0359394703656997,4814,1586.0,0.33932324506094996,stop,True,11.277985126012936
aime24,spec_casc_tok_lt,alpha0.05,case_022,2,ok,2.018111964873765,3.018111964873765,5499,1822.0,0.3363519941456275,stop,True,12.896777359070256
aime24,spec_casc_tok_lt,alpha0.05,case_023,0,ok,2.2075134168157424,3.2075134168157424,5377,1677.0,0.36791890280262374,stop,True,12.387213847832754
aime24,spec_casc_tok_lt,alpha0.05,case_023,1,ok,2.2369901547116737,3.2369901547116737,4601,1422.0,0.37283169245194564,stop,True,10.225175622850657
aime24,spec_casc_tok_lt,alpha0.05,case_023,2,ok,2.0747341189997126,3.0747341189997126,10697,3479.0,0.3457890198332854,stop,True,24.97317231190391
aime24,spec_casc_tok_lt,alpha0.05,case_024,0,ok,2.466604823747681,3.466604823747681,3736,1078.0,0.4111008039579468,stop,True,7.892700335942209
aime24,spec_casc_tok_lt,alpha0.05,case_024,1,ok,2.6672384219554033,3.6672384219554033,4276,1166.0,0.44453973699256716,stop,True,8.33556805900298
aime24,spec_casc_tok_lt,alpha0.05,case_024,2,ok,2.5487959442332064,3.5487959442332064,2800,789.0,0.4247993240388678,stop,True,5.580530662089586
aime24,spec_casc_tok_lt,alpha0.05,case_025,0,ok,2.989648033126294,3.989648033126294,1927,483.0,0.49827467218771565,stop,True,3.491000723093748
aime24,spec_casc_tok_lt,alpha0.05,case_025,1,ok,3.0344827586206895,4.0344827586206895,1872,464.0,0.5057471264367817,stop,True,3.2695028190501034
aime24,spec_casc_tok_lt,alpha0.05,case_025,2,ok,3.259796806966618,4.259796806966618,2934,689.0,0.5432994678277697,stop,True,4.853176404954866
aime24,spec_casc_tok_lt,alpha0.05,case_026,0,ok,2.1263238240625895,3.1263238240625895,32768,10481.0,0.35438730401043156,length,False,77.72878592810594
aime24,spec_casc_tok_lt,alpha0.05,case_026,1,ok,2.3047907211296015,3.3047907211296015,32768,9915.0,0.3841317868549336,length,False,72.04354065097868
aime24,spec_casc_tok_lt,alpha0.05,case_026,2,ok,2.1842386551355553,3.1842386551355553,32768,10291.0,0.3640397758559259,length,False,74.06973478896543
aime24,spec_casc_tok_lt,alpha0.05,case_027,0,ok,2.64524765729585,3.64524765729585,2723,747.0,0.44087460954930835,stop,True,5.4523236020468175
aime24,spec_casc_tok_lt,alpha0.05,case_027,1,ok,2.715873015873016,3.715873015873016,4683,1260.0,0.45264550264550263,stop,True,9.005699006142095
aime24,spec_casc_tok_lt,alpha0.05,case_027,2,ok,2.5991561181434597,3.5991561181434597,2558,711.0,0.43319268635724334,stop,True,5.049677359173074
aime24,spec_casc_tok_lt,alpha0.05,case_028,0,ok,2.6499552372426143,3.6499552372426143,12230,3351.0,0.44165920620710236,stop,True,24.685526899062097
aime24,spec_casc_tok_lt,alpha0.05,case_028,1,ok,2.648292261132728,3.648292261132728,16877,4626.0,0.44138204352212135,stop,True,33.309402304003015
aime24,spec_casc_tok_lt,alpha0.05,case_028,2,ok,2.673348669076569,3.673348669076569,11177,3043.0,0.44555811151276153,stop,True,21.698924975004047
aime24,spec_casc_tok_lt,alpha0.05,case_029,0,ok,2.2051963389430176,3.2051963389430176,10856,3387.0,0.36753272315716956,stop,True,24.826632829848677
aime24,spec_casc_tok_lt,alpha0.05,case_029,1,ok,2.2308727843841147,3.2308727843841147,14400,4457.0,0.3718121307306858,stop,True,32.15791041101329
aime24,spec_casc_tok_lt,alpha0.05,case_029,2,ok,2.059212945936006,3.059212945936006,8319,2719.0,0.343202157656001,stop,True,19.346959217917174
aime24,spec_casc_tok_lt,alpha0.05,case_030,0,ok,1.8393592677345538,2.8393592677345536,6204,2185.0,0.30655987795575895,stop,True,16.049781266134232
aime24,spec_casc_tok_lt,alpha0.05,case_030,1,ok,1.9028315946348733,2.9028315946348733,9739,3355.0,0.3171385991058122,stop,True,24.053029879927635
aime24,spec_casc_tok_lt,alpha0.05,case_030,2,ok,1.9665338645418327,2.966533864541833,3723,1255.0,0.32775564409030544,stop,True,8.91281279292889
aime24,spec_casc_tok_lt,alpha0.1,case_001,0,ok,3.3590361445783135,4.3590361445783135,1809,415.0,0.5598393574297189,stop,True,3.3742045008111745
aime24,spec_casc_tok_lt,alpha0.1,case_001,1,ok,3.0094562647754137,4.009456264775414,1696,423.0,0.5015760441292356,stop,True,3.522091775899753
aime24,spec_casc_tok_lt,alpha0.1,case_001,2,ok,3.0373563218390807,4.037356321839081,1406,348.0,0.5062260536398467,stop,True,2.893553297035396
aime24,spec_casc_tok_lt,alpha0.1,case_002,0,ok,2.343291995490417,3.343291995490417,11862,3548.0,0.39054866591506954,stop,True,25.775279726134613
aime24,spec_casc_tok_lt,alpha0.1,case_002,1,ok,2.304303694681283,3.304303694681283,16277,4926.0,0.3840506157802138,stop,True,35.897399784997106
aime24,spec_casc_tok_lt,alpha0.1,case_002,2,ok,2.202404222048475,3.202404222048475,32768,10232.0,0.36706737034141257,length,False,76.15074105979875
aime24,spec_casc_tok_lt,alpha0.1,case_003,0,ok,1.9657582938388625,2.9657582938388627,25031,8440.0,0.3276263823064771,stop,True,62.59395063505508
aime24,spec_casc_tok_lt,alpha0.1,case_003,1,ok,2.024217961654894,3.024217961654894,20979,6937.0,0.33736966027581566,stop,True,51.13915703212842
aime24,spec_casc_tok_lt,alpha0.1,case_003,2,ok,1.8639979022812692,2.863997902281269,32768,11441.0,0.3106663170468782,length,False,85.70813953108154
aime24,spec_casc_tok_lt,alpha0.1,case_004,0,ok,2.3921325051759834,3.3921325051759834,32768,9660.0,0.3986887508626639,length,False,70.70611690590158
aime24,spec_casc_tok_lt,alpha0.1,case_004,1,ok,2.4246446488294313,3.4246446488294313,32768,9568.0,0.4041074414715719,length,False,71.33439267193899
aime24,spec_casc_tok_lt,alpha0.1,case_004,2,ok,2.586527293844367,3.586527293844367,9264,2583.0,0.4310878823073945,stop,True,18.78885164903477
aime24,spec_casc_tok_lt,alpha0.1,case_005,0,ok,2.294469883761888,3.294469883761888,9353,2839.0,0.382411647293648,stop,True,20.165316978935152
aime24,spec_casc_tok_lt,alpha0.1,case_005,1,ok,2.4717149220489976,3.4717149220489976,7794,2245.0,0.4119524870081663,stop,True,16.30661071301438
aime24,spec_casc_tok_lt,alpha0.1,case_005,2,ok,2.4503488996242617,3.4503488996242617,6428,1863.0,0.40839148327071034,stop,True,13.543945282930508
aime24,spec_casc_tok_lt,alpha0.1,case_006,0,ok,2.52749755938822,3.52749755938822,21680,6146.0,0.42124959323137,stop,True,43.810408430872485
aime24,spec_casc_tok_lt,alpha0.1,case_006,1,ok,2.494020926756353,3.494020926756353,4675,1338.0,0.41567015445939215,stop,True,9.617287993896753
aime24,spec_casc_tok_lt,alpha0.1,case_006,2,ok,2.5494736842105263,3.5494736842105263,5058,1425.0,0.4249122807017544,stop,True,10.284616468008608
aime24,spec_casc_tok_lt,alpha0.1,case_007,0,ok,2.3529411764705883,3.3529411764705883,6382,1904.0,0.39215686274509803,stop,True,13.4577965750359
aime24,spec_casc_tok_lt,alpha0.1,case_007,1,ok,2.3396286303761307,3.3396286303761307,21042,6301.0,0.38993810506268844,stop,True,46.18406070698984
aime24,spec_casc_tok_lt,alpha0.1,case_007,2,ok,2.2317913385826773,3.2317913385826773,6567,2032.0,0.3719652230971129,stop,True,14.701622601831332
aime24,spec_casc_tok_lt,alpha0.1,case_008,0,ok,2.7462482946793996,3.7462482946793996,2746,733.0,0.45770804911323326,stop,True,5.154330876888707
aime24,spec_casc_tok_lt,alpha0.1,case_008,1,ok,2.6657263751763045,3.6657263751763045,2599,709.0,0.44428772919605075,stop,True,5.08937114616856
aime24,spec_casc_tok_lt,alpha0.1,case_008,2,ok,2.7906137184115525,3.7906137184115525,3150,831.0,0.4651022864019254,stop,True,5.991573064122349
aime24,spec_casc_tok_lt,alpha0.1,case_009,0,ok,2.686335403726708,3.686335403726708,2375,644.0,0.4477225672877847,stop,True,4.600555612007156
aime24,spec_casc_tok_lt,alpha0.1,case_009,1,ok,2.900943396226415,3.900943396226415,3308,848.0,0.4834905660377358,stop,True,6.201136058894917
aime24,spec_casc_tok_lt,alpha0.1,case_009,2,ok,2.3618090452261304,3.3618090452261304,3345,995.0,0.3936348408710218,stop,True,7.2944557960145175
aime24,spec_casc_tok_lt,alpha0.1,case_010,0,ok,2.6423487544483986,3.6423487544483986,2045,562.0,0.4403914590747331,stop,True,4.030139067908749
aime24,spec_casc_tok_lt,alpha0.1,case_010,1,ok,2.6503496503496504,3.6503496503496504,1044,286.0,0.4417249417249417,stop,True,2.1029929919168353
aime24,spec_casc_tok_lt,alpha0.1,case_010,2,ok,2.6152450090744104,3.6152450090744104,1992,551.0,0.4358741681790684,stop,True,4.05856033298187
aime24,spec_casc_tok_lt,alpha0.1,case_011,0,ok,2.4957871396895785,3.4957871396895785,7883,2255.0,0.41596452328159644,stop,True,16.04053230700083
aime24,spec_casc_tok_lt,alpha0.1,case_011,1,ok,2.2779661016949153,3.2779661016949153,4835,1475.0,0.37966101694915255,stop,True,10.795774688012898
aime24,spec_casc_tok_lt,alpha0.1,case_011,2,ok,2.3328877005347595,3.3328877005347595,19943,5984.0,0.3888146167557932,stop,True,44.02059877500869
aime24,spec_casc_tok_lt,alpha0.1,case_012,0,ok,2.3574660633484164,3.3574660633484164,1484,442.0,0.3929110105580694,stop,True,3.1661916910670698
aime24,spec_casc_tok_lt,alpha0.1,case_012,1,ok,2.288981288981289,3.288981288981289,1582,481.0,0.3814968814968815,stop,True,3.503577294992283
aime24,spec_casc_tok_lt,alpha0.1,case_012,2,ok,2.3558718861209966,3.3558718861209966,1886,562.0,0.3926453143534994,stop,True,4.123259828891605
aime24,spec_casc_tok_lt,alpha0.1,case_013,0,ok,2.898064516129032,3.898064516129032,3020,775.0,0.48301075268817206,stop,True,5.438285283977166
aime24,spec_casc_tok_lt,alpha0.1,case_013,1,ok,2.8178243774574048,3.8178243774574048,2913,763.0,0.46963739624290085,stop,True,5.49681066093035
aime24,spec_casc_tok_lt,alpha0.1,case_013,2,ok,2.847517730496454,3.847517730496454,2169,564.0,0.47458628841607564,stop,True,4.05526445992291
aime24,spec_casc_tok_lt,alpha0.1,case_014,0,ok,2.0329449578143834,3.0329449578143834,22647,7467.0,0.33882415963573054,stop,True,53.644871487049386
aime24,spec_casc_tok_lt,alpha0.1,case_014,1,ok,1.843543908365151,2.843543908365151,32768,11524.0,0.3072573180608585,length,False,84.50960955186747
aime24,spec_casc_tok_lt,alpha0.1,case_014,2,ok,2.060177388570787,3.060177388570787,27257,8907.0,0.34336289809513115,stop,True,66.04847132996656
aime24,spec_casc_tok_lt,alpha0.1,case_015,0,ok,2.385112168592794,3.385112168592794,9959,2942.0,0.3975186947654657,stop,True,20.82352416496724
aime24,spec_casc_tok_lt,alpha0.1,case_015,1,ok,2.6568077511473738,3.6568077511473738,7169,1961.0,0.44280129185789563,stop,True,13.893217289121822
aime24,spec_casc_tok_lt,alpha0.1,case_015,2,ok,2.6658031088082903,3.6658031088082903,4244,1158.0,0.44430051813471505,stop,True,8.409560389118269
aime24,spec_casc_tok_lt,alpha0.1,case_016,0,ok,2.4957825679475163,3.4957825679475163,3729,1067.0,0.41596376132458607,stop,True,7.631703918799758
aime24,spec_casc_tok_lt,alpha0.1,case_016,1,ok,2.7026476578411405,3.7026476578411405,1818,491.0,0.45044127630685676,stop,True,3.5129424140322953
aime24,spec_casc_tok_lt,alpha0.1,case_016,2,ok,2.5414438502673797,3.5414438502673797,5297,1496.0,0.4235739750445633,stop,True,10.976608893135563
aime24,spec_casc_tok_lt,alpha0.1,case_017,0,ok,2.1750121536217795,3.1750121536217795,6531,2057.0,0.3625020256036299,stop,True,14.52538571995683
aime24,spec_casc_tok_lt,alpha0.1,case_017,1,ok,2.4078212290502794,3.4078212290502794,25619,7518.0,0.40130353817504655,stop,True,53.84515614202246
aime24,spec_casc_tok_lt,alpha0.1,case_017,2,ok,2.2233568997119666,3.2233568997119666,12310,3819.0,0.37055948328532773,stop,True,27.75094196596183
aime24,spec_casc_tok_lt,alpha0.1,case_018,0,ok,2.708884688090737,3.708884688090737,3924,1058.0,0.4514807813484562,stop,True,7.49469410488382
aime24,spec_casc_tok_lt,alpha0.1,case_018,1,ok,2.665756417258329,3.665756417258329,6710,1831.0,0.4442927362097215,stop,True,12.997131685959175
aime24,spec_casc_tok_lt,alpha0.1,case_018,2,ok,2.393424036281179,3.393424036281179,11972,3528.0,0.3989040060468632,stop,True,25.86212316597812
aime24,spec_casc_tok_lt,alpha0.1,case_019,0,ok,2.5638148667601683,3.5638148667601683,7622,2139.0,0.4273024777933614,stop,True,15.027447534026578
aime24,spec_casc_tok_lt,alpha0.1,case_019,1,ok,2.527902501603592,3.527902501603592,11000,3118.0,0.42131708360059866,stop,True,22.06784454197623
aime24,spec_casc_tok_lt,alpha0.1,case_019,2,ok,2.3514120667522467,3.3514120667522467,10443,3116.0,0.3919020111253744,stop,True,22.64695815113373
aime24,spec_casc_tok_lt,alpha0.1,case_020,0,ok,2.4612903225806453,3.4612903225806453,3219,930.0,0.41021505376344086,stop,True,6.481975963106379
aime24,spec_casc_tok_lt,alpha0.1,case_020,1,ok,2.4430227908836466,3.4430227908836466,25833,7503.0,0.4071704651472744,stop,True,53.48286593705416
aime24,spec_casc_tok_lt,alpha0.1,case_020,2,ok,2.5994152046783627,3.5994152046783627,3691,1026.0,0.43323586744639375,stop,True,7.373534020036459
aime24,spec_casc_tok_lt,alpha0.1,case_021,0,ok,2.3333333333333335,3.3333333333333335,4500,1350.0,0.3888888888888889,stop,True,9.642465403070673
aime24,spec_casc_tok_lt,alpha0.1,case_021,1,ok,2.2030841610036593,3.2030841610036593,12254,3826.0,0.3671806935006099,stop,True,27.354531656950712
aime24,spec_casc_tok_lt,alpha0.1,case_021,2,ok,2.1993146773272416,3.1993146773272416,5601,1751.0,0.3665524462212069,stop,True,12.809800951974466
aime24,spec_casc_tok_lt,alpha0.1,case_022,0,ok,2.0169398907103826,3.0169398907103826,11042,3660.0,0.33615664845173043,stop,True,26.087938932003453
aime24,spec_casc_tok_lt,alpha0.1,case_022,1,ok,2.0359394703656997,3.0359394703656997,4814,1586.0,0.33932324506094996,stop,True,11.217757245991379
aime24,spec_casc_tok_lt,alpha0.1,case_022,2,ok,2.1150083071810966,3.1150083071810966,16874,5417.0,0.35250138453018276,stop,True,39.946064627030864
aime24,spec_casc_tok_lt,alpha0.1,case_023,0,ok,2.2075134168157424,3.2075134168157424,5377,1677.0,0.36791890280262374,stop,True,12.036912553012371
aime24,spec_casc_tok_lt,alpha0.1,case_023,1,ok,2.2369901547116737,3.2369901547116737,4601,1422.0,0.37283169245194564,stop,True,10.170706876087934
aime24,spec_casc_tok_lt,alpha0.1,case_023,2,ok,2.2453825857519787,3.2453825857519787,6150,1895.0,0.37423043095866315,stop,True,13.92942065699026
aime24,spec_casc_tok_lt,alpha0.1,case_024,0,ok,2.466604823747681,3.466604823747681,3736,1078.0,0.4111008039579468,stop,True,7.666014646179974
aime24,spec_casc_tok_lt,alpha0.1,case_024,1,ok,2.6672384219554033,3.6672384219554033,4276,1166.0,0.44453973699256716,stop,True,8.290862596826628
aime24,spec_casc_tok_lt,alpha0.1,case_024,2,ok,2.635148042024833,3.635148042024833,3806,1047.0,0.43919134033747215,stop,True,7.6491857171058655
aime24,spec_casc_tok_lt,alpha0.1,case_025,0,ok,2.989648033126294,3.989648033126294,1927,483.0,0.49827467218771565,stop,True,3.3912135078571737
aime24,spec_casc_tok_lt,alpha0.1,case_025,1,ok,3.0344827586206895,4.0344827586206895,1872,464.0,0.5057471264367817,stop,True,3.252549058990553
aime24,spec_casc_tok_lt,alpha0.1,case_025,2,ok,3.046816479400749,4.046816479400749,2159,534.0,0.5078027465667915,stop,True,3.8442128598690033
aime24,spec_casc_tok_lt,alpha0.1,case_026,0,ok,2.1263238240625895,3.1263238240625895,32768,10481.0,0.35438730401043156,length,False,75.4852079260163
aime24,spec_casc_tok_lt,alpha0.1,case_026,1,ok,2.3047907211296015,3.3047907211296015,32768,9915.0,0.3841317868549336,length,False,71.67899932991713
aime24,spec_casc_tok_lt,alpha0.1,case_026,2,ok,2.124332570556827,3.124332570556827,32768,10488.0,0.3540554284261378,length,False,77.68772406200878
aime24,spec_casc_tok_lt,alpha0.1,case_027,0,ok,2.64524765729585,3.64524765729585,2723,747.0,0.44087460954930835,stop,True,5.299690495943651
aime24,spec_casc_tok_lt,alpha0.1,case_027,1,ok,2.715873015873016,3.715873015873016,4683,1260.0,0.45264550264550263,stop,True,8.956986200995743
aime24,spec_casc_tok_lt,alpha0.1,case_027,2,ok,2.6191275167785233,3.6191275167785233,2157,596.0,0.43652125279642057,stop,True,4.331866116961464
aime24,spec_casc_tok_lt,alpha0.1,case_028,0,ok,2.6499552372426143,3.6499552372426143,12230,3351.0,0.44165920620710236,stop,True,23.98943537985906
aime24,spec_casc_tok_lt,alpha0.1,case_028,1,ok,2.648292261132728,3.648292261132728,16877,4626.0,0.44138204352212135,stop,True,33.134909419110045
aime24,spec_casc_tok_lt,alpha0.1,case_028,2,ok,2.8493757551349175,3.8493757551349175,9557,2483.0,0.4748959591891529,stop,True,18.160481691127643
aime24,spec_casc_tok_lt,alpha0.1,case_029,0,ok,2.2051963389430176,3.2051963389430176,10856,3387.0,0.36753272315716956,stop,True,24.11702626082115
aime24,spec_casc_tok_lt,alpha0.1,case_029,1,ok,2.2308727843841147,3.2308727843841147,14400,4457.0,0.3718121307306858,stop,True,31.988652081927285
aime24,spec_casc_tok_lt,alpha0.1,case_029,2,ok,2.0045024349903517,3.0045024349903517,32699,10883.0,0.3340837391650587,stop,True,80.65189345297404
aime24,spec_casc_tok_lt,alpha0.1,case_030,0,ok,1.8393592677345538,2.8393592677345536,6204,2185.0,0.30655987795575895,stop,True,15.592218205099925
aime24,spec_casc_tok_lt,alpha0.1,case_030,1,ok,1.9028315946348733,2.9028315946348733,9739,3355.0,0.3171385991058122,stop,True,23.92435230105184
aime24,spec_casc_tok_lt,alpha0.1,case_030,2,ok,1.813320046503903,2.813320046503903,16939,6021.0,0.3022200077506505,stop,True,43.312307834858075
aime24,spec_casc_tok_lt,alpha0.15,case_001,0,ok,3.23943661971831,4.23943661971831,1505,355.0,0.539906103286385,stop,True,3.3167210079263896
aime24,spec_casc_tok_lt,alpha0.15,case_001,1,ok,3.132701421800948,4.132701421800948,1744,422.0,0.5221169036334913,stop,True,3.501194637035951
aime24,spec_casc_tok_lt,alpha0.15,case_001,2,ok,3.2737752161383287,4.273775216138329,1481,347.0,0.5456292026897214,stop,True,2.8675290120299906
aime24,spec_casc_tok_lt,alpha0.15,case_002,0,ok,2.307908225530876,3.307908225530876,27105,8194.0,0.38465137092181273,stop,True,60.39878398110159
aime24,spec_casc_tok_lt,alpha0.15,case_002,1,ok,2.0962015651841956,3.0962015651841956,16221,5239.0,0.34936692753069926,stop,True,38.561798049136996
aime24,spec_casc_tok_lt,alpha0.15,case_002,2,ok,2.1269807954664706,3.1269807954664706,29797,9529.0,0.3544967992444118,stop,True,70.94628662499599
aime24,spec_casc_tok_lt,alpha0.15,case_003,0,ok,1.9491686963888595,2.9491686963888597,27849,9443.0,0.32486144939814326,stop,True,69.52991564711556
aime24,spec_casc_tok_lt,alpha0.15,case_003,1,ok,1.9011066843736166,2.901106684373617,32768,11295.0,0.31685111406226946,length,False,85.04646660899743
aime24,spec_casc_tok_lt,alpha0.15,case_003,2,ok,1.8809565676103395,2.8809565676103395,32768,11374.0,0.3134927612683899,length,True,85.38526226812974
aime24,spec_casc_tok_lt,alpha0.15,case_004,0,ok,2.3173186913749713,3.3173186913749713,29000,8742.0,0.38621978189582856,stop,True,63.58447092701681
aime24,spec_casc_tok_lt,alpha0.15,case_004,1,ok,2.446837890085612,3.446837890085612,12482,3621.0,0.4078063150142686,stop,True,26.657363482983783
aime24,spec_casc_tok_lt,alpha0.15,case_004,2,ok,2.370570220212921,3.370570220212921,23112,6857.0,0.3950950367021535,stop,True,51.018722536973655
aime24,spec_casc_tok_lt,alpha0.15,case_005,0,ok,2.3602118893466746,3.3602118893466746,5709,1699.0,0.3933686482244457,stop,True,12.02407237701118
aime24,spec_casc_tok_lt,alpha0.15,case_005,1,ok,2.2963885429638853,3.2963885429638853,5295,1606.0,0.38273142382731423,stop,True,11.709406571928412
aime24,spec_casc_tok_lt,alpha0.15,case_005,2,ok,2.51713532513181,3.51713532513181,8005,2276.0,0.41952255418863504,stop,True,16.623175122076645
aime24,spec_casc_tok_lt,alpha0.15,case_006,0,ok,2.557669082125604,3.557669082125604,11783,3312.0,0.4262781803542673,stop,True,23.348146070959046
aime24,spec_casc_tok_lt,alpha0.15,case_006,1,ok,2.5344638949671774,3.5344638949671774,6460,1828.0,0.4224106491611962,stop,True,13.213514767820016
aime24,spec_casc_tok_lt,alpha0.15,case_006,2,ok,2.579863739591219,3.579863739591219,9456,2642.0,0.4299772899318698,stop,True,19.13715433422476
aime24,spec_casc_tok_lt,alpha0.15,case_007,0,ok,2.211723092470945,3.211723092470945,6354,1979.0,0.36862051541182417,stop,True,13.956357137067243
aime24,spec_casc_tok_lt,alpha0.15,case_007,1,ok,2.4357142857142855,3.4357142857142855,2885,840.0,0.40595238095238095,stop,True,6.089284741086885
aime24,spec_casc_tok_lt,alpha0.15,case_007,2,ok,2.228587962962963,3.228587962962963,5579,1728.0,0.3714313271604938,stop,True,12.561755226925015
aime24,spec_casc_tok_lt,alpha0.15,case_008,0,ok,2.9214285714285713,3.9214285714285713,3842,980.0,0.4869047619047619,stop,True,6.873989379964769
aime24,spec_casc_tok_lt,alpha0.15,case_008,1,ok,2.934810951760104,3.934810951760104,3018,767.0,0.48913515862668405,stop,True,5.546756819821894
aime24,spec_casc_tok_lt,alpha0.15,case_008,2,ok,2.6056338028169015,3.6056338028169015,3327,923.0,0.43427230046948356,stop,True,6.711684731999412
aime24,spec_casc_tok_lt,alpha0.15,case_009,0,ok,2.874695863746959,3.874695863746959,3185,822.0,0.4791159772911598,stop,True,5.876489479094744
aime24,spec_casc_tok_lt,alpha0.15,case_009,1,ok,2.5568181818181817,3.5568181818181817,3443,968.0,0.42613636363636365,stop,True,7.131426194915548
aime24,spec_casc_tok_lt,alpha0.15,case_009,2,ok,2.729559748427673,3.729559748427673,3558,954.0,0.4549266247379455,stop,True,7.020753412041813
aime24,spec_casc_tok_lt,alpha0.15,case_010,0,ok,2.7492625368731565,3.7492625368731565,1270,339.0,0.4582104228121927,stop,True,2.4483473640866578
aime24,spec_casc_tok_lt,alpha0.15,case_010,1,ok,2.8139963167587476,3.8139963167587476,2069,543.0,0.468999386126458,stop,True,4.01845244015567
aime24,spec_casc_tok_lt,alpha0.15,case_010,2,ok,2.9368421052631577,3.9368421052631577,1121,285.0,0.48947368421052634,stop,True,2.1084008319303393
aime24,spec_casc_tok_lt,alpha0.15,case_011,0,ok,2.4329295648272766,3.4329295648272766,7652,2229.0,0.40548826080454614,stop,True,15.83734231814742
aime24,spec_casc_tok_lt,alpha0.15,case_011,1,ok,2.5344603381014306,3.5344603381014306,5434,1538.0,0.4224100563502384,stop,True,11.307004383997992
aime24,spec_casc_tok_lt,alpha0.15,case_011,2,ok,2.4128503075871497,3.4128503075871497,9986,2926.0,0.40214171793119163,stop,True,21.464189001126215
aime24,spec_casc_tok_lt,alpha0.15,case_012,0,ok,2.5555555555555554,3.5555555555555554,1248,351.0,0.42592592592592593,stop,True,2.528756867861375
aime24,spec_casc_tok_lt,alpha0.15,case_012,1,ok,2.2021924482338613,3.2021924482338613,2628,821.0,0.36703207470564353,stop,True,6.033984638983384
aime24,spec_casc_tok_lt,alpha0.15,case_012,2,ok,2.060377358490566,3.060377358490566,2432,795.0,0.3433962264150943,stop,True,5.861272542970255
aime24,spec_casc_tok_lt,alpha0.15,case_013,0,ok,2.95900439238653,3.95900439238653,2704,683.0,0.49316739873108834,stop,True,4.780765464063734
aime24,spec_casc_tok_lt,alpha0.15,case_013,1,ok,2.9005328596802844,3.9005328596802844,2196,563.0,0.48342214328004735,stop,True,4.0673893499188125
aime24,spec_casc_tok_lt,alpha0.15,case_013,2,ok,2.98576512455516,3.98576512455516,3361,843.0,0.49762752075919336,stop,True,6.097286283969879
aime24,spec_casc_tok_lt,alpha0.15,case_014,0,ok,1.93363446838082,2.93363446838082,16884,5756.0,0.32227241139680335,stop,True,41.1591189680621
aime24,spec_casc_tok_lt,alpha0.15,case_014,1,ok,1.8829061125436068,2.8829061125436066,19006,6593.0,0.31381768542393446,stop,True,48.641183994943276
aime24,spec_casc_tok_lt,alpha0.15,case_014,2,ok,2.0754504504504503,3.0754504504504503,32768,10656.0,0.3459084084084084,length,False,79.3869541361928
aime24,spec_casc_tok_lt,alpha0.15,case_015,0,ok,2.5698924731182795,3.5698924731182795,6308,1767.0,0.4283154121863799,stop,True,12.521251372992992
aime24,spec_casc_tok_lt,alpha0.15,case_015,1,ok,2.595765158806545,3.595765158806545,7472,2078.0,0.4326275264677575,stop,True,15.178951157955453
aime24,spec_casc_tok_lt,alpha0.15,case_015,2,ok,2.6860739575137687,3.6860739575137687,9370,2542.0,0.44767899291896146,stop,True,18.5942043249961
aime24,spec_casc_tok_lt,alpha0.15,case_016,0,ok,2.718840579710145,3.718840579710145,1281,345.0,0.45314009661835747,stop,True,2.4796267999336123
aime24,spec_casc_tok_lt,alpha0.15,case_016,1,ok,2.5618784530386742,3.5618784530386742,6447,1810.0,0.42697974217311235,stop,True,13.345390422036871
aime24,spec_casc_tok_lt,alpha0.15,case_016,2,ok,2.5403071017274472,3.5403071017274472,3690,1042.0,0.4233845169545745,stop,True,7.677606607088819
aime24,spec_casc_tok_lt,alpha0.15,case_017,0,ok,2.4294149221685455,3.4294149221685455,6389,1863.0,0.4049024870280909,stop,True,13.078555009094998
aime24,spec_casc_tok_lt,alpha0.15,case_017,1,ok,2.2645145145145147,3.2645145145145147,13045,3996.0,0.37741908575241906,stop,True,29.183916233945638
aime24,spec_casc_tok_lt,alpha0.15,case_017,2,ok,2.5155728587319244,3.5155728587319244,12642,3596.0,0.4192621431219874,stop,True,26.10884330305271
aime24,spec_casc_tok_lt,alpha0.15,case_018,0,ok,2.6811977102597973,3.6811977102597973,8360,2271.0,0.44686628504329956,stop,True,16.173929620999843
aime24,spec_casc_tok_lt,alpha0.15,case_018,1,ok,2.475445458496306,3.475445458496306,7996,2301.0,0.4125742430827177,stop,True,16.80010324413888
aime24,spec_casc_tok_lt,alpha0.15,case_018,2,ok,2.4588377723970942,3.4588377723970942,5715,1652.0,0.40980629539951574,stop,True,12.070380733115599
aime24,spec_casc_tok_lt,alpha0.15,case_019,0,ok,2.409005037783375,3.409005037783375,10826,3176.0,0.40150083963056254,stop,True,22.420049000065774
aime24,spec_casc_tok_lt,alpha0.15,case_019,1,ok,2.5442834138486314,3.5442834138486314,6603,1863.0,0.42404723564143854,stop,True,13.543204304995015
aime24,spec_casc_tok_lt,alpha0.15,case_019,2,ok,2.433589231254601,3.433589231254601,32650,9509.0,0.40559820520910017,stop,True,70.7459188750945
aime24,spec_casc_tok_lt,alpha0.15,case_020,0,ok,2.6341756919374246,3.6341756919374246,3020,831.0,0.4390292819895708,stop,True,5.806589161977172
aime24,spec_casc_tok_lt,alpha0.15,case_020,1,ok,2.6571719226856563,3.6571719226856563,3595,983.0,0.44286198711427605,stop,True,7.095323649933562
aime24,spec_casc_tok_lt,alpha0.15,case_020,2,ok,2.603932584269663,3.603932584269663,2565,712.0,0.4339887640449438,stop,True,5.111390308011323
aime24,spec_casc_tok_lt,alpha0.15,case_021,0,ok,2.2514011208967175,3.2514011208967175,8122,2498.0,0.3752335201494529,stop,True,17.835777078056708
aime24,spec_casc_tok_lt,alpha0.15,case_021,1,ok,2.3330430996952547,3.3330430996952547,7656,2297.0,0.38884051661587576,stop,True,16.904666624963284
aime24,spec_casc_tok_lt,alpha0.15,case_021,2,ok,2.2359416840226123,3.2359416840226123,10876,3361.0,0.37265694733710203,stop,True,24.820553096942604
aime24,spec_casc_tok_lt,alpha0.15,case_022,0,ok,1.925,2.925,3393,1160.0,0.32083333333333336,stop,True,8.211985062807798
aime24,spec_casc_tok_lt,alpha0.15,case_022,1,ok,1.902560014173089,2.9025600141730887,32768,11289.0,0.3170933356955148,length,False,84.79245100612752
aime24,spec_casc_tok_lt,alpha0.15,case_022,2,ok,2.136050156739812,3.136050156739812,5003,1595.0,0.35600835945663534,stop,True,11.620259253075346
aime24,spec_casc_tok_lt,alpha0.15,case_023,0,ok,2.233490566037736,3.233490566037736,4111,1272.0,0.37224842767295596,stop,True,9.117868483997881
aime24,spec_casc_tok_lt,alpha0.15,case_023,1,ok,2.3238221632382214,3.3238221632382214,5007,1507.0,0.3873036938730369,stop,True,11.122081848792732
aime24,spec_casc_tok_lt,alpha0.15,case_023,2,ok,2.2710604558969276,3.2710604558969276,6599,2018.0,0.37851007598282127,stop,True,14.898427106905729
aime24,spec_casc_tok_lt,alpha0.15,case_024,0,ok,2.669724770642202,3.669724770642202,3600,981.0,0.44495412844036697,stop,True,6.973789012059569
aime24,spec_casc_tok_lt,alpha0.15,case_024,1,ok,2.708904109589041,3.708904109589041,2167,584.0,0.4514840182648402,stop,True,4.269344479078427
aime24,spec_casc_tok_lt,alpha0.15,case_024,2,ok,2.4410569105691056,3.4410569105691056,3385,984.0,0.40684281842818426,stop,True,7.2149607529863715
aime24,spec_casc_tok_lt,alpha0.15,case_025,0,ok,3.305389221556886,4.3053892215568865,2155,501.0,0.5508982035928144,stop,True,3.519757849164307
aime24,spec_casc_tok_lt,alpha0.15,case_025,1,ok,3.2305630026809653,4.230563002680965,1577,373.0,0.5384271671134941,stop,True,2.70740326307714
aime24,spec_casc_tok_lt,alpha0.15,case_025,2,ok,3.272727272727273,4.272727272727273,2350,550.0,0.5454545454545454,stop,True,3.990655191009864
aime24,spec_casc_tok_lt,alpha0.15,case_026,0,ok,2.245516056277521,3.245516056277521,30218,9311.0,0.37425267604625356,stop,True,67.31793102691881
aime24,spec_casc_tok_lt,alpha0.15,case_026,1,ok,2.0438457965629353,3.0438457965629353,32768,10765.0,0.34064096609382255,length,False,80.03505271091126
aime24,spec_casc_tok_lt,alpha0.15,case_026,2,ok,2.141884766561212,3.141884766561212,32768,10431.0,0.35698079442686864,length,False,77.78364048199728
aime24,spec_casc_tok_lt,alpha0.15,case_027,0,ok,2.8578856152512997,3.8578856152512997,2225,577.0,0.47631426920854997,stop,True,4.112070531118661
aime24,spec_casc_tok_lt,alpha0.15,case_027,1,ok,2.551111111111111,3.551111111111111,1597,450.0,0.42518518518518517,stop,True,3.287951401202008
aime24,spec_casc_tok_lt,alpha0.15,case_027,2,ok,2.8417874396135265,3.8417874396135265,3182,828.0,0.47363123993558776,stop,True,6.073140837950632
aime24,spec_casc_tok_lt,alpha0.15,case_028,0,ok,2.9554655870445345,3.9554655870445345,6837,1729.0,0.4925775978407557,stop,True,12.284383862977847
aime24,spec_casc_tok_lt,alpha0.15,case_028,1,ok,2.55149876042371,3.55149876042371,15756,4437.0,0.42524979340395164,stop,True,32.88899317011237
aime24,spec_casc_tok_lt,alpha0.15,case_028,2,ok,2.5879446640316206,3.5879446640316206,3631,1012.0,0.43132411067193677,stop,True,7.3965891329571605
aime24,spec_casc_tok_lt,alpha0.15,case_029,0,ok,2.326647564469914,3.326647564469914,11608,3490.0,0.387774594078319,stop,True,24.91868538991548
aime24,spec_casc_tok_lt,alpha0.15,case_029,1,ok,2.1359071635795583,3.1359071635795583,14051,4481.0,0.3559845272632597,stop,True,33.03702796599828
aime24,spec_casc_tok_lt,alpha0.15,case_029,2,ok,2.0946006749156356,3.0946006749156356,27511,8890.0,0.34910011248593925,stop,True,64.67257788102143
aime24,spec_casc_tok_lt,alpha0.15,case_030,0,ok,2.172981878088962,3.172981878088962,7703,2428.0,0.36216364634816034,stop,True,17.36907722009346
aime24,spec_casc_tok_lt,alpha0.15,case_030,1,ok,2.0329871716554675,3.0329871716554675,9931,3274.0,0.3388311952759112,stop,True,24.12470144801773
aime24,spec_casc_tok_lt,alpha0.15,case_030,2,ok,1.8449339207048459,2.844933920704846,6458,2270.0,0.307488986784141,stop,True,16.280614951858297
aime24,spec_casc_tok_lt,alpha0.2,case_001,0,ok,3.23943661971831,4.23943661971831,1505,355.0,0.539906103286385,stop,True,2.9473926678765565
aime24,spec_casc_tok_lt,alpha0.2,case_001,1,ok,3.080332409972299,4.080332409972299,1473,361.0,0.5133887349953832,stop,True,3.005452822893858
aime24,spec_casc_tok_lt,alpha0.2,case_001,2,ok,3.2737752161383287,4.273775216138329,1481,347.0,0.5456292026897214,stop,True,2.8774158600717783
aime24,spec_casc_tok_lt,alpha0.2,case_002,0,ok,2.307908225530876,3.307908225530876,27105,8194.0,0.38465137092181273,stop,True,60.601467665983364
aime24,spec_casc_tok_lt,alpha0.2,case_002,1,ok,2.3345063900722356,3.3345063900722356,18001,5399.0,0.3890843983453726,stop,True,39.25030922796577
aime24,spec_casc_tok_lt,alpha0.2,case_002,2,ok,2.1269807954664706,3.1269807954664706,29797,9529.0,0.3544967992444118,stop,True,70.69571646116674
aime24,spec_casc_tok_lt,alpha0.2,case_003,0,ok,1.9491686963888595,2.9491686963888597,27849,9443.0,0.32486144939814326,stop,True,68.87591170403175
aime24,spec_casc_tok_lt,alpha0.2,case_003,1,ok,1.9835178351783518,2.983517835178352,12126,4065.0,0.33058630586305865,stop,True,29.096855520037934
aime24,spec_casc_tok_lt,alpha0.2,case_003,2,ok,1.8809565676103395,2.8809565676103395,32768,11374.0,0.3134927612683899,length,True,85.06672362890095
aime24,spec_casc_tok_lt,alpha0.2,case_004,0,ok,2.3173186913749713,3.3173186913749713,29000,8742.0,0.38621978189582856,stop,True,63.78082003304735
aime24,spec_casc_tok_lt,alpha0.2,case_004,1,ok,2.516825924387204,3.516825924387204,25395,7221.0,0.4194709873978673,stop,True,52.26290741190314
aime24,spec_casc_tok_lt,alpha0.2,case_004,2,ok,2.370570220212921,3.370570220212921,23112,6857.0,0.3950950367021535,stop,True,50.836382495006546
aime24,spec_casc_tok_lt,alpha0.2,case_005,0,ok,2.3602118893466746,3.3602118893466746,5709,1699.0,0.3933686482244457,stop,True,12.067076674895361
aime24,spec_casc_tok_lt,alpha0.2,case_005,1,ok,2.4626506024096386,3.4626506024096386,10059,2905.0,0.41044176706827307,stop,True,20.68574532098137
aime24,spec_casc_tok_lt,alpha0.2,case_005,2,ok,2.51713532513181,3.51713532513181,8005,2276.0,0.41952255418863504,stop,True,16.560418082866818
aime24,spec_casc_tok_lt,alpha0.2,case_006,0,ok,2.557669082125604,3.557669082125604,11783,3312.0,0.4262781803542673,stop,True,23.42877060105093
aime24,spec_casc_tok_lt,alpha0.2,case_006,1,ok,2.713769570453633,3.713769570453633,9251,2491.0,0.45229492840893887,stop,True,17.517030385090038
aime24,spec_casc_tok_lt,alpha0.2,case_006,2,ok,2.579863739591219,3.579863739591219,9456,2642.0,0.4299772899318698,stop,True,19.05470217508264
aime24,spec_casc_tok_lt,alpha0.2,case_007,0,ok,2.211723092470945,3.211723092470945,6354,1979.0,0.36862051541182417,stop,True,14.001603697193787
aime24,spec_casc_tok_lt,alpha0.2,case_007,1,ok,2.3422752111276703,3.3422752111276703,6726,2013.0,0.39037920185461167,stop,True,14.19016434904188
aime24,spec_casc_tok_lt,alpha0.2,case_007,2,ok,2.228587962962963,3.228587962962963,5579,1728.0,0.3714313271604938,stop,True,12.511037682881579
aime24,spec_casc_tok_lt,alpha0.2,case_008,0,ok,2.9214285714285713,3.9214285714285713,3842,980.0,0.4869047619047619,stop,True,6.898633108008653
aime24,spec_casc_tok_lt,alpha0.2,case_008,1,ok,2.6322188449848025,3.6322188449848025,3585,987.0,0.4387031408308004,stop,True,6.935533120995387
aime24,spec_casc_tok_lt,alpha0.2,case_008,2,ok,2.6056338028169015,3.6056338028169015,3327,923.0,0.43427230046948356,stop,True,6.682870642049238
aime24,spec_casc_tok_lt,alpha0.2,case_009,0,ok,2.874695863746959,3.874695863746959,3185,822.0,0.4791159772911598,stop,True,5.896148829953745
aime24,spec_casc_tok_lt,alpha0.2,case_009,1,ok,2.8620689655172415,3.8620689655172415,3023,783.0,0.47701149425287354,stop,True,5.644833947066218
aime24,spec_casc_tok_lt,alpha0.2,case_009,2,ok,2.729559748427673,3.729559748427673,3558,954.0,0.4549266247379455,stop,True,6.992375479079783
aime24,spec_casc_tok_lt,alpha0.2,case_010,0,ok,2.7492625368731565,3.7492625368731565,1270,339.0,0.4582104228121927,stop,True,2.455507608829066
aime24,spec_casc_tok_lt,alpha0.2,case_010,1,ok,2.7362784471218204,3.7362784471218204,2791,747.0,0.45604640785363676,stop,True,5.357334079919383
aime24,spec_casc_tok_lt,alpha0.2,case_010,2,ok,2.9368421052631577,3.9368421052631577,1121,285.0,0.48947368421052634,stop,True,2.0996916671283543
aime24,spec_casc_tok_lt,alpha0.2,case_011,0,ok,2.4329295648272766,3.4329295648272766,7652,2229.0,0.40548826080454614,stop,True,15.892833238933235
aime24,spec_casc_tok_lt,alpha0.2,case_011,1,ok,2.088972929936306,3.088972929936306,15519,5024.0,0.3481621549893843,stop,True,36.15632390114479
aime24,spec_casc_tok_lt,alpha0.2,case_011,2,ok,2.4128503075871497,3.4128503075871497,9986,2926.0,0.40214171793119163,stop,True,21.377179531147704
aime24,spec_casc_tok_lt,alpha0.2,case_012,0,ok,2.5555555555555554,3.5555555555555554,1248,351.0,0.42592592592592593,stop,True,2.535535791190341
aime24,spec_casc_tok_lt,alpha0.2,case_012,1,ok,2.3085787451984636,3.3085787451984636,2584,781.0,0.3847631241997439,stop,True,5.5822036939207464
aime24,spec_casc_tok_lt,alpha0.2,case_012,2,ok,2.060377358490566,3.060377358490566,2432,795.0,0.3433962264150943,stop,True,5.839487449964508
aime24,spec_casc_tok_lt,alpha0.2,case_013,0,ok,2.95900439238653,3.95900439238653,2704,683.0,0.49316739873108834,stop,True,4.797401305055246
aime24,spec_casc_tok_lt,alpha0.2,case_013,1,ok,2.824,3.824,2390,625.0,0.4706666666666667,stop,True,4.383254159009084
aime24,spec_casc_tok_lt,alpha0.2,case_013,2,ok,2.98576512455516,3.98576512455516,3361,843.0,0.49762752075919336,stop,True,6.072403458878398
aime24,spec_casc_tok_lt,alpha0.2,case_014,0,ok,1.93363446838082,2.93363446838082,16884,5756.0,0.32227241139680335,stop,True,41.284686296014115
aime24,spec_casc_tok_lt,alpha0.2,case_014,1,ok,1.9494949494949494,2.9494949494949494,11678,3960.0,0.32491582491582494,stop,True,28.228331078076735
aime24,spec_casc_tok_lt,alpha0.2,case_014,2,ok,2.0754504504504503,3.0754504504504503,32768,10656.0,0.3459084084084084,length,False,79.10626468178816
aime24,spec_casc_tok_lt,alpha0.2,case_015,0,ok,2.5698924731182795,3.5698924731182795,6308,1767.0,0.4283154121863799,stop,True,12.56499916804023
aime24,spec_casc_tok_lt,alpha0.2,case_015,1,ok,2.5839793281653747,3.5839793281653747,5547,1548.0,0.4306632213608958,stop,True,10.977208624128252
aime24,spec_casc_tok_lt,alpha0.2,case_015,2,ok,2.6860739575137687,3.6860739575137687,9370,2542.0,0.44767899291896146,stop,True,18.516704408917576
aime24,spec_casc_tok_lt,alpha0.2,case_016,0,ok,2.718840579710145,3.718840579710145,1281,345.0,0.45314009661835747,stop,True,2.487530750222504
aime24,spec_casc_tok_lt,alpha0.2,case_016,1,ok,2.370126582278481,3.370126582278481,6656,1975.0,0.3950210970464135,stop,True,14.127499933121726
aime24,spec_casc_tok_lt,alpha0.2,case_016,2,ok,2.5403071017274472,3.5403071017274472,3690,1042.0,0.4233845169545745,stop,True,7.648910291027278
aime24,spec_casc_tok_lt,alpha0.2,case_017,0,ok,2.4294149221685455,3.4294149221685455,6389,1863.0,0.4049024870280909,stop,True,13.126016029156744
aime24,spec_casc_tok_lt,alpha0.2,case_017,1,ok,2.4542005420054203,3.4542005420054203,6373,1845.0,0.40903342366757,stop,True,12.932217058027163
aime24,spec_casc_tok_lt,alpha0.2,case_017,2,ok,2.5155728587319244,3.5155728587319244,12642,3596.0,0.4192621431219874,stop,True,25.999672554899007
aime24,spec_casc_tok_lt,alpha0.2,case_018,0,ok,2.6811977102597973,3.6811977102597973,8360,2271.0,0.44686628504329956,stop,True,16.2268976198975
aime24,spec_casc_tok_lt,alpha0.2,case_018,1,ok,2.5059851180847623,3.5059851180847623,10837,3091.0,0.4176641863474604,stop,True,21.98621184914373
aime24,spec_casc_tok_lt,alpha0.2,case_018,2,ok,2.4588377723970942,3.4588377723970942,5715,1652.0,0.40980629539951574,stop,True,12.024295133072883
aime24,spec_casc_tok_lt,alpha0.2,case_019,0,ok,2.409005037783375,3.409005037783375,10826,3176.0,0.40150083963056254,stop,True,22.489429550943896
aime24,spec_casc_tok_lt,alpha0.2,case_019,1,ok,2.241764764071619,3.241764764071619,32768,10109.0,0.37362746067860325,length,False,73.48117543198168
aime24,spec_casc_tok_lt,alpha0.2,case_019,2,ok,2.452296439711735,3.452296439711735,32096,9297.0,0.40871607328528914,stop,True,68.85424777097069
aime24,spec_casc_tok_lt,alpha0.2,case_020,0,ok,2.6341756919374246,3.6341756919374246,3020,831.0,0.4390292819895708,stop,True,5.82677373313345
aime24,spec_casc_tok_lt,alpha0.2,case_020,1,ok,2.470651013874066,3.470651013874066,3249,937.0,0.411775168979011,stop,True,6.560949032893404
aime24,spec_casc_tok_lt,alpha0.2,case_020,2,ok,2.6493011435832274,3.6493011435832274,2872,787.0,0.4415501905972046,stop,True,5.6291381909977645
aime24,spec_casc_tok_lt,alpha0.2,case_021,0,ok,2.2514011208967175,3.2514011208967175,8122,2498.0,0.3752335201494529,stop,True,17.90119978808798
aime24,spec_casc_tok_lt,alpha0.2,case_021,1,ok,2.3391551584077988,3.3391551584077988,8221,2462.0,0.3898591930679664,stop,True,17.608362141996622
aime24,spec_casc_tok_lt,alpha0.2,case_021,2,ok,2.2146512254241855,3.2146512254241855,11936,3713.0,0.36910853757069756,stop,True,27.296405142871663
aime24,spec_casc_tok_lt,alpha0.2,case_022,0,ok,1.925,2.925,3393,1160.0,0.32083333333333336,stop,True,8.242160148918629
aime24,spec_casc_tok_lt,alpha0.2,case_022,1,ok,1.9010181496237273,2.9010181496237273,32768,11295.0,0.31683635827062123,length,False,82.22907703206874
aime24,spec_casc_tok_lt,alpha0.2,case_022,2,ok,2.1617483296213806,3.1617483296213806,11356,3592.0,0.36029138827023016,stop,True,26.332209502113983
aime24,spec_casc_tok_lt,alpha0.2,case_023,0,ok,2.233490566037736,3.233490566037736,4111,1272.0,0.37224842767295596,stop,True,9.147918506059796
aime24,spec_casc_tok_lt,alpha0.2,case_023,1,ok,2.293259557344064,3.293259557344064,6545,1988.0,0.38220992622401073,stop,True,14.26412405911833
aime24,spec_casc_tok_lt,alpha0.2,case_023,2,ok,2.2546296296296298,3.2546296296296298,4919,1512.0,0.3757716049382716,stop,True,11.112902058055624
aime24,spec_casc_tok_lt,alpha0.2,case_024,0,ok,2.669724770642202,3.669724770642202,3600,981.0,0.44495412844036697,stop,True,6.996822835179046
aime24,spec_casc_tok_lt,alpha0.2,case_024,1,ok,2.7131474103585655,3.7131474103585655,2796,753.0,0.45219123505976094,stop,True,5.355512371985242
aime24,spec_casc_tok_lt,alpha0.2,case_024,2,ok,2.5988779803646564,3.5988779803646564,7698,2139.0,0.4331463300607761,stop,True,15.661029468057677
aime24,spec_casc_tok_lt,alpha0.2,case_025,0,ok,3.305389221556886,4.3053892215568865,2155,501.0,0.5508982035928144,stop,True,3.5314680428709835
aime24,spec_casc_tok_lt,alpha0.2,case_025,1,ok,3.1349397590361447,4.134939759036145,1716,415.0,0.5224899598393574,stop,True,2.918815608136356
aime24,spec_casc_tok_lt,alpha0.2,case_025,2,ok,3.257493188010899,4.2574931880108995,3126,734.0,0.5429155313351499,stop,True,5.29989912500605
aime24,spec_casc_tok_lt,alpha0.2,case_026,0,ok,2.245516056277521,3.245516056277521,30218,9311.0,0.37425267604625356,stop,True,67.55251260497607
aime24,spec_casc_tok_lt,alpha0.2,case_026,1,ok,2.1669421487603304,3.1669421487603304,21076,6655.0,0.3611570247933884,stop,True,47.4642789340578
aime24,spec_casc_tok_lt,alpha0.2,case_026,2,ok,2.134098517455763,3.134098517455763,32768,10455.0,0.3556830862426271,length,False,77.54992461088113
aime24,spec_casc_tok_lt,alpha0.2,case_027,0,ok,2.8578856152512997,3.8578856152512997,2225,577.0,0.47631426920854997,stop,True,4.124205543892458
aime24,spec_casc_tok_lt,alpha0.2,case_027,1,ok,2.704460966542751,3.704460966542751,1993,538.0,0.4507434944237918,stop,True,3.831606622086838
aime24,spec_casc_tok_lt,alpha0.2,case_027,2,ok,2.8840169731258842,3.8840169731258842,2745,707.0,0.48066949552098065,stop,True,5.187239395920187
aime24,spec_casc_tok_lt,alpha0.2,case_028,0,ok,2.9554655870445345,3.9554655870445345,6837,1729.0,0.4925775978407557,stop,True,12.32821532804519
aime24,spec_casc_tok_lt,alpha0.2,case_028,1,ok,2.7450873362445414,3.7450873362445414,6860,1832.0,0.4575145560407569,stop,True,13.068309457041323
aime24,spec_casc_tok_lt,alpha0.2,case_028,2,ok,2.7518882175226587,3.7518882175226587,9935,2648.0,0.4586480362537764,stop,True,19.37110414984636
aime24,spec_casc_tok_lt,alpha0.2,case_029,0,ok,2.326647564469914,3.326647564469914,11608,3490.0,0.387774594078319,stop,True,25.00675999186933
aime24,spec_casc_tok_lt,alpha0.2,case_029,1,ok,2.3738124741842213,3.3738124741842213,8168,2421.0,0.3956354123640369,stop,True,17.255331847118214
aime24,spec_casc_tok_lt,alpha0.2,case_029,2,ok,2.203754399687133,3.203754399687133,32768,10228.0,0.36729239994785556,length,False,76.17739738197997
aime24,spec_casc_tok_lt,alpha0.2,case_030,0,ok,2.172981878088962,3.172981878088962,7703,2428.0,0.36216364634816034,stop,True,17.425303655909374
aime24,spec_casc_tok_lt,alpha0.2,case_030,1,ok,1.923913043478261,2.9239130434782608,7802,2668.0,0.32065217391304346,stop,True,18.993636013008654
aime24,spec_casc_tok_lt,alpha0.2,case_030,2,ok,1.9234866828087167,2.9234866828087167,6038,2065.0,0.32058111380145277,stop,True,15.065494704060256
aime24,spec_casc_tok_lt,alpha0.25,case_001,0,ok,3.330601092896175,4.330601092896175,1585,366.0,0.5551001821493625,stop,True,3.072391655994579
aime24,spec_casc_tok_lt,alpha0.25,case_001,1,ok,3.215130023640662,4.215130023640662,1783,423.0,0.5358550039401103,stop,True,3.4325778449419886
aime24,spec_casc_tok_lt,alpha0.25,case_001,2,ok,3.0464396284829722,4.046439628482972,1307,323.0,0.5077399380804953,stop,True,2.639738264027983
aime24,spec_casc_tok_lt,alpha0.25,case_002,0,ok,1.9567767550983577,2.9567767550983577,32768,11082.0,0.32612945918305963,length,False,82.33815799001604
aime24,spec_casc_tok_lt,alpha0.25,case_002,1,ok,2.2381847812460824,3.2381847812460824,25831,7977.0,0.3730307968743471,stop,True,59.014475472969934
aime24,spec_casc_tok_lt,alpha0.25,case_002,2,ok,2.1120714217874443,3.1120714217874443,32768,10529.0,0.3520119036312407,length,False,76.54601258202456
aime24,spec_casc_tok_lt,alpha0.25,case_003,0,ok,1.954377423135876,2.9543774231358757,32768,11091.0,0.325729570522646,length,False,82.89347471203655
aime24,spec_casc_tok_lt,alpha0.25,case_003,1,ok,1.825802000689893,2.825802000689893,32768,11596.0,0.30430033344831553,length,False,87.22139277891256
aime24,spec_casc_tok_lt,alpha0.25,case_003,2,ok,1.9848097671777398,2.98480976717774,21025,7044.0,0.33080162786295664,stop,True,50.93682489194907
aime24,spec_casc_tok_lt,alpha0.25,case_004,0,ok,2.3924300717479463,3.3924300717479463,32624,9617.0,0.3987383452913244,stop,True,70.37267045606859
aime24,spec_casc_tok_lt,alpha0.25,case_004,1,ok,2.481143099968129,3.481143099968129,32768,9413.0,0.4135238499946882,length,False,70.05246820789762
aime24,spec_casc_tok_lt,alpha0.25,case_004,2,ok,2.3902741852043454,3.3902741852043454,32768,9665.0,0.3983790308673909,length,False,70.68558246199973
aime24,spec_casc_tok_lt,alpha0.25,case_005,0,ok,2.3254747871643744,3.3254747871643744,10156,3054.0,0.38757913119406245,stop,True,21.60318900598213
aime24,spec_casc_tok_lt,alpha0.25,case_005,1,ok,2.5413105413105415,3.5413105413105415,6214,1755.0,0.4235517568850902,stop,True,12.51784929796122
aime24,spec_casc_tok_lt,alpha0.25,case_005,2,ok,2.4022211492032834,3.4022211492032834,7046,2071.0,0.4003701915338806,stop,True,14.761580549879
aime24,spec_casc_tok_lt,alpha0.25,case_006,0,ok,2.39682157476523,3.39682157476523,14106,4153.0,0.39947026246087164,stop,True,29.21473649679683
aime24,spec_casc_tok_lt,alpha0.25,case_006,1,ok,2.5804665875840254,3.5804665875840254,18109,5058.0,0.43007776459733754,stop,True,36.09244454302825
aime24,spec_casc_tok_lt,alpha0.25,case_006,2,ok,2.3295061979272504,3.3295061979272504,32768,9842.0,0.3882510329878751,length,False,71.14297530590557
aime24,spec_casc_tok_lt,alpha0.25,case_007,0,ok,2.2994604316546763,3.2994604316546763,3667,1112.0,0.3832434052757794,stop,True,7.815061673987657
aime24,spec_casc_tok_lt,alpha0.25,case_007,1,ok,2.3216911764705883,3.3216911764705883,5422,1632.0,0.3869485294117647,stop,True,11.586307165911421
aime24,spec_casc_tok_lt,alpha0.25,case_007,2,ok,2.4479200257981297,3.4479200257981297,10692,3101.0,0.40798667096635494,stop,True,22.033193840878084
aime24,spec_casc_tok_lt,alpha0.25,case_008,0,ok,2.6977715877437327,3.6977715877437327,2655,718.0,0.44962859795728877,stop,True,5.056166663067415
aime24,spec_casc_tok_lt,alpha0.25,case_008,1,ok,2.5629496402877696,3.5629496402877696,1980,556.0,0.427158273381295,stop,True,3.9340871090535074
aime24,spec_casc_tok_lt,alpha0.25,case_008,2,ok,2.7891832229580573,3.7891832229580573,3432,906.0,0.4648638704930096,stop,True,6.412982590030879
aime24,spec_casc_tok_lt,alpha0.25,case_009,0,ok,2.5475638051044083,3.5475638051044083,3058,862.0,0.4245939675174014,stop,True,6.155757329892367
aime24,spec_casc_tok_lt,alpha0.25,case_009,1,ok,2.8225469728601253,3.8225469728601253,3662,958.0,0.4704244954766875,stop,True,6.914077324094251
aime24,spec_casc_tok_lt,alpha0.25,case_009,2,ok,2.753761969904241,3.753761969904241,2744,731.0,0.45896032831737343,stop,True,5.237361893057823
aime24,spec_casc_tok_lt,alpha0.25,case_010,0,ok,2.6743295019157087,3.6743295019157087,959,261.0,0.44572158365261816,stop,True,1.87157238018699
aime24,spec_casc_tok_lt,alpha0.25,case_010,1,ok,2.986547085201794,3.986547085201794,2665,669.0,0.4977578475336323,stop,True,4.8404885430354625
aime24,spec_casc_tok_lt,alpha0.25,case_010,2,ok,2.918032786885246,3.918032786885246,2151,549.0,0.48633879781420764,stop,True,3.938454099930823
aime24,spec_casc_tok_lt,alpha0.25,case_011,0,ok,2.3167746580273576,3.3167746580273576,4607,1389.0,0.3861291096712263,stop,True,9.881810378981754
aime24,spec_casc_tok_lt,alpha0.25,case_011,1,ok,2.345661450924609,3.345661450924609,18816,5624.0,0.3909435751541015,stop,True,40.708146893186495
aime24,spec_casc_tok_lt,alpha0.25,case_011,2,ok,2.2312859884836853,3.2312859884836853,6734,2084.0,0.3718809980806142,stop,True,14.911276077153161
aime24,spec_casc_tok_lt,alpha0.25,case_012,0,ok,2.2060491493383743,3.2060491493383743,1696,529.0,0.3676748582230624,stop,True,3.781813845038414
aime24,spec_casc_tok_lt,alpha0.25,case_012,1,ok,2.1626898047722345,3.1626898047722345,1457,461.0,0.3604483007953724,stop,True,3.3149165911599994
aime24,spec_casc_tok_lt,alpha0.25,case_012,2,ok,2.357876712328767,3.357876712328767,1960,584.0,0.3929794520547945,stop,True,4.187821303028613
aime24,spec_casc_tok_lt,alpha0.25,case_013,0,ok,2.9163498098859315,3.9163498098859315,3089,789.0,0.48605830164765523,stop,True,5.521698638098314
aime24,spec_casc_tok_lt,alpha0.25,case_013,1,ok,3.2389162561576357,4.238916256157635,1721,406.0,0.5398193760262726,stop,True,2.8567024159710854
aime24,spec_casc_tok_lt,alpha0.25,case_013,2,ok,2.7973790322580645,3.7973790322580645,3766,992.0,0.46622983870967744,stop,True,6.950132134137675
aime24,spec_casc_tok_lt,alpha0.25,case_014,0,ok,2.036774193548387,3.036774193548387,23535,7750.0,0.33946236559139786,stop,True,55.59714885591529
aime24,spec_casc_tok_lt,alpha0.25,case_014,1,ok,1.8667906710545141,2.866790671054514,20034,6989.0,0.3111317785090857,stop,True,50.285153991077095
aime24,spec_casc_tok_lt,alpha0.25,case_014,2,ok,1.9421739867729353,2.9421739867729353,17347,5897.0,0.3236956644621559,stop,True,42.40310069802217
aime24,spec_casc_tok_lt,alpha0.25,case_015,0,ok,2.7090225563909773,3.7090225563909773,4933,1330.0,0.45150375939849624,stop,True,9.388002594001591
aime24,spec_casc_tok_lt,alpha0.25,case_015,1,ok,2.782581055308328,3.782581055308328,5948,1573.0,0.46376350921805465,stop,True,11.157662309939042
aime24,spec_casc_tok_lt,alpha0.25,case_015,2,ok,2.616264294790343,3.616264294790343,5692,1574.0,0.43604404913172384,stop,True,11.16882317001
aime24,spec_casc_tok_lt,alpha0.25,case_016,0,ok,2.690744920993228,3.690744920993228,1635,443.0,0.44845748683220465,stop,True,3.179114195983857
aime24,spec_casc_tok_lt,alpha0.25,case_016,1,ok,2.412568306010929,3.412568306010929,2499,732.0,0.40209471766848814,stop,True,5.252665532985702
aime24,spec_casc_tok_lt,alpha0.25,case_016,2,ok,2.7175757575757578,3.7175757575757578,6132,1650.0,0.4529292929292929,stop,True,11.78258606698364
aime24,spec_casc_tok_lt,alpha0.25,case_017,0,ok,2.5836012861736335,3.5836012861736335,4458,1244.0,0.43060021436227225,stop,True,8.725955456960946
aime24,spec_casc_tok_lt,alpha0.25,case_017,1,ok,2.645527369826435,3.645527369826435,5461,1498.0,0.4409212283044059,stop,True,10.560018089832738
aime24,spec_casc_tok_lt,alpha0.25,case_017,2,ok,2.541481950601647,3.541481950601647,5592,1579.0,0.42358032510027444,stop,True,11.071771944174543
aime24,spec_casc_tok_lt,alpha0.25,case_018,0,ok,2.6958448753462605,3.6958448753462605,6671,1805.0,0.44930747922437675,stop,True,12.757017998024821
aime24,spec_casc_tok_lt,alpha0.25,case_018,1,ok,2.8134403209628887,3.8134403209628887,3801,997.0,0.46890672016048146,stop,True,7.075295323971659
aime24,spec_casc_tok_lt,alpha0.25,case_018,2,ok,2.5668032786885244,3.5668032786885244,8703,2440.0,0.4278005464480874,stop,True,17.36200685496442
aime24,spec_casc_tok_lt,alpha0.25,case_019,0,ok,2.583158776707164,3.583158776707164,8552,2387.0,0.4305264627845273,stop,True,16.763541034888476
aime24,spec_casc_tok_lt,alpha0.25,case_019,1,ok,2.5737316263632053,3.5737316263632053,7536,2109.0,0.4289552710605342,stop,True,14.961943289032206
aime24,spec_casc_tok_lt,alpha0.25,case_019,2,ok,2.1183747264249693,3.1183747264249693,32768,10509.0,0.3530624544041615,length,False,76.59918896504678
aime24,spec_casc_tok_lt,alpha0.25,case_020,0,ok,2.5599369085173502,3.5599369085173502,2257,634.0,0.42665615141955837,stop,True,4.415555601008236
aime24,spec_casc_tok_lt,alpha0.25,case_020,1,ok,2.8914141414141414,3.8914141414141414,3081,792.0,0.4819023569023569,stop,True,5.529892147053033
aime24,spec_casc_tok_lt,alpha0.25,case_020,2,ok,2.8354114713216956,3.8354114713216956,3075,802.0,0.47256857855361595,stop,True,5.60343370703049
aime24,spec_casc_tok_lt,alpha0.25,case_021,0,ok,2.134651249533756,3.134651249533756,8404,2681.0,0.35577520825562603,stop,True,19.147355230059475
aime24,spec_casc_tok_lt,alpha0.25,case_021,1,ok,2.401413982717989,3.401413982717989,17320,5092.0,0.4002356637863315,stop,True,36.81409709015861
aime24,spec_casc_tok_lt,alpha0.25,case_021,2,ok,2.448216340621404,3.448216340621404,5993,1738.0,0.40803605677023397,stop,True,12.46039681090042
aime24,spec_casc_tok_lt,alpha0.25,case_022,0,ok,2.1470518023394605,3.1470518023394605,13182,4189.0,0.3578419670565767,stop,True,29.68479161290452
aime24,spec_casc_tok_lt,alpha0.25,case_022,1,ok,1.9771493858897458,2.9771493858897458,10423,3501.0,0.32952489764829096,stop,True,25.012606225907803
aime24,spec_casc_tok_lt,alpha0.25,case_022,2,ok,2.1874074074074072,3.1874074074074072,4302,1350.0,0.3645679012345679,stop,True,9.607449670089409
aime24,spec_casc_tok_lt,alpha0.25,case_023,0,ok,2.3422982885085575,3.3422982885085575,4101,1227.0,0.3903830480847596,stop,True,8.78672576090321
aime24,spec_casc_tok_lt,alpha0.25,case_023,1,ok,2.3796664019062748,3.3796664019062748,4253,1259.0,0.39661106698437915,stop,True,9.069019675953314
aime24,spec_casc_tok_lt,alpha0.25,case_023,2,ok,1.6553524804177546,2.6553524804177546,1018,383.0,0.2758920800696258,stop,False,2.7442253660410643
aime24,spec_casc_tok_lt,alpha0.25,case_024,0,ok,2.5813715455475945,3.5813715455475945,3499,977.0,0.4302285909245991,stop,True,6.940324296941981
aime24,spec_casc_tok_lt,alpha0.25,case_024,1,ok,2.7875647668393784,3.7875647668393784,2922,772.0,0.46459412780656306,stop,True,5.533573837950826
aime24,spec_casc_tok_lt,alpha0.25,case_024,2,ok,2.7485380116959064,3.7485380116959064,4488,1197.0,0.4580896686159844,stop,True,8.565600267145783
aime24,spec_casc_tok_lt,alpha0.25,case_025,0,ok,3.414043583535109,4.4140435835351095,1822,413.0,0.5690072639225182,stop,True,2.902596915140748
aime24,spec_casc_tok_lt,alpha0.25,case_025,1,ok,3.3849658314350797,4.38496583143508,1924,439.0,0.5641609719058466,stop,True,3.1084935900289565
aime24,spec_casc_tok_lt,alpha0.25,case_025,2,ok,3.426767676767677,4.4267676767676765,1752,396.0,0.5711279461279462,stop,True,2.8009466941002756
aime24,spec_casc_tok_lt,alpha0.25,case_026,0,ok,2.121558540535391,3.121558540535391,32768,10497.0,0.35359309008923184,length,False,75.83852279512212
aime24,spec_casc_tok_lt,alpha0.25,case_026,1,ok,2.30766124962148,3.30766124962148,32768,9907.0,0.3846102082702466,length,False,71.92640093504451
aime24,spec_casc_tok_lt,alpha0.25,case_026,2,ok,2.032855159648311,3.032855159648311,32768,10805.0,0.3388091932747185,length,False,78.24668540316634
aime24,spec_casc_tok_lt,alpha0.25,case_027,0,ok,2.3433333333333333,3.3433333333333333,2005,600.0,0.39055555555555554,stop,True,4.261029954999685
aime24,spec_casc_tok_lt,alpha0.25,case_027,1,ok,2.747159090909091,3.747159090909091,2637,704.0,0.4578598484848485,stop,True,5.038626791909337
aime24,spec_casc_tok_lt,alpha0.25,case_027,2,ok,2.6923076923076925,3.6923076923076925,2206,598.0,0.44871794871794873,stop,True,4.256609361851588
aime24,spec_casc_tok_lt,alpha0.25,case_028,0,ok,2.720971775634155,3.720971775634155,10415,2799.0,0.4534952959390258,stop,True,19.90192542388104
aime24,spec_casc_tok_lt,alpha0.25,case_028,1,ok,2.8810006761325218,3.8810006761325218,5739,1479.0,0.48016677935542035,stop,True,10.535677800886333
aime24,spec_casc_tok_lt,alpha0.25,case_028,2,ok,2.9345488546049556,3.9345488546049556,8416,2139.0,0.4890914757674926,stop,True,15.288858070969582
aime24,spec_casc_tok_lt,alpha0.25,case_029,0,ok,2.263228399196249,3.263228399196249,14615,4479.0,0.37720473319937486,stop,True,32.15497702709399
aime24,spec_casc_tok_lt,alpha0.25,case_029,1,ok,2.3338178294573644,3.3338178294573644,13762,4128.0,0.38896963824289404,stop,True,29.67792174918577
aime24,spec_casc_tok_lt,alpha0.25,case_029,2,ok,2.16022749558737,3.16022749558737,16115,5099.0,0.36003791593122836,stop,True,36.63617221615277
aime24,spec_casc_tok_lt,alpha0.25,case_030,0,ok,2.002869066249348,3.002869066249348,11513,3834.0,0.333811511041558,stop,True,27.385421922896057
aime24,spec_casc_tok_lt,alpha0.25,case_030,1,ok,1.9680281873939711,2.968028187393971,22745,7663.0,0.32800469789899517,stop,True,55.60562092997134
aime24,spec_casc_tok_lt,alpha0.25,case_030,2,ok,2.104704633887513,3.104704633887513,8777,2827.0,0.3507841056479189,stop,True,20.25245521008037
aime24,spec_casc_tok_lt,alpha0.35,case_001,0,ok,3.3045685279187818,4.304568527918782,1695,394.0,0.550761421319797,stop,True,3.721361178904772
aime24,spec_casc_tok_lt,alpha0.35,case_002,0,ok,2.341653160453809,3.341653160453809,20617,6170.0,0.3902755267423015,stop,True,45.435034145833924
aime24,spec_casc_tok_lt,alpha0.35,case_003,0,ok,1.8727097396335584,2.8727097396335584,32768,11407.0,0.3121182899389264,length,False,85.7951152259484
aime24,spec_casc_tok_lt,alpha0.35,case_004,0,ok,2.3615100533442757,3.3615100533442757,32768,9748.0,0.39358500889071263,length,False,73.43045375403017
aime24,spec_casc_tok_lt,alpha0.35,case_005,0,ok,2.4320827943078913,3.4320827943078913,7959,2319.0,0.40534713238464853,stop,True,16.94648261088878
aime24,spec_casc_tok_lt,alpha0.35,case_006,0,ok,2.7184075150972937,3.7184075150972937,16625,4471.0,0.4530679191828823,stop,True,32.74565929803066
aime24,spec_casc_tok_lt,alpha0.35,case_007,0,ok,2.312658227848101,3.312658227848101,5232,1580.0,0.38544303797468354,stop,True,11.478562944103032
aime24,spec_casc_tok_lt,alpha0.35,case_008,0,ok,2.6767317939609234,3.6767317939609234,2069,563.0,0.44612196566015394,stop,True,4.097747246967629
aime24,spec_casc_tok_lt,alpha0.35,case_009,0,ok,2.771712158808933,3.771712158808933,3040,806.0,0.4619520264681555,stop,True,5.954644209006801
aime24,spec_casc_tok_lt,alpha0.35,case_010,0,ok,2.653225806451613,3.653225806451613,906,248.0,0.4422043010752688,stop,True,1.8271650141105056
aime24,spec_casc_tok_lt,alpha0.35,case_011,0,ok,2.5561172901921134,3.5561172901921134,7034,1978.0,0.4260195483653522,stop,True,14.57715774094686
aime24,spec_casc_tok_lt,alpha0.35,case_012,0,ok,2.4177215189873418,3.4177215189873418,1890,553.0,0.4029535864978903,stop,True,4.0869047259911895
aime24,spec_casc_tok_lt,alpha0.35,case_013,0,ok,3.0968468468468466,4.096846846846846,1819,444.0,0.5161411411411412,stop,True,3.195691442117095
aime24,spec_casc_tok_lt,alpha0.35,case_014,0,ok,1.9877641824249166,2.9877641824249164,18801,6293.0,0.3312940304041528,stop,True,46.45646463497542
aime24,spec_casc_tok_lt,alpha0.35,case_015,0,ok,2.637243735763098,3.637243735763098,6385,1756.0,0.43954062262718296,stop,True,12.786763071082532
aime24,spec_casc_tok_lt,alpha0.35,case_016,0,ok,2.491552695092518,3.491552695092518,4340,1243.0,0.4152587825154197,stop,True,9.126216275151819
aime24,spec_casc_tok_lt,alpha0.35,case_017,0,ok,2.4932565540233367,3.4932565540233367,23052,6599.0,0.4155427590038895,stop,True,48.69524056999944
aime24,spec_casc_tok_lt,alpha0.35,case_018,0,ok,2.439388287952257,3.439388287952257,9221,2681.0,0.4065647146587094,stop,True,19.73148994613439
aime24,spec_casc_tok_lt,alpha0.35,case_019,0,ok,2.4189760450915925,3.4189760450915925,14558,4258.0,0.403162674181932,stop,True,31.21995937684551
aime24,spec_casc_tok_lt,alpha0.35,case_020,0,ok,2.8399209486166006,3.8399209486166006,3886,1012.0,0.4733201581027668,stop,True,7.301578079117462
aime24,spec_casc_tok_lt,alpha0.35,case_021,0,ok,2.2847763643824375,3.2847763643824375,8004,2437.0,0.3807960607304062,stop,True,17.91467448719777
aime24,spec_casc_tok_lt,alpha0.35,case_022,0,ok,2.0374462860650704,3.0374462860650704,4947,1629.0,0.3395743810108451,stop,True,11.884792953031138
aime24,spec_casc_tok_lt,alpha0.35,case_023,0,ok,2.2479338842975207,3.2479338842975207,11395,3509.0,0.3746556473829201,stop,True,26.059093435993418
aime24,spec_casc_tok_lt,alpha0.35,case_024,0,ok,2.576437587657784,3.576437587657784,2550,713.0,0.42940626460963066,stop,True,5.207959725055844
aime24,spec_casc_tok_lt,alpha0.35,case_025,0,ok,3.057233704292528,4.057233704292528,2552,629.0,0.5095389507154213,stop,True,4.550719087012112
aime24,spec_casc_tok_lt,alpha0.35,case_026,0,ok,2.3676258992805757,3.3676258992805757,32768,9730.0,0.3946043165467626,length,False,72.21441272692755
aime24,spec_casc_tok_lt,alpha0.35,case_027,0,ok,2.9390519187358914,3.9390519187358914,1744,443.0,0.4898419864559819,stop,True,3.2503383038565516
aime24,spec_casc_tok_lt,alpha0.35,case_028,0,ok,3.0041450777202074,4.0041450777202074,3865,965.0,0.5006908462867012,stop,True,7.047024477971718
aime24,spec_casc_tok_lt,alpha0.35,case_029,0,ok,2.3603813559322036,3.3603813559322036,15861,4720.0,0.39339689265536726,stop,True,34.92377971787937
aime24,spec_casc_tok_lt,alpha0.35,case_030,0,ok,2.034170854271357,3.034170854271357,6038,1990.0,0.3390284757118928,stop,True,14.595442764926702
aime24,spec_casc_tok_lt,alpha0.55,case_001,0,ok,3.163716814159292,4.163716814159292,1881,452.0,0.5272861356932154,stop,True,3.6347539538983256
aime24,spec_casc_tok_lt,alpha0.55,case_002,0,ok,2.4869135802469136,3.4869135802469136,14121,4050.0,0.4144855967078189,stop,True,29.5047479190398
aime24,spec_casc_tok_lt,alpha0.55,case_003,0,ok,2.2077885561647688,3.2077885561647688,22817,7113.0,0.3679647593607948,stop,True,52.64594151987694
aime24,spec_casc_tok_lt,alpha0.55,case_004,0,ok,2.4549768030366934,3.4549768030366934,32768,9484.0,0.4091628005061156,length,False,70.98231359408237
aime24,spec_casc_tok_lt,alpha0.55,case_005,0,ok,2.474730021598272,3.474730021598272,8044,2315.0,0.41245500359971204,stop,True,16.779880068963394
aime24,spec_casc_tok_lt,alpha0.55,case_006,0,ok,2.4363464765100673,3.4363464765100673,32768,9536.0,0.40605774608501116,length,False,70.51812956505455
aime24,spec_casc_tok_lt,alpha0.55,case_007,0,ok,2.4512595837897044,3.4512595837897044,12604,3652.0,0.4085432639649507,stop,True,26.455445141065866
aime24,spec_casc_tok_lt,alpha0.55,case_008,0,ok,2.696969696969697,3.696969696969697,2806,759.0,0.4494949494949495,stop,True,5.4807201200164855
aime24,spec_casc_tok_lt,alpha0.55,case_009,0,ok,2.901766004415011,3.901766004415011,3536,906.0,0.48362766740250185,stop,True,6.661880266154185
aime24,spec_casc_tok_lt,alpha0.55,case_010,0,ok,2.9953703703703702,3.9953703703703702,862,216.0,0.4992283950617284,stop,True,1.6108341980725527
aime24,spec_casc_tok_lt,alpha0.55,case_011,0,ok,2.462381300219138,3.462381300219138,4740,1369.0,0.41039688336985636,stop,True,9.99837336386554
aime24,spec_casc_tok_lt,alpha0.55,case_012,0,ok,2.478494623655914,3.478494623655914,1941,558.0,0.41308243727598565,stop,True,4.09017185610719
aime24,spec_casc_tok_lt,alpha0.55,case_013,0,ok,2.919496855345912,3.919496855345912,3116,795.0,0.4865828092243187,stop,True,5.691538735991344
aime24,spec_casc_tok_lt,alpha0.55,case_014,0,ok,2.0698894510024357,3.0698894510024357,32768,10674.0,0.3449815751670726,length,False,79.38168375496753
aime24,spec_casc_tok_lt,alpha0.55,case_015,0,ok,2.7117882117882117,3.7117882117882117,7430,2002.0,0.45196470196470195,stop,True,14.576668915804476
aime24,spec_casc_tok_lt,alpha0.55,case_016,0,ok,2.478114478114478,3.478114478114478,2066,594.0,0.41301907968574636,stop,True,4.374232032103464
aime24,spec_casc_tok_lt,alpha0.55,case_017,0,ok,2.673218673218673,3.673218673218673,4482,1221.0,0.44553644553644556,stop,True,8.775751632871106
aime24,spec_casc_tok_lt,alpha0.55,case_018,0,ok,2.5983569146508443,3.5983569146508443,7885,2191.0,0.43305948577514075,stop,True,15.934242377988994
aime24,spec_casc_tok_lt,alpha0.55,case_019,0,ok,2.3233027905039565,3.3233027905039565,31917,9604.0,0.38721713175065947,stop,True,71.3033489829395
aime24,spec_casc_tok_lt,alpha0.55,case_020,0,ok,2.830530401034929,3.830530401034929,2960,773.0,0.4717550668391548,stop,True,5.521924278931692
aime24,spec_casc_tok_lt,alpha0.55,case_021,0,ok,2.4126757693091503,3.4126757693091503,16746,4907.0,0.4021126282181917,stop,True,36.304258150048554
aime24,spec_casc_tok_lt,alpha0.55,case_022,0,ok,2.142087351106069,3.142087351106069,11079,3526.0,0.3570145585176782,stop,True,25.716159889940172
aime24,spec_casc_tok_lt,alpha0.55,case_023,0,ok,2.3987408184679957,3.3987408184679957,6479,1906.0,0.39979013641133265,stop,True,14.046027300180867
aime24,spec_casc_tok_lt,alpha0.55,case_024,0,ok,2.5136286201022147,3.5136286201022147,4125,1174.0,0.41893810335036913,stop,True,8.554736132035032
aime24,spec_casc_tok_lt,alpha0.55,case_025,0,ok,3.161038961038961,4.161038961038961,1602,385.0,0.5268398268398269,stop,True,2.770785635104403
aime24,spec_casc_tok_lt,alpha0.55,case_026,0,ok,2.2224407513029796,3.2224407513029796,32768,10169.0,0.37040679188382997,length,False,75.46166036115028
aime24,spec_casc_tok_lt,alpha0.55,case_027,0,ok,2.640893470790378,3.640893470790378,2119,582.0,0.4401489117983963,stop,True,4.241262010065839
aime24,spec_casc_tok_lt,alpha0.55,case_028,0,ok,2.8125,3.8125,9821,2576.0,0.46875,stop,True,18.7908668408636
aime24,spec_casc_tok_lt,alpha0.55,case_029,0,ok,2.257170875214513,3.257170875214513,13286,4079.0,0.37619514586908553,stop,True,30.067437801044434
aime24,spec_casc_tok_lt,alpha0.55,case_030,0,ok,2.2582311168495806,3.2582311168495806,10095,3098.0,0.3763718528082634,stop,True,22.706148559926078
aime24,spec_casc_tok_lt,alpha0.8,case_001,0,ok,3.424778761061947,4.424778761061948,1499,339.0,0.5707964601769911,stop,True,3.226339853135869
aime24,spec_casc_tok_lt,alpha0.8,case_002,0,ok,2.6700507614213196,3.6700507614213196,10122,2758.0,0.4450084602368866,stop,True,19.966243641916662
aime24,spec_casc_tok_lt,alpha0.8,case_003,0,ok,2.2895291637385804,3.2895291637385804,32768,9961.0,0.38158819395643007,length,False,74.5283458030317
aime24,spec_casc_tok_lt,alpha0.8,case_004,0,ok,2.680520951302378,3.680520951302378,32498,8830.0,0.4467534918837297,stop,True,65.93268410419114
aime24,spec_casc_tok_lt,alpha0.8,case_005,0,ok,2.584192439862543,3.584192439862543,12516,3492.0,0.4306987399770905,stop,True,25.475319389021024
aime24,spec_casc_tok_lt,alpha0.8,case_006,0,ok,2.944675788221297,3.944675788221297,13261,3362.0,0.4907792980368828,stop,True,24.318314078031108
aime24,spec_casc_tok_lt,alpha0.8,case_007,0,ok,2.6814449917898195,3.6814449917898195,8966,2436.0,0.44690749863163653,stop,True,17.645161700900644
aime24,spec_casc_tok_lt,alpha0.8,case_008,0,ok,2.9243856332703215,3.9243856332703215,2076,529.0,0.48739760554505357,stop,True,3.820561941014603
aime24,spec_casc_tok_lt,alpha0.8,case_009,0,ok,2.675997926386729,3.675997926386729,7091,1929.0,0.44599965439778816,stop,True,13.861304929014295
aime24,spec_casc_tok_lt,alpha0.8,case_010,0,ok,3.017543859649123,4.017543859649123,1374,342.0,0.5029239766081871,stop,True,2.5230032859835774
aime24,spec_casc_tok_lt,alpha0.8,case_011,0,ok,2.7403846153846154,3.7403846153846154,3889,1040.0,0.4567307692307692,stop,True,7.613477227045223
aime24,spec_casc_tok_lt,alpha0.8,case_012,0,ok,2.6721556886227544,3.6721556886227544,2454,668.0,0.4453592814371258,stop,True,4.911377917975187
aime24,spec_casc_tok_lt,alpha0.8,case_013,0,ok,3.2816901408450705,4.28169014084507,1520,355.0,0.5469483568075117,stop,True,2.55507606593892
aime24,spec_casc_tok_lt,alpha0.8,case_014,0,ok,2.260689990281827,3.260689990281827,13421,4116.0,0.3767816650469712,stop,True,30.02650247211568
aime24,spec_casc_tok_lt,alpha0.8,case_015,0,ok,2.698401162790698,3.698401162790698,5089,1376.0,0.44973352713178294,stop,True,9.963458573911339
aime24,spec_casc_tok_lt,alpha0.8,case_016,0,ok,2.9443254817987152,3.9443254817987152,1843,467.0,0.4907209136331192,stop,True,3.446100356988609
aime24,spec_casc_tok_lt,alpha0.8,case_017,0,ok,2.5044380280183938,3.5044380280183938,32768,9351.0,0.41740633800306565,length,True,69.18328820401803
aime24,spec_casc_tok_lt,alpha0.8,case_018,0,ok,2.6733454766241653,3.6733454766241653,6049,1647.0,0.44555757943736085,stop,True,11.967403820017353
aime24,spec_casc_tok_lt,alpha0.8,case_019,0,ok,2.541612624297449,3.541612624297449,32768,9252.0,0.4236021040495749,length,False,68.74209147505462
aime24,spec_casc_tok_lt,alpha0.8,case_020,0,ok,2.777117384843982,3.777117384843982,10168,2692.0,0.46285289747399705,stop,True,19.38527009799145
aime24,spec_casc_tok_lt,alpha0.8,case_021,0,ok,2.6765297328353923,3.6765297328353923,12798,3481.0,0.4460882888058987,stop,True,25.599209782201797
aime24,spec_casc_tok_lt,alpha0.8,case_022,0,ok,2.320353764893748,3.320353764893748,27031,8141.0,0.3867256274822913,stop,True,60.53058526199311
aime24,spec_casc_tok_lt,alpha0.8,case_023,0,ok,2.7267384916748285,3.7267384916748285,7609,2042.0,0.4544564152791381,stop,True,15.054700034903362
aime24,spec_casc_tok_lt,alpha0.8,case_024,0,ok,3.008861622358555,4.008861622358555,5881,1467.0,0.5014769370597592,stop,True,10.71696485998109
aime24,spec_casc_tok_lt,alpha0.8,case_025,0,ok,3.615751789976134,4.615751789976134,1934,419.0,0.6026252983293556,stop,True,3.0262641499284655
aime24,spec_casc_tok_lt,alpha0.8,case_026,0,ok,2.6432065821658886,3.6432065821658886,32768,8994.0,0.4405344303609814,length,False,66.70992935588583
aime24,spec_casc_tok_lt,alpha0.8,case_027,0,ok,2.943526170798898,3.943526170798898,2863,726.0,0.4905876951331497,stop,True,5.301588209113106
aime24,spec_casc_tok_lt,alpha0.8,case_028,0,ok,3.076162215628091,4.0761622156280914,12363,3033.0,0.5126937026046818,stop,True,22.165550915990025
aime24,spec_casc_tok_lt,alpha0.8,case_029,0,ok,2.467986030267753,3.467986030267753,32768,9449.0,0.41133100504462555,length,False,70.66686999378726
aime24,spec_casc_tok_lt,alpha0.8,case_030,0,ok,2.3986138613861385,3.3986138613861385,17163,5050.0,0.39976897689768975,stop,True,37.35559238283895
aime24,strict,strict,case_001,0,ok,2.879818594104308,3.879818594104308,1711,441.0,0.4799697656840514,stop,True,3.543481033993885
aime24,strict,strict,case_001,1,ok,2.986776859504132,3.986776859504132,2412,605.0,0.4977961432506887,stop,True,4.839038331992924
aime24,strict,strict,case_001,2,ok,2.8650602409638553,3.8650602409638553,1604,415.0,0.4775100401606426,stop,True,3.849594249157235
aime24,strict,strict,case_002,0,ok,2.1031636863823935,3.1031636863823935,6767,2181.0,0.3505272810637322,stop,True,15.885814531939104
aime24,strict,strict,case_002,1,ok,1.8872346048806272,2.887234604880627,32768,11351.0,0.3145391008134379,length,False,84.55269272392616
aime24,strict,strict,case_002,2,ok,1.846581530709756,2.8465815307097557,32768,11511.0,0.307763588451626,length,False,86.14537265896797
aime24,strict,strict,case_003,0,ok,1.5501595454899213,2.5501595454899215,32768,12849.0,0.2583599242483202,length,False,95.03712650109082
aime24,strict,strict,case_003,1,ok,1.7481286151752298,2.7481286151752298,32306,11756.0,0.2913547691958716,stop,True,88.46341358614154
aime24,strict,strict,case_003,2,ok,1.4988561842305932,2.4988561842305934,32768,13114.0,0.2498093640384322,length,False,98.47851562895812
aime24,strict,strict,case_004,0,ok,2.2712064090480677,3.2712064090480677,13883,4244.0,0.3785344015080113,stop,True,30.54867798392661
aime24,strict,strict,case_004,1,ok,2.138094553815203,3.138094553815203,21839,6959.0,0.35634909230253387,stop,True,51.76707991305739
aime24,strict,strict,case_004,2,ok,2.2765711645101665,3.2765711645101665,14181,4328.0,0.3794285274183611,stop,True,31.195512044942006
aime24,strict,strict,case_005,0,ok,2.0313014827018123,3.0313014827018123,7360,2428.0,0.3385502471169687,stop,True,17.29083336982876
aime24,strict,strict,case_005,1,ok,2.1878980891719744,3.1878980891719744,8008,2512.0,0.3646496815286624,stop,True,18.33948732400313
aime24,strict,strict,case_005,2,ok,2.0616531165311653,3.0616531165311653,4519,1476.0,0.3436088527551942,stop,True,10.528231994016096
aime24,strict,strict,case_006,0,ok,2.3493369913123,3.3493369913123,7325,2187.0,0.39155616521871667,stop,True,15.504350272007287
aime24,strict,strict,case_006,1,ok,2.3330812854442344,3.3330812854442344,8816,2645.0,0.3888468809073724,stop,True,19.205340378917754
aime24,strict,strict,case_006,2,ok,2.1590747330960856,3.1590747330960856,26630,8430.0,0.3598457888493476,stop,True,61.00682262307964
aime24,strict,strict,case_007,0,ok,2.107909604519774,3.107909604519774,5500,1770.0,0.35131826741996236,stop,True,12.575921209063381
aime24,strict,strict,case_007,1,ok,1.8854576080853453,2.8854576080853453,10279,3562.0,0.3142429346808909,stop,True,25.91677365801297
aime24,strict,strict,case_007,2,ok,1.9921807124239792,2.992180712423979,3444,1151.0,0.33203011873732985,stop,True,8.150999864097685
aime24,strict,strict,case_008,0,ok,2.64712389380531,3.64712389380531,3297,904.0,0.4411873156342183,stop,True,6.421787890139967
aime24,strict,strict,case_008,1,ok,2.456112852664577,3.456112852664577,2205,638.0,0.4093521421107628,stop,True,4.6221171610523015
aime24,strict,strict,case_008,2,ok,2.3531353135313533,3.3531353135313533,3048,909.0,0.3921892189218922,stop,True,6.453559400048107
aime24,strict,strict,case_009,0,ok,2.3509544787077825,3.3509544787077825,2281,681.0,0.3918257464512971,stop,True,4.927346142940223
aime24,strict,strict,case_009,1,ok,2.093385214007782,3.093385214007782,2385,771.0,0.34889753566796367,stop,True,5.682067435001954
aime24,strict,strict,case_009,2,ok,2.3228941684665227,3.3228941684665227,3077,926.0,0.38714902807775375,stop,True,6.683548992034048
aime24,strict,strict,case_010,0,ok,2.8838951310861423,3.8838951310861423,1037,267.0,0.48064918851435706,stop,True,1.9453680959995836
aime24,strict,strict,case_010,1,ok,2.4007220216606497,3.4007220216606497,942,277.0,0.4001203369434416,stop,True,2.0461109029129148
aime24,strict,strict,case_010,2,ok,2.4877300613496933,3.4877300613496933,1137,326.0,0.41462167689161555,stop,True,2.3627281070221215
aime24,strict,strict,case_011,0,ok,1.9866969500324465,2.9866969500324467,18410,6164.0,0.3311161583387411,stop,True,44.6914328369312
aime24,strict,strict,case_011,1,ok,2.0648476257973067,3.0648476257973067,8649,2822.0,0.3441412709662178,stop,True,20.754440757911652
aime24,strict,strict,case_011,2,ok,1.940360973057808,2.9403609730578077,11241,3823.0,0.32339349550963464,stop,True,27.567396336002275
aime24,strict,strict,case_012,0,ok,2.3353658536585367,3.3353658536585367,1094,328.0,0.38922764227642276,stop,True,2.379921699175611
aime24,strict,strict,case_012,1,ok,2.0762711864406778,3.0762711864406778,1815,590.0,0.346045197740113,stop,True,4.3385462570004165
aime24,strict,strict,case_012,2,ok,2.3562653562653564,3.3562653562653564,1365,407.0,0.3927108927108927,stop,True,2.9420176229905337
aime24,strict,strict,case_013,0,ok,2.4909090909090907,3.4909090909090907,1345,385.0,0.41515151515151516,stop,True,2.715622997842729
aime24,strict,strict,case_013,1,ok,2.651685393258427,3.651685393258427,2275,623.0,0.4419475655430712,stop,True,4.48219398711808
aime24,strict,strict,case_013,2,ok,2.488372093023256,3.488372093023256,3450,989.0,0.41472868217054265,stop,True,6.976137569872662
aime24,strict,strict,case_014,0,ok,1.636682615629984,2.636682615629984,8265,3135.0,0.2727804359383307,stop,True,22.461970716016367
aime24,strict,strict,case_014,1,ok,1.8971072867081655,2.8971072867081658,31648,10924.0,0.31618454778469424,stop,True,80.40809930302203
aime24,strict,strict,case_014,2,ok,1.623945612488984,2.623945612488984,20842,7943.0,0.27065760208149736,stop,True,57.34195202100091
aime24,strict,strict,case_015,0,ok,2.185916419874959,3.185916419874959,9682,3039.0,0.36431940331249313,stop,True,21.7368177450262
aime24,strict,strict,case_015,1,ok,2.5386934673366834,3.5386934673366834,3521,995.0,0.42311557788944726,stop,True,7.064610346918926
aime24,strict,strict,case_015,2,ok,2.207547169811321,3.207547169811321,6459,2014.0,0.36792452830188677,stop,True,14.358782534021884
aime24,strict,strict,case_016,0,ok,2.1838297872340426,3.1838297872340426,3739,1175.0,0.3639716312056738,stop,True,8.47682212293148
aime24,strict,strict,case_016,1,ok,2.2789523508993375,3.2789523508993375,10390,3169.0,0.3798253918165562,stop,True,22.763819345040247
aime24,strict,strict,case_016,2,ok,2.250268528464017,3.250268528464017,3026,931.0,0.37504475474400284,stop,True,6.732631343882531
aime24,strict,strict,case_017,0,ok,2.2264744429882044,3.2264744429882044,12309,3815.0,0.3710790738313674,stop,True,27.2696486110799
aime24,strict,strict,case_017,1,ok,2.2300378173960023,3.2300378173960023,29895,9255.0,0.3716729695660004,stop,True,66.72322507202625
aime24,strict,strict,case_017,2,ok,2.2588832487309647,3.2588832487309647,5778,1773.0,0.37648054145516074,stop,True,12.577661419985816
aime24,strict,strict,case_018,0,ok,2.2128673550436853,3.2128673550436853,8090,2518.0,0.36881122584061427,stop,True,17.97079089912586
aime24,strict,strict,case_018,1,ok,2.471166892808684,3.471166892808684,10232,2948.0,0.4118611488014473,stop,True,20.969134908868
aime24,strict,strict,case_018,2,ok,2.0200624164065983,3.0200624164065983,13548,4486.0,0.3366770694010997,stop,True,32.437726924195886
aime24,strict,strict,case_019,0,ok,2.4657434402332363,3.4657434402332363,9511,2744.0,0.4109572400388727,stop,True,19.497284646146
aime24,strict,strict,case_019,1,ok,2.0425894378194207,3.0425894378194207,21431,7044.0,0.34043157296990345,stop,True,50.84317774209194
aime24,strict,strict,case_019,2,ok,2.048314606741573,3.048314606741573,10852,3560.0,0.3413857677902622,stop,True,25.47276703105308
aime24,strict,strict,case_020,0,ok,2.268314210061783,3.268314210061783,3704,1133.0,0.3780523683436305,stop,True,8.013817633967847
aime24,strict,strict,case_020,1,ok,2.5787709497206706,3.5787709497206706,3202,895.0,0.4297951582867784,stop,True,6.259753803955391
aime24,strict,strict,case_020,2,ok,2.4344,3.4344,4294,1250.0,0.40573333333333333,stop,True,8.78875139192678
aime24,strict,strict,case_021,0,ok,2.071639084107912,3.071639084107912,13548,4411.0,0.345273180684652,stop,True,31.898564539849758
aime24,strict,strict,case_021,1,ok,1.9229612927470876,2.922961292747088,7778,2661.0,0.32049354879118125,stop,True,19.0849455089774
aime24,strict,strict,case_021,2,ok,2.0664730558244595,3.0664730558244595,9502,3099.0,0.34441217597074325,stop,True,22.336529994849116
aime24,strict,strict,case_022,0,ok,1.6708515283842795,2.6708515283842793,9787,3664.0,0.2784752547307133,stop,True,26.221187751041725
aime24,strict,strict,case_022,1,ok,1.713450292397661,2.7134502923976607,4640,1710.0,0.2855750487329435,stop,True,12.179071401944384
aime24,strict,strict,case_022,2,ok,1.8086373790022339,2.808637379002234,3773,1343.0,0.30143956316703896,stop,True,9.597382263978943
aime24,strict,strict,case_023,0,ok,1.911006376490158,2.9110063764901577,10498,3607.0,0.31850106274835965,stop,True,26.131275421008468
aime24,strict,strict,case_023,1,ok,2.1711340206185565,3.1711340206185565,4612,1455.0,0.3618556701030928,stop,True,10.478937101084739
aime24,strict,strict,case_023,2,ok,1.9261221945137157,2.9261221945137157,9388,3208.0,0.32102036575228593,stop,True,23.269116135081276
aime24,strict,strict,case_024,0,ok,2.451040863531226,3.451040863531226,4476,1297.0,0.40850681058853766,stop,True,9.284109730971977
aime24,strict,strict,case_024,1,ok,2.3514851485148514,3.3514851485148514,3385,1010.0,0.3919141914191419,stop,True,7.23146589496173
aime24,strict,strict,case_024,2,ok,2.2814285714285716,3.2814285714285716,4594,1400.0,0.38023809523809526,stop,True,9.981541342101991
aime24,strict,strict,case_025,0,ok,2.831192660550459,3.831192660550459,2087,545.0,0.47186544342507647,stop,True,3.8451671288348734
aime24,strict,strict,case_025,1,ok,2.616412213740458,3.616412213740458,1894,524.0,0.4360687022900763,stop,True,3.6823359820991755
aime24,strict,strict,case_025,2,ok,2.908745247148289,3.908745247148289,3084,789.0,0.4847908745247148,stop,True,5.591093650087714
aime24,strict,strict,case_026,0,ok,1.8251573411500992,2.825157341150099,32768,11599.0,0.3041928901916832,length,False,84.57239201595075
aime24,strict,strict,case_026,1,ok,1.9595972309628698,2.9595972309628698,23514,7945.0,0.3265995384938116,stop,True,57.05411973898299
aime24,strict,strict,case_026,2,ok,1.9861478173699079,2.9861478173699076,32768,10973.0,0.331024636228318,length,False,79.84047478809953
aime24,strict,strict,case_027,0,ok,2.3277153558052435,3.3277153558052435,1776,534.0,0.3879525593008739,stop,True,3.825763564091176
aime24,strict,strict,case_027,1,ok,2.646859083191851,3.646859083191851,2147,589.0,0.4411431805319751,stop,True,4.215230535948649
aime24,strict,strict,case_027,2,ok,2.3982188295165394,3.3982188295165394,2670,786.0,0.39970313825275655,stop,True,5.621120519936085
aime24,strict,strict,case_028,0,ok,2.6149668074834036,3.6149668074834036,5989,1657.0,0.43582780124723397,stop,True,11.91414241399616
aime24,strict,strict,case_028,1,ok,2.450381679389313,3.450381679389313,7232,2096.0,0.4083969465648855,stop,True,15.009720101952553
aime24,strict,strict,case_028,2,ok,2.372113676731794,3.372113676731794,3796,1126.0,0.395352279455299,stop,True,8.05611747293733
aime24,strict,strict,case_029,0,ok,2.154798761609907,3.154798761609907,7132,2261.0,0.3591331269349845,stop,True,16.192311669001356
aime24,strict,strict,case_029,1,ok,1.7433995846929695,2.7433995846929697,18496,6742.0,0.29056659744882823,stop,True,48.636157678905874
aime24,strict,strict,case_029,2,ok,2.022626112759644,3.022626112759644,8149,2696.0,0.33710435212660733,stop,True,19.355076648062095
aime24,strict,strict,case_030,0,ok,1.6978557504873295,2.6978557504873297,8304,3078.0,0.2829759584145549,stop,True,22.1265093840193
aime24,strict,strict,case_030,1,ok,1.7530549898167007,2.7530549898167007,10814,3928.0,0.29217583163611677,stop,True,28.147869504988194
aime24,strict,strict,case_030,2,ok,1.7949096274437477,2.7949096274437477,7576,2711.0,0.29915160457395795,stop,True,19.47066907212138
