dataset,method,params,case,seed,status,l_bar,mean_accept_length,output_tokens,draft_rounds,draft_acceptance_rate,finish_reason,reached_final_channel,wall_time_seconds
longbench_v2,cactus,alpha0.03,case_001,0,ok,3.955678670360111,4.955678670360111,1788,361.0,0.6592797783933518,stop,True,98.85802826657891
longbench_v2,cactus,alpha0.03,case_002,0,ok,3.1576923076923076,4.157692307692308,2161,520.0,0.5262820512820513,stop,True,121.67725408589467
longbench_v2,cactus,alpha0.03,case_003,0,ok,4.511428571428572,5.511428571428572,1928,350.0,0.7519047619047619,stop,True,89.3611307987012
longbench_v2,cactus,alpha0.03,case_004,0,ok,3.808450704225352,4.808450704225352,1705,355.0,0.6347417840375587,stop,True,57.60609609307721
longbench_v2,cactus,alpha0.03,case_005,0,ok,3.327272727272727,4.327272727272727,950,220.0,0.5545454545454546,stop,True,36.59915333800018
longbench_v2,cactus,alpha0.03,case_006,0,ok,3.5134986225895317,4.513498622589532,8192,1815.0,0.585583103764922,length,False,112.01065422501415
longbench_v2,cactus,alpha0.03,case_007,0,ok,3.3510971786833856,4.351097178683386,1389,319.0,0.5585161964472309,stop,True,108.90352471824735
longbench_v2,cactus,alpha0.03,case_008,0,ok,2.962800875273523,3.962800875273523,1810,457.0,0.4938001458789205,stop,True,85.50955378171057
longbench_v2,cactus,alpha0.03,case_009,0,ok,3.377457404980341,4.3774574049803405,3341,763.0,0.5629095674967235,stop,True,83.0560904708691
longbench_v2,cactus,alpha0.03,case_010,0,ok,3.3746031746031746,4.374603174603175,1379,315.0,0.5624338624338624,stop,True,104.53544765291736
longbench_v2,cactus,alpha0.03,case_011,0,ok,3.485074626865672,4.485074626865671,600,134.0,0.5808457711442786,stop,True,54.09625871386379
longbench_v2,cactus,alpha0.03,case_012,0,ok,3.258555133079848,4.258555133079848,1120,263.0,0.5430925221799746,stop,True,45.01294694840908
longbench_v2,cactus,alpha0.03,case_013,0,ok,3.454198473282443,4.4541984732824424,1167,262.0,0.5756997455470738,stop,True,66.20995680429041
longbench_v2,cactus,alpha0.03,case_014,0,ok,3.6366906474820144,4.636690647482014,1288,278.0,0.6061151079136691,stop,True,46.89370945608243
longbench_v2,cactus,alpha0.03,case_015,0,ok,3.4711538461538463,4.471153846153847,1855,416.0,0.5785256410256411,stop,True,85.6575717991218
longbench_v2,cactus,alpha0.03,case_016,0,ok,3.277456647398844,4.277456647398844,1479,346.0,0.546242774566474,stop,True,46.618138714227825
longbench_v2,cactus,alpha0.03,case_017,0,ok,3.2475247524752477,4.247524752475248,429,101.0,0.5412541254125413,stop,True,45.92255933955312
longbench_v2,cactus,alpha0.03,case_018,0,ok,3.899661781285231,4.899661781285231,4346,887.0,0.6499436302142052,stop,True,69.82905831793323
longbench_v2,cactus,alpha0.03,case_019,0,ok,3.651282051282051,4.651282051282051,908,195.0,0.6085470085470085,stop,True,70.70821273140609
longbench_v2,cactus,alpha0.03,case_020,0,ok,3.4083526682134573,4.408352668213457,1896,431.0,0.5680587780355761,stop,True,122.28724125912413
longbench_v2,cactus,alpha0.03,case_021,0,ok,3.5089285714285716,4.508928571428571,504,112.0,0.5848214285714286,stop,True,40.1597372922115
longbench_v2,cactus,alpha0.03,case_022,0,ok,3.632258064516129,4.6322580645161295,1434,310.0,0.6053763440860215,stop,True,34.907766392920166
longbench_v2,cactus,alpha0.03,case_023,0,ok,3.32015306122449,4.32015306122449,3382,784.0,0.5533588435374149,stop,True,124.6849203556776
longbench_v2,cactus,alpha0.03,case_024,0,ok,3.7712418300653594,4.771241830065359,4380,918.0,0.6285403050108932,stop,True,66.24033218901604
longbench_v2,cactus,alpha0.03,case_025,0,ok,2.879232505643341,3.879232505643341,3436,886.0,0.47987208427389016,stop,True,118.87023857515305
longbench_v2,cactus,alpha0.03,case_026,0,ok,3.1907894736842106,4.190789473684211,1275,304.0,0.5317982456140351,stop,True,65.23785695899278
longbench_v2,cactus,alpha0.03,case_027,0,ok,3.8446969696969697,4.84469696969697,3837,792.0,0.6407828282828283,stop,True,57.93235086463392
longbench_v2,cactus,alpha0.03,case_028,0,ok,2.966666666666667,3.966666666666667,1070,270.0,0.49444444444444446,stop,True,64.81957727810368
longbench_v2,cactus,alpha0.03,case_029,0,ok,3.152173913043478,4.1521739130434785,380,92.0,0.5253623188405797,stop,True,27.870576673652977
longbench_v2,cactus,alpha0.03,case_030,0,ok,3.32,4.32,3239,750.0,0.5533333333333333,stop,True,77.16514711501077
longbench_v2,cactus,alpha0.03,case_031,0,ok,3.0354330708661417,4.035433070866142,2045,508.0,0.5059055118110236,stop,True,112.73048564465716
longbench_v2,cactus,alpha0.03,case_032,0,ok,3.5214007782101167,4.521400778210117,3487,771.0,0.5869001297016861,stop,True,87.03170930594206
longbench_v2,cactus,alpha0.03,case_033,0,ok,3.2760960334029225,4.276096033402922,8192,1916.0,0.5460160055671538,length,False,120.48697202000767
longbench_v2,cactus,alpha0.03,case_034,0,ok,3.601078167115903,4.601078167115903,1708,371.0,0.6001796945193172,stop,True,58.15807212004438
longbench_v2,cactus,alpha0.03,case_035,0,ok,3.36734693877551,4.36734693877551,1927,441.0,0.5612244897959183,stop,True,52.04788478277624
longbench_v2,cactus,alpha0.03,case_036,0,ok,3.8598326359832638,4.859832635983263,4645,956.0,0.643305439330544,stop,True,56.01222165673971
longbench_v2,cactus,alpha0.03,case_037,0,ok,3.6091370558375635,4.6091370558375635,1817,394.0,0.6015228426395939,stop,True,54.449925276916474
longbench_v2,cactus,alpha0.03,case_038,0,ok,3.55327868852459,4.55327868852459,1110,244.0,0.5922131147540983,stop,True,52.58651426387951
longbench_v2,cactus,alpha0.03,case_039,0,ok,3.6578947368421053,4.657894736842105,705,152.0,0.6096491228070176,stop,True,54.605631003156304
longbench_v2,cactus,alpha0.03,case_040,0,ok,3.880782918149466,4.880782918149466,2740,562.0,0.646797153024911,stop,True,61.66517552500591
longbench_v2,cactus,alpha0.03,case_041,0,ok,3.7735849056603774,4.773584905660377,1516,318.0,0.6289308176100629,stop,True,95.74344825791195
longbench_v2,cactus,alpha0.03,case_042,0,ok,2.822674418604651,3.822674418604651,2628,688.0,0.47044573643410853,stop,True,81.15584584698081
longbench_v2,cactus,alpha0.03,case_043,0,ok,3.3584521384928716,4.358452138492872,2139,491.0,0.5597420230821453,stop,True,41.63743858831003
longbench_v2,cactus,alpha0.03,case_044,0,ok,3.5751445086705202,4.575144508670521,4749,1038.0,0.5958574181117534,stop,True,119.31034012697637
longbench_v2,cactus,alpha0.03,case_045,0,ok,2.9450171821305844,3.9450171821305844,2295,582.0,0.490836197021764,stop,True,108.26958261569962
longbench_v2,cactus,alpha0.03,case_046,0,ok,3.281449893390192,4.281449893390192,2007,469.0,0.5469083155650319,stop,True,114.0465615177527
longbench_v2,cactus,alpha0.03,case_047,0,ok,3.3429672447013488,4.342967244701349,2252,519.0,0.5571612074502248,stop,True,71.23704561078921
longbench_v2,cactus,alpha0.03,case_048,0,ok,3.25,4.25,557,132.0,0.5416666666666666,stop,True,60.2863475731574
longbench_v2,cactus,alpha0.03,case_049,0,ok,3.8018942383583267,4.801894238358327,6084,1267.0,0.6336490397263878,stop,True,112.23580397991464
longbench_v2,cactus,alpha0.03,case_050,0,ok,3.660839160839161,4.660839160839161,2665,572.0,0.6101398601398601,stop,True,57.217084982898086
longbench_v2,cactus,alpha0.03,case_051,0,ok,2.835674157303371,3.835674157303371,8192,2136.0,0.4726123595505618,length,False,156.045967574697
longbench_v2,cactus,alpha0.03,case_052,0,ok,3.5491329479768785,4.5491329479768785,3147,692.0,0.5915221579961464,stop,True,130.3702731989324
longbench_v2,cactus,alpha0.03,case_053,0,ok,3.617021276595745,4.617021276595745,2604,564.0,0.6028368794326241,stop,True,71.647315826267
longbench_v2,cactus,alpha0.03,case_054,0,ok,3.2977099236641223,4.297709923664122,1684,393.0,0.549618320610687,stop,True,53.834588014986366
longbench_v2,cactus,alpha0.03,case_055,0,ok,3.106451612903226,4.106451612903226,1273,310.0,0.5177419354838709,stop,True,63.34164925199002
longbench_v2,cactus,alpha0.03,case_056,0,ok,3.7027027027027026,4.702702702702703,1567,333.0,0.6171171171171171,stop,True,45.468615538440645
longbench_v2,cactus,alpha0.03,case_057,0,ok,3.0745233968804158,4.074523396880416,2350,577.0,0.512420566146736,stop,True,70.01900888839737
longbench_v2,cactus,alpha0.03,case_058,0,ok,2.895238095238095,3.895238095238095,816,210.0,0.48253968253968255,stop,True,62.76660422375426
longbench_v2,cactus,alpha0.03,case_059,0,ok,3.36875,4.36875,1395,320.0,0.5614583333333333,stop,True,56.52941849222407
longbench_v2,cactus,alpha0.03,case_060,0,ok,3.695307739183425,4.695307739183425,7706,1641.0,0.6158846231972375,stop,True,107.95294590713456
longbench_v2,cactus,alpha0.03,case_061,0,ok,3.777934936350778,4.777934936350778,3376,707.0,0.6296558227251297,stop,True,44.94202208518982
longbench_v2,cactus,alpha0.03,case_062,0,ok,3.6117775354416577,4.611777535441657,4229,917.0,0.6019629225736096,stop,True,104.98748023202643
longbench_v2,cactus,alpha0.03,case_063,0,ok,3.0579710144927534,4.057971014492754,1119,276.0,0.5096618357487923,stop,True,43.89000593870878
longbench_v2,cactus,alpha0.03,case_064,0,ok,3.282142857142857,4.282142857142857,1199,280.0,0.5470238095238096,stop,True,47.75607463205233
longbench_v2,cactus,alpha0.03,case_065,0,ok,3.374269005847953,4.374269005847953,747,171.0,0.5623781676413255,stop,True,40.872479762881994
longbench_v2,cactus,alpha0.03,case_066,0,ok,3.5526315789473686,4.552631578947368,345,76.0,0.5921052631578947,stop,True,35.572019540239125
longbench_v2,cactus,alpha0.03,case_067,0,ok,3.264966163456533,4.264966163456533,8192,1921.0,0.5441610272427555,length,False,108.7895422889851
longbench_v2,cactus,alpha0.03,case_068,0,ok,3.495088408644401,4.495088408644401,2288,509.0,0.5825147347740668,stop,True,69.6764608421363
longbench_v2,cactus,alpha0.03,case_069,0,ok,2.7453580901856762,3.7453580901856762,1407,377.0,0.45755968169761274,stop,True,78.97986644692719
longbench_v2,cactus,alpha0.03,case_070,0,ok,3.9326315789473685,4.932631578947369,2343,475.0,0.655438596491228,stop,True,53.7606539321132
longbench_v2,cactus,alpha0.03,case_071,0,ok,2.81266846361186,3.81266846361186,2829,742.0,0.4687780772686433,stop,True,74.66121061425656
longbench_v2,cactus,alpha0.03,case_072,0,ok,3.2963836477987423,4.296383647798742,5464,1272.0,0.5493972746331237,stop,True,106.1268020272255
longbench_v2,cactus,alpha0.03,case_073,0,ok,3.6149068322981366,4.614906832298137,2228,483.0,0.6024844720496895,stop,True,94.9633910479024
longbench_v2,cactus,alpha0.03,case_074,0,ok,2.9666030534351147,3.9666030534351147,4154,1048.0,0.49443384223918574,stop,True,121.54153139702976
longbench_v2,cactus,alpha0.03,case_075,0,ok,3.089403973509934,4.089403973509934,1234,302.0,0.5149006622516556,stop,True,100.78781137103215
longbench_v2,cactus,alpha0.03,case_076,0,ok,3.4344262295081966,4.434426229508197,1079,244.0,0.5724043715846995,stop,True,47.346822566818446
longbench_v2,cactus,alpha0.03,case_077,0,ok,3.5162374020156775,4.516237402015678,4032,893.0,0.586039567002613,stop,True,120.95874929009005
longbench_v2,cactus,alpha0.03,case_078,0,ok,3.876080691642651,4.876080691642651,1693,347.0,0.6460134486071085,stop,True,90.67552865529433
longbench_v2,cactus,alpha0.03,case_079,0,ok,2.962466487935657,3.962466487935657,1478,373.0,0.4937444146559428,stop,True,84.27156965667382
longbench_v2,cactus,alpha0.03,case_080,0,ok,3.2183098591549295,4.21830985915493,1796,426.0,0.5363849765258216,stop,True,62.80390121182427
longbench_v2,cactus,alpha0.03,case_081,0,ok,2.8062283737024223,3.8062283737024223,1099,289.0,0.4677047289504037,stop,True,47.48812233610079
longbench_v2,cactus,alpha0.03,case_082,0,ok,2.8962962962962964,3.8962962962962964,522,135.0,0.48271604938271606,stop,True,69.11027798615396
longbench_v2,cactus,alpha0.03,case_083,0,ok,4.003710575139147,5.003710575139147,2696,539.0,0.6672850958565244,stop,True,44.428648822940886
longbench_v2,cactus,alpha0.03,case_084,0,ok,3.175675675675676,4.175675675675675,615,148.0,0.5292792792792793,stop,True,61.84265238698572
longbench_v2,cactus,alpha0.03,case_085,0,ok,3.5628415300546448,4.562841530054644,1667,366.0,0.5938069216757741,stop,True,54.47396790375933
longbench_v2,cactus,alpha0.03,case_086,0,ok,3.243362831858407,4.243362831858407,957,226.0,0.5405604719764012,stop,True,64.9111511730589
longbench_v2,cactus,alpha0.03,case_087,0,ok,4.064248704663212,5.064248704663212,4886,965.0,0.6773747841105354,stop,True,58.37563555082306
longbench_v2,cactus,alpha0.03,case_088,0,ok,3.167269439421338,4.167269439421338,4609,1106.0,0.5278782399035563,stop,True,110.76188634801656
longbench_v2,cactus,alpha0.03,case_089,0,ok,3.3140655105973025,4.3140655105973025,2238,519.0,0.552344251766217,stop,True,52.168530425056815
longbench_v2,cactus,alpha0.03,case_090,0,ok,3.0825688073394497,4.08256880733945,886,218.0,0.5137614678899083,stop,True,76.56670061592013
longbench_v2,cactus,alpha0.03,case_091,0,ok,2.5815972222222223,3.5815972222222223,2062,576.0,0.4302662037037037,stop,True,75.66063871281222
longbench_v2,cactus,alpha0.03,case_092,0,ok,3.2864864864864867,4.286486486486487,794,185.0,0.5477477477477477,stop,True,78.64901159331203
longbench_v2,cactus,alpha0.03,case_093,0,ok,3.0597826086956523,4.059782608695652,746,184.0,0.509963768115942,stop,True,54.06069014593959
longbench_v2,cactus,alpha0.03,case_094,0,ok,3.330316742081448,4.330316742081449,957,221.0,0.555052790346908,stop,True,114.99982907576486
longbench_v2,cactus,alpha0.03,case_095,0,ok,3.2625,4.2625,1022,240.0,0.54375,stop,True,106.37802010402083
longbench_v2,cactus,alpha0.03,case_096,0,ok,4.131447587354409,5.131447587354409,3083,601.0,0.6885745978924016,stop,True,56.3744688029401
longbench_v2,cactus,alpha0.03,case_097,0,ok,3.7787234042553193,4.778723404255319,2247,470.0,0.6297872340425532,stop,True,59.646461576689035
longbench_v2,cactus,alpha0.03,case_098,0,ok,3.412878787878788,4.412878787878788,1162,264.0,0.5688131313131313,stop,True,69.31176315806806
longbench_v2,cactus,alpha0.03,case_099,0,ok,3.2705882352941176,4.270588235294118,1089,255.0,0.5450980392156862,stop,True,61.683260888792574
longbench_v2,cactus,alpha0.03,case_100,0,ok,3.141605839416058,4.141605839416059,2836,685.0,0.5236009732360097,stop,True,90.29118827916682
longbench_v2,cactus,alpha0.03,case_101,0,ok,3.3948497854077253,4.394849785407725,8192,1864.0,0.5658082975679543,length,False,106.74276412604377
longbench_v2,cactus,alpha0.03,case_102,0,ok,3.4790123456790125,4.4790123456790125,1814,405.0,0.579835390946502,stop,True,51.20940008899197
longbench_v2,cactus,alpha0.03,case_103,0,ok,3.1741176470588237,4.174117647058823,1774,425.0,0.5290196078431373,stop,True,46.75179639272392
longbench_v2,cactus,alpha0.03,case_104,0,ok,3.8,4.8,4032,840.0,0.6333333333333333,stop,True,64.73945718305185
longbench_v2,cactus,alpha0.03,case_105,0,ok,3.807065217391304,4.807065217391305,3536,736.0,0.6345108695652174,stop,True,61.64765770593658
longbench_v2,cactus,alpha0.03,case_106,0,ok,2.824031890660592,3.824031890660592,6710,1756.0,0.4706719817767654,stop,True,99.90683548524976
longbench_v2,cactus,alpha0.03,case_107,0,ok,3.3512820512820514,4.351282051282052,1698,390.0,0.5585470085470086,stop,True,90.06216811574996
longbench_v2,cactus,alpha0.03,case_108,0,ok,3.6815286624203822,4.681528662420382,733,157.0,0.613588110403397,stop,True,111.79027234530076
longbench_v2,cactus,alpha0.03,case_109,0,ok,3.0675381263616557,4.067538126361656,1866,459.0,0.5112563543936093,stop,True,107.9625305403024
longbench_v2,cactus,alpha0.03,case_110,0,ok,3.7586580086580086,4.758658008658008,4397,924.0,0.6264430014430015,stop,True,78.87295935722068
longbench_v2,cactus,alpha0.03,case_111,0,ok,3.2776735459662287,4.277673545966229,2280,533.0,0.5462789243277049,stop,True,96.397508952301
longbench_v2,cactus,alpha0.03,case_112,0,ok,3.6940639269406392,4.69406392694064,1027,219.0,0.6156773211567732,stop,True,66.90432697208598
longbench_v2,cactus,alpha0.03,case_113,0,ok,3.36318407960199,4.363184079601989,874,201.0,0.560530679933665,stop,True,46.177707821596414
longbench_v2,cactus,alpha0.03,case_114,0,ok,3.6097560975609757,4.609756097560975,190,41.0,0.6016260162601627,stop,True,62.339198102708906
longbench_v2,cactus,alpha0.03,case_115,0,ok,3.343669250645995,4.343669250645995,1681,387.0,0.5572782084409992,stop,True,59.141162178944796
longbench_v2,cactus,alpha0.03,case_116,0,ok,3.5888324873096447,4.588832487309645,903,197.0,0.5981387478849408,stop,True,31.439365121070296
longbench_v2,cactus,alpha0.03,case_117,0,ok,3.35,4.35,523,120.0,0.5583333333333333,stop,True,85.68750065378845
longbench_v2,cactus,alpha0.03,case_118,0,ok,3.4991023339317775,4.499102333931777,2503,557.0,0.5831837223219629,stop,True,41.066498841159046
longbench_v2,cactus,alpha0.03,case_119,0,ok,3.0575221238938055,4.057522123893806,918,226.0,0.5095870206489675,stop,True,60.80484614800662
longbench_v2,cactus,alpha0.03,case_120,0,ok,3.6551724137931036,4.655172413793103,535,116.0,0.6091954022988506,stop,True,100.40802567219362
longbench_v2,cactus,alpha0.03,case_121,0,ok,3.356968215158924,4.356968215158924,1782,409.0,0.5594947025264874,stop,True,67.5303706517443
longbench_v2,cactus,alpha0.03,case_122,0,ok,2.904176904176904,3.904176904176904,1590,407.0,0.48402948402948404,stop,True,112.29381860001013
longbench_v2,cactus,alpha0.03,case_123,0,ok,3.235483870967742,4.235483870967742,1310,310.0,0.539247311827957,stop,True,48.58064893167466
longbench_v2,cactus,alpha0.03,case_124,0,ok,3.1791044776119404,4.17910447761194,557,134.0,0.5298507462686567,stop,True,37.68968266481534
longbench_v2,cactus,alpha0.03,case_125,0,ok,3.6495263870094723,4.649526387009472,6870,1478.0,0.6082543978349121,stop,False,99.17369423480704
longbench_v2,cactus,alpha0.03,case_126,0,ok,3.5047169811320753,4.504716981132075,1908,424.0,0.5841194968553459,stop,True,82.81647812295705
longbench_v2,cactus,alpha0.03,case_127,0,ok,2.792,3.792,474,125.0,0.4653333333333333,stop,True,74.3066819999367
longbench_v2,cactus,alpha0.03,case_128,0,ok,3.5675675675675675,4.5675675675675675,2366,518.0,0.5945945945945946,stop,True,102.76532981498167
longbench_v2,cactus,alpha0.03,case_129,0,ok,3.1523809523809523,4.152380952380952,4361,1050.0,0.5253968253968254,stop,True,95.40695409523323
longbench_v2,cactus,alpha0.03,case_130,0,ok,3.7757731958762886,4.775773195876289,1852,388.0,0.6292955326460481,stop,True,53.09354773117229
longbench_v2,cactus,alpha0.03,case_131,0,ok,3.0098135426889105,4.00981354268891,4085,1019.0,0.5016355904481518,stop,True,85.73755649290979
longbench_v2,cactus,alpha0.03,case_132,0,ok,3.0065789473684212,4.006578947368421,607,152.0,0.5010964912280702,stop,True,88.91305312188342
longbench_v2,cactus,alpha0.03,case_133,0,ok,2.9968847352024923,3.9968847352024923,1280,321.0,0.4994807892004154,stop,True,76.68052872177213
longbench_v2,cactus,alpha0.03,case_134,0,ok,3.610041841004184,4.610041841004184,5508,1195.0,0.601673640167364,stop,True,56.11072829877958
longbench_v2,cactus,alpha0.03,case_135,0,ok,3.8294871794871796,4.829487179487179,3766,780.0,0.6382478632478632,stop,True,66.9505556197837
longbench_v2,cactus,alpha0.03,case_136,0,ok,3.5289672544080606,4.528967254408061,1797,397.0,0.5881612090680101,stop,True,119.21324897231534
longbench_v2,cactus,alpha0.03,case_137,0,ok,2.9634464751958225,3.9634464751958225,1517,383.0,0.4939077458659704,stop,True,62.89590471377596
longbench_v2,cactus,alpha0.03,case_138,0,ok,3.345419847328244,4.345419847328245,2275,524.0,0.5575699745547074,stop,True,97.20804127678275
longbench_v2,cactus,alpha0.03,case_139,0,ok,3.448742746615087,4.448742746615087,2301,517.0,0.5747904577691811,stop,True,119.22479650797322
longbench_v2,cactus,alpha0.03,case_140,0,ok,3.163755458515284,4.1637554585152845,1906,458.0,0.527292576419214,stop,True,61.297303813975304
longbench_v2,cactus,alpha0.03,case_141,0,ok,3.4794908062234793,4.479490806223479,3166,707.0,0.57991513437058,stop,True,55.62253463733941
longbench_v2,cactus,alpha0.03,case_142,0,ok,3.0357142857142856,4.035714285714286,678,168.0,0.5059523809523809,stop,True,70.9684054069221
longbench_v2,cactus,alpha0.03,case_143,0,ok,2.887179487179487,3.887179487179487,2275,585.0,0.4811965811965812,stop,True,110.75240116706118
longbench_v2,cactus,alpha0.03,case_144,0,ok,2.92087312414734,3.92087312414734,2874,733.0,0.48681218735788995,stop,True,49.03170353220776
longbench_v2,cactus,alpha0.03,case_145,0,ok,3.8360128617363345,4.836012861736334,3008,622.0,0.6393354769560557,stop,True,41.146251189056784
longbench_v2,cactus,alpha0.03,case_146,0,ok,3.1044776119402986,4.104477611940299,550,134.0,0.5174129353233831,stop,True,41.930950072128326
longbench_v2,cactus,alpha0.03,case_147,0,ok,4.047244094488189,5.047244094488189,1280,254.0,0.6745406824146981,stop,True,50.653677402064204
longbench_v2,cactus,alpha0.03,case_148,0,ok,3.628158844765343,4.628158844765343,1283,277.0,0.6046931407942239,stop,True,66.13592318212613
longbench_v2,cactus,alpha0.03,case_149,0,ok,3.0,4.0,1742,436.0,0.5,stop,True,62.11358375707641
longbench_v2,cactus,alpha0.03,case_150,0,ok,3.625,4.625,556,120.0,0.6041666666666666,stop,True,41.369957046117634
longbench_v2,cactus,alpha0.08,case_001,0,ok,4.305439330543933,5.305439330543933,1266,239.0,0.7175732217573222,stop,True,95.8496154169552
longbench_v2,cactus,alpha0.08,case_002,0,ok,3.83248730964467,4.832487309644669,948,197.0,0.6387478849407784,stop,True,114.42524056881666
longbench_v2,cactus,alpha0.08,case_003,0,ok,5.127659574468085,6.127659574468085,4031,658.0,0.8546099290780141,stop,True,100.564084418118
longbench_v2,cactus,alpha0.18,case_001,0,ok,4.89873417721519,5.89873417721519,930,158.0,0.8164556962025317,stop,True,94.01210759067908
longbench_v2,cactus,alpha0.18,case_002,0,ok,4.33,5.33,1061,200.0,0.7216666666666667,stop,True,114.6991432798095
longbench_v2,cactus,alpha0.18,case_003,0,ok,4.470588235294118,5.470588235294118,462,85.0,0.7450980392156863,stop,True,81.3020092039369
longbench_v2,cactus,alpha0.18,case_004,0,ok,4.64638783269962,5.64638783269962,1486,263.0,0.7743979721166033,stop,True,54.637303011957556
longbench_v2,cactus,alpha0.18,case_005,0,ok,4.195121951219512,5.195121951219512,852,164.0,0.6991869918699187,stop,True,35.600759658031166
longbench_v2,cactus,alpha0.18,case_006,0,ok,4.750844594594595,5.750844594594595,6804,1184.0,0.7918074324324325,stop,True,98.68668200075626
longbench_v2,cactus,alpha0.18,case_007,0,ok,4.570281124497992,5.570281124497992,2774,498.0,0.7617135207496654,stop,True,114.26931291632354
longbench_v2,cactus,alpha0.18,case_008,0,ok,3.918406072106262,4.9184060721062615,2593,527.0,0.653067678684377,stop,True,89.47934195725247
longbench_v2,cactus,alpha0.18,case_009,0,ok,4.232394366197183,5.232394366197183,1485,284.0,0.7053990610328639,stop,True,71.01396428467706
longbench_v2,cactus,alpha0.18,case_010,0,ok,4.836309523809524,5.836309523809524,1960,336.0,0.8060515873015873,stop,True,105.91559343691915
longbench_v2,cactus,alpha0.18,case_011,0,ok,4.017857142857143,5.017857142857143,276,56.0,0.6696428571428571,stop,True,52.10141938412562
longbench_v2,cactus,alpha0.18,case_012,0,ok,4.653061224489796,5.653061224489796,1663,294.0,0.7755102040816326,stop,True,46.40306675201282
longbench_v2,cactus,alpha0.18,case_013,0,ok,5.313471502590674,6.313471502590674,2437,386.0,0.8855785837651122,stop,True,71.4997334019281
longbench_v2,cactus,alpha0.18,case_014,0,ok,5.032967032967033,6.032967032967033,1647,273.0,0.8388278388278388,stop,True,48.239906940143555
longbench_v2,cactus,alpha0.18,case_015,0,ok,4.775,5.775,2310,400.0,0.7958333333333333,stop,True,86.5807590149343
longbench_v2,cactus,alpha0.18,case_016,0,ok,4.49236641221374,5.49236641221374,1439,262.0,0.7487277353689568,stop,True,45.16455345693976
longbench_v2,cactus,alpha0.18,case_017,0,ok,3.911764705882353,4.911764705882353,496,102.0,0.6519607843137255,stop,True,46.490024243015796
longbench_v2,cactus,alpha0.18,case_018,0,ok,4.6788008565310495,5.6788008565310495,2651,467.0,0.7798001427551748,stop,True,60.60590476822108
longbench_v2,cactus,alpha0.18,case_019,0,ok,5.0353260869565215,6.0353260869565215,2216,368.0,0.8392210144927537,stop,True,76.98751946398988
longbench_v2,cactus,alpha0.18,case_020,0,ok,4.756944444444445,5.756944444444445,830,144.0,0.7928240740740741,stop,True,114.27182661322877
longbench_v2,cactus,alpha0.18,case_021,0,ok,4.985940246045694,5.985940246045694,3404,569.0,0.8309900410076158,stop,True,53.38201766414568
longbench_v2,cactus,alpha0.18,case_022,0,ok,4.563176895306859,5.563176895306859,1540,277.0,0.7605294825511432,stop,True,35.441899510100484
longbench_v2,cactus,alpha0.18,case_023,0,ok,4.167539267015707,5.167539267015707,987,191.0,0.6945898778359512,stop,True,108.86180869210511
longbench_v2,cactus,alpha0.18,case_024,0,ok,4.479048697621744,5.479048697621744,4835,883.0,0.7465081162702907,stop,True,65.65782456006855
longbench_v2,cactus,alpha0.18,case_025,0,ok,4.219966159052453,5.219966159052453,3086,591.0,0.7033276931754089,stop,True,112.53115871641785
longbench_v2,cactus,alpha0.18,case_026,0,ok,4.574898785425101,5.574898785425101,4132,741.0,0.7624831309041835,stop,True,77.82942994311452
longbench_v2,cactus,alpha0.18,case_027,0,ok,4.786363636363636,5.786363636363636,2546,440.0,0.7977272727272727,stop,True,48.81247704802081
longbench_v2,cactus,alpha0.18,case_028,0,ok,3.725457570715474,4.725457570715474,5679,1202.0,0.6209095951192457,stop,True,88.32093443721533
longbench_v2,cactus,alpha0.18,case_029,0,ok,4.5046728971962615,5.5046728971962615,1178,214.0,0.7507788161993769,stop,True,31.18872435297817
longbench_v2,cactus,alpha0.18,case_030,0,ok,4.221153846153846,5.221153846153846,3257,624.0,0.7035256410256411,stop,True,74.71349339000881
longbench_v2,cactus,alpha0.18,case_031,0,ok,4.76685393258427,5.76685393258427,2053,356.0,0.7944756554307116,stop,True,109.12045917799696
longbench_v2,cactus,alpha0.18,case_032,0,ok,4.847517730496454,5.847517730496454,3297,564.0,0.807919621749409,stop,True,82.5213788272813
longbench_v2,cactus,alpha0.18,case_033,0,ok,3.7577937649880098,4.75779376498801,1981,417.0,0.626298960831335,stop,True,83.73978870594874
longbench_v2,cactus,alpha0.18,case_034,0,ok,4.8576329331046315,5.8576329331046315,3415,583.0,0.8096054888507719,stop,True,64.53610271913931
longbench_v2,cactus,alpha0.18,case_035,0,ok,4.8193146417445485,5.8193146417445485,1865,321.0,0.8032191069574247,stop,True,49.95981778297573
longbench_v2,cactus,alpha0.18,case_036,0,ok,4.858333333333333,5.858333333333333,6327,1080.0,0.8097222222222222,stop,True,60.9934825762175
longbench_v2,cactus,alpha0.18,case_037,0,ok,4.603174603174603,5.603174603174603,1412,252.0,0.7671957671957672,stop,True,51.29764723870903
longbench_v2,cactus,alpha0.18,case_038,0,ok,4.361990950226244,5.361990950226244,1185,221.0,0.726998491704374,stop,True,51.993187711108476
longbench_v2,cactus,alpha0.18,case_039,0,ok,4.532608695652174,5.532608695652174,1525,276.0,0.7554347826086957,stop,True,58.40312617179006
longbench_v2,cactus,alpha0.18,case_040,0,ok,4.896436525612472,5.896436525612472,5294,898.0,0.8160727542687454,stop,True,71.68873870000243
longbench_v2,cactus,alpha0.18,case_041,0,ok,4.805111821086262,5.805111821086262,1816,313.0,0.8008519701810437,stop,True,95.76904240436852
longbench_v2,cactus,alpha0.18,case_042,0,ok,3.80672268907563,4.80672268907563,2287,476.0,0.634453781512605,stop,True,77.33916081907228
longbench_v2,cactus,alpha0.18,case_043,0,ok,5.03460972017673,6.03460972017673,8192,1358.0,0.8391016200294551,length,False,68.94423235673457
longbench_v2,cactus,alpha0.18,case_044,0,ok,4.105042016806722,5.105042016806722,1214,238.0,0.6841736694677871,stop,True,100.96931728394702
longbench_v2,cactus,alpha0.18,case_045,0,ok,4.124113475177305,5.124113475177305,1446,282.0,0.6873522458628841,stop,True,102.64309485023841
longbench_v2,cactus,alpha0.18,case_046,0,ok,3.801418439716312,4.801418439716312,677,141.0,0.6335697399527187,stop,True,107.03493086993694
longbench_v2,cactus,alpha0.18,case_047,0,ok,4.627272727272727,5.627272727272727,4953,880.0,0.7712121212121212,stop,True,83.9403428141959
longbench_v2,cactus,alpha0.18,case_048,0,ok,4.584388185654008,5.584388185654008,2647,474.0,0.7640646976090014,stop,True,71.1028945739381
longbench_v2,cactus,alpha0.18,case_049,0,ok,5.134730538922156,6.134730538922156,8192,1336.0,0.8557884231536926,length,False,118.8981926147826
longbench_v2,cactus,alpha0.18,case_050,0,ok,4.859574468085106,5.859574468085106,2753,470.0,0.8099290780141843,stop,True,55.331017630174756
longbench_v2,cactus,alpha0.18,case_051,0,ok,3.670886075949367,4.670886075949367,3317,711.0,0.6118143459915611,stop,True,124.35329634230584
longbench_v2,cactus,alpha0.18,case_052,0,ok,4.621468926553672,5.621468926553672,996,177.0,0.7702448210922788,stop,True,118.56850342499092
longbench_v2,cactus,alpha0.18,case_053,0,ok,4.992217898832685,5.992217898832685,3080,514.0,0.8320363164721142,stop,True,72.88837997987866
longbench_v2,cactus,alpha0.18,case_054,0,ok,4.2091954022988505,5.2091954022988505,2266,435.0,0.7015325670498084,stop,True,56.50172039400786
longbench_v2,cactus,alpha0.18,case_055,0,ok,4.3812154696132595,5.3812154696132595,1946,362.0,0.7302025782688766,stop,True,66.62430132459849
longbench_v2,cactus,alpha0.18,case_056,0,ok,4.359649122807017,5.359649122807017,608,114.0,0.7266081871345029,stop,True,40.2388590737246
longbench_v2,cactus,alpha0.18,case_057,0,ok,4.342569269521411,5.342569269521411,2117,397.0,0.7237615449202351,stop,True,67.65506617119536
longbench_v2,cactus,alpha0.18,case_058,0,ok,3.6871508379888267,4.687150837988827,3356,716.0,0.6145251396648045,stop,True,76.1030180468224
longbench_v2,cactus,alpha0.18,case_059,0,ok,5.008130081300813,6.008130081300813,2218,369.0,0.8346883468834688,stop,True,60.488203895743936
longbench_v2,cactus,alpha0.18,case_060,0,ok,3.9760765550239237,4.976076555023924,1041,209.0,0.6626794258373205,stop,True,73.06642293790355
longbench_v2,cactus,alpha0.18,case_061,0,ok,4.975543478260869,5.975543478260869,2197,368.0,0.8292572463768116,stop,True,37.81475885817781
longbench_v2,cactus,alpha0.18,case_062,0,ok,4.923954372623574,5.923954372623574,4674,789.0,0.820659062103929,stop,True,103.43248790269718
longbench_v2,cactus,alpha0.18,case_063,0,ok,4.184971098265896,5.184971098265896,1795,346.0,0.697495183044316,stop,True,46.80935663264245
longbench_v2,cactus,alpha0.18,case_064,0,ok,4.419263456090651,5.419263456090651,1912,353.0,0.7365439093484419,stop,True,51.149663181975484
longbench_v2,cactus,alpha0.18,case_065,0,ok,4.573770491803279,5.573770491803279,1015,183.0,0.7622950819672131,stop,True,42.19233177322894
longbench_v2,cactus,alpha0.18,case_066,0,ok,4.081081081081081,5.081081081081081,564,111.0,0.6801801801801802,stop,True,36.95236092898995
longbench_v2,cactus,alpha0.18,case_067,0,ok,4.584429824561403,5.584429824561403,5091,912.0,0.7640716374269005,stop,True,88.43164985626936
longbench_v2,cactus,alpha0.18,case_068,0,ok,4.4756446991404015,5.4756446991404015,3823,698.0,0.7459407831900668,stop,True,76.04932253807783
longbench_v2,cactus,alpha0.18,case_069,0,ok,3.310077519379845,4.3100775193798455,557,129.0,0.5516795865633075,stop,True,73.73972100298852
longbench_v2,cactus,alpha0.18,case_070,0,ok,5.041587901701323,6.041587901701323,3196,529.0,0.8402646502835539,stop,True,56.321407578885555
longbench_v2,cactus,alpha0.18,case_071,0,ok,4.2357357357357355,5.2357357357357355,3486,666.0,0.705955955955956,stop,True,74.41855615377426
longbench_v2,cactus,alpha0.18,case_072,0,ok,3.8770604395604398,4.87706043956044,7099,1456.0,0.64617673992674,stop,True,111.06552345119417
longbench_v2,cactus,alpha0.18,case_073,0,ok,4.881818181818182,5.881818181818182,1295,220.0,0.8136363636363636,stop,True,88.23295988375321
longbench_v2,cactus,alpha0.18,case_074,0,ok,3.8782467532467533,4.878246753246753,3006,616.0,0.6463744588744589,stop,True,112.59022545395419
longbench_v2,cactus,alpha0.18,case_075,0,ok,4.734545454545454,5.734545454545454,1575,275.0,0.7890909090909091,stop,True,101.21940864389762
longbench_v2,cactus,alpha0.18,case_076,0,ok,4.8323170731707314,5.8323170731707314,1914,328.0,0.8053861788617886,stop,True,50.38524278299883
longbench_v2,cactus,alpha0.18,case_077,0,ok,4.218795888399413,5.218795888399413,3549,681.0,0.7031326480665687,stop,True,117.16914998088032
longbench_v2,cactus,alpha0.18,case_078,0,ok,4.865979381443299,5.865979381443299,2277,388.0,0.8109965635738832,stop,True,92.72378543810919
longbench_v2,cactus,alpha0.18,case_079,0,ok,3.981878088962109,4.981878088962109,3024,607.0,0.6636463481603515,stop,True,91.14468448981643
longbench_v2,cactus,alpha0.18,case_080,0,ok,5.022377622377622,6.022377622377622,4303,715.0,0.8370629370629371,stop,True,72.55661520827562
longbench_v2,cactus,alpha0.18,case_081,0,ok,4.815126050420168,5.815126050420168,2768,476.0,0.8025210084033614,stop,True,54.03740039374679
longbench_v2,cactus,alpha0.18,case_082,0,ok,3.9876543209876543,4.987654320987654,807,162.0,0.6646090534979424,stop,True,70.11384105868638
longbench_v2,cactus,alpha0.18,case_083,0,ok,4.952830188679245,5.952830188679245,2524,424.0,0.8254716981132075,stop,True,42.90676531102508
longbench_v2,cactus,alpha0.18,case_084,0,ok,4.0,5.0,389,78.0,0.6666666666666666,stop,True,60.77476449124515
longbench_v2,cactus,alpha0.18,case_085,0,ok,5.23960880195599,6.23960880195599,2553,409.0,0.8732681336593318,stop,True,57.764449255075306
longbench_v2,cactus,alpha0.18,case_086,0,ok,3.9454545454545453,4.945454545454545,272,55.0,0.6575757575757576,stop,True,60.645252810791135
longbench_v2,cactus,alpha0.18,case_087,0,ok,4.571428571428571,5.571428571428571,1754,315.0,0.7619047619047619,stop,True,41.331356508191675
longbench_v2,cactus,alpha0.18,case_088,0,ok,4.430748840291584,5.430748840291584,8192,1509.0,0.7384581400485973,length,False,124.97459236206487
longbench_v2,cactus,alpha0.18,case_089,0,ok,4.2945301542777,5.2945301542777,3770,713.0,0.71575502571295,stop,True,57.887420784216374
longbench_v2,cactus,alpha0.18,case_090,0,ok,4.412371134020619,5.412371134020619,1051,194.0,0.7353951890034365,stop,True,76.51161902397871
longbench_v2,cactus,alpha0.18,case_091,0,ok,4.094752186588921,5.094752186588921,3494,686.0,0.6824586977648203,stop,True,79.96469697263092
longbench_v2,cactus,alpha0.18,case_092,0,ok,4.7005347593582885,5.7005347593582885,2127,374.0,0.7834224598930482,stop,True,84.2024229541421
longbench_v2,cactus,alpha0.18,case_093,0,ok,3.64,4.640000000000001,233,50.0,0.6066666666666667,stop,True,50.34850650001317
longbench_v2,cactus,alpha0.18,case_094,0,ok,4.593984962406015,5.593984962406015,745,133.0,0.7656641604010025,stop,True,112.37678146129474
longbench_v2,cactus,alpha0.18,case_095,0,ok,4.6552901023890785,5.6552901023890785,1658,293.0,0.7758816837315131,stop,True,108.64816581364721
longbench_v2,cactus,alpha0.18,case_096,0,ok,5.167478091528724,6.167478091528724,6332,1027.0,0.8612463485881208,stop,True,71.97499054810032
longbench_v2,cactus,alpha0.18,case_097,0,ok,4.971291866028708,5.971291866028708,3744,627.0,0.828548644338118,stop,True,65.85797090316191
longbench_v2,cactus,alpha0.18,case_098,0,ok,4.470588235294118,5.470588235294118,652,119.0,0.7450980392156863,stop,True,65.66257748566568
longbench_v2,cactus,alpha0.18,case_099,0,ok,3.5836575875486383,4.583657587548638,1179,257.0,0.5972762645914397,stop,True,61.9887864086777
longbench_v2,cactus,alpha0.18,case_100,0,ok,4.081871345029239,5.081871345029239,6953,1368.0,0.6803118908382066,stop,True,110.51967353513464
longbench_v2,cactus,alpha0.18,case_101,0,ok,4.724890829694323,5.724890829694323,1310,229.0,0.7874818049490538,stop,True,66.3126825178042
longbench_v2,cactus,alpha0.18,case_102,0,ok,4.707482993197279,5.707482993197279,836,147.0,0.7845804988662132,stop,True,45.6931105251424
longbench_v2,cactus,alpha0.18,case_103,0,ok,4.677298311444653,5.677298311444653,3026,533.0,0.7795497185741088,stop,True,51.73631252674386
longbench_v2,cactus,alpha0.18,case_104,0,ok,4.829815303430079,5.829815303430079,4419,758.0,0.8049692172383466,stop,True,65.55480373185128
longbench_v2,cactus,alpha0.18,case_105,0,ok,4.799717912552891,5.799717912552891,4111,709.0,0.7999529854254819,stop,True,63.58219726663083
longbench_v2,cactus,alpha0.18,case_106,0,ok,4.217131474103586,5.217131474103586,5239,1004.0,0.702855245683931,stop,True,86.36608675308526
longbench_v2,cactus,alpha0.18,case_107,0,ok,4.4260651629072685,5.4260651629072685,2164,399.0,0.7376775271512114,stop,True,91.27245956612751
longbench_v2,cactus,alpha0.18,case_108,0,ok,4.218181818181818,5.218181818181818,571,110.0,0.703030303030303,stop,True,110.83615106996149
longbench_v2,cactus,alpha0.18,case_109,0,ok,3.9517543859649122,4.951754385964913,2259,456.0,0.658625730994152,stop,True,109.22293954482302
longbench_v2,cactus,alpha0.18,case_110,0,ok,4.627659574468085,5.627659574468085,1585,282.0,0.7712765957446809,stop,True,63.96934459498152
longbench_v2,cactus,alpha0.18,case_111,0,ok,3.92603550295858,4.92603550295858,1664,338.0,0.6543392504930966,stop,True,92.72185862390324
longbench_v2,cactus,alpha0.18,case_112,0,ok,4.50140056022409,5.50140056022409,1963,357.0,0.7502334267040149,stop,True,70.85579603305086
longbench_v2,cactus,alpha0.18,case_113,0,ok,4.473333333333334,5.473333333333334,820,150.0,0.7455555555555555,stop,True,44.60574445594102
longbench_v2,cactus,alpha0.18,case_114,0,ok,4.341463414634147,5.341463414634147,217,41.0,0.7235772357723578,stop,True,61.892821681220084
longbench_v2,cactus,alpha0.18,case_115,0,ok,4.682464454976303,5.682464454976303,2398,422.0,0.7804107424960506,stop,True,61.1135045341216
longbench_v2,cactus,alpha0.18,case_116,0,ok,4.825335892514396,5.825335892514396,3032,521.0,0.8042226487523992,stop,True,40.62657157378271
longbench_v2,cactus,alpha0.18,case_117,0,ok,5.01699716713881,6.01699716713881,2124,353.0,0.836166194523135,stop,True,92.57304466888309
longbench_v2,cactus,alpha0.18,case_118,0,ok,4.615853658536586,5.615853658536586,1840,328.0,0.7693089430894309,stop,True,36.16578853921965
longbench_v2,cactus,alpha0.18,case_119,0,ok,4.174273858921162,5.174273858921162,1245,241.0,0.6957123098201936,stop,True,61.58177323080599
longbench_v2,cactus,alpha0.18,case_120,0,ok,4.545851528384279,5.545851528384279,1269,229.0,0.75764192139738,stop,True,103.32071965327486
longbench_v2,cactus,alpha0.18,case_121,0,ok,4.358870967741935,5.358870967741935,2656,496.0,0.7264784946236559,stop,True,70.60743842413649
longbench_v2,cactus,alpha0.18,case_122,0,ok,4.221925133689839,5.221925133689839,1953,374.0,0.7036541889483066,stop,True,112.99313842318952
longbench_v2,cactus,alpha0.18,case_123,0,ok,3.671641791044776,4.671641791044776,626,134.0,0.6119402985074627,stop,True,44.714503878261894
longbench_v2,cactus,alpha0.18,case_124,0,ok,4.655737704918033,5.655737704918033,1726,305.0,0.7759562841530054,stop,True,42.99729894893244
longbench_v2,cactus,alpha0.18,case_125,0,ok,4.731468531468532,5.731468531468532,8192,1430.0,0.7885780885780885,length,False,102.7797602340579
longbench_v2,cactus,alpha0.18,case_126,0,ok,3.9294871794871793,4.929487179487179,1538,312.0,0.6549145299145299,stop,True,80.89427789999172
longbench_v2,cactus,alpha0.18,case_127,0,ok,4.392156862745098,5.392156862745098,546,102.0,0.7320261437908496,stop,True,74.2538434797898
longbench_v2,cactus,alpha0.18,case_128,0,ok,4.347222222222222,5.347222222222222,1537,288.0,0.7245370370370371,stop,True,97.50700202584267
longbench_v2,cactus,alpha0.18,case_129,0,ok,4.523843416370107,5.523843416370107,7759,1405.0,0.7539739027283511,stop,True,107.85142584284768
longbench_v2,cactus,alpha0.18,case_130,0,ok,5.248015873015873,6.248015873015873,3150,504.0,0.8746693121693122,stop,True,57.805763747077435
longbench_v2,cactus,alpha0.18,case_131,0,ok,4.039660056657223,5.039660056657223,1777,353.0,0.6732766761095373,stop,True,71.1916264379397
longbench_v2,cactus,alpha0.18,case_132,0,ok,4.885148514851485,5.885148514851485,2968,505.0,0.8141914191419142,stop,True,98.98352360678837
longbench_v2,cactus,alpha0.18,case_133,0,ok,4.5075,5.5075,2204,400.0,0.75125,stop,True,79.4795522573404
longbench_v2,cactus,alpha0.18,case_134,0,ok,4.707196029776675,5.707196029776675,4595,806.0,0.7845326716294458,stop,True,48.47948965290561
longbench_v2,cactus,alpha0.18,case_135,0,ok,4.97112462006079,5.97112462006079,7853,1316.0,0.8285207700101317,stop,True,82.95126532809809
longbench_v2,cactus,alpha0.18,case_136,0,ok,4.592885375494071,5.592885375494071,1415,253.0,0.7654808959156785,stop,True,115.86095650494099
longbench_v2,cactus,alpha0.18,case_137,0,ok,5.053525913338998,6.053525913338998,7126,1177.0,0.8422543188898329,stop,True,88.2371822767891
longbench_v2,cactus,alpha0.18,case_138,0,ok,4.600522193211488,5.600522193211488,2143,383.0,0.7667536988685814,stop,True,95.26411445299163
longbench_v2,cactus,alpha0.18,case_139,0,ok,5.04390243902439,6.04390243902439,2479,410.0,0.8406504065040651,stop,True,118.23506451630965
longbench_v2,cactus,alpha0.18,case_140,0,ok,4.739219712525667,5.739219712525667,5591,974.0,0.7898699520876112,stop,True,78.73972148727626
longbench_v2,cactus,alpha0.18,case_141,0,ok,4.34185303514377,5.34185303514377,1671,313.0,0.7236421725239617,stop,True,47.484356304164976
longbench_v2,cactus,alpha0.18,case_142,0,ok,4.516605166051661,5.516605166051661,1495,271.0,0.7527675276752768,stop,True,74.61584928398952
longbench_v2,cactus,alpha0.18,case_143,0,ok,4.545321637426901,5.545321637426901,3792,684.0,0.7575536062378168,stop,True,115.4259618408978
longbench_v2,cactus,alpha0.18,case_144,0,ok,4.222084367245658,5.222084367245658,4208,806.0,0.7036807278742763,stop,True,52.986485921777785
longbench_v2,cactus,alpha0.18,case_145,0,ok,4.888734353268428,5.888734353268428,4232,719.0,0.8147890588780714,stop,True,44.544116218108684
longbench_v2,cactus,alpha0.18,case_146,0,ok,3.5661764705882355,4.5661764705882355,619,136.0,0.5943627450980392,stop,True,41.69441457791254
longbench_v2,cactus,alpha0.18,case_147,0,ok,5.277192982456141,6.277192982456141,1789,285.0,0.87953216374269,stop,True,51.70201918296516
longbench_v2,cactus,alpha0.18,case_148,0,ok,4.651162790697675,5.651162790697675,726,129.0,0.7751937984496124,stop,True,62.71906884200871
longbench_v2,cactus,alpha0.18,case_149,0,ok,4.404848484848485,5.404848484848485,4458,825.0,0.7341414141414141,stop,True,73.49069669703022
longbench_v2,cactus,alpha0.18,case_150,0,ok,4.241830065359477,5.241830065359477,802,153.0,0.7069716775599129,stop,True,42.11057701986283
longbench_v2,cactus,alpha0.35,case_001,0,ok,5.17948717948718,6.17948717948718,1447,234.0,0.8632478632478633,stop,True,96.35711568873376
longbench_v2,cactus,alpha0.35,case_002,0,ok,5.018348623853211,6.018348623853211,657,109.0,0.8363914373088684,stop,True,112.53613533778116
longbench_v2,cactus,alpha0.35,case_003,0,ok,5.517890772128061,6.517890772128061,3460,531.0,0.9196484620213434,stop,True,95.21733908401802
longbench_v2,cactus,alpha0.35,case_004,0,ok,5.147757255936676,6.147757255936676,2328,379.0,0.8579595426561126,stop,True,58.963213621173054
longbench_v2,cactus,alpha0.35,case_005,0,ok,5.107317073170732,6.107317073170732,1248,205.0,0.8512195121951219,stop,True,37.29042439395562
longbench_v2,cactus,alpha0.35,case_006,0,ok,5.133982035928144,6.133982035928144,8192,1336.0,0.8556636726546906,length,False,102.16080255107954
longbench_v2,cactus,alpha0.35,case_007,0,ok,4.96048632218845,5.96048632218845,1961,329.0,0.8267477203647416,stop,True,110.42038164520636
longbench_v2,cactus,alpha0.35,case_008,0,ok,3.939814814814815,4.939814814814815,4267,864.0,0.6566358024691358,stop,True,97.01996172498912
longbench_v2,cactus,alpha0.35,case_009,0,ok,4.692667706708268,5.692667706708268,3648,641.0,0.782111284451378,stop,True,83.23299094894901
longbench_v2,cactus,alpha0.35,case_010,0,ok,4.4411764705882355,5.4411764705882355,920,170.0,0.7401960784313726,stop,True,100.71550614805892
longbench_v2,cactus,alpha0.35,case_011,0,ok,4.741071428571429,5.741071428571429,640,112.0,0.7901785714285714,stop,True,53.79580470873043
longbench_v2,cactus,alpha0.35,case_012,0,ok,4.820754716981132,5.820754716981132,1234,212.0,0.8034591194968553,stop,True,44.14422011002898
longbench_v2,cactus,alpha0.35,case_013,0,ok,4.939698492462312,5.939698492462312,1181,199.0,0.8232830820770519,stop,True,65.27302195318043
longbench_v2,cactus,alpha0.35,case_014,0,ok,5.283898305084746,6.283898305084746,1481,236.0,0.8806497175141242,stop,True,46.266337594017386
longbench_v2,cactus,alpha0.35,case_015,0,ok,5.327987169206095,6.327987169206095,7891,1247.0,0.8879978615343491,stop,True,111.5123680010438
longbench_v2,cactus,alpha0.35,case_016,0,ok,4.51980198019802,5.51980198019802,1115,202.0,0.7533003300330033,stop,True,43.44954288005829
longbench_v2,cactus,alpha0.35,case_017,0,ok,4.590643274853801,5.590643274853801,956,171.0,0.7651072124756335,stop,True,47.8805641932413
longbench_v2,cactus,alpha0.35,case_018,0,ok,5.065843621399177,6.065843621399177,4417,729.0,0.8443072702331962,stop,True,68.8290486917831
longbench_v2,cactus,alpha0.35,case_019,0,ok,5.102127659574468,6.102127659574468,1435,235.0,0.850354609929078,stop,True,71.93294261209667
longbench_v2,cactus,alpha0.35,case_020,0,ok,4.967391304347826,5.967391304347826,1095,184.0,0.8278985507246377,stop,True,115.06374284205958
longbench_v2,cactus,alpha0.35,case_021,0,ok,4.955263157894737,5.955263157894737,2263,380.0,0.8258771929824561,stop,True,48.36080196406692
longbench_v2,cactus,alpha0.35,case_022,0,ok,5.031963470319635,6.031963470319635,1321,219.0,0.8386605783866058,stop,True,33.62761208694428
longbench_v2,cactus,alpha0.35,case_023,0,ok,4.7285223367697595,5.7285223367697595,1666,291.0,0.7880870561282932,stop,True,112.12702686106786
longbench_v2,cactus,alpha0.35,case_024,0,ok,4.75,5.75,3243,564.0,0.7916666666666666,stop,True,57.54929369315505
longbench_v2,cactus,alpha0.35,case_025,0,ok,4.783489096573208,5.783489096573208,3712,642.0,0.7972481827622014,stop,True,115.17020318005234
longbench_v2,cactus,alpha0.35,case_026,0,ok,4.7682926829268295,5.7682926829268295,5204,902.0,0.7947154471544715,stop,True,83.66359578119591
longbench_v2,cactus,alpha0.35,case_027,0,ok,5.318042813455658,6.318042813455658,2064,327.0,0.8863404689092762,stop,True,46.64160537393764
longbench_v2,cactus,alpha0.35,case_028,0,ok,4.377510040160643,5.377510040160643,2679,498.0,0.7295850066934404,stop,True,71.92881355574355
longbench_v2,cactus,alpha0.35,case_029,0,ok,4.812709030100335,5.812709030100335,1735,299.0,0.8021181716833891,stop,True,33.521735983435065
longbench_v2,cactus,alpha0.35,case_030,0,ok,3.572649572649573,4.572649572649572,1070,234.0,0.5954415954415955,stop,True,63.81467643100768
longbench_v2,cactus,alpha0.35,case_031,0,ok,5.002202643171806,6.002202643171806,2726,454.0,0.8337004405286343,stop,True,112.083531470038
longbench_v2,cactus,alpha0.35,case_032,0,ok,4.863970588235294,5.863970588235294,1594,272.0,0.8106617647058824,stop,True,74.9193002958782
longbench_v2,cactus,alpha0.35,case_033,0,ok,3.805,4.805,2884,600.0,0.6341666666666667,stop,True,89.24571743467823
longbench_v2,cactus,alpha0.35,case_034,0,ok,4.68135593220339,5.68135593220339,1677,295.0,0.7802259887005649,stop,True,57.5060100578703
longbench_v2,cactus,alpha0.35,case_035,0,ok,5.0602409638554215,6.0602409638554215,2513,415.0,0.8433734939759037,stop,True,53.223002574406564
longbench_v2,cactus,alpha0.35,case_036,0,ok,5.15130674002751,6.15130674002751,4470,727.0,0.8585511233379184,stop,True,53.074118996970356
longbench_v2,cactus,alpha0.35,case_037,0,ok,4.830721003134796,5.830721003134796,1855,319.0,0.8051201671891327,stop,True,53.00802628789097
longbench_v2,cactus,alpha0.35,case_038,0,ok,5.0,6.0,1123,188.0,0.8333333333333334,stop,True,51.47334989812225
longbench_v2,cactus,alpha0.35,case_039,0,ok,5.1647058823529415,6.1647058823529415,1043,170.0,0.8607843137254902,stop,True,56.041130689904094
longbench_v2,cactus,alpha0.35,case_040,0,ok,5.221674876847291,6.221674876847291,2525,406.0,0.8702791461412152,stop,True,59.35917584318668
longbench_v2,cactus,alpha0.35,case_041,0,ok,4.84863523573201,5.84863523573201,2352,403.0,0.8081058726220016,stop,True,99.02930127782747
longbench_v2,cactus,alpha0.35,case_042,0,ok,4.198511166253102,5.198511166253102,2095,403.0,0.6997518610421837,stop,True,76.26349460193887
longbench_v2,cactus,alpha0.35,case_043,0,ok,4.974285714285714,5.974285714285714,2088,350.0,0.829047619047619,stop,True,39.55045926710591
longbench_v2,cactus,alpha0.35,case_044,0,ok,5.056847545219639,6.056847545219639,2339,387.0,0.842807924203273,stop,True,105.65697166183963
longbench_v2,cactus,alpha0.35,case_045,0,ok,4.633474576271187,5.633474576271187,2660,472.0,0.7722457627118644,stop,True,107.7222231021151
longbench_v2,cactus,alpha0.35,case_046,0,ok,4.386046511627907,5.386046511627907,1159,215.0,0.7310077519379845,stop,True,108.94104275200516
longbench_v2,cactus,alpha0.35,case_047,0,ok,4.875,5.875,5828,992.0,0.8125,stop,True,86.30431177932769
longbench_v2,cactus,alpha0.35,case_048,0,ok,4.621428571428571,5.621428571428571,787,140.0,0.7702380952380953,stop,True,61.004760414827615
longbench_v2,cactus,alpha0.35,case_049,0,ok,5.288235294117647,6.288235294117647,4274,680.0,0.8813725490196078,stop,True,99.70466557284817
longbench_v2,cactus,alpha0.35,case_050,0,ok,5.136950904392765,6.136950904392765,4751,774.0,0.8561584840654608,stop,True,64.5257556498982
longbench_v2,cactus,alpha0.35,case_051,0,ok,4.488593155893536,5.488593155893536,2884,526.0,0.7480988593155894,stop,True,121.49896142818034
longbench_v2,cactus,alpha0.35,case_052,0,ok,4.862433862433862,5.862433862433862,1103,189.0,0.810405643738977,stop,True,119.42298529669642
longbench_v2,cactus,alpha0.35,case_053,0,ok,5.0174825174825175,6.0174825174825175,1720,286.0,0.8362470862470862,stop,True,65.98356773098931
longbench_v2,cactus,alpha0.35,case_054,0,ok,4.865633074935401,5.865633074935401,2270,387.0,0.8109388458225667,stop,True,55.000147306360304
longbench_v2,cactus,alpha0.35,case_055,0,ok,5.0184049079754605,6.0184049079754605,1962,326.0,0.83640081799591,stop,True,66.02665500110015
longbench_v2,cactus,alpha0.35,case_056,0,ok,4.620253164556962,5.620253164556962,445,79.0,0.770042194092827,stop,True,39.23372068814933
longbench_v2,cactus,alpha0.35,case_057,0,ok,4.5456475583864115,5.5456475583864115,2612,471.0,0.7576079263977353,stop,True,70.95025268290192
longbench_v2,cactus,alpha0.35,case_058,0,ok,4.029598308668076,5.029598308668076,2380,473.0,0.671599718111346,stop,True,72.19994759140536
longbench_v2,cactus,alpha0.35,case_059,0,ok,5.091324200913242,6.091324200913242,1330,219.0,0.8485540334855404,stop,True,56.03223693696782
longbench_v2,cactus,alpha0.35,case_060,0,ok,5.205692108667529,6.205692108667529,4798,773.0,0.8676153514445882,stop,True,90.93750511109829
longbench_v2,cactus,alpha0.35,case_061,0,ok,5.149059334298118,6.149059334298118,4248,691.0,0.8581765557163531,stop,True,48.38189524691552
longbench_v2,cactus,alpha0.35,case_062,0,ok,5.099476439790576,6.099476439790576,5821,955.0,0.849912739965096,stop,True,108.49008716410026
longbench_v2,cactus,alpha0.35,case_063,0,ok,4.262345679012346,5.262345679012346,1703,324.0,0.7103909465020576,stop,True,45.66849242383614
longbench_v2,cactus,alpha0.35,case_064,0,ok,4.490683229813665,5.490683229813665,883,161.0,0.7484472049689441,stop,True,45.28075544023886
longbench_v2,cactus,alpha0.35,case_065,0,ok,4.942105263157894,5.942105263157894,1128,190.0,0.8236842105263158,stop,True,41.977854650933295
longbench_v2,cactus,alpha0.35,case_066,0,ok,4.485148514851486,5.485148514851486,554,101.0,0.7475247524752475,stop,True,36.352230665739626
longbench_v2,cactus,alpha0.35,case_067,0,ok,4.189964157706093,5.189964157706093,2895,558.0,0.6983273596176822,stop,True,76.37309162598103
longbench_v2,cactus,alpha0.35,case_068,0,ok,5.070524412296564,6.070524412296564,3354,553.0,0.8450874020494273,stop,True,72.22572125075385
longbench_v2,cactus,alpha0.35,case_069,0,ok,4.287804878048781,5.287804878048781,1084,205.0,0.7146341463414634,stop,True,75.7897745477967
longbench_v2,cactus,alpha0.35,case_070,0,ok,5.309417040358745,6.309417040358745,7032,1115.0,0.8849028400597907,stop,True,74.24311458319426
longbench_v2,cactus,alpha0.35,case_071,0,ok,4.772535211267606,5.772535211267606,8192,1420.0,0.7954225352112676,length,False,95.84787229588255
longbench_v2,cactus,alpha0.35,case_072,0,ok,4.346610761705102,5.346610761705102,7650,1431.0,0.7244351269508502,stop,True,111.47331336606294
longbench_v2,cactus,alpha0.35,case_073,0,ok,5.2023809523809526,6.2023809523809526,1561,252.0,0.8670634920634921,stop,True,89.05735137499869
longbench_v2,cactus,alpha0.35,case_074,0,ok,4.726510067114094,5.726510067114094,3414,596.0,0.787751677852349,stop,True,112.79997622407973
longbench_v2,cactus,alpha0.35,case_075,0,ok,4.9581395348837205,5.9581395348837205,1280,215.0,0.8263565891472868,stop,True,99.60370107600465
longbench_v2,cactus,alpha0.35,case_076,0,ok,4.902439024390244,5.902439024390244,724,123.0,0.8170731707317073,stop,True,44.78783986903727
longbench_v2,cactus,alpha0.35,case_077,0,ok,4.673076923076923,5.673076923076923,4131,728.0,0.7788461538461539,stop,True,120.21201705187559
longbench_v2,cactus,alpha0.35,case_078,0,ok,4.939068100358423,5.939068100358423,1658,279.0,0.8231780167264038,stop,True,89.75958925113082
longbench_v2,cactus,alpha0.35,case_079,0,ok,4.759740259740259,5.759740259740259,887,154.0,0.7932900432900433,stop,True,79.92322501493618
longbench_v2,cactus,alpha0.35,case_080,0,ok,5.0,6.0,1333,222.0,0.8333333333333334,stop,True,58.84511477407068
longbench_v2,cactus,alpha0.35,case_081,0,ok,4.257328990228013,5.257328990228013,1609,307.0,0.7095548317046688,stop,True,48.87911220313981
longbench_v2,cactus,alpha0.35,case_082,0,ok,3.876543209876543,4.876543209876543,391,81.0,0.6460905349794238,stop,True,68.00765450112522
longbench_v2,cactus,alpha0.35,case_083,0,ok,5.547677261613692,6.547677261613692,2678,409.0,0.9246128769356153,stop,True,42.44676065817475
longbench_v2,cactus,alpha0.35,case_084,0,ok,4.587628865979381,5.587628865979381,1079,194.0,0.7646048109965635,stop,True,63.57732626097277
longbench_v2,cactus,alpha0.35,case_085,0,ok,5.281818181818182,6.281818181818182,2760,440.0,0.8803030303030303,stop,True,58.8122496297583
longbench_v2,cactus,alpha0.35,case_086,0,ok,4.859504132231405,5.859504132231405,2124,363.0,0.8099173553719008,stop,True,69.22375139500946
longbench_v2,cactus,alpha0.35,case_087,0,ok,5.224334600760456,6.224334600760456,1638,263.0,0.870722433460076,stop,True,40.04044589679688
longbench_v2,cactus,alpha0.35,case_088,0,ok,4.802395209580839,5.802395209580839,2908,501.0,0.8003992015968064,stop,True,98.8773784879595
longbench_v2,cactus,alpha0.35,case_089,0,ok,4.4879518072289155,5.4879518072289155,2730,498.0,0.7479919678714859,stop,True,52.858830915763974
longbench_v2,cactus,alpha0.35,case_090,0,ok,4.128571428571429,5.128571428571429,357,70.0,0.6880952380952381,stop,True,72.96137289190665
longbench_v2,cactus,alpha0.35,case_091,0,ok,4.669165885660731,5.669165885660731,6047,1067.0,0.7781943142767885,stop,True,91.14222241006792
longbench_v2,cactus,alpha0.35,case_092,0,ok,5.389937106918239,6.389937106918239,2033,318.0,0.8983228511530398,stop,True,82.70469527179375
longbench_v2,cactus,alpha0.35,case_093,0,ok,4.214876033057851,5.214876033057851,626,121.0,0.7024793388429752,stop,True,52.15355511708185
longbench_v2,cactus,alpha0.35,case_094,0,ok,5.0588235294117645,6.0588235294117645,925,153.0,0.8431372549019608,stop,True,112.97922183573246
longbench_v2,cactus,alpha0.35,case_095,0,ok,5.204379562043796,6.204379562043796,1701,274.0,0.8673965936739659,stop,True,108.17912508593872
longbench_v2,cactus,alpha0.35,case_096,0,ok,5.372693726937269,6.372693726937269,3455,542.0,0.8954489544895449,stop,True,56.880938927643
longbench_v2,cactus,alpha0.35,case_097,0,ok,5.48895292987512,6.48895292987512,6756,1041.0,0.91482548831252,stop,True,77.64710623770952
longbench_v2,cactus,alpha0.35,case_098,0,ok,4.873134328358209,5.873134328358209,782,134.0,0.8121890547263682,stop,True,65.94142776308581
longbench_v2,cactus,alpha0.35,case_099,0,ok,4.6370023419203745,5.6370023419203745,4815,854.0,0.7728337236533958,stop,True,78.00356879690662
longbench_v2,cactus,alpha0.35,case_100,0,ok,4.040363269424823,5.040363269424823,4992,991.0,0.6733938782374705,stop,True,98.79508010623977
longbench_v2,cactus,alpha0.35,case_101,0,ok,4.482035928143713,5.482035928143713,1829,334.0,0.7470059880239521,stop,True,68.74413701612502
longbench_v2,cactus,alpha0.35,case_102,0,ok,4.897540983606557,5.897540983606557,1435,244.0,0.8162568306010929,stop,False,48.08212109096348
longbench_v2,cactus,alpha0.35,case_103,0,ok,4.455882352941177,5.455882352941177,1485,272.0,0.7426470588235294,stop,True,43.12477242387831
longbench_v2,cactus,alpha0.35,case_104,0,ok,5.198863636363637,6.198863636363637,2181,352.0,0.8664772727272727,stop,True,53.28219415480271
longbench_v2,cactus,alpha0.35,case_105,0,ok,5.206991720331187,6.206991720331187,6747,1087.0,0.8678319533885311,stop,True,75.24232517601922
longbench_v2,cactus,alpha0.35,case_106,0,ok,4.694267515923567,5.694267515923567,7151,1256.0,0.7823779193205945,stop,True,95.63833067892119
longbench_v2,cactus,alpha0.35,case_107,0,ok,4.6796875,5.6796875,725,128.0,0.7799479166666666,stop,True,83.58772742329165
longbench_v2,cactus,alpha0.35,case_108,0,ok,4.941860465116279,5.941860465116279,2039,344.0,0.8236434108527132,stop,True,116.9931499902159
longbench_v2,cactus,alpha0.35,case_109,0,ok,4.287444933920705,5.287444933920705,4802,908.0,0.7145741556534508,stop,True,120.84384814836085
longbench_v2,cactus,alpha0.35,case_110,0,ok,5.314339981006648,6.314339981006648,6649,1053.0,0.8857233301677746,stop,True,86.11879804171622
longbench_v2,cactus,alpha0.35,case_111,0,ok,4.758112094395281,5.758112094395281,1953,339.0,0.7930186823992134,stop,True,92.81409023888409
longbench_v2,cactus,alpha0.35,case_112,0,ok,4.48314606741573,5.48314606741573,488,89.0,0.7471910112359551,stop,True,63.58790709590539
longbench_v2,cactus,alpha0.35,case_113,0,ok,5.282685512367491,6.282685512367491,1776,283.0,0.8804475853945819,stop,True,48.54152661934495
longbench_v2,cactus,alpha0.35,case_114,0,ok,4.987878787878788,5.987878787878788,986,165.0,0.8313131313131313,stop,True,65.32373658940196
longbench_v2,cactus,alpha0.35,case_115,0,ok,4.291891891891892,5.291891891891892,979,185.0,0.7153153153153153,stop,True,54.78451903210953
longbench_v2,cactus,alpha0.35,case_116,0,ok,4.909090909090909,5.909090909090909,1035,176.0,0.8181818181818182,stop,True,31.424763834103942
longbench_v2,cactus,alpha0.35,case_117,0,ok,5.130434782608695,6.130434782608695,1547,253.0,0.855072463768116,stop,True,90.00509719597176
longbench_v2,cactus,alpha0.35,case_118,0,ok,4.995133819951338,5.995133819951338,2462,411.0,0.832522303325223,stop,True,38.79255111794919
longbench_v2,cactus,alpha0.35,case_119,0,ok,3.8382978723404255,4.8382978723404255,1132,235.0,0.6397163120567376,stop,True,61.255117936991155
longbench_v2,cactus,alpha0.35,case_120,0,ok,5.25,6.25,1297,208.0,0.875,stop,True,103.24247882002965
longbench_v2,cactus,alpha0.35,case_121,0,ok,4.98029197080292,5.98029197080292,8192,1370.0,0.8300486618004866,length,False,95.60188749618828
longbench_v2,cactus,alpha0.35,case_122,0,ok,4.902684563758389,5.902684563758389,1760,298.0,0.8171140939597316,stop,True,111.12827748060226
longbench_v2,cactus,alpha0.35,case_123,0,ok,5.152631578947369,6.152631578947369,3502,570.0,0.8587719298245614,stop,True,56.97314312495291
longbench_v2,cactus,alpha0.35,case_124,0,ok,5.091803278688524,6.091803278688524,3715,610.0,0.8486338797814208,stop,True,51.31036931136623
longbench_v2,cactus,alpha0.35,case_125,0,ok,4.9174528301886795,5.9174528301886795,5013,848.0,0.8195754716981132,stop,True,86.1238415017724
longbench_v2,cactus,alpha0.35,case_126,0,ok,4.919825072886297,5.919825072886297,4060,686.0,0.8199708454810496,stop,True,91.21277505438775
longbench_v2,cactus,alpha0.35,case_127,0,ok,5.2468619246861925,6.2468619246861925,1494,239.0,0.8744769874476988,stop,True,78.51471449807286
longbench_v2,cactus,alpha0.35,case_128,0,ok,5.129901960784314,6.129901960784314,2502,408.0,0.8549836601307189,stop,True,101.68756617698818
longbench_v2,cactus,alpha0.35,case_129,0,ok,4.991589571068125,5.991589571068125,7125,1189.0,0.8319315951780207,stop,True,104.75949848629534
longbench_v2,cactus,alpha0.35,case_130,0,ok,5.237373737373737,6.237373737373737,2470,396.0,0.872895622895623,stop,True,54.86746768979356
longbench_v2,cactus,alpha0.35,case_131,0,ok,4.829573934837093,5.829573934837093,2325,399.0,0.8049289891395155,stop,True,73.12019508937374
longbench_v2,cactus,alpha0.35,case_132,0,ok,5.0,6.0,1072,179.0,0.8333333333333334,stop,True,90.17196543281898
longbench_v2,cactus,alpha0.35,case_133,0,ok,4.671568627450981,5.671568627450981,2309,408.0,0.7785947712418301,stop,True,80.02142098825425
longbench_v2,cactus,alpha0.35,case_134,0,ok,4.882165605095541,5.882165605095541,1847,314.0,0.8136942675159236,stop,True,35.23162618186325
longbench_v2,cactus,alpha0.35,case_135,0,ok,5.271324126726239,6.271324126726239,7718,1231.0,0.8785540211210398,stop,True,81.44683545315638
longbench_v2,cactus,alpha0.35,case_136,0,ok,5.050561797752809,6.050561797752809,1075,178.0,0.8417602996254682,stop,True,113.89932408416644
longbench_v2,cactus,alpha0.35,case_137,0,ok,4.484251968503937,5.484251968503937,1388,254.0,0.7473753280839895,stop,True,60.78231129376218
longbench_v2,cactus,alpha0.35,case_138,0,ok,5.13134328358209,6.13134328358209,2052,335.0,0.8552238805970149,stop,True,93.58442669268698
longbench_v2,cactus,alpha0.35,case_139,0,ok,5.480286738351254,6.480286738351254,1808,279.0,0.9133811230585425,stop,False,114.39820553129539
longbench_v2,cactus,alpha0.35,case_140,0,ok,5.123639191290824,6.123639191290824,7874,1286.0,0.8539398652151374,stop,True,86.48322433885187
longbench_v2,cactus,alpha0.35,case_141,0,ok,4.876106194690266,5.876106194690266,2653,452.0,0.8126843657817109,stop,True,50.823205465916544
longbench_v2,cactus,alpha0.35,case_142,0,ok,4.9922330097087375,5.9922330097087375,3081,515.0,0.8320388349514564,stop,True,80.93405511509627
longbench_v2,cactus,alpha0.35,case_143,0,ok,4.69248291571754,5.69248291571754,2500,439.0,0.7820804859529233,stop,True,108.80703925108537
longbench_v2,cactus,alpha0.35,case_144,0,ok,4.8086500655307995,5.8086500655307995,4429,763.0,0.8014416775884666,stop,True,52.9504238050431
longbench_v2,cactus,alpha0.35,case_145,0,ok,5.098765432098766,6.098765432098766,3457,567.0,0.8497942386831275,stop,True,40.52009897818789
longbench_v2,cactus,alpha0.35,case_146,0,ok,2.9696969696969697,3.9696969696969697,262,66.0,0.494949494949495,stop,True,39.884730000048876
longbench_v2,cactus,alpha0.35,case_147,0,ok,5.582120582120582,6.582120582120582,3164,481.0,0.9303534303534303,stop,True,57.52216837415472
longbench_v2,cactus,alpha0.35,case_148,0,ok,4.691860465116279,5.691860465116279,979,172.0,0.7819767441860465,stop,True,63.606227909214795
longbench_v2,cactus,alpha0.35,case_149,0,ok,4.633838383838384,5.633838383838384,4461,792.0,0.7723063973063973,stop,True,73.36568914866075
longbench_v2,cactus,alpha0.35,case_150,0,ok,4.467532467532467,5.467532467532467,421,77.0,0.7445887445887446,stop,True,40.276883501093835
longbench_v2,mentored_dec,alpha0.15,case_001,0,ok,2.056122448979592,3.056122448979592,1795,588.0,0.342687074829932,stop,True,102.16899189632386
longbench_v2,mentored_dec,alpha0.15,case_002,0,ok,1.425531914893617,2.425531914893617,229,94.0,0.2375886524822695,stop,True,111.84421106195077
longbench_v2,mentored_dec,alpha0.15,case_003,0,ok,1.7878787878787878,2.787878787878788,735,264.0,0.29797979797979796,stop,True,84.17359315697104
longbench_v2,mentored_dec,alpha0.15,case_004,0,ok,2.296969696969697,3.296969696969697,1630,495.0,0.38282828282828285,stop,True,58.519548340234905
longbench_v2,mentored_dec,alpha0.15,case_005,0,ok,2.5705705705705704,3.5705705705705704,1187,333.0,0.42842842842842843,stop,True,38.992392361629754
longbench_v2,mentored_dec,alpha0.15,case_006,0,ok,1.9780763790664782,2.9780763790664784,4209,1414.0,0.3296793965110797,stop,True,94.73171819979325
longbench_v2,mentored_dec,alpha0.15,case_007,0,ok,1.65625,2.65625,765,288.0,0.2760416666666667,stop,True,106.6730198180303
longbench_v2,mentored_dec,alpha0.15,case_008,0,ok,2.559659090909091,3.559659090909091,1252,352.0,0.4266098484848485,stop,True,84.16038147592917
longbench_v2,mentored_dec,alpha0.15,case_009,0,ok,2.776315789473684,3.776315789473684,2296,608.0,0.46271929824561403,stop,True,77.2794593339786
longbench_v2,mentored_dec,alpha0.15,case_010,0,ok,1.7419354838709677,2.741935483870968,596,217.0,0.2903225806451613,stop,True,100.99152417900041
longbench_v2,mentored_dec,alpha0.15,case_011,0,ok,2.2028985507246377,3.2028985507246377,441,138.0,0.3671497584541063,stop,True,53.699961580801755
longbench_v2,mentored_dec,alpha0.15,case_012,0,ok,1.6666666666666667,2.666666666666667,1048,393.0,0.2777777777777778,stop,True,46.165942448191345
longbench_v2,mentored_dec,alpha0.15,case_013,0,ok,2.392523364485981,3.392523364485981,361,107.0,0.3987538940809969,stop,True,61.82239635894075
longbench_v2,mentored_dec,alpha0.15,case_014,0,ok,2.1185185185185187,3.1185185185185187,842,270.0,0.3530864197530864,stop,True,45.14624959602952
longbench_v2,mentored_dec,alpha0.15,case_015,0,ok,1.794478527607362,2.794478527607362,909,326.0,0.299079754601227,stop,True,80.65249110292643
longbench_v2,mentored_dec,alpha0.15,case_016,0,ok,2.5736434108527133,3.5736434108527133,922,258.0,0.4289405684754522,stop,True,43.505060150288045
longbench_v2,mentored_dec,alpha0.15,case_017,0,ok,2.4574468085106385,3.4574468085106385,323,94.0,0.4095744680851064,stop,True,45.07068455405533
longbench_v2,mentored_dec,alpha0.15,case_018,0,ok,2.6769095697980685,3.6769095697980685,4187,1139.0,0.44615159496634477,stop,True,72.57366087799892
longbench_v2,mentored_dec,alpha0.15,case_019,0,ok,2.145985401459854,3.145985401459854,431,137.0,0.35766423357664234,stop,True,68.41171316429973
longbench_v2,mentored_dec,alpha0.15,case_020,0,ok,1.5548098434004474,2.5548098434004474,1143,447.0,0.25913497390007456,stop,True,118.56618085876107
longbench_v2,mentored_dec,alpha0.15,case_021,0,ok,2.051792828685259,3.051792828685259,766,251.0,0.34196547144754313,stop,True,42.05147679010406
longbench_v2,mentored_dec,alpha0.15,case_022,0,ok,2.0236686390532546,3.0236686390532546,511,169.0,0.33727810650887574,stop,True,30.2855681409128
longbench_v2,mentored_dec,alpha0.15,case_023,0,ok,1.2967032967032968,2.2967032967032965,627,273.0,0.21611721611721613,stop,True,108.48477343795821
longbench_v2,mentored_dec,alpha0.15,case_024,0,ok,2.401904761904762,3.401904761904762,1786,525.0,0.4003174603174603,stop,True,53.377004967071116
longbench_v2,mentored_dec,alpha0.15,case_025,0,ok,1.9862700228832952,2.9862700228832955,1305,437.0,0.3310450038138825,stop,True,107.82767076604068
longbench_v2,mentored_dec,alpha0.15,case_026,0,ok,1.9735023041474655,2.9735023041474653,2579,868.0,0.3289170506912442,stop,True,76.32773269619793
longbench_v2,mentored_dec,alpha0.15,case_027,0,ok,2.2433192686357244,3.2433192686357244,4612,1422.0,0.37388654477262073,stop,True,67.09246202278882
longbench_v2,mentored_dec,alpha0.15,case_028,0,ok,2.875757575757576,3.875757575757576,1278,330.0,0.47929292929292927,stop,True,65.51231218036264
longbench_v2,mentored_dec,alpha0.15,case_029,0,ok,2.1757322175732217,3.1757322175732217,757,239.0,0.36262203626220363,stop,True,30.305123914033175
longbench_v2,mentored_dec,alpha0.15,case_030,0,ok,2.79182156133829,3.79182156133829,1019,269.0,0.4653035935563817,stop,True,64.35046280687675
longbench_v2,mentored_dec,alpha0.15,case_031,0,ok,1.6114421930870084,2.6114421930870084,2191,839.0,0.2685736988478347,stop,True,116.88617132883519
longbench_v2,mentored_dec,alpha0.15,case_032,0,ok,1.6817640047675804,2.6817640047675804,2249,839.0,0.28029400079459676,stop,True,83.60390806896612
longbench_v2,mentored_dec,alpha0.15,case_033,0,ok,2.2341650671785027,3.2341650671785027,1684,521.0,0.3723608445297505,stop,True,84.95399724692106
longbench_v2,mentored_dec,alpha0.15,case_034,0,ok,2.029177718832891,3.029177718832891,1141,377.0,0.33819628647214856,stop,True,56.49825172778219
longbench_v2,mentored_dec,alpha0.15,case_035,0,ok,2.250853242320819,3.250853242320819,1902,586.0,0.37514220705346984,stop,True,53.54069307399914
longbench_v2,mentored_dec,alpha0.15,case_036,0,ok,2.5601659751037342,3.5601659751037342,3429,964.0,0.4266943291839557,stop,True,53.009289918933064
longbench_v2,mentored_dec,alpha0.15,case_037,0,ok,2.455242966751918,3.455242966751918,1350,391.0,0.4092071611253197,stop,True,52.903837596066296
longbench_v2,mentored_dec,alpha0.15,case_038,0,ok,2.2731958762886597,3.2731958762886597,2538,776.0,0.3788659793814433,stop,True,62.79605243168771
longbench_v2,mentored_dec,alpha0.15,case_039,0,ok,1.8141592920353982,2.814159292035398,316,113.0,0.3023598820058997,stop,True,53.161228062119335
longbench_v2,mentored_dec,alpha0.15,case_040,0,ok,2.2797927461139897,3.2797927461139897,3798,1158.0,0.3799654576856649,stop,True,71.76018325099722
longbench_v2,mentored_dec,alpha0.15,case_041,0,ok,2.314189189189189,3.314189189189189,980,296.0,0.38569819819819817,stop,True,93.82829779619351
longbench_v2,mentored_dec,alpha0.15,case_042,0,ok,2.033557046979866,3.033557046979866,450,149.0,0.3389261744966443,stop,True,68.26315731415525
longbench_v2,mentored_dec,alpha0.15,case_043,0,ok,2.231372549019608,3.231372549019608,824,255.0,0.3718954248366013,stop,True,34.58252228517085
longbench_v2,mentored_dec,alpha0.15,case_044,0,ok,1.7993197278911566,2.799319727891157,821,294.0,0.2998866213151927,stop,True,99.57990011898801
longbench_v2,mentored_dec,alpha0.15,case_045,0,ok,1.996607294317218,2.9966072943172177,3533,1179.0,0.332767882386203,stop,True,118.58610159298405
longbench_v2,mentored_dec,alpha0.15,case_046,0,ok,1.710196779964222,2.710196779964222,1516,559.0,0.28503279666070364,stop,True,114.98625759035349
longbench_v2,mentored_dec,alpha0.15,case_047,0,ok,2.045028142589118,3.045028142589118,1623,533.0,0.34083802376485306,stop,True,70.54377868305892
longbench_v2,mentored_dec,alpha0.15,case_048,0,ok,1.9618528610354224,2.9618528610354224,1088,367.0,0.32697547683923706,stop,True,64.71781331300735
longbench_v2,mentored_dec,alpha0.15,case_049,0,ok,1.517786561264822,2.5177865612648223,637,253.0,0.25296442687747034,stop,True,85.45995236979797
longbench_v2,mentored_dec,alpha0.15,case_050,0,ok,2.1927162367223065,3.1927162367223065,4209,1318.0,0.36545270612038444,stop,True,69.84677815390751
longbench_v2,mentored_dec,alpha0.15,case_051,0,ok,1.99496644295302,2.99496644295302,1785,596.0,0.3324944071588367,stop,True,119.00095116300508
longbench_v2,mentored_dec,alpha0.15,case_052,0,ok,1.4421364985163205,2.4421364985163203,1645,674.0,0.2403560830860534,stop,True,127.48406375292689
longbench_v2,mentored_dec,alpha0.15,case_053,0,ok,1.8566552901023892,2.856655290102389,837,293.0,0.3094425483503982,stop,True,63.85504975076765
longbench_v2,mentored_dec,alpha0.15,case_054,0,ok,2.356521739130435,3.356521739130435,771,230.0,0.3927536231884058,stop,True,49.24689925694838
longbench_v2,mentored_dec,alpha0.15,case_055,0,ok,2.2178649237472765,3.2178649237472765,2954,918.0,0.3696441539578795,stop,True,76.00756706530228
longbench_v2,mentored_dec,alpha0.15,case_056,0,ok,2.0049261083743843,3.0049261083743843,1220,406.0,0.3341543513957307,stop,True,45.69879005011171
longbench_v2,mentored_dec,alpha0.15,case_057,0,ok,1.5327868852459017,2.5327868852459017,309,122.0,0.25546448087431695,stop,True,59.356715575326234
longbench_v2,mentored_dec,alpha0.15,case_058,0,ok,2.8076923076923075,3.8076923076923075,1187,312.0,0.46794871794871795,stop,True,66.00146866776049
longbench_v2,mentored_dec,alpha0.15,case_059,0,ok,1.7736842105263158,2.7736842105263158,526,190.0,0.2956140350877193,stop,True,53.04256206797436
longbench_v2,mentored_dec,alpha0.15,case_060,0,ok,1.8730715287517532,2.873071528751753,8192,2852.0,0.3121785881252922,length,False,125.93408262217417
longbench_v2,mentored_dec,alpha0.15,case_061,0,ok,2.171280276816609,3.171280276816609,1831,578.0,0.3618800461361015,stop,True,39.69831364182755
longbench_v2,mentored_dec,alpha0.15,case_062,0,ok,1.9,2.9,724,250.0,0.31666666666666665,stop,True,86.67592227039859
longbench_v2,mentored_dec,alpha0.15,case_063,0,ok,2.3860759493670884,3.3860759493670884,535,158.0,0.39767932489451474,stop,True,40.77935962425545
longbench_v2,mentored_dec,alpha0.15,case_064,0,ok,1.9863945578231292,2.9863945578231292,439,147.0,0.3310657596371882,stop,True,44.01915658498183
longbench_v2,mentored_dec,alpha0.15,case_065,0,ok,2.5083798882681565,3.5083798882681565,1254,358.0,0.4180633147113594,stop,True,44.51663245912641
longbench_v2,mentored_dec,alpha0.15,case_066,0,ok,2.8617021276595747,3.8617021276595747,363,94.0,0.4769503546099291,stop,True,35.971544528380036
longbench_v2,mentored_dec,alpha0.15,case_067,0,ok,2.7952468007312614,3.7952468007312614,2076,547.0,0.46587446678854355,stop,True,74.48106560995802
longbench_v2,mentored_dec,alpha0.15,case_068,0,ok,2.3026315789473686,3.3026315789473686,753,228.0,0.38377192982456143,stop,True,62.383700128644705
longbench_v2,mentored_dec,alpha0.15,case_069,0,ok,1.9531615925058547,2.9531615925058547,1261,427.0,0.3255269320843091,stop,True,79.28625920321792
longbench_v2,mentored_dec,alpha0.15,case_070,0,ok,2.566914498141264,3.566914498141264,1919,538.0,0.427819083023544,stop,True,53.179933737032115
longbench_v2,mentored_dec,alpha0.15,case_071,0,ok,1.9918433931484503,2.99184339314845,1833,613.0,0.33197389885807504,stop,True,69.83067522896454
longbench_v2,mentored_dec,alpha0.15,case_072,0,ok,2.82807570977918,3.82807570977918,2426,634.0,0.4713459516298633,stop,True,88.65007304912433
longbench_v2,mentored_dec,alpha0.15,case_073,0,ok,1.9393139841688654,2.9393139841688654,1113,379.0,0.3232189973614776,stop,True,90.16934678610414
longbench_v2,mentored_dec,alpha0.15,case_074,0,ok,2.093945720250522,3.093945720250522,1483,479.0,0.348990953375087,stop,True,107.41106465738267
longbench_v2,mentored_dec,alpha0.15,case_075,0,ok,1.5063131313131313,2.5063131313131315,1985,792.0,0.2510521885521885,stop,True,109.79972430784255
longbench_v2,mentored_dec,alpha0.15,case_076,0,ok,1.8876404494382022,2.8876404494382024,256,89.0,0.3146067415730337,stop,True,43.45734896697104
longbench_v2,mentored_dec,alpha0.15,case_077,0,ok,1.6,2.6,583,225.0,0.26666666666666666,stop,True,104.23297218373045
longbench_v2,mentored_dec,alpha0.15,case_078,0,ok,1.8846153846153846,2.8846153846153846,1876,650.0,0.3141025641025641,stop,True,95.0976452510804
longbench_v2,mentored_dec,alpha0.15,case_079,0,ok,1.6869158878504673,2.6869158878504673,575,214.0,0.2811526479750779,stop,True,79.94179035816342
longbench_v2,mentored_dec,alpha0.15,case_080,0,ok,2.13125,3.13125,1500,480.0,0.35520833333333335,stop,True,62.91990774217993
longbench_v2,mentored_dec,alpha0.15,case_081,0,ok,2.0652173913043477,3.0652173913043477,1552,506.0,0.3442028985507246,stop,True,51.406210091896355
longbench_v2,mentored_dec,alpha0.15,case_082,0,ok,2.0841121495327104,3.0841121495327104,328,107.0,0.34735202492211836,stop,True,68.38685847399756
longbench_v2,mentored_dec,alpha0.15,case_083,0,ok,1.9577167019027484,2.9577167019027484,1399,473.0,0.3262861169837914,stop,True,40.75093993823975
longbench_v2,mentored_dec,alpha0.15,case_084,0,ok,2.331288343558282,3.331288343558282,542,163.0,0.3885480572597137,stop,True,62.501860700082034
longbench_v2,mentored_dec,alpha0.15,case_085,0,ok,2.3426294820717133,3.3426294820717133,838,251.0,0.3904382470119522,stop,True,51.29328622017056
longbench_v2,mentored_dec,alpha0.15,case_086,0,ok,2.3060109289617485,3.3060109289617485,605,183.0,0.3843351548269581,stop,True,63.108539978042245
longbench_v2,mentored_dec,alpha0.15,case_087,0,ok,2.319880418535127,3.319880418535127,2219,669.0,0.3866467364225212,stop,True,46.881223772186786
longbench_v2,mentored_dec,alpha0.15,case_088,0,ok,3.1658374792703152,4.165837479270316,2513,603.0,0.5276395798783858,stop,True,98.44934170134366
longbench_v2,mentored_dec,alpha0.15,case_089,0,ok,2.2429906542056073,3.2429906542056073,693,214.0,0.37383177570093457,stop,True,43.911645667627454
longbench_v2,mentored_dec,alpha0.15,case_090,0,ok,2.0064102564102564,3.0064102564102564,468,156.0,0.3344017094017094,stop,True,74.45879127224907
longbench_v2,mentored_dec,alpha0.15,case_091,0,ok,2.424107142857143,3.424107142857143,1533,448.0,0.40401785714285715,stop,True,72.02690263371915
longbench_v2,mentored_dec,alpha0.15,case_092,0,ok,1.4645030425963488,2.464503042596349,1213,493.0,0.24408384043272482,stop,True,83.11100664408877
longbench_v2,mentored_dec,alpha0.15,case_093,0,ok,2.0308988764044944,3.0308988764044944,1079,356.0,0.33848314606741575,stop,True,56.302246341947466
longbench_v2,mentored_dec,alpha0.15,case_094,0,ok,1.4203389830508475,2.4203389830508475,712,295.0,0.23672316384180792,stop,True,114.87719457829371
longbench_v2,mentored_dec,alpha0.15,case_095,0,ok,2.176252319109462,3.176252319109462,1711,539.0,0.362708719851577,stop,True,111.84714189125225
longbench_v2,mentored_dec,alpha0.15,case_096,0,ok,3.120645709430756,4.120645709430756,4850,1177.0,0.5201076182384594,stop,True,67.86330203898251
longbench_v2,mentored_dec,alpha0.15,case_097,0,ok,2.3392857142857144,3.3392857142857144,1307,392.0,0.3898809523809524,stop,True,55.78086527809501
longbench_v2,mentored_dec,alpha0.15,case_098,0,ok,1.6526548672566372,2.6526548672566372,2398,904.0,0.2754424778761062,stop,True,80.04699538880959
longbench_v2,mentored_dec,alpha0.15,case_099,0,ok,2.202875399361022,3.202875399361022,2005,626.0,0.3671458998935037,stop,True,69.33912935992703
longbench_v2,mentored_dec,alpha0.15,case_100,0,ok,2.7125506072874495,3.7125506072874495,1833,494.0,0.45209176788124156,stop,True,85.38073722319677
longbench_v2,mentored_dec,alpha0.15,case_101,0,ok,2.198365864729914,3.198365864729914,7047,2203.0,0.36639431078831897,stop,True,107.43131716828793
longbench_v2,mentored_dec,alpha0.15,case_102,0,ok,1.7621951219512195,2.7621951219512195,1358,492.0,0.2936991869918699,stop,True,51.44838212989271
longbench_v2,mentored_dec,alpha0.15,case_103,0,ok,2.541254125412541,3.541254125412541,1073,303.0,0.4235423542354235,stop,True,43.1683741370216
longbench_v2,mentored_dec,alpha0.15,case_104,0,ok,2.2615384615384615,3.2615384615384615,1060,325.0,0.3769230769230769,stop,True,50.56178567511961
longbench_v2,mentored_dec,alpha0.15,case_105,0,ok,2.3920068027210886,3.3920068027210886,3989,1176.0,0.39866780045351474,stop,True,69.26122628292069
longbench_v2,mentored_dec,alpha0.15,case_106,0,ok,1.6261098322920091,2.626109832292009,7985,3041.0,0.27101830538200156,stop,True,121.31927497219294
longbench_v2,mentored_dec,alpha0.15,case_107,0,ok,1.7033898305084745,2.7033898305084745,956,354.0,0.2838983050847458,stop,True,87.65062147704884
longbench_v2,mentored_dec,alpha0.15,case_108,0,ok,1.8098591549295775,2.8098591549295775,797,284.0,0.30164319248826293,stop,True,113.26642497815192
longbench_v2,mentored_dec,alpha0.15,case_109,0,ok,3.0319634703196345,4.031963470319635,882,219.0,0.5053272450532724,stop,True,102.53527762088925
longbench_v2,mentored_dec,alpha0.15,case_110,0,ok,2.3300198807157058,3.3300198807157058,1673,503.0,0.388336646785951,stop,True,66.90814595296979
longbench_v2,mentored_dec,alpha0.15,case_111,0,ok,2.0533088235294117,3.0533088235294117,1660,544.0,0.34221813725490197,stop,True,95.51277098013088
longbench_v2,mentored_dec,alpha0.15,case_112,0,ok,1.9540816326530612,2.954081632653061,578,196.0,0.32568027210884354,stop,True,65.45188210299239
longbench_v2,mentored_dec,alpha0.15,case_113,0,ok,2.2027027027027026,3.2027027027027026,709,222.0,0.36711711711711714,stop,True,45.488194317091256
longbench_v2,mentored_dec,alpha0.15,case_114,0,ok,2.1095890410958904,3.1095890410958904,226,73.0,0.3515981735159817,stop,True,62.90907065523788
longbench_v2,mentored_dec,alpha0.15,case_115,0,ok,1.5170731707317073,2.5170731707317073,515,205.0,0.2528455284552846,stop,True,54.00855328887701
longbench_v2,mentored_dec,alpha0.15,case_116,0,ok,2.492424242424242,3.492424242424242,922,264.0,0.4154040404040404,stop,True,32.57944362889975
longbench_v2,mentored_dec,alpha0.15,case_117,0,ok,2.0460358056265986,3.0460358056265986,2380,782.0,0.3410059676044331,stop,True,99.72992026712745
longbench_v2,mentored_dec,alpha0.15,case_118,0,ok,2.7410008779631254,3.7410008779631254,4261,1139.0,0.4568334796605209,stop,True,52.81291929492727
longbench_v2,mentored_dec,alpha0.15,case_119,0,ok,2.240740740740741,3.240740740740741,350,108.0,0.3734567901234568,stop,True,57.713323522824794
longbench_v2,mentored_dec,alpha0.15,case_120,0,ok,1.5525210084033614,2.552521008403361,1215,476.0,0.25875350140056025,stop,True,107.17750515788794
longbench_v2,mentored_dec,alpha0.15,case_121,0,ok,1.9108382274426055,2.9108382274426052,5452,1873.0,0.3184730379071009,stop,True,96.22021030215546
longbench_v2,mentored_dec,alpha0.15,case_122,0,ok,1.5927272727272728,2.5927272727272728,2140,825.0,0.26545454545454544,stop,True,120.051167673897
longbench_v2,mentored_dec,alpha0.15,case_123,0,ok,2.118483412322275,3.118483412322275,658,211.0,0.35308056872037913,stop,True,45.90406866231933
longbench_v2,mentored_dec,alpha0.15,case_124,0,ok,2.65625,3.65625,933,256.0,0.4427083333333333,stop,True,40.52518058614805
longbench_v2,mentored_dec,alpha0.15,case_125,0,ok,2.0990712074303404,3.0990712074303404,1000,323.0,0.3498452012383901,stop,True,69.70851392392069
longbench_v2,mentored_dec,alpha0.15,case_126,0,ok,1.8708708708708708,2.8708708708708706,956,333.0,0.31181181181181183,stop,True,79.19583414215595
longbench_v2,mentored_dec,alpha0.15,case_127,0,ok,1.7335984095427435,2.7335984095427435,1373,503.0,0.28893306825712395,stop,True,81.8971609310247
longbench_v2,mentored_dec,alpha0.15,case_128,0,ok,1.7311557788944723,2.7311557788944723,1087,398.0,0.28852596314907875,stop,True,98.22665824508294
longbench_v2,mentored_dec,alpha0.15,case_129,0,ok,1.6067415730337078,2.606741573033708,1624,623.0,0.26779026217228463,stop,True,83.01421419158578
longbench_v2,mentored_dec,alpha0.15,case_130,0,ok,2.1918367346938776,3.1918367346938776,1564,490.0,0.3653061224489796,stop,True,53.97799451602623
longbench_v2,mentored_dec,alpha0.15,case_131,0,ok,2.2478485370051633,3.2478485370051633,1887,581.0,0.37464142283419394,stop,True,74.80175044666976
longbench_v2,mentored_dec,alpha0.15,case_132,0,ok,1.821078431372549,2.821078431372549,2301,816.0,0.3035130718954248,stop,True,101.59910673974082
longbench_v2,mentored_dec,alpha0.15,case_133,0,ok,1.911214953271028,2.911214953271028,1245,428.0,0.31853582554517135,stop,True,78.09347848128527
longbench_v2,mentored_dec,alpha0.15,case_134,0,ok,2.301255230125523,3.301255230125523,1578,478.0,0.38354253835425384,stop,True,37.07613990502432
longbench_v2,mentored_dec,alpha0.15,case_135,0,ok,2.4922279792746114,3.4922279792746114,2022,579.0,0.4153713298791019,stop,True,59.62731633987278
longbench_v2,mentored_dec,alpha0.15,case_136,0,ok,1.6316695352839932,2.631669535283993,1528,581.0,0.2719449225473322,stop,True,121.30385928507894
longbench_v2,mentored_dec,alpha0.15,case_137,0,ok,1.8778877887788779,2.877887788778878,1744,606.0,0.31298129812981296,stop,True,66.4332339540124
longbench_v2,mentored_dec,alpha0.15,case_138,0,ok,1.5638629283489096,2.5638629283489096,1644,642.0,0.26064382139148495,stop,True,97.00564730167389
longbench_v2,mentored_dec,alpha0.15,case_139,0,ok,1.970406905055487,2.970406905055487,2408,811.0,0.3284011508425812,stop,True,123.4032246330753
longbench_v2,mentored_dec,alpha0.15,case_140,0,ok,1.9698275862068966,2.969827586206897,2756,928.0,0.32830459770114945,stop,True,69.80504702683538
longbench_v2,mentored_dec,alpha0.15,case_141,0,ok,2.5454545454545454,3.5454545454545454,974,275.0,0.42424242424242425,stop,True,44.77327548293397
longbench_v2,mentored_dec,alpha0.15,case_142,0,ok,1.3094339622641509,2.309433962264151,612,265.0,0.21823899371069183,stop,True,71.91321481810883
longbench_v2,mentored_dec,alpha0.15,case_143,0,ok,2.2711111111111113,3.2711111111111113,2207,675.0,0.37851851851851853,stop,True,111.47851076023653
longbench_v2,mentored_dec,alpha0.15,case_144,0,ok,1.9430379746835442,2.943037974683544,1860,632.0,0.32383966244725737,stop,True,45.26391374319792
longbench_v2,mentored_dec,alpha0.15,case_145,0,ok,2.195,3.195,1276,400.0,0.36583333333333334,stop,True,33.468436657916754
longbench_v2,mentored_dec,alpha0.15,case_146,0,ok,2.209090909090909,3.209090909090909,353,110.0,0.36818181818181817,stop,True,40.70832601794973
longbench_v2,mentored_dec,alpha0.15,case_147,0,ok,2.156779661016949,3.156779661016949,2234,708.0,0.3594632768361582,stop,True,58.189899880904704
longbench_v2,mentored_dec,alpha0.15,case_148,0,ok,2.021276595744681,3.021276595744681,281,94.0,0.33687943262411346,stop,True,61.15316219581291
longbench_v2,mentored_dec,alpha0.15,case_149,0,ok,2.0533333333333332,3.0533333333333332,3892,1275.0,0.3422222222222222,stop,True,78.73375609470531
longbench_v2,mentored_dec,alpha0.15,case_150,0,ok,2.4133333333333336,3.4133333333333336,255,75.0,0.4022222222222222,stop,True,40.08764179004356
longbench_v2,mentored_dec,alpha0.35,case_001,0,ok,2.275409836065574,3.275409836065574,1998,610.0,0.37923497267759565,stop,True,102.56062609283254
longbench_v2,mentored_dec,alpha0.35,case_002,0,ok,1.7983539094650205,2.7983539094650203,2039,729.0,0.2997256515775034,stop,True,125.01532466895878
longbench_v2,mentored_dec,alpha0.35,case_003,0,ok,2.178970917225951,3.178970917225951,1420,447.0,0.36316181953765847,stop,True,88.61202636221424
longbench_v2,mentored_dec,alpha0.55,case_001,0,ok,2.4957264957264957,3.4957264957264957,1227,351.0,0.41595441595441596,stop,True,97.65787565987557
longbench_v2,mentored_dec,alpha0.55,case_002,0,ok,2.254166666666667,3.254166666666667,779,240.0,0.37569444444444444,stop,True,114.55578976403922
longbench_v2,mentored_dec,alpha0.55,case_003,0,ok,2.549738219895288,3.549738219895288,1356,382.0,0.424956369982548,stop,True,87.52710508229211
longbench_v2,mentored_dec,alpha0.55,case_004,0,ok,2.891566265060241,3.891566265060241,1292,332.0,0.4819277108433735,stop,True,55.8351540947333
longbench_v2,mentored_dec,alpha0.55,case_005,0,ok,3.0761245674740483,4.076124567474048,1178,289.0,0.5126874279123415,stop,True,38.51085570687428
longbench_v2,mentored_dec,alpha0.55,case_006,0,ok,2.5010909090909093,3.5010909090909093,4813,1375.0,0.41684848484848486,stop,True,95.84325558971614
longbench_v2,mentored_dec,alpha0.55,case_007,0,ok,2.1198347107438016,3.1198347107438016,755,242.0,0.35330578512396693,stop,True,105.38490982586518
longbench_v2,mentored_dec,alpha0.55,case_008,0,ok,3.1763085399449036,4.176308539944904,1515,363.0,0.529384756657484,stop,True,83.56532647786662
longbench_v2,mentored_dec,alpha0.55,case_009,0,ok,3.5884244372990355,4.588424437299036,2853,622.0,0.5980707395498392,stop,True,79.69814865291119
longbench_v2,mentored_dec,alpha0.55,case_010,0,ok,2.074074074074074,3.074074074074074,581,189.0,0.345679012345679,stop,True,100.41662017675117
longbench_v2,mentored_dec,alpha0.55,case_011,0,ok,2.65,3.65,510,140.0,0.44166666666666665,stop,True,53.968063712120056
longbench_v2,mentored_dec,alpha0.55,case_012,0,ok,2.401766004415011,3.401766004415011,1540,453.0,0.40029433406916853,stop,True,48.246222604997456
longbench_v2,mentored_dec,alpha0.55,case_013,0,ok,2.217391304347826,3.217391304347826,442,138.0,0.3695652173913043,stop,True,62.695717443712056
longbench_v2,mentored_dec,alpha0.55,case_014,0,ok,2.8482142857142856,3.8482142857142856,862,224.0,0.47470238095238093,stop,True,45.165924466215074
longbench_v2,mentored_dec,alpha0.55,case_015,0,ok,2.4656771799628943,3.4656771799628943,1867,539.0,0.4109461966604824,stop,True,87.33027347782627
longbench_v2,mentored_dec,alpha0.55,case_016,0,ok,2.6276923076923078,3.6276923076923078,1179,325.0,0.4379487179487179,stop,True,45.66353055089712
longbench_v2,mentored_dec,alpha0.55,case_017,0,ok,2.9285714285714284,3.9285714285714284,331,84.0,0.4880952380952381,stop,True,45.300129399169236
longbench_v2,mentored_dec,alpha0.55,case_018,0,ok,3.402951191827469,4.402951191827469,3879,881.0,0.5671585319712448,stop,True,68.83817450096831
longbench_v2,mentored_dec,alpha0.55,case_019,0,ok,2.857894736842105,3.857894736842105,730,190.0,0.4763157894736842,stop,True,70.84821637207642
longbench_v2,mentored_dec,alpha0.55,case_020,0,ok,2.054054054054054,3.054054054054054,451,148.0,0.34234234234234234,stop,True,113.60789169603959
longbench_v2,mentored_dec,alpha0.55,case_021,0,ok,2.4075342465753424,3.4075342465753424,994,292.0,0.4012557077625571,stop,True,43.71875223191455
longbench_v2,mentored_dec,alpha0.55,case_022,0,ok,2.860606060606061,3.860606060606061,637,165.0,0.4767676767676768,stop,True,30.93569255899638
longbench_v2,mentored_dec,alpha0.55,case_023,0,ok,2.281115879828326,3.281115879828326,1529,466.0,0.3801859799713877,stop,True,115.00571559322998
longbench_v2,mentored_dec,alpha0.55,case_024,0,ok,3.117408906882591,4.117408906882591,2032,494.0,0.5195681511470985,stop,True,54.23270050715655
longbench_v2,mentored_dec,alpha0.55,case_025,0,ok,2.7681159420289854,3.7681159420289854,1559,414.0,0.4613526570048309,stop,True,107.75443901587278
longbench_v2,mentored_dec,alpha0.55,case_026,0,ok,2.84375,3.84375,613,160.0,0.4739583333333333,stop,True,62.0408189939335
longbench_v2,mentored_dec,alpha0.55,case_027,0,ok,2.8863636363636362,3.8863636363636362,1881,484.0,0.4810606060606061,stop,True,48.34371158387512
longbench_v2,mentored_dec,alpha0.55,case_028,0,ok,2.950884086444008,3.950884086444008,2010,509.0,0.49181401440733463,stop,True,70.15216339891776
longbench_v2,mentored_dec,alpha0.55,case_029,0,ok,2.948051948051948,3.948051948051948,1216,308.0,0.49134199134199136,stop,True,32.241275551728904
longbench_v2,mentored_dec,alpha0.55,case_030,0,ok,2.918918918918919,3.918918918918919,1303,333.0,0.4864864864864865,stop,True,66.17955366289243
longbench_v2,mentored_dec,alpha0.55,case_031,0,ok,1.8224719101123596,2.82247191011236,1253,445.0,0.3037453183520599,stop,True,109.11572815198451
longbench_v2,mentored_dec,alpha0.55,case_032,0,ok,2.2703180212014136,3.2703180212014136,1849,566.0,0.37838633686690226,stop,True,79.29776947386563
longbench_v2,mentored_dec,alpha0.55,case_033,0,ok,3.0019762845849804,4.0019762845849804,2024,506.0,0.5003293807641633,stop,True,85.75124377803877
longbench_v2,mentored_dec,alpha0.55,case_034,0,ok,2.7666666666666666,3.7666666666666666,1355,360.0,0.46111111111111114,stop,True,57.345141250640154
longbench_v2,mentored_dec,alpha0.55,case_035,0,ok,2.53125,3.53125,676,192.0,0.421875,stop,True,45.20402873912826
longbench_v2,mentored_dec,alpha0.55,case_036,0,ok,3.0773638968481376,4.077363896848137,1423,349.0,0.5128939828080229,stop,True,39.77686514891684
longbench_v2,mentored_dec,alpha0.55,case_037,0,ok,2.98825831702544,3.98825831702544,2033,511.0,0.4980430528375734,stop,True,56.440795835107565
longbench_v2,mentored_dec,alpha0.55,case_038,0,ok,2.6556016597510372,3.6556016597510372,880,241.0,0.4426002766251729,stop,True,51.53347638482228
longbench_v2,mentored_dec,alpha0.55,case_039,0,ok,2.7656903765690375,3.7656903765690375,895,239.0,0.4609483960948396,stop,True,56.16629473306239
longbench_v2,mentored_dec,alpha0.55,case_040,0,ok,2.937581274382315,3.937581274382315,3026,769.0,0.4895968790637191,stop,True,65.89652569079772
longbench_v2,mentored_dec,alpha0.55,case_041,0,ok,2.128440366972477,3.128440366972477,1705,545.0,0.3547400611620795,stop,True,98.7167417681776
longbench_v2,mentored_dec,alpha0.55,case_042,0,ok,2.558139534883721,3.558139534883721,1069,301.0,0.4263565891472868,stop,True,71.7292702421546
longbench_v2,mentored_dec,alpha0.55,case_043,0,ok,3.036842105263158,4.036842105263158,2299,570.0,0.506140350877193,stop,True,43.015806905925274
longbench_v2,mentored_dec,alpha0.55,case_044,0,ok,2.195918367346939,3.195918367346939,1566,490.0,0.3659863945578231,stop,True,105.12699957983568
longbench_v2,mentored_dec,alpha0.55,case_045,0,ok,2.5779334500875657,3.5779334500875657,2041,571.0,0.4296555750145943,stop,True,107.75855410797521
longbench_v2,mentored_dec,alpha0.55,case_046,0,ok,2.189140271493213,3.189140271493213,3522,1105.0,0.3648567119155354,stop,True,126.61353730689734
longbench_v2,mentored_dec,alpha0.55,case_047,0,ok,2.4383259911894273,3.4383259911894273,1560,454.0,0.4063876651982379,stop,True,68.91146629070863
longbench_v2,mentored_dec,alpha0.55,case_048,0,ok,1.6048387096774193,2.604838709677419,646,248.0,0.2674731182795699,stop,True,62.34738845098764
longbench_v2,mentored_dec,alpha0.55,case_049,0,ok,2.348027842227378,3.348027842227378,1442,431.0,0.391337973704563,stop,True,90.57347962679341
longbench_v2,mentored_dec,alpha0.55,case_050,0,ok,2.723018147086915,3.723018147086915,3898,1047.0,0.45383635784781917,stop,True,66.56806034734473
longbench_v2,mentored_dec,alpha0.55,case_051,0,ok,2.1041666666666665,3.1041666666666665,1489,480.0,0.3506944444444444,stop,True,117.87135719601065
longbench_v2,mentored_dec,alpha0.55,case_052,0,ok,2.018413597733711,3.018413597733711,2128,706.0,0.33640226628895187,stop,True,130.07894658623263
longbench_v2,mentored_dec,alpha0.55,case_053,0,ok,2.557471264367816,3.557471264367816,619,174.0,0.42624521072796934,stop,True,61.84664676710963
longbench_v2,mentored_dec,alpha0.55,case_054,0,ok,2.756198347107438,3.756198347107438,907,242.0,0.459366391184573,stop,True,49.783605547156185
longbench_v2,mentored_dec,alpha0.55,case_055,0,ok,2.7425431711145998,3.7425431711145998,2382,637.0,0.4570905285190999,stop,True,71.31393660278991
longbench_v2,mentored_dec,alpha0.55,case_056,0,ok,2.366336633663366,3.366336633663366,338,101.0,0.3943894389438944,stop,True,39.293168080970645
longbench_v2,mentored_dec,alpha0.55,case_057,0,ok,2.299107142857143,3.299107142857143,739,224.0,0.38318452380952384,stop,True,61.94797882717103
longbench_v2,mentored_dec,alpha0.55,case_058,0,ok,2.6020408163265305,3.6020408163265305,706,196.0,0.4336734693877551,stop,True,63.218331889249384
longbench_v2,mentored_dec,alpha0.55,case_059,0,ok,2.452054794520548,3.452054794520548,753,219.0,0.408675799086758,stop,True,54.23344485880807
longbench_v2,mentored_dec,alpha0.55,case_060,0,ok,2.4083129584352077,3.4083129584352077,5574,1636.0,0.4013854930725346,stop,True,103.60816494980827
longbench_v2,mentored_dec,alpha0.55,case_061,0,ok,3.1449814126394053,4.144981412639405,5575,1345.0,0.5241635687732342,stop,True,58.760340026114136
longbench_v2,mentored_dec,alpha0.55,case_062,0,ok,2.321656050955414,3.321656050955414,1042,314.0,0.3869426751592357,stop,True,88.55359768494964
longbench_v2,mentored_dec,alpha0.55,case_063,0,ok,2.7037037037037037,3.7037037037037037,298,81.0,0.4506172839506173,stop,True,39.24327605497092
longbench_v2,mentored_dec,alpha0.55,case_064,0,ok,2.4529411764705884,3.4529411764705884,586,170.0,0.4088235294117647,stop,True,45.07851501600817
longbench_v2,mentored_dec,alpha0.55,case_065,0,ok,2.9207317073170733,3.9207317073170733,643,164.0,0.4867886178861789,stop,True,40.64865989005193
longbench_v2,mentored_dec,alpha0.55,case_066,0,ok,2.364406779661017,3.364406779661017,395,118.0,0.3940677966101695,stop,True,36.26783581916243
longbench_v2,mentored_dec,alpha0.55,case_067,0,ok,3.143042912873862,4.143042912873862,3185,769.0,0.523840485478977,stop,True,79.8390804133378
longbench_v2,mentored_dec,alpha0.55,case_068,0,ok,2.6077844311377247,3.6077844311377247,1205,334.0,0.4346307385229541,stop,True,64.27410379517823
longbench_v2,mentored_dec,alpha0.55,case_069,0,ok,2.1911764705882355,3.1911764705882355,868,272.0,0.36519607843137253,stop,True,75.96564232511446
longbench_v2,mentored_dec,alpha0.55,case_070,0,ok,3.402142857142857,4.402142857142858,6161,1400.0,0.5670238095238095,stop,True,75.25779262697324
longbench_v2,mentored_dec,alpha0.55,case_071,0,ok,2.385665529010239,3.385665529010239,1982,586.0,0.39761092150170646,stop,True,69.59104614099488
longbench_v2,mentored_dec,alpha0.55,case_072,0,ok,3.238961038961039,4.238961038961039,1632,385.0,0.5398268398268399,stop,True,83.47983931796625
longbench_v2,mentored_dec,alpha0.55,case_073,0,ok,2.385869565217391,3.385869565217391,1866,552.0,0.3976449275362319,stop,True,94.46156382514164
longbench_v2,mentored_dec,alpha0.55,case_074,0,ok,2.5899653979238755,3.5899653979238755,2076,578.0,0.43166089965397925,stop,True,109.7824530089274
longbench_v2,mentored_dec,alpha0.55,case_075,0,ok,2.1257861635220126,3.1257861635220126,1491,477.0,0.35429769392033544,stop,True,103.94508514273912
longbench_v2,mentored_dec,alpha0.55,case_076,0,ok,2.282051282051282,3.282051282051282,254,78.0,0.3803418803418803,stop,True,43.1335767027922
longbench_v2,mentored_dec,alpha0.55,case_077,0,ok,1.769491525423729,2.769491525423729,818,295.0,0.29491525423728815,stop,True,105.40249608410522
longbench_v2,mentored_dec,alpha0.55,case_078,0,ok,2.149867374005305,3.149867374005305,2375,754.0,0.3583112290008842,stop,True,97.90210577985272
longbench_v2,mentored_dec,alpha0.55,case_079,0,ok,2.1666666666666665,3.1666666666666665,474,150.0,0.3611111111111111,stop,True,78.97061580279842
longbench_v2,mentored_dec,alpha0.55,case_080,0,ok,2.6666666666666665,3.6666666666666665,583,159.0,0.4444444444444444,stop,True,56.34447434730828
longbench_v2,mentored_dec,alpha0.55,case_081,0,ok,2.5752380952380953,3.5752380952380953,1876,525.0,0.4292063492063492,stop,True,52.48017080081627
longbench_v2,mentored_dec,alpha0.55,case_082,0,ok,2.4430379746835444,3.4430379746835444,271,79.0,0.40717299578059074,stop,True,67.73663179297
longbench_v2,mentored_dec,alpha0.55,case_083,0,ok,2.799227799227799,3.799227799227799,984,259.0,0.46653796653796653,stop,True,36.60362407192588
longbench_v2,mentored_dec,alpha0.55,case_084,0,ok,2.7181818181818183,3.7181818181818183,816,220.0,0.453030303030303,stop,True,63.60537568992004
longbench_v2,mentored_dec,alpha0.55,case_085,0,ok,3.2395209580838324,4.2395209580838324,708,167.0,0.5399201596806387,stop,True,50.099004128947854
longbench_v2,mentored_dec,alpha0.55,case_086,0,ok,2.772727272727273,3.772727272727273,581,154.0,0.4621212121212121,stop,True,62.97379736043513
longbench_v2,mentored_dec,alpha0.55,case_087,0,ok,3.0377358490566038,4.037735849056604,1925,477.0,0.5062893081761006,stop,True,44.05934181064367
longbench_v2,mentored_dec,alpha0.55,case_088,0,ok,2.7853658536585364,3.7853658536585364,777,205.0,0.46422764227642277,stop,True,89.671931410674
longbench_v2,mentored_dec,alpha0.55,case_089,0,ok,2.5363984674329503,3.5363984674329503,923,261.0,0.4227330779054917,stop,True,45.35347107704729
longbench_v2,mentored_dec,alpha0.55,case_090,0,ok,2.7222222222222223,3.7222222222222223,402,108.0,0.4537037037037037,stop,True,73.97498399903998
longbench_v2,mentored_dec,alpha0.55,case_091,0,ok,2.988095238095238,3.988095238095238,2344,588.0,0.498015873015873,stop,True,76.33356973994523
longbench_v2,mentored_dec,alpha0.55,case_092,0,ok,2.201312910284464,3.201312910284464,1464,457.0,0.36688548504741064,stop,True,83.81566085806116
longbench_v2,mentored_dec,alpha0.55,case_093,0,ok,2.3461538461538463,3.3461538461538463,783,234.0,0.391025641025641,stop,True,54.02938363002613
longbench_v2,mentored_dec,alpha0.55,case_094,0,ok,2.0796812749003983,3.0796812749003983,774,251.0,0.3466135458167331,stop,True,114.74256367655471
longbench_v2,mentored_dec,alpha0.55,case_095,0,ok,2.23342939481268,3.23342939481268,1121,347.0,0.37223823246878,stop,True,108.21941916830838
longbench_v2,mentored_dec,alpha0.55,case_096,0,ok,3.5708333333333333,4.570833333333333,1097,240.0,0.5951388888888889,stop,True,46.59621872380376
longbench_v2,mentored_dec,alpha0.55,case_097,0,ok,2.8098859315589353,3.8098859315589353,1002,263.0,0.46831432192648925,stop,True,53.70291035901755
longbench_v2,mentored_dec,alpha0.55,case_098,0,ok,2.2514792899408285,3.2514792899408285,1096,338.0,0.3752465483234714,stop,True,69.63688780693337
longbench_v2,mentored_dec,alpha0.55,case_099,0,ok,2.7142857142857144,3.7142857142857144,752,203.0,0.4523809523809524,stop,True,59.749975197948515
longbench_v2,mentored_dec,alpha0.55,case_100,0,ok,3.2612612612612613,4.261261261261261,1891,444.0,0.5435435435435435,stop,True,84.83743089158088
longbench_v2,mentored_dec,alpha0.55,case_101,0,ok,3.0206084396467126,4.020608439646713,8192,2038.0,0.5034347399411188,length,False,108.19190447032452
longbench_v2,mentored_dec,alpha0.55,case_102,0,ok,2.8702290076335877,3.8702290076335877,504,131.0,0.47837150127226463,stop,True,44.216137846931815
longbench_v2,mentored_dec,alpha0.55,case_103,0,ok,3.1214285714285714,4.121428571428572,1153,280.0,0.5202380952380953,stop,True,42.662548277992755
longbench_v2,mentored_dec,alpha0.55,case_104,0,ok,2.5770925110132157,3.5770925110132157,812,227.0,0.42951541850220265,stop,True,48.75156224425882
longbench_v2,mentored_dec,alpha0.55,case_105,0,ok,3.0793650793650795,4.079365079365079,1285,315.0,0.5132275132275133,stop,True,50.76138214208186
longbench_v2,mentored_dec,alpha0.55,case_106,0,ok,2.199885123492246,3.199885123492246,5569,1741.0,0.366647520582041,stop,True,96.6528490986675
longbench_v2,mentored_dec,alpha0.55,case_107,0,ok,1.7811320754716982,2.781132075471698,737,265.0,0.2968553459119497,stop,True,85.45417192904279
longbench_v2,mentored_dec,alpha0.55,case_108,0,ok,1.8019169329073483,2.801916932907348,878,313.0,0.3003194888178914,stop,True,113.74292573006824
longbench_v2,mentored_dec,alpha0.55,case_109,0,ok,2.642857142857143,3.642857142857143,2243,616.0,0.44047619047619047,stop,True,110.71763237891719
longbench_v2,mentored_dec,alpha0.55,case_110,0,ok,3.209016393442623,4.209016393442623,3081,732.0,0.5348360655737705,stop,True,73.63726343074813
longbench_v2,mentored_dec,alpha0.55,case_111,0,ok,2.725165562913907,3.725165562913907,2249,604.0,0.4541942604856512,stop,True,97.15057197026908
longbench_v2,mentored_dec,alpha0.55,case_112,0,ok,2.364102564102564,3.364102564102564,656,195.0,0.394017094017094,stop,True,65.46957668894902
longbench_v2,mentored_dec,alpha0.55,case_113,0,ok,2.7425968109339407,3.7425968109339407,1642,439.0,0.45709946848899013,stop,True,50.604319256264716
longbench_v2,mentored_dec,alpha0.55,case_114,0,ok,2.2992957746478875,3.2992957746478875,935,284.0,0.38321596244131456,stop,True,66.92592509323731
longbench_v2,mentored_dec,alpha0.55,case_115,0,ok,2.048076923076923,3.048076923076923,317,104.0,0.34134615384615385,stop,True,52.00620881607756
longbench_v2,mentored_dec,alpha0.55,case_116,0,ok,3.1231155778894473,4.123115577889447,1639,398.0,0.5205192629815746,stop,True,35.76162817142904
longbench_v2,mentored_dec,alpha0.55,case_117,0,ok,2.7169117647058822,3.7169117647058822,1012,272.0,0.4528186274509804,stop,True,89.09419987164438
longbench_v2,mentored_dec,alpha0.55,case_118,0,ok,3.366568914956012,4.366568914956012,2978,682.0,0.5610948191593352,stop,True,43.625023496337235
longbench_v2,mentored_dec,alpha0.55,case_119,0,ok,2.5615384615384613,3.5615384615384613,463,130.0,0.4269230769230769,stop,True,58.25738271092996
longbench_v2,mentored_dec,alpha0.55,case_120,0,ok,1.9801587301587302,2.9801587301587302,2253,756.0,0.330026455026455,stop,True,112.87507561314851
longbench_v2,mentored_dec,alpha0.55,case_121,0,ok,2.633047210300429,3.633047210300429,5078,1398.0,0.4388412017167382,stop,True,88.29859045008197
longbench_v2,mentored_dec,alpha0.55,case_122,0,ok,2.022883295194508,3.022883295194508,3963,1311.0,0.33714721586575136,stop,True,130.00104857608676
longbench_v2,mentored_dec,alpha0.55,case_123,0,ok,2.6395663956639566,3.6395663956639566,1343,369.0,0.4399277326106594,stop,True,49.045774798840284
longbench_v2,mentored_dec,alpha0.55,case_124,0,ok,3.303030303030303,4.303030303030303,850,198.0,0.5505050505050505,stop,True,39.214354348834604
longbench_v2,mentored_dec,alpha0.55,case_125,0,ok,2.358255451713396,3.358255451713396,1078,321.0,0.39304257528556596,stop,True,69.46724191261455
longbench_v2,mentored_dec,alpha0.55,case_126,0,ok,2.704974271012007,3.704974271012007,2159,583.0,0.4508290451686678,stop,True,85.20481435628608
longbench_v2,mentored_dec,alpha0.55,case_127,0,ok,1.9961089494163424,2.9961089494163424,769,257.0,0.3326848249027237,stop,True,76.83326682914048
longbench_v2,mentored_dec,alpha0.55,case_128,0,ok,2.2674418604651163,3.2674418604651163,840,258.0,0.37790697674418605,stop,True,95.60072949482128
longbench_v2,mentored_dec,alpha0.55,case_129,0,ok,2.089058524173028,3.089058524173028,2428,786.0,0.34817642069550464,stop,True,87.00523966131732
longbench_v2,mentored_dec,alpha0.55,case_130,0,ok,3.1494252873563218,4.149425287356322,721,174.0,0.524904214559387,stop,True,47.98348519206047
longbench_v2,mentored_dec,alpha0.55,case_131,0,ok,3.1729559748427674,4.172955974842767,1326,318.0,0.5288259958071279,stop,True,70.23345012916252
longbench_v2,mentored_dec,alpha0.55,case_132,0,ok,2.0861678004535147,3.0861678004535147,1362,441.0,0.3476946334089191,stop,True,94.5128845651634
longbench_v2,mentored_dec,alpha0.55,case_133,0,ok,2.225531914893617,3.225531914893617,756,235.0,0.3709219858156028,stop,True,74.14802075363696
longbench_v2,mentored_dec,alpha0.55,case_134,0,ok,3.181558935361217,4.181558935361217,4399,1052.0,0.5302598225602028,stop,True,50.93808842403814
longbench_v2,mentored_dec,alpha0.55,case_135,0,ok,3.1707035755478663,4.170703575547867,3614,867.0,0.5284505959246444,stop,True,67.07593107875437
longbench_v2,mentored_dec,alpha0.55,case_136,0,ok,2.3897617840851497,3.3897617840851497,6689,1973.0,0.39829363068085827,stop,True,152.48030624026433
longbench_v2,mentored_dec,alpha0.55,case_137,0,ok,2.5691768826619965,3.5691768826619965,2036,571.0,0.42819614711033277,stop,True,66.68975327676162
longbench_v2,mentored_dec,alpha0.55,case_138,0,ok,2.388362652232747,3.388362652232747,2501,739.0,0.39806044203879115,stop,True,100.46113811992109
longbench_v2,mentored_dec,alpha0.55,case_139,0,ok,2.5018404907975462,3.5018404907975462,2853,815.0,0.41697341513292435,stop,True,124.73196304775774
longbench_v2,mentored_dec,alpha0.55,case_140,0,ok,2.6905537459283386,3.6905537459283386,5660,1535.0,0.44842562432138977,stop,True,85.00172832794487
longbench_v2,mentored_dec,alpha0.55,case_141,0,ok,3.0452488687782804,4.04524886877828,893,221.0,0.5075414781297134,stop,True,43.72510456060991
longbench_v2,mentored_dec,alpha0.55,case_142,0,ok,2.002127659574468,3.002127659574468,1411,470.0,0.33368794326241136,stop,True,76.71860557515174
longbench_v2,mentored_dec,alpha0.55,case_143,0,ok,2.409322033898305,3.409322033898305,4021,1180.0,0.40155367231638417,stop,True,122.68517236690968
longbench_v2,mentored_dec,alpha0.55,case_144,0,ok,2.592250922509225,3.592250922509225,1944,542.0,0.43204182041820416,stop,True,44.282771446276456
longbench_v2,mentored_dec,alpha0.55,case_145,0,ok,2.6517719568567024,3.6517719568567024,2368,649.0,0.4419619928094504,stop,True,39.211912682279944
longbench_v2,mentored_dec,alpha0.55,case_146,0,ok,2.2110552763819094,3.2110552763819094,639,199.0,0.3685092127303183,stop,True,42.717709314543754
longbench_v2,mentored_dec,alpha0.55,case_147,0,ok,3.2109181141439205,4.2109181141439205,1695,403.0,0.5351530190239868,stop,True,53.13350532297045
longbench_v2,mentored_dec,alpha0.55,case_148,0,ok,2.6551724137931036,3.6551724137931036,424,116.0,0.4425287356321839,stop,True,61.73468898423016
longbench_v2,mentored_dec,alpha0.55,case_149,0,ok,2.517467248908297,3.517467248908297,1611,458.0,0.4195778748180495,stop,True,61.864714202005416
longbench_v2,mentored_dec,alpha0.55,case_150,0,ok,3.21505376344086,4.21505376344086,391,93.0,0.53584229390681,stop,True,40.356319648679346
longbench_v2,mentored_dec,alpha0.75,case_001,0,ok,3.2671394799054374,4.267139479905437,1805,423.0,0.5445232466509062,stop,True,99.62940627196804
longbench_v2,mentored_dec,alpha0.75,case_002,0,ok,2.6181384248210025,3.6181384248210025,1514,419.0,0.43635640413683374,stop,True,119.06395790027454
longbench_v2,mentored_dec,alpha0.75,case_003,0,ok,3.1052631578947367,4.105263157894736,1092,266.0,0.5175438596491229,stop,True,85.46197006618604
longbench_v2,mentored_dec,alpha0.75,case_004,0,ok,3.6109324758842445,4.610932475884244,1433,311.0,0.6018220793140407,stop,True,56.34630950214341
longbench_v2,mentored_dec,alpha0.75,case_005,0,ok,3.548780487804878,4.548780487804878,746,164.0,0.5914634146341463,stop,True,35.52232806524262
longbench_v2,mentored_dec,alpha0.75,case_006,0,ok,3.146694214876033,4.1466942148760335,8026,1936.0,0.5244490358126722,stop,True,113.69918178580701
longbench_v2,mentored_dec,alpha0.75,case_007,0,ok,2.2850678733031673,3.2850678733031673,1451,442.0,0.3808446455505279,stop,True,110.05589953903109
longbench_v2,mentored_dec,alpha0.75,case_008,0,ok,3.158176943699732,4.158176943699732,1549,373.0,0.5263628239499554,stop,True,84.32693849224597
longbench_v2,mentored_dec,alpha0.75,case_009,0,ok,3.5008665511265167,4.500866551126517,2596,577.0,0.5834777585210861,stop,True,78.77513496484607
longbench_v2,mentored_dec,alpha0.75,case_010,0,ok,2.8823529411764706,3.8823529411764706,330,85.0,0.4803921568627451,stop,True,98.19924630597234
longbench_v2,mentored_dec,alpha0.75,case_011,0,ok,3.142857142857143,4.142857142857142,638,154.0,0.5238095238095238,stop,True,54.33010403625667
longbench_v2,mentored_dec,alpha0.75,case_012,0,ok,2.9413793103448276,3.9413793103448276,1143,290.0,0.4902298850574713,stop,True,45.093182682059705
longbench_v2,mentored_dec,alpha0.75,case_013,0,ok,3.130434782608696,4.130434782608695,568,138.0,0.5217391304347826,stop,True,62.77795431576669
longbench_v2,mentored_dec,alpha0.75,case_014,0,ok,3.4592030360531307,4.459203036053131,2350,527.0,0.5765338393421885,stop,True,52.883604219183326
longbench_v2,mentored_dec,alpha0.75,case_015,0,ok,2.9628378378378377,3.9628378378378377,1174,296.0,0.4938063063063063,stop,True,81.36612154496834
longbench_v2,mentored_dec,alpha0.75,case_016,0,ok,3.49402390438247,4.49402390438247,2256,502.0,0.5823373173970784,stop,True,50.445406381972134
longbench_v2,mentored_dec,alpha0.75,case_017,0,ok,3.323529411764706,4.3235294117647065,294,68.0,0.553921568627451,stop,True,44.63317323802039
longbench_v2,mentored_dec,alpha0.75,case_018,0,ok,4.164869029275809,5.164869029275809,6704,1298.0,0.6941448382126348,stop,True,80.10885759070516
longbench_v2,mentored_dec,alpha0.75,case_019,0,ok,3.2266666666666666,4.226666666666667,950,225.0,0.5377777777777778,stop,True,70.93885234324262
longbench_v2,mentored_dec,alpha0.75,case_020,0,ok,1.9281437125748504,2.92814371257485,489,167.0,0.3213572854291417,stop,True,114.22618830902502
longbench_v2,mentored_dec,alpha0.75,case_021,0,ok,2.9935064935064934,3.9935064935064934,615,154.0,0.4989177489177489,stop,True,40.60214018309489
longbench_v2,mentored_dec,alpha0.75,case_022,0,ok,3.3,4.3,774,180.0,0.55,stop,True,31.233166589867324
longbench_v2,mentored_dec,alpha0.75,case_023,0,ok,2.295663600525624,3.295663600525624,2509,761.0,0.382610600087604,stop,True,122.4393862793222
longbench_v2,mentored_dec,alpha0.75,case_024,0,ok,3.4615384615384617,4.461538461538462,1623,364.0,0.5769230769230769,stop,True,51.10013841977343
longbench_v2,mentored_dec,alpha0.75,case_025,0,ok,2.642622950819672,3.642622950819672,2223,610.0,0.44043715846994536,stop,True,111.55043331580237
longbench_v2,mentored_dec,alpha0.75,case_026,0,ok,3.3387755102040817,4.338775510204082,1060,245.0,0.5564625850340136,stop,True,63.743140573147684
longbench_v2,mentored_dec,alpha0.75,case_027,0,ok,3.5545454545454547,4.554545454545455,4008,880.0,0.5924242424242424,stop,True,58.86812537768856
longbench_v2,mentored_dec,alpha0.75,case_028,0,ok,3.1555555555555554,4.155555555555555,930,225.0,0.5259259259259259,stop,True,63.61364611191675
longbench_v2,mentored_dec,alpha0.75,case_029,0,ok,3.734375,4.734375,1208,256.0,0.6223958333333334,stop,True,31.755328027065843
longbench_v2,mentored_dec,alpha0.75,case_030,0,ok,3.13953488372093,4.1395348837209305,1778,430.0,0.5232558139534884,stop,True,68.35327349510044
longbench_v2,mentored_dec,alpha0.75,case_031,0,ok,2.61850443599493,3.61850443599493,2856,789.0,0.4364174059991551,stop,True,117.38834630837664
longbench_v2,mentored_dec,alpha0.75,case_032,0,ok,3.3075409836065575,4.3075409836065575,6567,1525.0,0.5512568306010929,stop,True,103.93675926188007
longbench_v2,mentored_dec,alpha0.75,case_033,0,ok,2.871414913957935,3.871414913957935,8098,2092.0,0.4785691523263225,stop,True,122.92393860314041
longbench_v2,mentored_dec,alpha0.75,case_034,0,ok,3.2612137203166225,4.261213720316622,1615,379.0,0.5435356200527705,stop,True,58.07383335195482
longbench_v2,mentored_dec,alpha0.75,case_035,0,ok,3.2593283582089554,4.259328358208956,2283,536.0,0.5432213930348259,stop,True,53.84051638934761
longbench_v2,mentored_dec,alpha0.75,case_036,0,ok,4.1515723270440255,5.1515723270440255,8192,1590.0,0.6919287211740042,length,False,74.27398515306413
longbench_v2,mentored_dec,alpha0.75,case_037,0,ok,3.5670103092783507,4.56701030927835,1772,388.0,0.5945017182130584,stop,True,54.33810607716441
longbench_v2,mentored_dec,alpha0.75,case_038,0,ok,3.445344129554656,4.445344129554655,2195,494.0,0.5742240215924427,stop,True,58.10275615984574
longbench_v2,mentored_dec,alpha0.75,case_039,0,ok,3.409252669039146,4.409252669039146,3718,843.0,0.5682087781731909,stop,True,71.3194988751784
longbench_v2,mentored_dec,alpha0.75,case_040,0,ok,3.980547112462006,4.9805471124620055,8192,1645.0,0.6634245187436677,length,False,89.05180965922773
longbench_v2,mentored_dec,alpha0.75,case_041,0,ok,3.3195876288659796,4.31958762886598,418,97.0,0.5532646048109966,stop,True,89.57701459666714
longbench_v2,mentored_dec,alpha0.75,case_042,0,ok,2.56551724137931,3.56551724137931,517,145.0,0.42758620689655175,stop,True,68.37697655428201
longbench_v2,mentored_dec,alpha0.75,case_043,0,ok,3.5516014234875444,4.551601423487544,2559,562.0,0.5919335705812574,stop,True,43.50412725517526
longbench_v2,mentored_dec,alpha0.75,case_044,0,ok,2.7837837837837838,3.7837837837837838,1959,518.0,0.46396396396396394,stop,True,106.57346387906
longbench_v2,mentored_dec,alpha0.75,case_045,0,ok,2.701657458563536,3.701657458563536,2676,724.0,0.45027624309392267,stop,True,111.35935035534203
longbench_v2,mentored_dec,alpha0.75,case_046,0,ok,2.4753846153846153,3.4753846153846153,2260,650.0,0.4125641025641026,stop,True,117.93674948206171
longbench_v2,mentored_dec,alpha0.75,case_047,0,ok,3.225563909774436,4.225563909774436,1681,399.0,0.5375939849624061,stop,True,68.6096275113523
longbench_v2,mentored_dec,alpha0.75,case_048,0,ok,2.4155405405405403,3.4155405405405403,1010,296.0,0.4025900900900901,stop,True,63.703165103681386
longbench_v2,mentored_dec,alpha0.75,case_049,0,ok,2.8921832884097034,3.8921832884097034,5775,1484.0,0.48203054806828394,stop,True,114.6079485709779
longbench_v2,mentored_dec,alpha0.75,case_050,0,ok,3.1336363636363638,4.133636363636364,4546,1100.0,0.5222727272727272,stop,True,68.44647528696805
longbench_v2,mentored_dec,alpha0.75,case_051,0,ok,2.419134396355353,3.419134396355353,1500,439.0,0.4031890660592255,stop,True,117.48010444501415
longbench_v2,mentored_dec,alpha0.75,case_052,0,ok,2.3248347497639283,3.3248347497639283,3518,1059.0,0.387472458293988,stop,True,137.52954318374395
longbench_v2,mentored_dec,alpha0.75,case_053,0,ok,2.7068345323741005,3.7068345323741005,2060,556.0,0.4511390887290168,stop,True,70.66588585497811
longbench_v2,mentored_dec,alpha0.75,case_054,0,ok,3.06640625,4.06640625,1038,256.0,0.5110677083333334,stop,True,50.01448609819636
longbench_v2,mentored_dec,alpha0.75,case_055,0,ok,2.9512987012987013,3.9512987012987013,2435,616.0,0.49188311688311687,stop,True,70.55639619100839
longbench_v2,mentored_dec,alpha0.75,case_056,0,ok,3.1,4.1,1353,330.0,0.5166666666666667,stop,True,44.98690106673166
longbench_v2,mentored_dec,alpha0.75,case_057,0,ok,2.752136752136752,3.752136752136752,878,234.0,0.4586894586894587,stop,True,62.34168060589582
longbench_v2,mentored_dec,alpha0.75,case_058,0,ok,2.856060606060606,3.856060606060606,1017,264.0,0.476010101010101,stop,True,65.3794357990846
longbench_v2,mentored_dec,alpha0.75,case_059,0,ok,3.942231075697211,4.942231075697212,2481,502.0,0.6570385126162018,stop,True,62.415388425812125
longbench_v2,mentored_dec,alpha0.75,case_060,0,ok,2.9907452508524113,3.9907452508524113,8192,2053.0,0.4984575418087352,length,False,115.78404372511432
longbench_v2,mentored_dec,alpha0.75,case_061,0,ok,3.718811881188119,4.718811881188119,4767,1010.0,0.6198019801980198,stop,True,53.00198744609952
longbench_v2,mentored_dec,alpha0.75,case_062,0,ok,3.2420537897310515,4.2420537897310515,5206,1227.0,0.5403422982885085,stop,True,110.92670765286312
longbench_v2,mentored_dec,alpha0.75,case_063,0,ok,2.5555555555555554,3.5555555555555554,257,72.0,0.42592592592592593,stop,True,39.03097232338041
longbench_v2,mentored_dec,alpha0.75,case_064,0,ok,3.2742857142857145,4.274285714285714,746,175.0,0.5457142857142857,stop,True,45.32732984935865
longbench_v2,mentored_dec,alpha0.75,case_065,0,ok,3.9221556886227544,4.922155688622754,822,167.0,0.653692614770459,stop,True,41.01514592533931
longbench_v2,mentored_dec,alpha0.75,case_066,0,ok,2.917910447761194,3.917910447761194,526,134.0,0.486318407960199,stop,True,36.92902714665979
longbench_v2,mentored_dec,alpha0.75,case_067,0,ok,3.442622950819672,4.442622950819672,3522,793.0,0.5737704918032787,stop,True,81.85903824586421
longbench_v2,mentored_dec,alpha0.75,case_068,0,ok,3.044334975369458,4.044334975369458,1641,406.0,0.5073891625615764,stop,True,66.27460056217387
longbench_v2,mentored_dec,alpha0.75,case_069,0,ok,2.089026915113872,3.089026915113872,1493,483.0,0.3481711525189786,stop,True,80.49838705407456
longbench_v2,mentored_dec,alpha0.75,case_070,0,ok,3.604368932038835,4.604368932038835,1895,412.0,0.6007281553398058,stop,True,51.91503332834691
longbench_v2,mentored_dec,alpha0.75,case_071,0,ok,2.6603221083455346,3.6603221083455346,2500,683.0,0.44338701805758907,stop,True,72.39425037195906
longbench_v2,mentored_dec,alpha0.75,case_072,0,ok,3.2968369829683697,4.29683698296837,1765,411.0,0.5494728304947283,stop,True,84.32423875713721
longbench_v2,mentored_dec,alpha0.75,case_073,0,ok,2.7804878048780486,3.7804878048780486,1084,287.0,0.4634146341463415,stop,True,89.14759670104831
longbench_v2,mentored_dec,alpha0.75,case_074,0,ok,2.229357798165138,3.229357798165138,1406,436.0,0.37155963302752293,stop,True,106.62099057808518
longbench_v2,mentored_dec,alpha0.75,case_075,0,ok,2.6025943396226414,3.6025943396226414,3054,848.0,0.4337657232704403,stop,True,113.43057840596884
longbench_v2,mentored_dec,alpha0.75,case_076,0,ok,3.22397476340694,4.22397476340694,1339,317.0,0.53732912723449,stop,True,49.13502908498049
longbench_v2,mentored_dec,alpha0.75,case_077,0,ok,2.441717791411043,3.441717791411043,1683,489.0,0.4069529652351738,stop,True,110.33199947979301
longbench_v2,mentored_dec,alpha0.75,case_078,0,ok,3.0149812734082397,4.01498127340824,2145,534.0,0.5024968789013733,stop,True,94.89031016407534
longbench_v2,mentored_dec,alpha0.75,case_079,0,ok,2.984848484848485,3.984848484848485,789,198.0,0.49747474747474746,stop,True,80.88253343803808
longbench_v2,mentored_dec,alpha0.75,case_080,0,ok,3.2531645569620253,4.253164556962025,1004,237.0,0.5421940928270043,stop,True,58.732524591032416
longbench_v2,mentored_dec,alpha0.75,case_081,0,ok,3.1228915662650603,4.122891566265061,1710,415.0,0.5204819277108433,stop,True,50.55506798112765
longbench_v2,mentored_dec,alpha0.75,case_082,0,ok,3.1194029850746268,4.119402985074627,552,134.0,0.5199004975124378,stop,True,69.29916563490406
longbench_v2,mentored_dec,alpha0.75,case_083,0,ok,3.8273972602739725,4.8273972602739725,1762,365.0,0.6378995433789955,stop,True,39.792415571864694
longbench_v2,mentored_dec,alpha0.75,case_084,0,ok,3.0742574257425743,4.074257425742575,820,202.0,0.5123762376237624,stop,True,62.79188400506973
longbench_v2,mentored_dec,alpha0.75,case_085,0,ok,3.4270833333333335,4.427083333333334,425,96.0,0.5711805555555556,stop,True,47.9519530008547
longbench_v2,mentored_dec,alpha0.75,case_086,0,ok,3.1099476439790577,4.109947643979058,783,191.0,0.518324607329843,stop,True,63.34524052916095
longbench_v2,mentored_dec,alpha0.75,case_087,0,ok,3.5940054495912808,4.594005449591281,1686,367.0,0.5990009082652135,stop,True,41.88851361582056
longbench_v2,mentored_dec,alpha0.75,case_088,0,ok,3.0770833333333334,4.077083333333333,1958,480.0,0.5128472222222222,stop,True,96.31065836222842
longbench_v2,mentored_dec,alpha0.75,case_089,0,ok,3.14375,4.14375,1989,480.0,0.5239583333333333,stop,True,50.7233933811076
longbench_v2,mentored_dec,alpha0.75,case_090,0,ok,2.878260869565217,3.878260869565217,444,115.0,0.4797101449275362,stop,True,73.79021373018622
longbench_v2,mentored_dec,alpha0.75,case_091,0,ok,3.270534175761057,4.270534175761057,7436,1741.0,0.5450890292935094,stop,True,103.78039184678346
longbench_v2,mentored_dec,alpha0.75,case_092,0,ok,2.8344155844155843,3.8344155844155843,1180,308.0,0.4724025974025974,stop,True,80.95852151000872
longbench_v2,mentored_dec,alpha0.75,case_093,0,ok,2.2375,3.2375,519,160.0,0.3729166666666667,stop,True,52.75066570332274
longbench_v2,mentored_dec,alpha0.75,case_094,0,ok,2.319371727748691,3.319371727748691,633,191.0,0.3865619546247818,stop,True,113.04761392204091
longbench_v2,mentored_dec,alpha0.75,case_095,0,ok,2.807277628032345,3.807277628032345,2824,742.0,0.4678796046720575,stop,True,117.68290085019544
longbench_v2,mentored_dec,alpha0.75,case_096,0,ok,3.6761006289308176,4.676100628930818,1485,318.0,0.6126834381551363,stop,True,48.76831659907475
longbench_v2,mentored_dec,alpha0.75,case_097,0,ok,3.407051282051282,4.407051282051282,4124,936.0,0.5678418803418803,stop,True,70.59485239908099
longbench_v2,mentored_dec,alpha0.75,case_098,0,ok,2.2475247524752477,3.2475247524752477,328,101.0,0.37458745874587457,stop,True,64.7883349340409
longbench_v2,mentored_dec,alpha0.75,case_099,0,ok,3.0851063829787235,4.085106382978724,768,188.0,0.5141843971631206,stop,True,59.62829730287194
longbench_v2,mentored_dec,alpha0.75,case_100,0,ok,3.259452411994785,4.2594524119947845,3265,767.0,0.5432420686657975,stop,True,92.61381719727069
longbench_v2,mentored_dec,alpha0.75,case_101,0,ok,3.444384156266956,4.444384156266956,8192,1843.0,0.5740640260444927,length,False,105.25684410426766
longbench_v2,mentored_dec,alpha0.75,case_102,0,ok,3.0432900432900434,4.043290043290043,933,231.0,0.5072150072150072,stop,True,46.744152665138245
longbench_v2,mentored_dec,alpha0.75,case_103,0,ok,3.306451612903226,4.306451612903226,1068,248.0,0.5510752688172043,stop,True,42.372857249807566
longbench_v2,mentored_dec,alpha0.75,case_104,0,ok,3.2567567567567566,4.256756756756756,1257,296.0,0.5427927927927928,stop,True,50.91305284621194
longbench_v2,mentored_dec,alpha0.75,case_105,0,ok,3.8760139049826186,4.876013904982619,4204,863.0,0.6460023174971031,stop,True,65.42424355307594
longbench_v2,mentored_dec,alpha0.75,case_106,0,ok,2.4944987775061125,3.4944987775061125,5717,1636.0,0.41574979625101877,stop,True,96.71737918397412
longbench_v2,mentored_dec,alpha0.75,case_107,0,ok,2.0416666666666665,3.0416666666666665,802,264.0,0.3402777777777778,stop,True,86.05687343794852
longbench_v2,mentored_dec,alpha0.75,case_108,0,ok,2.267080745341615,3.267080745341615,3156,966.0,0.3778467908902691,stop,True,128.68126461515203
longbench_v2,mentored_dec,alpha0.75,case_109,0,ok,3.0535714285714284,4.053571428571429,1363,336.0,0.5089285714285714,stop,True,105.14621975598857
longbench_v2,mentored_dec,alpha0.75,case_110,0,ok,3.264069264069264,4.2640692640692635,984,231.0,0.5440115440115441,stop,True,61.58748922869563
longbench_v2,mentored_dec,alpha0.75,case_111,0,ok,3.157303370786517,4.157303370786517,7030,1691.0,0.5262172284644194,stop,True,124.64194253180176
longbench_v2,mentored_dec,alpha0.75,case_112,0,ok,2.777188328912467,3.777188328912467,1424,377.0,0.46286472148541113,stop,True,70.23044738173485
longbench_v2,mentored_dec,alpha0.75,case_113,0,ok,3.3031914893617023,4.303191489361702,1616,376.0,0.550531914893617,stop,True,49.88146887207404
longbench_v2,mentored_dec,alpha0.75,case_114,0,ok,2.758293838862559,3.758293838862559,791,211.0,0.4597156398104265,stop,True,66.40142517723143
longbench_v2,mentored_dec,alpha0.75,case_115,0,ok,2.569832402234637,3.569832402234637,639,179.0,0.42830540037243947,stop,True,54.036343032028526
longbench_v2,mentored_dec,alpha0.75,case_116,0,ok,3.2857142857142856,4.285714285714286,810,189.0,0.5476190476190477,stop,True,31.34255318203941
longbench_v2,mentored_dec,alpha0.75,case_117,0,ok,3.3946188340807173,4.394618834080717,980,223.0,0.5657698056801196,stop,True,88.58742614509538
longbench_v2,mentored_dec,alpha0.75,case_118,0,ok,3.861643835616438,4.861643835616438,3549,730.0,0.6436073059360731,stop,True,45.970688899978995
longbench_v2,mentored_dec,alpha0.75,case_119,0,ok,2.687116564417178,3.687116564417178,601,163.0,0.44785276073619634,stop,True,59.19999684020877
longbench_v2,mentored_dec,alpha0.75,case_120,0,ok,2.3807251908396947,3.3807251908396947,3544,1048.0,0.3967875318066158,stop,True,120.79100554110482
longbench_v2,mentored_dec,alpha0.75,case_121,0,ok,3.363493312352478,4.363493312352478,5545,1271.0,0.560582218725413,stop,True,88.45270800124854
longbench_v2,mentored_dec,alpha0.75,case_122,0,ok,2.4180633147113593,3.4180633147113593,3671,1074.0,0.4030105524518932,stop,True,127.07616023719311
longbench_v2,mentored_dec,alpha0.75,case_123,0,ok,3.309433962264151,4.309433962264151,1139,265.0,0.5515723270440251,stop,True,47.50843239109963
longbench_v2,mentored_dec,alpha0.75,case_124,0,ok,3.657142857142857,4.657142857142857,813,175.0,0.6095238095238096,stop,True,38.923206633888185
longbench_v2,mentored_dec,alpha0.75,case_125,0,ok,3.579310344827586,4.5793103448275865,3982,870.0,0.596551724137931,stop,True,85.81334028765559
longbench_v2,mentored_dec,alpha0.75,case_126,0,ok,3.3893805309734515,4.389380530973451,1488,339.0,0.5648967551622419,stop,True,81.16700229980052
longbench_v2,mentored_dec,alpha0.75,case_127,0,ok,2.788778877887789,3.788778877887789,1143,303.0,0.4647964796479648,stop,True,79.01316754706204
longbench_v2,mentored_dec,alpha0.75,case_128,0,ok,3.2077464788732395,4.20774647887324,3584,852.0,0.5346244131455399,stop,True,111.44304293207824
longbench_v2,mentored_dec,alpha0.75,case_129,0,ok,2.6841359773371103,3.6841359773371103,2601,706.0,0.44735599622285177,stop,True,86.66253923391923
longbench_v2,mentored_dec,alpha0.75,case_130,0,ok,3.8276595744680852,4.827659574468085,2267,470.0,0.6379432624113475,stop,True,55.31769020482898
longbench_v2,mentored_dec,alpha0.75,case_131,0,ok,3.4584040747028864,4.458404074702886,5251,1178.0,0.5764006791171478,stop,True,91.90259435214102
longbench_v2,mentored_dec,alpha0.75,case_132,0,ok,2.820598006644518,3.820598006644518,3451,903.0,0.4700996677740864,stop,True,106.67730560107157
longbench_v2,mentored_dec,alpha0.75,case_133,0,ok,2.9375,3.9375,1511,384.0,0.4895833333333333,stop,True,78.37365368986502
longbench_v2,mentored_dec,alpha0.75,case_134,0,ok,3.810045662100457,4.810045662100457,5264,1095.0,0.6350076103500761,stop,True,54.27903665415943
longbench_v2,mentored_dec,alpha0.75,case_135,0,ok,3.8800904977375565,4.880090497737557,6468,1326.0,0.6466817496229261,stop,True,80.65544032817706
longbench_v2,mentored_dec,alpha0.75,case_136,0,ok,2.9168704156479217,3.9168704156479217,3205,818.0,0.4861450692746536,stop,True,128.19971133209765
longbench_v2,mentored_dec,alpha0.75,case_137,0,ok,3.0801526717557253,4.080152671755725,2138,524.0,0.5133587786259542,stop,True,66.4007989182137
longbench_v2,mentored_dec,alpha0.75,case_138,0,ok,3.3871698113207547,4.387169811320755,5811,1325.0,0.5645283018867925,stop,True,117.75857083173469
longbench_v2,mentored_dec,alpha0.75,case_139,0,ok,2.822441430332922,3.822441430332922,3101,811.0,0.47040690505548705,stop,True,125.07800653064623
longbench_v2,mentored_dec,alpha0.75,case_140,0,ok,3.3377218088151115,4.337721808815111,7578,1747.0,0.556286968135852,stop,True,92.95204766420648
longbench_v2,mentored_dec,alpha0.75,case_141,0,ok,3.4864433811802233,4.486443381180223,2813,627.0,0.5810738968633705,stop,True,54.41372045408934
longbench_v2,mentored_dec,alpha0.75,case_142,0,ok,2.3494897959183674,3.3494897959183674,1313,392.0,0.39158163265306123,stop,True,75.31727999961004
longbench_v2,mentored_dec,alpha0.75,case_143,0,ok,2.5613147914032868,3.5613147914032868,2817,791.0,0.4268857985672145,stop,True,114.54988321010023
longbench_v2,mentored_dec,alpha0.75,case_144,0,ok,3.690714285714286,4.690714285714286,6566,1400.0,0.6151190476190476,stop,True,67.35233406722546
longbench_v2,mentored_dec,alpha0.75,case_145,0,ok,3.810641627543036,4.810641627543037,6146,1278.0,0.6351069379238393,stop,True,57.970825714059174
longbench_v2,mentored_dec,alpha0.75,case_146,0,ok,2.606060606060606,3.606060606060606,238,66.0,0.43434343434343436,stop,True,39.882913182955235
longbench_v2,mentored_dec,alpha0.75,case_147,0,ok,4.090909090909091,5.090909090909091,1118,220.0,0.6818181818181818,stop,True,49.42819096380845
longbench_v2,mentored_dec,alpha0.75,case_148,0,ok,2.673076923076923,3.673076923076923,382,104.0,0.44551282051282054,stop,True,61.82283853786066
longbench_v2,mentored_dec,alpha0.75,case_149,0,ok,3.11734693877551,4.11734693877551,806,196.0,0.5195578231292517,stop,True,56.93008597707376
longbench_v2,mentored_dec,alpha0.75,case_150,0,ok,3.5714285714285716,4.571428571428571,574,126.0,0.5952380952380952,stop,True,41.70092856325209
longbench_v2,r_fuzzy,alpha0.03,case_001,0,ok,1.9922480620155039,2.992248062015504,1156,387.0,0.33204134366925064,stop,True,97.83607817906886
longbench_v2,r_fuzzy,alpha0.03,case_002,0,ok,1.6578947368421053,2.6578947368421053,200,76.0,0.27631578947368424,stop,True,111.10011972673237
longbench_v2,r_fuzzy,alpha0.03,case_003,0,ok,1.7833935018050542,2.783393501805054,769,277.0,0.2972322503008424,stop,True,84.62494775187224
longbench_v2,r_fuzzy,alpha0.03,case_004,0,ok,2.139705882352941,3.139705882352941,853,272.0,0.35661764705882354,stop,True,53.45534750632942
longbench_v2,r_fuzzy,alpha0.03,case_005,0,ok,1.9258312020460358,2.9258312020460355,1141,391.0,0.3209718670076726,stop,True,39.937536257784814
longbench_v2,r_fuzzy,alpha0.03,case_006,0,ok,1.8266068759342302,2.82660687593423,5673,2007.0,0.3044344793223717,stop,True,108.63409950071946
longbench_v2,r_fuzzy,alpha0.03,case_007,0,ok,1.3615023474178405,2.3615023474178405,1006,426.0,0.2269170579029734,stop,True,108.76663343794644
longbench_v2,r_fuzzy,alpha0.03,case_008,0,ok,2.6714285714285713,3.6714285714285713,769,210.0,0.4452380952380952,stop,True,79.4889228399843
longbench_v2,r_fuzzy,alpha0.03,case_009,0,ok,2.422919508867667,3.422919508867667,2507,733.0,0.4038199181446112,stop,True,79.6834015310742
longbench_v2,r_fuzzy,alpha0.03,case_010,0,ok,1.4945652173913044,2.4945652173913047,457,184.0,0.24909420289855072,stop,True,99.93662086408585
longbench_v2,r_fuzzy,alpha0.03,case_011,0,ok,1.9661016949152543,2.9661016949152543,350,118.0,0.327683615819209,stop,True,53.186086975969374
longbench_v2,r_fuzzy,alpha0.03,case_012,0,ok,1.4868913857677903,2.48689138576779,663,267.0,0.24781523096129837,stop,True,43.60718195606023
longbench_v2,r_fuzzy,alpha0.03,case_013,0,ok,1.8387096774193548,2.838709677419355,261,93.0,0.3064516129032258,stop,True,61.46050749300048
longbench_v2,r_fuzzy,alpha0.03,case_014,0,ok,2.0623268698060944,3.0623268698060944,2210,722.0,0.34372114496768236,stop,True,55.6051559089683
longbench_v2,r_fuzzy,alpha0.03,case_015,0,ok,1.6083150984682713,2.608315098468271,1192,457.0,0.26805251641137856,stop,True,84.03577953903005
longbench_v2,r_fuzzy,alpha0.03,case_016,0,ok,2.0150891632373114,3.0150891632373114,2197,729.0,0.3358481938728852,stop,True,52.97288543591276
longbench_v2,r_fuzzy,alpha0.03,case_017,0,ok,2.889908256880734,3.889908256880734,423,109.0,0.481651376146789,stop,True,45.57318253396079
longbench_v2,r_fuzzy,alpha0.03,case_018,0,ok,2.6464088397790055,3.6464088397790055,1320,362.0,0.44106813996316757,stop,True,54.986033936962485
longbench_v2,r_fuzzy,alpha0.03,case_019,0,ok,1.926356589147287,2.9263565891472867,755,258.0,0.3210594315245478,stop,True,70.68540186574683
longbench_v2,r_fuzzy,alpha0.03,case_020,0,ok,1.3032786885245902,2.30327868852459,1125,488.0,0.21721311475409835,stop,True,119.02511179307476
longbench_v2,r_fuzzy,alpha0.03,case_021,0,ok,2.0046728971962615,3.0046728971962615,640,214.0,0.3341121495327103,stop,True,41.16946615325287
longbench_v2,r_fuzzy,alpha0.03,case_022,0,ok,2.007380073800738,3.007380073800738,815,271.0,0.33456334563345635,stop,True,32.41517147235572
longbench_v2,r_fuzzy,alpha0.03,case_023,0,ok,1.7165109034267914,2.7165109034267916,1744,642.0,0.2860851505711319,stop,True,116.5026102620177
longbench_v2,r_fuzzy,alpha0.03,case_024,0,ok,2.1948051948051948,3.1948051948051948,1230,385.0,0.3658008658008658,stop,True,50.17670876765624
longbench_v2,r_fuzzy,alpha0.03,case_025,0,ok,2.102143757881463,3.102143757881463,2461,793.0,0.3503572929802438,stop,True,113.92068808805197
longbench_v2,r_fuzzy,alpha0.03,case_026,0,ok,1.8335419274092615,2.8335419274092617,2262,799.0,0.30559032123487695,stop,True,74.00063010305166
longbench_v2,r_fuzzy,alpha0.03,case_027,0,ok,1.9027027027027028,2.902702702702703,1074,370.0,0.3171171171171171,stop,True,44.49527902295813
longbench_v2,r_fuzzy,alpha0.03,case_028,0,ok,2.630482941958352,3.630482941958352,8192,2257.0,0.4384138236597253,length,False,109.1052398593165
longbench_v2,r_fuzzy,alpha0.03,case_029,0,ok,2.0542372881355933,3.0542372881355933,900,295.0,0.3423728813559322,stop,True,31.393864241894335
longbench_v2,r_fuzzy,alpha0.03,case_030,0,ok,3.056179775280899,4.056179775280899,1443,356.0,0.5093632958801498,stop,True,66.27216020412743
longbench_v2,r_fuzzy,alpha0.03,case_031,0,ok,1.628595600676819,2.628595600676819,3106,1182.0,0.2714326001128032,stop,True,124.10073130019009
longbench_v2,r_fuzzy,alpha0.03,case_032,0,ok,1.4517326732673268,2.451732673267327,1981,808.0,0.24195544554455445,stop,True,83.33331570588052
longbench_v2,r_fuzzy,alpha0.03,case_033,0,ok,2.1580570547417115,3.1580570547417115,8192,2594.0,0.35967617579028527,length,False,130.16339602088556
longbench_v2,r_fuzzy,alpha0.03,case_034,0,ok,1.7779273216689098,2.7779273216689098,2064,743.0,0.29632122027815166,stop,True,64.06646519200876
longbench_v2,r_fuzzy,alpha0.03,case_035,0,ok,2.1102661596958177,3.1102661596958177,818,263.0,0.3517110266159696,stop,True,47.10875991592184
longbench_v2,r_fuzzy,alpha0.03,case_036,0,ok,2.7071290944123314,3.7071290944123314,1919,519.0,0.4511881824020552,stop,True,43.872909107245505
longbench_v2,r_fuzzy,alpha0.03,case_037,0,ok,2.4376199616122842,3.4376199616122842,1791,521.0,0.40626999360204735,stop,True,56.448485204949975
longbench_v2,r_fuzzy,alpha0.03,case_038,0,ok,2.035164835164835,3.035164835164835,2762,910.0,0.3391941391941392,stop,True,65.30997216608375
longbench_v2,r_fuzzy,alpha0.03,case_039,0,ok,1.5711947626841243,2.571194762684124,1571,611.0,0.2618657937806874,stop,True,62.96009778417647
longbench_v2,r_fuzzy,alpha0.03,case_040,0,ok,1.9488188976377954,2.9488188976377954,2994,1016.0,0.3248031496062992,stop,True,68.90833485499024
longbench_v2,r_fuzzy,alpha0.03,case_041,0,ok,1.704115684093437,2.704115684093437,2431,899.0,0.2840192806822395,stop,True,106.69408314814791
longbench_v2,r_fuzzy,alpha0.03,case_042,0,ok,1.6376811594202898,2.63768115942029,1274,483.0,0.27294685990338163,stop,True,75.36045366432518
longbench_v2,r_fuzzy,alpha0.03,case_043,0,ok,2.0009699321047525,3.0009699321047525,3093,1031.0,0.33349498868412547,stop,True,51.04570452403277
longbench_v2,r_fuzzy,alpha0.03,case_044,0,ok,1.498997995991984,2.498997995991984,1247,499.0,0.24983299933199732,stop,True,104.20152948331088
longbench_v2,r_fuzzy,alpha0.03,case_045,0,ok,2.297481279782165,3.297481279782165,4845,1469.0,0.3829135466303608,stop,True,127.34245058102533
longbench_v2,r_fuzzy,alpha0.03,case_046,0,ok,1.6611111111111112,2.6611111111111114,1438,540.0,0.27685185185185185,stop,True,114.18776980414987
longbench_v2,r_fuzzy,alpha0.03,case_047,0,ok,1.9444444444444444,2.9444444444444446,1059,360.0,0.32407407407407407,stop,True,66.3111697761342
longbench_v2,r_fuzzy,alpha0.03,case_048,0,ok,1.6712121212121211,2.671212121212121,1763,660.0,0.2785353535353535,stop,True,70.68412414798513
longbench_v2,r_fuzzy,alpha0.03,case_049,0,ok,2.0552147239263805,3.0552147239263805,997,326.0,0.3425357873210634,stop,True,88.09682264877483
longbench_v2,r_fuzzy,alpha0.03,case_050,0,ok,1.8366733466933867,2.8366733466933867,2830,998.0,0.3061122244488978,stop,True,62.858492782805115
longbench_v2,r_fuzzy,alpha0.03,case_051,0,ok,1.9611248966087675,2.9611248966087675,3581,1209.0,0.32685414943479457,stop,True,132.61412541475147
longbench_v2,r_fuzzy,alpha0.03,case_052,0,ok,1.4273584905660377,2.4273584905660375,2573,1060.0,0.2378930817610063,stop,True,136.11785562615842
longbench_v2,r_fuzzy,alpha0.03,case_053,0,ok,1.4946236559139785,2.4946236559139785,463,186.0,0.24910394265232974,stop,True,61.95799717726186
longbench_v2,r_fuzzy,alpha0.03,case_054,0,ok,2.442064264849075,3.442064264849075,3534,1027.0,0.4070107108081792,stop,True,67.08198759378865
longbench_v2,r_fuzzy,alpha0.03,case_055,0,ok,1.613941018766756,2.6139410187667558,973,373.0,0.26899016979445933,stop,True,64.04745392221957
longbench_v2,r_fuzzy,alpha0.03,case_056,0,ok,1.816326530612245,2.816326530612245,552,196.0,0.30272108843537415,stop,True,41.729529277887195
longbench_v2,r_fuzzy,alpha0.03,case_057,0,ok,1.858974358974359,2.858974358974359,891,312.0,0.30982905982905984,stop,True,63.12714062165469
longbench_v2,r_fuzzy,alpha0.03,case_058,0,ok,2.746153846153846,3.746153846153846,973,260.0,0.4576923076923077,stop,True,64.31014676671475
longbench_v2,r_fuzzy,alpha0.03,case_059,0,ok,1.7945945945945947,2.794594594594595,516,185.0,0.2990990990990991,stop,True,52.66435589129105
longbench_v2,r_fuzzy,alpha0.03,case_060,0,ok,1.6785079928952042,2.678507992895204,4523,1689.0,0.2797513321492007,stop,True,101.20294546429068
longbench_v2,r_fuzzy,alpha0.03,case_061,0,ok,2.2893954410307233,3.2893954410307233,6637,2018.0,0.3815659068384539,stop,True,71.24977758107707
longbench_v2,r_fuzzy,alpha0.03,case_062,0,ok,1.5880503144654088,2.588050314465409,1646,636.0,0.26467505241090145,stop,True,94.4502700921148
longbench_v2,r_fuzzy,alpha0.03,case_063,0,ok,2.36,3.36,671,200.0,0.3933333333333333,stop,True,41.834906043019146
longbench_v2,r_fuzzy,alpha0.03,case_064,0,ok,2.256198347107438,3.256198347107438,392,121.0,0.3760330578512397,stop,True,43.72084944183007
longbench_v2,r_fuzzy,alpha0.03,case_065,0,ok,2.6568047337278107,3.6568047337278107,1236,338.0,0.4428007889546351,stop,True,44.64679708890617
longbench_v2,r_fuzzy,alpha0.03,case_066,0,ok,2.061224489795918,3.061224489795918,600,196.0,0.3435374149659864,stop,True,38.12421357538551
longbench_v2,r_fuzzy,alpha0.03,case_067,0,ok,2.270758122743682,3.270758122743682,2717,831.0,0.37845968712394706,stop,True,80.84880717843771
longbench_v2,r_fuzzy,alpha0.03,case_068,0,ok,2.052320675105485,3.052320675105485,3615,1185.0,0.3420534458509142,stop,True,82.94961477257311
longbench_v2,r_fuzzy,alpha0.03,case_069,0,ok,1.3062730627306274,2.3062730627306274,625,271.0,0.2177121771217712,stop,True,75.71442555077374
longbench_v2,r_fuzzy,alpha0.03,case_070,0,ok,2.255972696245734,3.255972696245734,952,293.0,0.37599544937428897,stop,True,47.88137670001015
longbench_v2,r_fuzzy,alpha0.03,case_071,0,ok,1.685483870967742,2.685483870967742,666,248.0,0.28091397849462363,stop,True,62.0102797858417
longbench_v2,r_fuzzy,alpha0.03,case_072,0,ok,2.6713286713286712,3.6713286713286712,2099,572.0,0.44522144522144524,stop,True,87.11191399907693
longbench_v2,r_fuzzy,alpha0.03,case_073,0,ok,1.7974481658692185,2.7974481658692185,3507,1254.0,0.29957469431153644,stop,True,107.64787499187514
longbench_v2,r_fuzzy,alpha0.03,case_074,0,ok,1.8649553571428572,2.864955357142857,2568,896.0,0.31082589285714285,stop,True,115.58129574591294
longbench_v2,r_fuzzy,alpha0.03,case_075,0,ok,1.593984962406015,2.593984962406015,689,266.0,0.2656641604010025,stop,True,99.24958744598553
longbench_v2,r_fuzzy,alpha0.03,case_076,0,ok,1.8878504672897196,2.8878504672897196,309,107.0,0.3146417445482866,stop,True,43.70151037396863
longbench_v2,r_fuzzy,alpha0.03,case_077,0,ok,1.3321033210332103,2.3321033210332103,633,271.0,0.2220172201722017,stop,True,104.5324443387799
longbench_v2,r_fuzzy,alpha0.03,case_078,0,ok,1.5515394912985274,2.551539491298527,1905,747.0,0.2585899152164212,stop,True,97.64805120043457
longbench_v2,r_fuzzy,alpha0.03,case_079,0,ok,1.9235668789808917,2.9235668789808917,919,314.0,0.3205944798301486,stop,True,82.73968613706529
longbench_v2,r_fuzzy,alpha0.03,case_080,0,ok,2.0776699029126213,3.0776699029126213,634,206.0,0.34627831715210355,stop,True,57.66764506092295
longbench_v2,r_fuzzy,alpha0.03,case_081,0,ok,1.9161073825503356,2.9161073825503356,1738,596.0,0.3193512304250559,stop,True,53.646514874882996
longbench_v2,r_fuzzy,alpha0.03,case_082,0,ok,1.8715953307392996,2.8715953307392996,738,257.0,0.3119325551232166,stop,True,71.9326793779619
longbench_v2,r_fuzzy,alpha0.03,case_083,0,ok,1.878754171301446,2.8787541713014457,2588,899.0,0.3131256952169077,stop,True,49.533316063228995
longbench_v2,r_fuzzy,alpha0.03,case_084,0,ok,2.4630872483221475,3.4630872483221475,513,149.0,0.4105145413870246,stop,True,61.63678061403334
longbench_v2,r_fuzzy,alpha0.03,case_085,0,ok,2.1746031746031744,3.1746031746031744,999,315.0,0.36243386243386244,stop,True,52.345468983985484
longbench_v2,r_fuzzy,alpha0.03,case_086,0,ok,1.9735099337748345,2.9735099337748343,448,151.0,0.32891832229580575,stop,True,62.29726525768638
longbench_v2,r_fuzzy,alpha0.03,case_087,0,ok,2.0469043151969983,3.0469043151969983,1623,533.0,0.3411507191994997,stop,True,43.80733602726832
longbench_v2,r_fuzzy,alpha0.03,case_088,0,ok,2.312874251497006,3.312874251497006,2212,668.0,0.38547904191616766,stop,True,99.46905836369842
longbench_v2,r_fuzzy,alpha0.03,case_089,0,ok,1.905027932960894,2.905027932960894,1040,358.0,0.31750465549348234,stop,True,46.7312008170411
longbench_v2,r_fuzzy,alpha0.03,case_090,0,ok,1.8650793650793651,2.865079365079365,721,252.0,0.31084656084656087,stop,True,76.34713468281552
longbench_v2,r_fuzzy,alpha0.03,case_091,0,ok,1.9678899082568808,2.967889908256881,2587,872.0,0.32798165137614677,stop,True,80.53883980074897
longbench_v2,r_fuzzy,alpha0.03,case_092,0,ok,1.3133047210300428,2.313304721030043,1617,699.0,0.21888412017167383,stop,True,87.32115259906277
longbench_v2,r_fuzzy,alpha0.03,case_093,0,ok,1.610344827586207,2.610344827586207,757,290.0,0.26839080459770115,stop,True,54.92977205803618
longbench_v2,r_fuzzy,alpha0.03,case_094,0,ok,1.4784688995215312,2.4784688995215314,519,209.0,0.24641148325358853,stop,True,112.95538547635078
longbench_v2,r_fuzzy,alpha0.03,case_095,0,ok,1.8160535117056855,2.8160535117056855,841,299.0,0.30267558528428096,stop,True,106.15414236625656
longbench_v2,r_fuzzy,alpha0.03,case_096,0,ok,2.5377358490566038,3.5377358490566038,1125,318.0,0.4229559748427673,stop,True,47.629399420227855
longbench_v2,r_fuzzy,alpha0.03,case_097,0,ok,2.1090248334342823,3.1090248334342823,5131,1651.0,0.3515041389057137,stop,True,82.28165108896792
longbench_v2,r_fuzzy,alpha0.03,case_098,0,ok,1.5604982206405693,2.5604982206405693,1438,562.0,0.26008303677342826,stop,True,73.36592786200345
longbench_v2,r_fuzzy,alpha0.03,case_099,0,ok,1.993103448275862,2.9931034482758623,1301,435.0,0.332183908045977,stop,True,64.55223371973261
longbench_v2,r_fuzzy,alpha0.03,case_100,0,ok,2.5472887767969734,3.5472887767969734,2812,793.0,0.42454812946616227,stop,True,92.08055233303457
longbench_v2,r_fuzzy,alpha0.03,case_101,0,ok,1.869846000993542,2.869846000993542,5777,2013.0,0.3116410001655903,stop,True,101.29887953493744
longbench_v2,r_fuzzy,alpha0.03,case_102,0,ok,2.1016949152542375,3.1016949152542375,731,236.0,0.3502824858757062,stop,True,46.486515338066965
longbench_v2,r_fuzzy,alpha0.03,case_103,0,ok,2.7096774193548385,3.7096774193548385,804,217.0,0.45161290322580644,stop,True,41.220156834926456
longbench_v2,r_fuzzy,alpha0.03,case_104,0,ok,1.7804878048780488,2.7804878048780486,798,287.0,0.2967479674796748,stop,True,49.37761256005615
longbench_v2,r_fuzzy,alpha0.03,case_105,0,ok,2.046908315565032,3.046908315565032,1429,469.0,0.3411513859275053,stop,True,53.279124128166586
longbench_v2,r_fuzzy,alpha0.03,case_106,0,ok,1.3883327580255436,2.388332758025544,6917,2897.0,0.23138879300425727,stop,True,116.9781822306104
longbench_v2,r_fuzzy,alpha0.03,case_107,0,ok,1.2217573221757323,2.2217573221757325,529,239.0,0.20362622036262204,stop,True,84.63237825315446
longbench_v2,r_fuzzy,alpha0.03,case_108,0,ok,1.392156862745098,2.392156862745098,610,255.0,0.23202614379084968,stop,True,112.41455048322678
longbench_v2,r_fuzzy,alpha0.03,case_109,0,ok,2.339250493096647,3.339250493096647,1691,507.0,0.3898750821827745,stop,True,107.7173181483522
longbench_v2,r_fuzzy,alpha0.03,case_110,0,ok,2.0789473684210527,3.0789473684210527,935,304.0,0.34649122807017546,stop,True,62.26021294295788
longbench_v2,r_fuzzy,alpha0.03,case_111,0,ok,1.9921135646687698,2.9921135646687698,1896,634.0,0.33201892744479494,stop,True,97.30006487714127
longbench_v2,r_fuzzy,alpha0.03,case_112,0,ok,1.6685082872928176,2.6685082872928176,483,181.0,0.27808471454880296,stop,True,64.94292605109513
longbench_v2,r_fuzzy,alpha0.03,case_113,0,ok,1.9154228855721394,2.9154228855721396,585,201.0,0.31923714759535654,stop,True,45.00094241416082
longbench_v2,r_fuzzy,alpha0.03,case_114,0,ok,1.8275862068965518,2.8275862068965516,163,58.0,0.3045977011494253,stop,True,62.35308411391452
longbench_v2,r_fuzzy,alpha0.03,case_115,0,ok,1.7447552447552448,2.744755244755245,784,286.0,0.2907925407925408,stop,True,55.52389176003635
longbench_v2,r_fuzzy,alpha0.03,case_116,0,ok,2.3995943204868153,3.3995943204868153,1674,493.0,0.39993238674780257,stop,True,37.83014738978818
longbench_v2,r_fuzzy,alpha0.03,case_117,0,ok,1.7035928143712575,2.7035928143712575,901,334.0,0.2839321357285429,stop,True,89.95721091097221
longbench_v2,r_fuzzy,alpha0.03,case_118,0,ok,2.3568202348690153,3.3568202348690153,3715,1107.0,0.3928033724781692,stop,True,51.903432318009436
longbench_v2,r_fuzzy,alpha0.03,case_119,0,ok,2.902439024390244,3.902439024390244,161,41.0,0.483739837398374,stop,True,56.726638813037425
longbench_v2,r_fuzzy,alpha0.03,case_120,0,ok,1.2952460383653044,2.2952460383653044,2753,1199.0,0.21587433972755074,stop,False,121.07595447124913
longbench_v2,r_fuzzy,alpha0.03,case_121,0,ok,1.8037383177570094,2.803738317757009,2999,1070.0,0.30062305295950154,stop,True,79.27733373316005
longbench_v2,r_fuzzy,alpha0.03,case_122,0,ok,1.4623481781376517,2.4623481781376517,3040,1235.0,0.2437246963562753,stop,True,126.9923269962892
longbench_v2,r_fuzzy,alpha0.03,case_123,0,ok,1.9794238683127572,2.9794238683127574,724,243.0,0.3299039780521262,stop,True,45.9746394068934
longbench_v2,r_fuzzy,alpha0.03,case_124,0,ok,1.6358381502890174,2.6358381502890174,456,173.0,0.2726396917148362,stop,True,38.00450050923973
longbench_v2,r_fuzzy,alpha0.03,case_125,0,ok,2.0032467532467533,3.0032467532467533,1849,616.0,0.3338744588744589,stop,True,75.94284214219078
longbench_v2,r_fuzzy,alpha0.03,case_126,0,ok,1.8313953488372092,2.8313953488372094,972,344.0,0.30523255813953487,stop,True,79.37847528932616
longbench_v2,r_fuzzy,alpha0.03,case_127,0,ok,1.5,2.5,1045,418.0,0.25,stop,True,79.65249623404816
longbench_v2,r_fuzzy,alpha0.03,case_128,0,ok,1.6045081967213115,2.6045081967213113,1271,488.0,0.26741803278688525,stop,True,100.33142701210454
longbench_v2,r_fuzzy,alpha0.03,case_129,0,ok,1.4274193548387097,2.42741935483871,902,372.0,0.23790322580645162,stop,True,78.21991918282583
longbench_v2,r_fuzzy,alpha0.03,case_130,0,ok,1.9422336328626444,2.9422336328626444,2291,779.0,0.3237056054771074,stop,True,60.11261664889753
longbench_v2,r_fuzzy,alpha0.03,case_131,0,ok,2.227154046997389,3.227154046997389,1236,383.0,0.3711923411662315,stop,True,70.84265084704384
longbench_v2,r_fuzzy,alpha0.03,case_132,0,ok,1.6244204018547141,2.624420401854714,1696,647.0,0.2707367336424523,stop,True,98.48285702103749
longbench_v2,r_fuzzy,alpha0.03,case_133,0,ok,1.7114285714285715,2.7114285714285717,948,350.0,0.28523809523809524,stop,True,76.08107566321269
longbench_v2,r_fuzzy,alpha0.03,case_134,0,ok,2.041946308724832,3.041946308724832,3625,1192.0,0.340324384787472,stop,True,51.32955627189949
longbench_v2,r_fuzzy,alpha0.03,case_135,0,ok,2.4334600760456273,3.4334600760456273,902,263.0,0.4055766793409379,stop,True,52.78858318692073
longbench_v2,r_fuzzy,alpha0.03,case_136,0,ok,1.8084544253632762,2.8084544253632764,2127,757.0,0.30140907089387936,stop,True,124.86801910912618
longbench_v2,r_fuzzy,alpha0.03,case_137,0,ok,1.8625,2.8625,1374,480.0,0.3104166666666667,stop,True,63.95791453309357
longbench_v2,r_fuzzy,alpha0.03,case_138,0,ok,1.4364548494983278,2.436454849498328,1456,598.0,0.23940914158305462,stop,True,95.94719711691141
longbench_v2,r_fuzzy,alpha0.03,case_139,0,ok,1.7341176470588235,2.7341176470588238,3485,1275.0,0.28901960784313724,stop,True,132.92010685894638
longbench_v2,r_fuzzy,alpha0.03,case_140,0,ok,1.907505686125853,2.907505686125853,3835,1319.0,0.3179176143543088,stop,True,77.85301523981616
longbench_v2,r_fuzzy,alpha0.03,case_141,0,ok,1.8631284916201116,2.8631284916201114,1026,358.0,0.31052141527001864,stop,True,45.9909594762139
longbench_v2,r_fuzzy,alpha0.03,case_142,0,ok,1.3103448275862069,2.310344827586207,402,174.0,0.21839080459770116,stop,True,70.47009688569233
longbench_v2,r_fuzzy,alpha0.03,case_143,0,ok,2.196796338672769,3.196796338672769,2793,874.0,0.36613272311212813,stop,True,115.45226803794503
longbench_v2,r_fuzzy,alpha0.03,case_144,0,ok,1.7154953429297206,2.715495342929721,3208,1181.0,0.28591589048828675,stop,True,56.05220761196688
longbench_v2,r_fuzzy,alpha0.03,case_145,0,ok,1.7878787878787878,2.787878787878788,735,264.0,0.29797979797979796,stop,True,30.327175059821457
longbench_v2,r_fuzzy,alpha0.03,case_146,0,ok,1.8595505617977528,2.859550561797753,507,178.0,0.3099250936329588,stop,True,42.06957575911656
longbench_v2,r_fuzzy,alpha0.03,case_147,0,ok,1.9681978798586572,2.968197879858657,839,283.0,0.3280329799764429,stop,True,49.57673753704876
longbench_v2,r_fuzzy,alpha0.03,case_148,0,ok,1.782383419689119,2.7823834196891193,536,193.0,0.2970639032815199,stop,True,63.314129314851016
longbench_v2,r_fuzzy,alpha0.03,case_149,0,ok,1.8253968253968254,2.825396825396825,1244,441.0,0.30423280423280424,stop,True,61.34768317686394
longbench_v2,r_fuzzy,alpha0.03,case_150,0,ok,2.6705882352941175,3.6705882352941175,624,170.0,0.44509803921568625,stop,True,42.404006900731474
longbench_v2,r_fuzzy,alpha0.08,case_001,0,ok,1.85003885003885,2.85003885003885,3668,1287.0,0.30833980833980834,stop,True,119.16886243922636
longbench_v2,r_fuzzy,alpha0.08,case_002,0,ok,1.3027027027027027,2.3027027027027027,425,185.0,0.21711711711711712,stop,True,113.23919614171609
longbench_v2,r_fuzzy,alpha0.08,case_003,0,ok,1.6258503401360545,2.6258503401360542,385,147.0,0.2709750566893424,stop,True,82.18614187510684
longbench_v2,r_fuzzy,alpha0.15,case_001,0,ok,2.724786324786325,3.724786324786325,2180,585.0,0.45413105413105415,stop,True,103.292821936775
longbench_v2,r_fuzzy,alpha0.15,case_002,0,ok,1.8484848484848484,2.8484848484848486,469,165.0,0.30808080808080807,stop,True,112.99309665989131
longbench_v2,r_fuzzy,alpha0.15,case_003,0,ok,3.3108974358974357,4.310897435897436,1344,312.0,0.5518162393162394,stop,True,86.42898655543104
longbench_v2,r_fuzzy,alpha0.15,case_004,0,ok,2.55177743431221,3.55177743431221,2297,647.0,0.425296239052035,stop,True,62.59574857912958
longbench_v2,r_fuzzy,alpha0.15,case_005,0,ok,3.388157894736842,4.3881578947368425,1334,304.0,0.5646929824561403,stop,True,39.15629465598613
longbench_v2,r_fuzzy,alpha0.15,case_006,0,ok,2.562621359223301,3.562621359223301,7338,2060.0,0.42710355987055015,stop,True,111.67867453815416
longbench_v2,r_fuzzy,alpha0.15,case_007,0,ok,2.0363984674329503,3.0363984674329503,1584,522.0,0.3393997445721584,stop,True,112.4351859940216
longbench_v2,r_fuzzy,alpha0.15,case_008,0,ok,2.6115618661257605,3.6115618661257605,7121,1972.0,0.43526031102096013,stop,True,123.04596086312085
longbench_v2,r_fuzzy,alpha0.15,case_009,0,ok,2.8594594594594596,3.8594594594594596,5712,1480.0,0.4765765765765766,stop,True,99.62090111104771
longbench_v2,r_fuzzy,alpha0.15,case_010,0,ok,2.25531914893617,3.25531914893617,612,188.0,0.375886524822695,stop,True,100.31418450595811
longbench_v2,r_fuzzy,alpha0.15,case_011,0,ok,2.1875,3.1875,456,144.0,0.3645833333333333,stop,True,54.03128311224282
longbench_v2,r_fuzzy,alpha0.15,case_012,0,ok,2.1341176470588237,3.1341176470588237,1333,425.0,0.35568627450980395,stop,True,47.318744777701795
longbench_v2,r_fuzzy,alpha0.15,case_013,0,ok,2.9887640449438204,3.9887640449438204,354,89.0,0.49812734082397003,stop,True,61.693830413743854
longbench_v2,r_fuzzy,alpha0.15,case_014,0,ok,3.0478260869565217,4.047826086956522,2793,690.0,0.5079710144927536,stop,True,55.93362466292456
longbench_v2,r_fuzzy,alpha0.15,case_015,0,ok,2.2906976744186047,3.2906976744186047,845,258.0,0.3817829457364341,stop,True,79.75048667611554
longbench_v2,r_fuzzy,alpha0.15,case_016,0,ok,1.7681159420289856,2.7681159420289854,381,138.0,0.2946859903381642,stop,True,40.52429889095947
longbench_v2,r_fuzzy,alpha0.15,case_017,0,ok,2.7738095238095237,3.7738095238095237,317,84.0,0.4623015873015873,stop,True,44.93352606007829
longbench_v2,r_fuzzy,alpha0.15,case_018,0,ok,3.312351543942993,4.312351543942993,3630,842.0,0.5520585906571654,stop,True,66.75238025095314
longbench_v2,r_fuzzy,alpha0.15,case_019,0,ok,2.5128205128205128,3.5128205128205128,684,195.0,0.4188034188034188,stop,True,70.26308766705915
longbench_v2,r_fuzzy,alpha0.15,case_020,0,ok,1.7377049180327868,2.7377049180327866,1504,549.0,0.2896174863387978,stop,True,121.87012755591422
longbench_v2,r_fuzzy,alpha0.15,case_021,0,ok,2.63855421686747,3.63855421686747,603,166.0,0.4397590361445783,stop,True,40.88190856995061
longbench_v2,r_fuzzy,alpha0.15,case_022,0,ok,3.1544401544401546,4.154440154440154,1076,259.0,0.5257400257400258,stop,True,33.398066462017596
longbench_v2,r_fuzzy,alpha0.15,case_023,0,ok,1.7328244274809161,2.7328244274809164,2147,786.0,0.28880407124681934,stop,True,120.2833386529237
longbench_v2,r_fuzzy,alpha0.15,case_024,0,ok,3.0223880597014925,4.022388059701493,1076,268.0,0.503731343283582,stop,True,48.20264927018434
longbench_v2,r_fuzzy,alpha0.15,case_025,0,ok,2.4778254649499285,3.4778254649499285,2430,699.0,0.4129709108249881,stop,True,113.41970224492252
longbench_v2,r_fuzzy,alpha0.15,case_026,0,ok,2.8269617706237424,3.8269617706237424,1903,497.0,0.47116029510395707,stop,True,69.52781373402104
longbench_v2,r_fuzzy,alpha0.15,case_027,0,ok,2.8075370121130554,3.8075370121130554,2828,743.0,0.4679228353521759,stop,True,54.512349790893495
longbench_v2,r_fuzzy,alpha0.15,case_028,0,ok,3.092907092907093,4.092907092907093,8192,2002.0,0.5154845154845155,length,False,105.63668527221307
longbench_v2,r_fuzzy,alpha0.15,case_029,0,ok,2.887179487179487,3.887179487179487,756,195.0,0.4811965811965812,stop,True,30.43859053682536
longbench_v2,r_fuzzy,alpha0.15,case_030,0,ok,2.935871743486974,3.935871743486974,1963,499.0,0.489311957247829,stop,True,70.59236267022789
longbench_v2,r_fuzzy,alpha0.15,case_031,0,ok,2.0268767377201113,3.0268767377201113,3264,1079.0,0.33781278962001854,stop,True,123.75829950207844
longbench_v2,r_fuzzy,alpha0.15,case_032,0,ok,2.3321342925659474,3.3321342925659474,2777,834.0,0.3886890487609912,stop,True,85.56857514986768
longbench_v2,r_fuzzy,alpha0.15,case_033,0,ok,2.855599214145383,3.855599214145383,7851,2036.0,0.47593320235756387,stop,True,122.03207818884403
longbench_v2,r_fuzzy,alpha0.15,case_034,0,ok,2.520348837209302,3.520348837209302,1211,344.0,0.42005813953488375,stop,True,56.59054231410846
longbench_v2,r_fuzzy,alpha0.15,case_035,0,ok,2.7953488372093025,3.7953488372093025,1631,430.0,0.465891472868217,stop,True,51.21293379412964
longbench_v2,r_fuzzy,alpha0.15,case_036,0,ok,3.2148760330578514,4.214876033057852,1530,363.0,0.5358126721763086,stop,True,40.440846995450556
longbench_v2,r_fuzzy,alpha0.15,case_037,0,ok,2.824786324786325,3.824786324786325,1788,468.0,0.4707977207977208,stop,True,55.498024580068886
longbench_v2,r_fuzzy,alpha0.15,case_038,0,ok,2.950286806883365,3.950286806883365,2065,523.0,0.4917144678138942,stop,True,58.528109253849834
longbench_v2,r_fuzzy,alpha0.15,case_039,0,ok,2.619341563786008,3.619341563786008,1758,486.0,0.43655692729766804,stop,True,61.92130395397544
longbench_v2,r_fuzzy,alpha0.15,case_040,0,ok,3.3233908948194664,4.323390894819466,5507,1274.0,0.553898482469911,stop,True,78.46333152195439
longbench_v2,r_fuzzy,alpha0.15,case_041,0,ok,2.0179775280898875,3.0179775280898875,1341,445.0,0.33632958801498125,stop,True,96.73299032403156
longbench_v2,r_fuzzy,alpha0.15,case_042,0,ok,2.2127139364303177,3.2127139364303177,1313,409.0,0.36878565607171965,stop,True,74.37124715000391
longbench_v2,r_fuzzy,alpha0.15,case_043,0,ok,2.800878477306003,3.800878477306003,2597,683.0,0.4668130795510005,stop,True,44.62072533508763
longbench_v2,r_fuzzy,alpha0.15,case_044,0,ok,2.0838815789473686,3.0838815789473686,1874,608.0,0.34731359649122806,stop,True,106.73460895102471
longbench_v2,r_fuzzy,alpha0.15,case_045,0,ok,1.9077032303869366,2.907703230386937,8192,2817.0,0.3179505383978227,length,False,152.42616703687236
longbench_v2,r_fuzzy,alpha0.15,case_046,0,ok,1.9562243502051984,2.9562243502051984,2160,731.0,0.3260373917008664,stop,False,117.92278890730813
longbench_v2,r_fuzzy,alpha0.15,case_047,0,ok,2.8744650499286735,3.8744650499286735,2713,701.0,0.4790775083214456,stop,True,75.2527417219244
longbench_v2,r_fuzzy,alpha0.15,case_048,0,ok,1.894736842105263,2.894736842105263,875,304.0,0.3157894736842105,stop,True,63.52157609676942
longbench_v2,r_fuzzy,alpha0.15,case_049,0,ok,2.0942760942760943,3.0942760942760943,1837,594.0,0.3490460157126824,stop,True,93.57267575897276
longbench_v2,r_fuzzy,alpha0.15,case_050,0,ok,2.8038507821901324,3.8038507821901324,6323,1662.0,0.4673084636983554,stop,True,80.18529411498457
longbench_v2,r_fuzzy,alpha0.15,case_051,0,ok,2.038204747774481,3.038204747774481,8192,2696.0,0.33970079129574676,length,False,168.3731687888503
longbench_v2,r_fuzzy,alpha0.15,case_052,0,ok,1.7847826086956522,2.784782608695652,1282,460.0,0.29746376811594205,stop,True,123.02830787468702
longbench_v2,r_fuzzy,alpha0.15,case_053,0,ok,1.675,2.675,426,160.0,0.2791666666666667,stop,True,60.81941158277914
longbench_v2,r_fuzzy,alpha0.15,case_054,0,ok,3.056701030927835,4.056701030927835,1572,388.0,0.5094501718213058,stop,True,53.12015007575974
longbench_v2,r_fuzzy,alpha0.15,case_055,0,ok,2.563549160671463,3.563549160671463,1483,417.0,0.4272581934452438,stop,True,65.40426693763584
longbench_v2,r_fuzzy,alpha0.15,case_056,0,ok,2.707317073170732,3.707317073170732,454,123.0,0.45121951219512196,stop,True,39.393704062793404
longbench_v2,r_fuzzy,alpha0.15,case_057,0,ok,2.565340909090909,3.565340909090909,1256,352.0,0.4275568181818182,stop,True,64.30362279200926
longbench_v2,r_fuzzy,alpha0.15,case_058,0,ok,3.230769230769231,4.230769230769231,1870,442.0,0.5384615384615384,stop,True,68.30379239516333
longbench_v2,r_fuzzy,alpha0.15,case_059,0,ok,2.8629032258064515,3.8629032258064515,480,124.0,0.4771505376344086,stop,True,51.85941023286432
longbench_v2,r_fuzzy,alpha0.15,case_060,0,ok,2.410672853828306,3.410672853828306,5880,1724.0,0.4017788089713844,stop,True,106.79305357811972
longbench_v2,r_fuzzy,alpha0.15,case_061,0,ok,2.777027027027027,3.777027027027027,1677,444.0,0.46283783783783783,stop,True,38.10961027536541
longbench_v2,r_fuzzy,alpha0.15,case_062,0,ok,1.7900552486187846,2.790055248618785,505,181.0,0.2983425414364641,stop,True,85.51353490259498
longbench_v2,r_fuzzy,alpha0.15,case_063,0,ok,2.8430232558139537,3.8430232558139537,659,172.0,0.4738372093023256,stop,True,41.49335974641144
longbench_v2,r_fuzzy,alpha0.15,case_064,0,ok,2.607329842931937,3.607329842931937,688,191.0,0.43455497382198954,stop,True,45.56164372572675
longbench_v2,r_fuzzy,alpha0.15,case_065,0,ok,2.7398373983739837,3.7398373983739837,459,123.0,0.45663956639566394,stop,True,39.84282867703587
longbench_v2,r_fuzzy,alpha0.15,case_066,0,ok,2.7037037037037037,3.7037037037037037,600,162.0,0.4506172839506173,stop,True,37.40919255372137
longbench_v2,r_fuzzy,alpha0.15,case_067,0,ok,2.74051593323217,3.74051593323217,4929,1318.0,0.456752655538695,stop,True,92.19717168714851
longbench_v2,r_fuzzy,alpha0.15,case_068,0,ok,2.5040650406504064,3.5040650406504064,861,246.0,0.4173441734417344,stop,True,62.25903387181461
longbench_v2,r_fuzzy,alpha0.15,case_069,0,ok,1.3416370106761566,2.3416370106761564,657,281.0,0.2236061684460261,stop,True,75.96221037674695
longbench_v2,r_fuzzy,alpha0.15,case_070,0,ok,3.1027027027027025,4.102702702702702,2277,555.0,0.5171171171171172,stop,True,54.42553841508925
longbench_v2,r_fuzzy,alpha0.15,case_071,0,ok,2.130841121495327,3.130841121495327,2009,642.0,0.35514018691588783,stop,True,70.68248524330556
longbench_v2,r_fuzzy,alpha0.15,case_072,0,ok,2.752688172043011,3.752688172043011,2095,558.0,0.45878136200716846,stop,True,87.13628746569157
longbench_v2,r_fuzzy,alpha0.15,case_073,0,ok,2.043824701195219,3.043824701195219,764,251.0,0.34063745019920316,stop,True,87.85463341185823
longbench_v2,r_fuzzy,alpha0.15,case_074,0,ok,2.366885784716516,3.366885784716516,8192,2434.0,0.39448096411941935,length,False,149.97556366305798
longbench_v2,r_fuzzy,alpha0.15,case_075,0,ok,1.99,2.99,2092,700.0,0.33166666666666667,stop,True,108.40228821476921
longbench_v2,r_fuzzy,alpha0.15,case_076,0,ok,2.518867924528302,3.518867924528302,744,212.0,0.419811320754717,stop,True,46.31797375623137
longbench_v2,r_fuzzy,alpha0.15,case_077,0,ok,1.7309417040358743,2.7309417040358746,1218,446.0,0.2884902840059791,stop,True,108.73289794800803
longbench_v2,r_fuzzy,alpha0.15,case_078,0,ok,2.258426966292135,3.258426966292135,1449,445.0,0.37640449438202245,stop,True,91.70405528694391
longbench_v2,r_fuzzy,alpha0.15,case_079,0,ok,2.3622448979591835,3.3622448979591835,659,196.0,0.3937074829931973,stop,True,79.81367579614744
longbench_v2,r_fuzzy,alpha0.15,case_080,0,ok,2.5,3.5,1744,498.0,0.4166666666666667,stop,True,63.9505850719288
longbench_v2,r_fuzzy,alpha0.15,case_081,0,ok,2.1448598130841123,3.1448598130841123,1345,428.0,0.3574766355140187,stop,True,49.873466396238655
longbench_v2,r_fuzzy,alpha0.15,case_082,0,ok,2.5217391304347827,3.5217391304347827,486,138.0,0.42028985507246375,stop,True,69.07276520691812
longbench_v2,r_fuzzy,alpha0.15,case_083,0,ok,3.053240740740741,4.0532407407407405,3502,864.0,0.5088734567901234,stop,True,50.50623662536964
longbench_v2,r_fuzzy,alpha0.15,case_084,0,ok,3.3385579937304075,4.338557993730408,1384,319.0,0.5564263322884012,stop,True,65.79711259808391
longbench_v2,r_fuzzy,alpha0.15,case_085,0,ok,2.813008130081301,3.813008130081301,937,246.0,0.46883468834688347,stop,True,51.0449300147593
longbench_v2,r_fuzzy,alpha0.15,case_086,0,ok,2.5390070921985815,3.5390070921985815,499,141.0,0.4231678486997636,stop,True,62.366831719875336
longbench_v2,r_fuzzy,alpha0.15,case_087,0,ok,2.9357798165137616,3.9357798165137616,1715,436.0,0.4892966360856269,stop,True,42.64231570484117
longbench_v2,r_fuzzy,alpha0.15,case_088,0,ok,2.5077054794520546,3.5077054794520546,8192,2336.0,0.4179509132420091,length,False,136.46546634100378
longbench_v2,r_fuzzy,alpha0.15,case_089,0,ok,2.185770750988142,3.185770750988142,805,253.0,0.36429512516469037,stop,True,44.642799926921725
longbench_v2,r_fuzzy,alpha0.15,case_090,0,ok,2.8704819277108435,3.8704819277108435,1284,332.0,0.4784136546184739,stop,True,78.64231183100492
longbench_v2,r_fuzzy,alpha0.15,case_091,0,ok,2.5990338164251208,3.5990338164251208,8192,2277.0,0.4331723027375201,length,False,113.26522736018524
longbench_v2,r_fuzzy,alpha0.15,case_092,0,ok,2.3372549019607844,3.3372549019607844,850,255.0,0.3895424836601307,stop,True,79.31433379696682
longbench_v2,r_fuzzy,alpha0.15,case_093,0,ok,2.1607142857142856,3.1607142857142856,531,168.0,0.3601190476190476,stop,True,52.69053145404905
longbench_v2,r_fuzzy,alpha0.15,case_094,0,ok,2.057377049180328,3.057377049180328,374,122.0,0.34289617486338797,stop,False,111.58845810126513
longbench_v2,r_fuzzy,alpha0.15,case_095,0,ok,2.1906474820143886,3.1906474820143886,886,278.0,0.36510791366906475,stop,True,106.05952393775806
longbench_v2,r_fuzzy,alpha0.15,case_096,0,ok,3.328231292517007,4.328231292517007,2546,588.0,0.5547052154195011,stop,True,54.700892521999776
longbench_v2,r_fuzzy,alpha0.15,case_097,0,ok,2.7939698492462313,3.7939698492462313,1510,398.0,0.4656616415410385,stop,True,56.38393090479076
longbench_v2,r_fuzzy,alpha0.15,case_098,0,ok,2.1094091903719914,3.1094091903719914,1421,457.0,0.3515681983953319,stop,True,72.1063785389997
longbench_v2,r_fuzzy,alpha0.15,case_099,0,ok,2.4288747346072186,3.4288747346072186,1615,471.0,0.4048124557678698,stop,True,65.5562387178652
longbench_v2,r_fuzzy,alpha0.15,case_100,0,ok,2.500854700854701,3.500854700854701,8192,2340.0,0.4168091168091168,length,False,126.67528776964173
longbench_v2,r_fuzzy,alpha0.15,case_101,0,ok,2.476359338061466,3.476359338061466,2940,846.0,0.41272655634357763,stop,True,78.87211772892624
longbench_v2,r_fuzzy,alpha0.15,case_102,0,ok,2.9534246575342467,3.9534246575342467,1442,365.0,0.4922374429223744,stop,True,50.25457154028118
longbench_v2,r_fuzzy,alpha0.15,case_103,0,ok,3.0708955223880596,4.07089552238806,1091,268.0,0.5118159203980099,stop,True,42.90145878819749
longbench_v2,r_fuzzy,alpha0.15,case_104,0,ok,3.0344827586206895,4.0344827586206895,1170,290.0,0.5057471264367817,stop,True,50.705951198004186
longbench_v2,r_fuzzy,alpha0.15,case_105,0,ok,3.0301339285714284,4.030133928571429,3609,896.0,0.5050223214285714,stop,True,64.98409757390618
longbench_v2,r_fuzzy,alpha0.15,case_106,0,ok,2.0218145761031234,3.0218145761031234,6095,2017.0,0.3369690960171872,stop,True,103.43113959114999
longbench_v2,r_fuzzy,alpha0.15,case_107,0,ok,1.989873417721519,2.989873417721519,1180,395.0,0.33164556962025316,stop,True,89.02991797868162
longbench_v2,r_fuzzy,alpha0.15,case_108,0,ok,1.8032786885245902,2.80327868852459,854,305.0,0.3005464480874317,stop,True,114.3849394642748
longbench_v2,r_fuzzy,alpha0.15,case_109,0,ok,2.4220183486238533,3.4220183486238533,2239,654.0,0.4036697247706422,stop,True,112.70442269695923
longbench_v2,r_fuzzy,alpha0.15,case_110,0,ok,2.950413223140496,3.950413223140496,1910,484.0,0.49173553719008267,stop,True,67.70646520098671
longbench_v2,r_fuzzy,alpha0.15,case_111,0,ok,2.5615550755939527,3.5615550755939527,1648,463.0,0.4269258459323254,stop,True,94.63914886582643
longbench_v2,r_fuzzy,alpha0.15,case_112,0,ok,2.242857142857143,3.242857142857143,679,210.0,0.3738095238095238,stop,False,66.28358624596149
longbench_v2,r_fuzzy,alpha0.15,case_113,0,ok,2.6092436974789917,3.6092436974789917,858,238.0,0.43487394957983194,stop,True,46.19258680427447
longbench_v2,r_fuzzy,alpha0.15,case_114,0,ok,2.4823529411764707,3.4823529411764707,294,85.0,0.4137254901960784,stop,True,62.83523425180465
longbench_v2,r_fuzzy,alpha0.15,case_115,0,ok,2.1363636363636362,3.1363636363636362,829,264.0,0.3560606060606061,stop,True,55.51203296519816
longbench_v2,r_fuzzy,alpha0.15,case_116,0,ok,2.985611510791367,3.985611510791367,553,139.0,0.49760191846522783,stop,True,30.260172456037253
longbench_v2,r_fuzzy,alpha0.15,case_117,0,ok,2.9274725274725273,3.9274725274725273,1788,455.0,0.4879120879120879,stop,True,93.74398827692494
longbench_v2,r_fuzzy,alpha0.15,case_118,0,ok,3.7399507793273177,4.739950779327318,5779,1219.0,0.6233251298878862,stop,True,58.115915316622704
longbench_v2,r_fuzzy,alpha0.15,case_119,0,ok,2.433333333333333,3.433333333333333,205,60.0,0.40555555555555556,stop,True,57.064853918273
longbench_v2,r_fuzzy,alpha0.15,case_120,0,ok,1.7922077922077921,2.792207792207792,644,231.0,0.2987012987012987,stop,True,102.50923382723704
longbench_v2,r_fuzzy,alpha0.15,case_121,0,ok,2.452074391988555,3.452074391988555,2414,699.0,0.40867906533142584,stop,True,73.74550751317292
longbench_v2,r_fuzzy,alpha0.15,case_122,0,ok,1.7197368421052632,2.719736842105263,4135,1520.0,0.28662280701754383,stop,True,134.5977816642262
longbench_v2,r_fuzzy,alpha0.15,case_123,0,ok,2.6356968215158925,3.6356968215158925,1487,409.0,0.4392828035859821,stop,True,50.37159542925656
longbench_v2,r_fuzzy,alpha0.15,case_124,0,ok,2.851063829787234,3.851063829787234,361,94.0,0.475177304964539,stop,True,36.643182021100074
longbench_v2,r_fuzzy,alpha0.15,case_125,0,ok,2.314984709480122,3.314984709480122,1084,327.0,0.3858307849133537,stop,True,69.80663872463629
longbench_v2,r_fuzzy,alpha0.15,case_126,0,ok,2.472998137802607,3.472998137802607,1864,537.0,0.4121663563004345,stop,True,84.4268174637109
longbench_v2,r_fuzzy,alpha0.15,case_127,0,ok,1.8780487804878048,2.8780487804878048,235,82.0,0.3130081300813008,stop,True,73.4480786821805
longbench_v2,r_fuzzy,alpha0.15,case_128,0,ok,2.3425076452599387,3.3425076452599387,1093,327.0,0.3904179408766565,stop,False,97.23736319504678
longbench_v2,r_fuzzy,alpha0.15,case_129,0,ok,2.086265607264472,3.086265607264472,5439,1762.0,0.3477109345440787,stop,True,108.63165713474154
longbench_v2,r_fuzzy,alpha0.15,case_130,0,ok,2.969258589511754,3.969258589511754,2195,553.0,0.4948764315852923,stop,True,56.48746936023235
longbench_v2,r_fuzzy,alpha0.15,case_131,0,ok,2.8338792700046795,3.8338792700046795,8192,2137.0,0.47231321166744655,length,False,112.35947436094284
longbench_v2,r_fuzzy,alpha0.15,case_132,0,ok,2.1566858080393767,3.1566858080393767,3845,1219.0,0.35944763467322943,stop,True,111.89883817685768
longbench_v2,r_fuzzy,alpha0.15,case_133,0,ok,2.199288256227758,3.199288256227758,898,281.0,0.3665480427046263,stop,True,75.23352388804778
longbench_v2,r_fuzzy,alpha0.15,case_134,0,ok,2.8165680473372783,3.8165680473372783,1934,507.0,0.46942800788954636,stop,True,38.307309796102345
longbench_v2,r_fuzzy,alpha0.15,case_135,0,ok,3.1365079365079365,4.136507936507936,1302,315.0,0.5227513227513227,stop,True,54.8086453191936
longbench_v2,r_fuzzy,alpha0.15,case_136,0,ok,1.9906803355079217,2.9906803355079217,3209,1073.0,0.3317800559179869,stop,True,132.3067546277307
longbench_v2,r_fuzzy,alpha0.15,case_137,0,ok,2.505567928730512,3.505567928730512,3146,898.0,0.41759465478841873,stop,True,74.04204637231305
longbench_v2,r_fuzzy,alpha0.15,case_138,0,ok,2.041095890410959,3.041095890410959,1554,511.0,0.3401826484018265,stop,True,95.0405589658767
longbench_v2,r_fuzzy,alpha0.15,case_139,0,ok,2.103235747303544,3.103235747303544,2015,649.0,0.3505392912172573,stop,False,121.44707257905975
longbench_v2,r_fuzzy,alpha0.15,case_140,0,ok,2.514018691588785,3.514018691588785,3383,963.0,0.4190031152647975,stop,True,72.91900182887912
longbench_v2,r_fuzzy,alpha0.15,case_141,0,ok,2.8143459915611815,3.8143459915611815,1808,474.0,0.46905766526019693,stop,True,49.64208168070763
longbench_v2,r_fuzzy,alpha0.15,case_142,0,ok,1.7178899082568808,2.717889908256881,1184,436.0,0.28631498470948014,stop,True,76.03878597123548
longbench_v2,r_fuzzy,alpha0.15,case_143,0,ok,2.1124620060790273,3.1124620060790273,8192,2632.0,0.35207700101317124,length,False,152.35409747017547
longbench_v2,r_fuzzy,alpha0.15,case_144,0,ok,2.7862394957983194,3.7862394957983194,7208,1904.0,0.4643732492997199,stop,True,75.23977778386325
longbench_v2,r_fuzzy,alpha0.15,case_145,0,ok,2.66,3.66,1463,400.0,0.44333333333333336,stop,True,34.03586506284773
longbench_v2,r_fuzzy,alpha0.15,case_146,0,ok,2.1153846153846154,3.1153846153846154,243,78.0,0.3525641025641026,stop,True,40.08654435398057
longbench_v2,r_fuzzy,alpha0.15,case_147,0,ok,3.858447488584475,4.858447488584475,3191,657.0,0.6430745814307458,stop,True,60.12365768617019
longbench_v2,r_fuzzy,alpha0.15,case_148,0,ok,2.391304347826087,3.391304347826087,466,138.0,0.39855072463768115,stop,True,62.04408812196925
longbench_v2,r_fuzzy,alpha0.15,case_149,0,ok,2.8043478260869565,3.8043478260869565,2623,690.0,0.4673913043478261,stop,True,67.4074848103337
longbench_v2,r_fuzzy,alpha0.15,case_150,0,ok,3.147783251231527,4.147783251231527,841,203.0,0.5246305418719212,stop,True,42.77979876706377
longbench_v2,r_fuzzy,alpha0.25,case_001,0,ok,3.341880341880342,4.341880341880342,1014,234.0,0.5569800569800569,stop,True,95.2836436429061
longbench_v2,r_fuzzy,alpha0.25,case_002,0,ok,2.9140625,3.9140625,500,128.0,0.4856770833333333,stop,True,113.21469605714083
longbench_v2,r_fuzzy,alpha0.25,case_003,0,ok,4.068085106382979,5.068085106382979,1191,235.0,0.6780141843971631,stop,True,85.2314808294177
longbench_v2,r_fuzzy,alpha0.25,case_004,0,ok,4.0576923076923075,5.0576923076923075,1316,260.0,0.6762820512820513,stop,True,54.05220019258559
longbench_v2,r_fuzzy,alpha0.25,case_005,0,ok,3.857142857142857,4.857142857142858,542,112.0,0.6428571428571429,stop,True,34.204943992197514
longbench_v2,r_fuzzy,alpha0.25,case_006,0,ok,3.5485841199333703,4.54858411993337,8192,1801.0,0.5914306866555618,length,False,110.99997695721686
longbench_v2,r_fuzzy,alpha0.25,case_007,0,ok,2.92846034214619,3.92846034214619,2525,643.0,0.4880767236910316,stop,True,117.32899408182129
longbench_v2,r_fuzzy,alpha0.25,case_008,0,ok,3.358589647411853,4.358589647411852,5811,1333.0,0.5597649412353088,stop,True,111.05878932727501
longbench_v2,r_fuzzy,alpha0.25,case_009,0,ok,3.990255785627284,4.990255785627284,8192,1642.0,0.6650426309378806,length,False,110.0980051360093
longbench_v2,r_fuzzy,alpha0.25,case_010,0,ok,2.6236559139784945,3.6236559139784945,1009,279.0,0.43727598566308246,stop,True,102.29434472275898
longbench_v2,r_fuzzy,alpha0.25,case_011,0,ok,3.0275229357798166,4.027522935779817,436,109.0,0.5045871559633027,stop,True,53.13595278514549
longbench_v2,r_fuzzy,alpha0.25,case_012,0,ok,3.197058823529412,4.197058823529412,5706,1360.0,0.532843137254902,stop,True,71.75216763280332
longbench_v2,r_fuzzy,alpha0.25,case_013,0,ok,3.4128440366972477,4.412844036697248,478,109.0,0.5688073394495413,stop,True,62.20307171717286
longbench_v2,r_fuzzy,alpha0.25,case_014,0,ok,4.152091254752852,5.152091254752852,2707,526.0,0.6920152091254753,stop,True,53.25174350803718
longbench_v2,r_fuzzy,alpha0.25,case_015,0,ok,3.658296943231441,4.658296943231441,4263,916.0,0.6097161572052402,stop,True,97.28794236993417
longbench_v2,r_fuzzy,alpha0.25,case_016,0,ok,3.392749244712991,4.392749244712991,1453,331.0,0.5654582074521651,stop,True,45.74462157487869
longbench_v2,r_fuzzy,alpha0.25,case_017,0,ok,3.037037037037037,4.037037037037037,216,54.0,0.5061728395061729,stop,True,44.590527448803186
longbench_v2,r_fuzzy,alpha0.25,case_018,0,ok,4.406309751434034,5.406309751434034,5654,1046.0,0.7343849585723391,stop,True,74.25713810510933
longbench_v2,r_fuzzy,alpha0.25,case_019,0,ok,3.5091743119266057,4.509174311926605,983,218.0,0.5848623853211009,stop,True,70.66595918126404
longbench_v2,r_fuzzy,alpha0.25,case_020,0,ok,2.9228395061728394,3.9228395061728394,1272,324.0,0.48713991769547327,stop,True,117.16508611803874
longbench_v2,r_fuzzy,alpha0.25,case_021,0,ok,3.516981132075472,4.516981132075472,1197,265.0,0.5861635220125786,stop,True,43.31785890040919
longbench_v2,r_fuzzy,alpha0.25,case_022,0,ok,3.704626334519573,4.704626334519573,1321,281.0,0.6174377224199288,stop,True,33.89584979461506
longbench_v2,r_fuzzy,alpha0.25,case_023,0,ok,2.2441471571906355,3.2441471571906355,967,299.0,0.37402452619843923,stop,False,109.29510991694406
longbench_v2,r_fuzzy,alpha0.25,case_024,0,ok,3.6640471512770136,4.664047151277014,2373,509.0,0.6106745252128356,stop,True,54.06284408411011
longbench_v2,r_fuzzy,alpha0.25,case_025,0,ok,3.25114995400184,4.25114995400184,4622,1087.0,0.5418583256669733,stop,True,122.92067178199068
longbench_v2,r_fuzzy,alpha0.25,case_026,0,ok,3.562408223201175,4.5624082232011745,3106,681.0,0.5937347038668624,stop,True,74.32726173521951
longbench_v2,r_fuzzy,alpha0.25,case_027,0,ok,4.03347280334728,5.03347280334728,2406,478.0,0.6722454672245467,stop,True,48.92198046622798
longbench_v2,r_fuzzy,alpha0.25,case_028,0,ok,3.5375180375180375,4.537518037518037,6289,1386.0,0.5895863395863395,stop,True,92.04796584695578
longbench_v2,r_fuzzy,alpha0.25,case_029,0,ok,3.8376068376068377,4.837606837606838,1133,234.0,0.6396011396011396,stop,True,31.438685547094792
longbench_v2,r_fuzzy,alpha0.25,case_030,0,ok,3.724052206339341,4.724052206339341,7601,1609.0,0.6206753677232235,stop,True,100.0957341818139
longbench_v2,r_fuzzy,alpha0.25,case_031,0,ok,3.245664739884393,4.245664739884393,4407,1038.0,0.5409441233140655,stop,True,125.29413654888049
longbench_v2,r_fuzzy,alpha0.25,case_032,0,ok,3.0964630225080385,4.096463022508038,1273,311.0,0.5160771704180064,stop,True,74.13770294608548
longbench_v2,r_fuzzy,alpha0.25,case_033,0,ok,3.3411633109619685,4.341163310961969,3882,894.0,0.5568605518269948,stop,True,96.87616909807548
longbench_v2,r_fuzzy,alpha0.25,case_034,0,ok,3.893617021276596,4.8936170212765955,2761,564.0,0.648936170212766,stop,True,63.837422034237534
longbench_v2,r_fuzzy,alpha0.25,case_035,0,ok,3.72,4.720000000000001,1649,350.0,0.62,stop,True,50.0313606238924
longbench_v2,r_fuzzy,alpha0.25,case_036,0,ok,4.432469304229195,5.432469304229195,7964,1466.0,0.7387448840381992,stop,True,71.37408618209884
longbench_v2,r_fuzzy,alpha0.25,case_037,0,ok,3.9926739926739927,4.992673992673993,2727,546.0,0.6654456654456654,stop,True,59.12794577376917
longbench_v2,r_fuzzy,alpha0.25,case_038,0,ok,3.7194244604316546,4.719424460431655,1968,417.0,0.6199040767386091,stop,True,56.849897359032184
longbench_v2,r_fuzzy,alpha0.25,case_039,0,ok,3.4391304347826086,4.439130434782609,1019,230.0,0.5731884057971014,stop,True,56.70918591832742
longbench_v2,r_fuzzy,alpha0.25,case_040,0,ok,4.125153374233129,5.125153374233129,4176,815.0,0.6875255623721881,stop,True,68.75496657006443
longbench_v2,r_fuzzy,alpha0.25,case_041,0,ok,3.8152266894781866,4.8152266894781866,5624,1169.0,0.635871114913031,stop,True,118.43620172096416
longbench_v2,r_fuzzy,alpha0.25,case_042,0,ok,2.95578231292517,3.95578231292517,1162,294.0,0.49263038548752835,stop,True,72.29645193461329
longbench_v2,r_fuzzy,alpha0.25,case_043,0,ok,4.136986301369863,5.136986301369863,2624,511.0,0.6894977168949772,stop,True,42.463849912863225
longbench_v2,r_fuzzy,alpha0.25,case_044,0,ok,3.0362116991643453,4.036211699164346,4348,1077.0,0.5060352831940576,stop,True,118.82045836886391
longbench_v2,r_fuzzy,alpha0.25,case_045,0,ok,2.9109442060085837,3.9109442060085837,3644,932.0,0.4851573676680973,stop,True,115.66853116173297
longbench_v2,r_fuzzy,alpha0.25,case_046,0,ok,3.053956834532374,4.053956834532374,1128,278.0,0.5089928057553957,stop,True,109.01019041473046
longbench_v2,r_fuzzy,alpha0.25,case_047,0,ok,3.2072072072072073,4.207207207207207,1399,333.0,0.5345345345345346,stop,True,67.07494755322114
longbench_v2,r_fuzzy,alpha0.25,case_048,0,ok,3.2,4.2,1680,400.0,0.5333333333333333,stop,True,67.2798846042715
longbench_v2,r_fuzzy,alpha0.25,case_049,0,ok,3.4439834024896268,4.443983402489627,2140,482.0,0.573997233748271,stop,True,92.64705417631194
longbench_v2,r_fuzzy,alpha0.25,case_050,0,ok,3.813640730067243,4.8136407300672435,5008,1041.0,0.6356067883445405,stop,True,69.2928939750418
longbench_v2,r_fuzzy,alpha0.25,case_051,0,ok,2.6511194029850746,3.6511194029850746,5872,1608.0,0.4418532338308458,stop,True,143.55968696437776
longbench_v2,r_fuzzy,alpha0.25,case_052,0,ok,2.0676328502415457,3.0676328502415457,633,207.0,0.3446054750402576,stop,True,118.05422291718423
longbench_v2,r_fuzzy,alpha0.25,case_053,0,ok,3.347826086956522,4.3478260869565215,1500,345.0,0.5579710144927537,stop,True,66.12253283616155
longbench_v2,r_fuzzy,alpha0.25,case_054,0,ok,3.6458333333333335,4.645833333333334,2229,480.0,0.6076388888888888,stop,True,56.082292183768004
longbench_v2,r_fuzzy,alpha0.25,case_055,0,ok,3.6745964316057775,4.674596431605778,5500,1177.0,0.6124327386009629,stop,True,85.49735393095762
longbench_v2,r_fuzzy,alpha0.25,case_056,0,ok,3.5655737704918034,4.565573770491803,1113,244.0,0.5942622950819673,stop,True,42.857391628902406
longbench_v2,r_fuzzy,alpha0.25,case_057,0,ok,2.815,3.815,763,200.0,0.4691666666666667,stop,True,61.106126605998725
longbench_v2,r_fuzzy,alpha0.25,case_058,0,ok,3.9498489425981873,4.949848942598187,8192,1655.0,0.6583081570996979,length,False,100.69527055881917
longbench_v2,r_fuzzy,alpha0.25,case_059,0,ok,3.8285714285714287,4.828571428571429,1181,245.0,0.638095238095238,stop,True,55.05630203336477
longbench_v2,r_fuzzy,alpha0.25,case_060,0,ok,3.45994599459946,4.45994599459946,4954,1111.0,0.5766576657665766,stop,True,93.7270716377534
longbench_v2,r_fuzzy,alpha0.25,case_061,0,ok,3.985486211901306,4.985486211901306,3434,689.0,0.664247701983551,stop,True,44.80446505313739
longbench_v2,r_fuzzy,alpha0.25,case_062,0,ok,3.393736017897092,4.393736017897092,1963,447.0,0.5656226696495152,stop,True,92.32633961504325
longbench_v2,r_fuzzy,alpha0.25,case_063,0,ok,3.3797468354430378,4.379746835443038,691,158.0,0.5632911392405063,stop,True,41.2422180166468
longbench_v2,r_fuzzy,alpha0.25,case_064,0,ok,3.4108527131782944,4.410852713178294,1702,387.0,0.5684754521963824,stop,True,50.839369538705796
longbench_v2,r_fuzzy,alpha0.25,case_065,0,ok,4.028169014084507,5.028169014084507,715,142.0,0.6713615023474179,stop,True,40.8148707607761
longbench_v2,r_fuzzy,alpha0.25,case_066,0,ok,4.211920529801325,5.211920529801325,786,151.0,0.7019867549668874,stop,True,38.1724098441191
longbench_v2,r_fuzzy,alpha0.25,case_067,0,ok,3.67008547008547,4.6700854700854695,8192,1755.0,0.6116809116809117,length,False,107.09332069009542
longbench_v2,r_fuzzy,alpha0.25,case_068,0,ok,3.579676674364896,4.579676674364896,1982,433.0,0.596612779060816,stop,True,67.7379018641077
longbench_v2,r_fuzzy,alpha0.25,case_069,0,ok,2.5441412520064204,3.5441412520064204,2208,623.0,0.42402354200107006,stop,True,84.24609953910112
longbench_v2,r_fuzzy,alpha0.25,case_070,0,ok,4.368563685636857,5.368563685636857,1980,369.0,0.7280939476061428,stop,True,51.246231362223625
longbench_v2,r_fuzzy,alpha0.25,case_071,0,ok,3.2270408163265305,4.2270408163265305,4968,1176.0,0.5378401360544217,stop,True,85.25869025057182
longbench_v2,r_fuzzy,alpha0.25,case_072,0,ok,2.8815789473684212,3.8815789473684212,1179,304.0,0.48026315789473684,stop,True,81.30207538232207
longbench_v2,r_fuzzy,alpha0.25,case_073,0,ok,3.091005291005291,4.091005291005291,3863,945.0,0.5151675485008819,stop,False,104.64822515007108
longbench_v2,r_fuzzy,alpha0.25,case_074,0,ok,3.0906735751295336,4.090673575129534,4738,1158.0,0.5151122625215889,stop,True,123.82166375685483
longbench_v2,r_fuzzy,alpha0.25,case_075,0,ok,2.6186046511627907,3.6186046511627907,777,215.0,0.43643410852713177,stop,True,98.57808137591928
longbench_v2,r_fuzzy,alpha0.25,case_076,0,ok,3.3451776649746194,4.345177664974619,855,197.0,0.5575296108291032,stop,True,46.235874308273196
longbench_v2,r_fuzzy,alpha0.25,case_077,0,ok,2.9433051869722555,3.9433051869722555,3268,829.0,0.49055086449537594,stop,True,118.86794199002907
longbench_v2,r_fuzzy,alpha0.25,case_078,0,ok,2.8819672131147542,3.8819672131147542,1185,305.0,0.48032786885245904,stop,True,89.17065354296938
longbench_v2,r_fuzzy,alpha0.25,case_079,0,ok,3.1485714285714286,4.148571428571429,1451,350.0,0.5247619047619048,stop,True,83.89863242022693
longbench_v2,r_fuzzy,alpha0.25,case_080,0,ok,3.827751196172249,4.827751196172249,1007,209.0,0.6379585326953748,stop,True,57.903021996840835
longbench_v2,r_fuzzy,alpha0.25,case_081,0,ok,3.301038062283737,4.301038062283737,1244,289.0,0.5501730103806228,stop,True,48.18503321427852
longbench_v2,r_fuzzy,alpha0.25,case_082,0,ok,3.1454545454545455,4.1454545454545455,228,55.0,0.5242424242424243,stop,True,67.66395138623193
longbench_v2,r_fuzzy,alpha0.25,case_083,0,ok,4.1141732283464565,5.1141732283464565,1295,254.0,0.6856955380577427,stop,True,37.87772541306913
longbench_v2,r_fuzzy,alpha0.25,case_084,0,ok,4.1576227390180875,5.1576227390180875,1995,387.0,0.6929371231696813,stop,True,68.9949509371072
longbench_v2,r_fuzzy,alpha0.25,case_085,0,ok,3.9314285714285715,4.9314285714285715,1725,350.0,0.6552380952380953,stop,True,55.866170432884246
longbench_v2,r_fuzzy,alpha0.25,case_086,0,ok,2.6261682242990654,3.6261682242990654,388,107.0,0.43769470404984423,stop,True,61.91362432204187
longbench_v2,r_fuzzy,alpha0.25,case_087,0,ok,3.5586854460093895,4.55868544600939,970,213.0,0.593114241001565,stop,True,38.39510323526338
longbench_v2,r_fuzzy,alpha0.25,case_088,0,ok,3.3178703215603584,4.317870321560358,8192,1897.0,0.5529783869267264,length,False,130.13259120471776
longbench_v2,r_fuzzy,alpha0.25,case_089,0,ok,3.1783783783783783,4.178378378378378,1545,370.0,0.5297297297297298,stop,True,48.01852421788499
longbench_v2,r_fuzzy,alpha0.25,case_090,0,ok,2.9672131147540983,3.9672131147540983,483,122.0,0.49453551912568305,stop,True,74.57250209013
longbench_v2,r_fuzzy,alpha0.25,case_091,0,ok,3.6043613707165107,4.604361370716511,4432,963.0,0.6007268951194185,stop,True,87.18417167803273
longbench_v2,r_fuzzy,alpha0.25,case_092,0,ok,3.3003412969283277,4.300341296928328,1259,293.0,0.550056882821388,stop,True,81.45166904712096
longbench_v2,r_fuzzy,alpha0.25,case_093,0,ok,2.699248120300752,3.699248120300752,983,266.0,0.449874686716792,stop,True,55.57608134485781
longbench_v2,r_fuzzy,alpha0.25,case_094,0,ok,2.4984615384615383,3.4984615384615383,1138,325.0,0.4164102564102564,stop,True,118.56616589799523
longbench_v2,r_fuzzy,alpha0.25,case_095,0,ok,2.5,3.5,659,188.0,0.4166666666666667,stop,False,104.37436418887228
longbench_v2,r_fuzzy,alpha0.25,case_096,0,ok,3.849604221635884,4.849604221635884,1837,379.0,0.6416007036059806,stop,True,50.43490444123745
longbench_v2,r_fuzzy,alpha0.25,case_097,0,ok,3.75,4.75,1273,268.0,0.625,stop,True,54.13862070813775
longbench_v2,r_fuzzy,alpha0.25,case_098,0,ok,3.0097560975609756,4.009756097560976,823,205.0,0.5016260162601626,stop,True,67.00153313903138
longbench_v2,r_fuzzy,alpha0.25,case_099,0,ok,3.57912745936698,4.57912745936698,5352,1169.0,0.5965212432278301,stop,True,84.2524470561184
longbench_v2,r_fuzzy,alpha0.25,case_100,0,ok,3.397532188841202,4.397532188841202,8192,1864.0,0.566255364806867,length,False,120.71153050614521
longbench_v2,r_fuzzy,alpha0.25,case_101,0,ok,3.6834285714285713,4.683428571428571,8192,1750.0,0.613904761904762,length,False,102.82712794514373
longbench_v2,r_fuzzy,alpha0.25,case_102,0,ok,4.051575931232092,5.051575931232092,1763,349.0,0.6752626552053486,stop,True,50.037992374040186
longbench_v2,r_fuzzy,alpha0.25,case_103,0,ok,3.93646408839779,4.9364640883977895,3570,724.0,0.6560773480662984,stop,True,55.32999214017764
longbench_v2,r_fuzzy,alpha0.25,case_104,0,ok,4.223234624145786,5.223234624145786,2293,439.0,0.7038724373576309,stop,True,54.66017396887764
longbench_v2,r_fuzzy,alpha0.25,case_105,0,ok,3.8369565217391304,4.836956521739131,2669,552.0,0.6394927536231884,stop,True,57.03005030890927
longbench_v2,r_fuzzy,alpha0.25,case_106,0,ok,2.9228927203065136,3.9228927203065136,8192,2088.0,0.48714878671775225,length,False,107.56734196888283
longbench_v2,r_fuzzy,alpha0.25,case_107,0,ok,3.173202614379085,4.173202614379084,1276,306.0,0.5288671023965141,stop,True,87.55896673817188
longbench_v2,r_fuzzy,alpha0.25,case_108,0,ok,2.243478260869565,3.243478260869565,1489,460.0,0.3739130434782609,stop,True,117.89829399995506
longbench_v2,r_fuzzy,alpha0.25,case_109,0,ok,3.1426573426573428,4.142657342657342,2961,715.0,0.5237762237762238,stop,True,113.68257176503539
longbench_v2,r_fuzzy,alpha0.25,case_110,0,ok,3.951219512195122,4.951219512195122,3858,779.0,0.6585365853658537,stop,True,75.63102944102138
longbench_v2,r_fuzzy,alpha0.25,case_111,0,ok,3.9634888438133875,4.963488843813387,2446,493.0,0.6605814739688979,stop,True,96.44176405714825
longbench_v2,r_fuzzy,alpha0.25,case_112,0,ok,3.0792079207920793,4.079207920792079,412,101.0,0.5132013201320133,stop,True,63.888135141227394
longbench_v2,r_fuzzy,alpha0.25,case_113,0,ok,3.480916030534351,4.480916030534351,587,131.0,0.5801526717557252,stop,True,43.91241473518312
longbench_v2,r_fuzzy,alpha0.25,case_114,0,ok,3.235294117647059,4.235294117647059,216,51.0,0.5392156862745098,stop,True,62.0387945943512
longbench_v2,r_fuzzy,alpha0.25,case_115,0,ok,2.8910505836575875,3.8910505836575875,999,257.0,0.48184176394293127,stop,True,55.80531160114333
longbench_v2,r_fuzzy,alpha0.25,case_116,0,ok,4.170909090909091,5.170909090909091,1421,275.0,0.6951515151515152,stop,True,33.647419003769755
longbench_v2,r_fuzzy,alpha0.25,case_117,0,ok,3.4733542319749215,4.4733542319749215,1426,319.0,0.5788923719958202,stop,True,90.70363239804283
longbench_v2,r_fuzzy,alpha0.25,case_118,0,ok,4.167119565217392,5.167119565217392,3802,736.0,0.6945199275362319,stop,True,47.016212521120906
longbench_v2,r_fuzzy,alpha0.25,case_119,0,ok,3.3442622950819674,4.344262295081967,264,61.0,0.5573770491803278,stop,True,56.90197421098128
longbench_v2,r_fuzzy,alpha0.25,case_120,0,ok,2.3004484304932737,3.3004484304932737,735,223.0,0.3834080717488789,stop,True,102.09080427791923
longbench_v2,r_fuzzy,alpha0.25,case_121,0,ok,3.264830508474576,4.264830508474576,2012,472.0,0.544138418079096,stop,True,69.07486888719723
longbench_v2,r_fuzzy,alpha0.25,case_122,0,ok,2.357303370786517,3.357303370786517,1493,445.0,0.3928838951310861,stop,False,113.45388863701373
longbench_v2,r_fuzzy,alpha0.25,case_123,0,ok,3.5191082802547773,4.519108280254777,1419,314.0,0.5865180467091295,stop,True,49.33025293983519
longbench_v2,r_fuzzy,alpha0.25,case_124,0,ok,4.266533066132265,5.266533066132265,2629,499.0,0.7110888443553774,stop,True,47.78271442092955
longbench_v2,r_fuzzy,alpha0.25,case_125,0,ok,3.7739726027397262,4.773972602739726,2788,584.0,0.6289954337899544,stop,True,77.91404395503923
longbench_v2,r_fuzzy,alpha0.25,case_126,0,ok,2.9233716475095783,3.9233716475095783,1024,261.0,0.4872286079182631,stop,True,78.57753572799265
longbench_v2,r_fuzzy,alpha0.25,case_127,0,ok,3.7850467289719627,4.785046728971963,3071,642.0,0.6308411214953271,stop,True,87.46005050698295
longbench_v2,r_fuzzy,alpha0.25,case_128,0,ok,3.2224489795918365,4.222448979591837,2070,490.0,0.5370748299319728,stop,True,102.01609257003292
longbench_v2,r_fuzzy,alpha0.25,case_129,0,ok,2.4351032448377583,3.4351032448377583,2328,678.0,0.405850540806293,stop,True,85.41945198224857
longbench_v2,r_fuzzy,alpha0.25,case_130,0,ok,4.0,5.0,1146,230.0,0.6666666666666666,stop,True,49.57652955502272
longbench_v2,r_fuzzy,alpha0.25,case_131,0,ok,3.6338354577056777,4.633835457705677,4000,863.0,0.6056392429509463,stop,True,83.35246130870655
longbench_v2,r_fuzzy,alpha0.25,case_132,0,ok,2.7774193548387096,3.7774193548387096,1172,310.0,0.4629032258064516,stop,True,92.49019186617807
longbench_v2,r_fuzzy,alpha0.25,case_133,0,ok,2.842377260981912,3.842377260981912,1485,387.0,0.4737295434969854,stop,True,78.53522976813838
longbench_v2,r_fuzzy,alpha0.25,case_134,0,ok,4.361386138613861,5.361386138613861,3248,606.0,0.726897689768977,stop,True,42.350409084931016
longbench_v2,r_fuzzy,alpha0.25,case_135,0,ok,3.917620137299771,4.917620137299771,2146,437.0,0.6529366895499619,stop,True,57.88945887796581
longbench_v2,r_fuzzy,alpha0.25,case_136,0,ok,3.0336906584992342,4.033690658499234,2635,653.0,0.5056151097498723,stop,True,124.27173168305308
longbench_v2,r_fuzzy,alpha0.25,case_137,0,ok,2.692982456140351,3.692982456140351,841,228.0,0.44883040935672514,stop,True,59.23736040759832
longbench_v2,r_fuzzy,alpha0.25,case_138,0,ok,3.599348534201954,4.599348534201955,1407,307.0,0.5998914223669924,stop,True,92.23009913507849
longbench_v2,r_fuzzy,alpha0.25,case_139,0,ok,3.559546313799622,4.559546313799622,4824,1058.0,0.5932577189666036,stop,True,133.21774444868788
longbench_v2,r_fuzzy,alpha0.25,case_140,0,ok,3.410757946210269,4.4107579462102695,3607,818.0,0.5684596577017115,stop,True,70.32339598843828
longbench_v2,r_fuzzy,alpha0.25,case_141,0,ok,3.9550295857988167,4.955029585798817,4186,845.0,0.659171597633136,stop,True,59.88559789722785
longbench_v2,r_fuzzy,alpha0.25,case_142,0,ok,2.034090909090909,3.034090909090909,533,176.0,0.3390151515151515,stop,True,70.58381424797699
longbench_v2,r_fuzzy,alpha0.25,case_143,0,ok,3.0654885654885655,4.0654885654885655,3912,962.0,0.510914760914761,stop,False,119.09445500420406
longbench_v2,r_fuzzy,alpha0.25,case_144,0,ok,3.9790748898678414,4.979074889867841,4522,908.0,0.6631791483113069,stop,True,55.12742052413523
longbench_v2,r_fuzzy,alpha0.25,case_145,0,ok,4.208112874779541,5.208112874779541,2952,567.0,0.7013521457965902,stop,True,39.533238135278225
longbench_v2,r_fuzzy,alpha0.25,case_146,0,ok,2.5248618784530388,3.5248618784530388,637,181.0,0.4208103130755064,stop,True,42.402238734066486
longbench_v2,r_fuzzy,alpha0.25,case_147,0,ok,3.6864406779661016,4.686440677966102,551,118.0,0.614406779661017,stop,True,46.628249840810895
longbench_v2,r_fuzzy,alpha0.25,case_148,0,ok,3.3137254901960786,4.313725490196079,218,51.0,0.5522875816993464,stop,True,60.32267480017617
longbench_v2,r_fuzzy,alpha0.25,case_149,0,ok,3.209448818897638,4.209448818897638,2673,635.0,0.5349081364829397,stop,True,66.95243480894715
longbench_v2,r_fuzzy,alpha0.25,case_150,0,ok,4.4867724867724865,5.4867724867724865,1038,189.0,0.7477954144620811,stop,True,43.11613305704668
longbench_v2,spec_casc_opt,alpha0.05,case_001,0,ok,2.76,3.76,1316,350.0,0.46,stop,True,97.7420982317999
longbench_v2,spec_casc_opt,alpha0.05,case_002,0,ok,2.221183800623053,3.221183800623053,2068,642.0,0.37019730010384216,stop,True,123.83389335218817
longbench_v2,spec_casc_opt,alpha0.05,case_003,0,ok,2.8583877995642704,3.8583877995642704,1771,459.0,0.47639796659404504,stop,True,90.79289215104654
longbench_v2,spec_casc_opt,alpha0.05,case_004,0,ok,3.4178082191780823,4.417808219178083,642,146.0,0.569634703196347,stop,True,51.42376595828682
longbench_v2,spec_casc_opt,alpha0.05,case_005,0,ok,3.51840490797546,4.5184049079754605,1474,326.0,0.58640081799591,stop,True,39.72569060605019
longbench_v2,spec_casc_opt,alpha0.05,case_006,0,ok,2.7064676616915424,3.7064676616915424,8192,2211.0,0.45107794361525705,length,False,116.64444271335378
longbench_v2,spec_casc_opt,alpha0.05,case_007,0,ok,2.4095354523227384,3.4095354523227384,2789,818.0,0.4015892420537897,stop,True,122.09693567175418
longbench_v2,spec_casc_opt,alpha0.05,case_008,0,ok,3.0161764705882352,4.016176470588235,8192,2040.0,0.5026960784313725,length,False,125.76017868798226
longbench_v2,spec_casc_opt,alpha0.05,case_009,0,ok,3.873884592504462,4.873884592504462,8192,1681.0,0.6456474320840769,length,False,109.28904178924859
longbench_v2,spec_casc_opt,alpha0.05,case_010,0,ok,2.0302114803625377,3.0302114803625377,1001,331.0,0.338368580060423,stop,True,103.38794338423759
longbench_v2,spec_casc_opt,alpha0.05,case_011,0,ok,3.0418410041841004,4.0418410041841,963,239.0,0.50697350069735,stop,True,56.941241171211004
longbench_v2,spec_casc_opt,alpha0.05,case_012,0,ok,2.4,3.4,663,195.0,0.4,stop,True,42.33117995597422
longbench_v2,spec_casc_opt,alpha0.05,case_013,0,ok,2.9624413145539905,3.9624413145539905,845,213.0,0.4937402190923318,stop,True,64.66439109714702
longbench_v2,spec_casc_opt,alpha0.05,case_014,0,ok,2.9419642857142856,3.9419642857142856,1764,448.0,0.49032738095238093,stop,True,49.78513165889308
longbench_v2,spec_casc_opt,alpha0.05,case_015,0,ok,2.560574948665298,3.560574948665298,1729,487.0,0.4267624914442163,stop,True,84.87536706915125
longbench_v2,spec_casc_opt,alpha0.05,case_016,0,ok,2.681063122923588,3.681063122923588,1108,301.0,0.446843853820598,stop,True,44.57823398662731
longbench_v2,spec_casc_opt,alpha0.05,case_017,0,ok,3.0530973451327434,4.053097345132743,455,113.0,0.5088495575221239,stop,True,45.81623209407553
longbench_v2,spec_casc_opt,alpha0.05,case_018,0,ok,3.4771784232365146,4.477178423236515,2158,482.0,0.5795297372060858,stop,True,58.18703775573522
longbench_v2,spec_casc_opt,alpha0.05,case_019,0,ok,2.77511961722488,3.77511961722488,784,209.0,0.4625199362041467,stop,True,70.16780921723694
longbench_v2,spec_casc_opt,alpha0.05,case_020,0,ok,2.328,3.328,1248,375.0,0.388,stop,True,118.05271396413445
longbench_v2,spec_casc_opt,alpha0.05,case_021,0,ok,2.877551020408163,3.877551020408163,567,147.0,0.47959183673469385,stop,True,40.280597588047385
longbench_v2,spec_casc_opt,alpha0.05,case_022,0,ok,2.9274193548387095,3.9274193548387095,487,124.0,0.4879032258064516,stop,True,29.741618691943586
longbench_v2,spec_casc_opt,alpha0.05,case_023,0,ok,1.960244648318043,2.960244648318043,965,327.0,0.32670744138634045,stop,True,110.33781490521505
longbench_v2,spec_casc_opt,alpha0.05,case_024,0,ok,3.2806282722513087,4.280628272251309,8176,1910.0,0.5467713787085515,stop,True,88.63561459910125
longbench_v2,spec_casc_opt,alpha0.05,case_025,0,ok,2.846948356807512,3.846948356807512,8192,2130.0,0.47449139280125197,length,False,146.6482703112997
longbench_v2,spec_casc_opt,alpha0.05,case_026,0,ok,2.7628205128205128,3.7628205128205128,1170,312.0,0.46047008547008544,stop,True,64.67193667404354
longbench_v2,spec_casc_opt,alpha0.05,case_027,0,ok,3.3248554913294797,4.32485549132948,3741,865.0,0.5541425818882466,stop,True,57.77619999786839
longbench_v2,spec_casc_opt,alpha0.05,case_028,0,ok,3.4923245614035086,4.4923245614035086,8192,1824.0,0.5820540935672515,length,False,103.54010962788016
longbench_v2,spec_casc_opt,alpha0.05,case_029,0,ok,3.2824858757062145,4.2824858757062145,756,177.0,0.5470809792843692,stop,True,29.618852973915637
longbench_v2,spec_casc_opt,alpha0.05,case_030,0,ok,3.7511600928074245,4.7511600928074245,8192,1724.0,0.6251933488012374,length,False,101.0924383639358
longbench_v2,spec_casc_opt,alpha0.05,case_031,0,ok,2.3260632497273717,3.3260632497273717,3050,917.0,0.3876772082878953,stop,True,120.14350702287629
longbench_v2,spec_casc_opt,alpha0.05,case_032,0,ok,2.6034188034188035,3.6034188034188035,2106,585.0,0.4339031339031339,stop,True,80.26424462115392
longbench_v2,spec_casc_opt,alpha0.05,case_033,0,ok,3.3712,4.3712,8192,1875.0,0.5618666666666666,length,False,118.59467859007418
longbench_v2,spec_casc_opt,alpha0.05,case_034,0,ok,2.8588850174216027,3.8588850174216027,2215,574.0,0.4764808362369338,stop,True,61.65242340415716
longbench_v2,spec_casc_opt,alpha0.05,case_035,0,ok,3.0,4.0,1768,442.0,0.5,stop,True,51.292548292316496
longbench_v2,spec_casc_opt,alpha0.05,case_036,0,ok,3.9841849148418493,4.984184914841849,8192,1644.0,0.6640308191403081,length,False,72.98576999409124
longbench_v2,spec_casc_opt,alpha0.05,case_037,0,ok,3.48861646234676,4.48861646234676,2562,571.0,0.5814360770577933,stop,True,58.215029035229236
longbench_v2,spec_casc_opt,alpha0.05,case_038,0,ok,3.230508474576271,4.230508474576271,1245,295.0,0.5384180790960452,stop,True,53.00772209092975
longbench_v2,spec_casc_opt,alpha0.05,case_039,0,ok,2.673611111111111,3.673611111111111,2640,720.0,0.44560185185185186,stop,True,66.96831668214872
longbench_v2,spec_casc_opt,alpha0.05,case_040,0,ok,2.9853372434017595,3.9853372434017595,1357,341.0,0.4975562072336266,stop,True,55.25604102527723
longbench_v2,spec_casc_opt,alpha0.05,case_041,0,ok,2.5315315315315314,3.5315315315315314,2741,777.0,0.4219219219219219,stop,True,105.15978212608024
longbench_v2,spec_casc_opt,alpha0.05,case_042,0,ok,2.4642857142857144,3.4642857142857144,680,196.0,0.4107142857142857,stop,True,69.8708440437913
longbench_v2,spec_casc_opt,alpha0.05,case_043,0,ok,3.616863905325444,4.616863905325443,3121,676.0,0.602810650887574,stop,True,45.877155913971364
longbench_v2,spec_casc_opt,alpha0.05,case_044,0,ok,3.0816777041942607,4.081677704194261,1849,453.0,0.5136129506990434,stop,True,104.4971968298778
longbench_v2,spec_casc_opt,alpha0.05,case_045,0,ok,2.7441754225673822,3.7441754225673822,8192,2189.0,0.4573625704278971,length,False,143.54878203105181
longbench_v2,spec_casc_opt,alpha0.05,case_046,0,ok,2.0709677419354837,3.0709677419354837,953,310.0,0.34516129032258064,stop,True,109.45486789103597
longbench_v2,spec_casc_opt,alpha0.05,case_047,0,ok,3.2519083969465647,4.251908396946565,1666,393.0,0.5419847328244275,stop,True,68.6760271252133
longbench_v2,spec_casc_opt,alpha0.05,case_048,0,ok,2.6375404530744335,3.6375404530744335,1125,309.0,0.4395900755124056,stop,True,64.51478477614
longbench_v2,spec_casc_opt,alpha0.05,case_049,0,ok,2.809867629362214,3.809867629362214,3166,831.0,0.46831127156036906,stop,True,100.57847905904055
longbench_v2,spec_casc_opt,alpha0.05,case_050,0,ok,3.1041666666666665,4.104166666666666,3153,768.0,0.5173611111111112,stop,True,60.204044598620385
longbench_v2,spec_casc_opt,alpha0.05,case_051,0,ok,2.4012738853503186,3.4012738853503186,3738,1099.0,0.4002123142250531,stop,True,131.1467736121267
longbench_v2,spec_casc_opt,alpha0.05,case_052,0,ok,1.8739279588336193,2.8739279588336193,3352,1166.0,0.31232132647226984,stop,True,138.0691598202102
longbench_v2,spec_casc_opt,alpha0.05,case_053,0,ok,1.9398496240601504,2.9398496240601504,388,133.0,0.3233082706766917,stop,True,60.52274486469105
longbench_v2,spec_casc_opt,alpha0.05,case_054,0,ok,3.3029490616621984,4.302949061662199,1602,373.0,0.550491510277033,stop,True,53.29259834391996
longbench_v2,spec_casc_opt,alpha0.05,case_055,0,ok,2.8714788732394365,3.8714788732394365,2194,568.0,0.47857981220657275,stop,True,69.17594874929637
longbench_v2,spec_casc_opt,alpha0.05,case_056,0,ok,2.75,3.75,1138,304.0,0.4583333333333333,stop,True,43.54207799769938
longbench_v2,spec_casc_opt,alpha0.05,case_057,0,ok,2.654450261780105,3.654450261780105,698,191.0,0.4424083769633508,stop,True,60.798465890809894
longbench_v2,spec_casc_opt,alpha0.05,case_058,0,ok,3.344644750795334,4.344644750795334,8192,1886.0,0.5574407917992223,length,False,103.20134206674993
longbench_v2,spec_casc_opt,alpha0.05,case_059,0,ok,2.793103448275862,3.793103448275862,550,145.0,0.46551724137931033,stop,True,51.99487329367548
longbench_v2,spec_casc_opt,alpha0.05,case_060,0,ok,2.615180935569285,3.615180935569285,8192,2266.0,0.4358634892615475,length,False,117.96590708987787
longbench_v2,spec_casc_opt,alpha0.05,case_061,0,ok,3.3698630136986303,4.36986301369863,1914,438.0,0.5616438356164384,stop,True,37.89304068684578
longbench_v2,spec_casc_opt,alpha0.05,case_062,0,ok,2.5822649572649574,3.5822649572649574,3351,936.0,0.4303774928774929,stop,True,102.16127149714157
longbench_v2,spec_casc_opt,alpha0.05,case_063,0,ok,3.014925373134328,4.014925373134329,805,201.0,0.5024875621890548,stop,True,42.083639045245945
longbench_v2,spec_casc_opt,alpha0.05,case_064,0,ok,2.9293478260869565,3.9293478260869565,723,184.0,0.4882246376811594,stop,True,45.46688047610223
longbench_v2,spec_casc_opt,alpha0.05,case_065,0,ok,3.6348547717842323,4.634854771784232,1114,241.0,0.6058091286307054,stop,True,43.19718885421753
longbench_v2,spec_casc_opt,alpha0.05,case_066,0,ok,2.968421052631579,3.968421052631579,372,95.0,0.49473684210526314,stop,True,35.98858896503225
longbench_v2,spec_casc_opt,alpha0.05,case_067,0,ok,3.6727480045610035,4.6727480045610035,8192,1754.0,0.6121246674268339,length,False,105.22174388589337
longbench_v2,spec_casc_opt,alpha0.05,case_068,0,ok,3.044642857142857,4.044642857142858,1359,336.0,0.5074404761904762,stop,True,64.87046672776341
longbench_v2,spec_casc_opt,alpha0.05,case_069,0,ok,1.9508196721311475,2.9508196721311473,1080,366.0,0.3251366120218579,stop,True,77.81334921391681
longbench_v2,spec_casc_opt,alpha0.05,case_070,0,ok,3.2651685393258427,4.265168539325843,1895,445.0,0.5441947565543072,stop,True,51.620464314706624
longbench_v2,spec_casc_opt,alpha0.05,case_071,0,ok,2.7337579617834393,3.7337579617834393,2929,785.0,0.4556263269639066,stop,True,74.2665865700692
longbench_v2,spec_casc_opt,alpha0.05,case_072,0,ok,2.9936,3.9936,7485,1875.0,0.49893333333333334,stop,True,118.09751153597608
longbench_v2,spec_casc_opt,alpha0.05,case_073,0,ok,2.730769230769231,3.730769230769231,3489,936.0,0.4551282051282051,stop,True,103.66350865038112
longbench_v2,spec_casc_opt,alpha0.05,case_074,0,ok,3.0911925175370225,4.0911925175370225,5250,1283.0,0.5151987529228371,stop,True,127.12386016501114
longbench_v2,spec_casc_opt,alpha0.05,case_075,0,ok,2.1897233201581026,3.1897233201581026,807,253.0,0.36495388669301715,stop,True,99.30879498738796
longbench_v2,spec_casc_opt,alpha0.05,case_076,0,ok,2.693548387096774,3.693548387096774,688,186.0,0.4489247311827957,stop,True,45.9309759424068
longbench_v2,spec_casc_opt,alpha0.05,case_077,0,ok,2.0867256637168143,3.0867256637168143,1745,565.0,0.347787610619469,stop,True,111.92171675758436
longbench_v2,spec_casc_opt,alpha0.05,case_078,0,ok,2.2711111111111113,3.2711111111111113,1473,450.0,0.37851851851851853,stop,True,91.67497973004356
longbench_v2,spec_casc_opt,alpha0.05,case_079,0,ok,2.2341772151898733,3.2341772151898733,511,158.0,0.37236286919831224,stop,True,79.35845868103206
longbench_v2,spec_casc_opt,alpha0.05,case_080,0,ok,2.694736842105263,3.694736842105263,699,190.0,0.44912280701754387,stop,True,57.2356110480614
longbench_v2,spec_casc_opt,alpha0.05,case_081,0,ok,3.0942307692307693,4.094230769230769,2125,520.0,0.5157051282051283,stop,True,53.89945467468351
longbench_v2,spec_casc_opt,alpha0.05,case_082,0,ok,3.027027027027027,4.027027027027027,144,37.0,0.5045045045045045,stop,True,67.40294497087598
longbench_v2,spec_casc_opt,alpha0.05,case_083,0,ok,2.8863337713534825,3.8863337713534825,5914,1522.0,0.4810556285589137,stop,True,65.4941036477685
longbench_v2,spec_casc_opt,alpha0.05,case_084,0,ok,3.3594771241830066,4.359477124183007,662,153.0,0.5599128540305011,stop,True,62.07813777402043
longbench_v2,spec_casc_opt,alpha0.05,case_085,0,ok,3.2580645161290325,4.258064516129032,2372,558.0,0.543010752688172,stop,True,58.917560246773064
longbench_v2,spec_casc_opt,alpha0.05,case_086,0,ok,3.0531914893617023,4.053191489361702,762,188.0,0.5088652482269503,stop,True,63.34866491705179
longbench_v2,spec_casc_opt,alpha0.05,case_087,0,ok,3.496153846153846,4.496153846153846,3503,780.0,0.5826923076923077,stop,True,51.44824281428009
longbench_v2,spec_casc_opt,alpha0.05,case_088,0,ok,2.986861313868613,3.986861313868613,8192,2055.0,0.4978102189781022,length,False,132.57882247585803
longbench_v2,spec_casc_opt,alpha0.05,case_089,0,ok,2.6871508379888267,3.6871508379888267,655,179.0,0.4478584729981378,stop,True,43.43608037708327
longbench_v2,spec_casc_opt,alpha0.05,case_090,0,ok,2.808641975308642,3.808641975308642,612,162.0,0.46810699588477367,stop,True,74.93574992194772
longbench_v2,spec_casc_opt,alpha0.05,case_091,0,ok,3.418554476806904,4.418554476806904,8192,1854.0,0.5697590794678173,length,False,107.31895492784679
longbench_v2,spec_casc_opt,alpha0.05,case_092,0,ok,2.2893700787401574,3.2893700787401574,1666,508.0,0.38156167979002625,stop,True,84.84480623109266
longbench_v2,spec_casc_opt,alpha0.05,case_093,0,ok,2.287974683544304,3.287974683544304,1035,316.0,0.3813291139240506,stop,True,55.74744721362367
longbench_v2,spec_casc_opt,alpha0.05,case_094,0,ok,1.975206611570248,2.975206611570248,721,242.0,0.32920110192837465,stop,True,113.85712227085605
longbench_v2,spec_casc_opt,alpha0.05,case_095,0,ok,2.7152542372881356,3.7152542372881356,1096,295.0,0.45254237288135596,stop,True,106.74246905278414
longbench_v2,spec_casc_opt,alpha0.05,case_096,0,ok,3.9067431850789096,4.906743185078909,3418,697.0,0.6511238641798183,stop,True,58.79722414817661
longbench_v2,spec_casc_opt,alpha0.05,case_097,0,ok,3.1560178306092124,4.156017830609212,2797,673.0,0.5260029717682021,stop,True,63.27429707208648
longbench_v2,spec_casc_opt,alpha0.05,case_098,0,ok,2.4309859154929576,3.4309859154929576,1215,355.0,0.4051643192488263,stop,True,70.00341440364718
longbench_v2,spec_casc_opt,alpha0.05,case_099,0,ok,2.623157894736842,3.623157894736842,1721,475.0,0.43719298245614036,stop,True,65.88209873205051
longbench_v2,spec_casc_opt,alpha0.05,case_100,0,ok,2.9060562708631377,3.9060562708631377,8192,2097.0,0.48434271181052296,length,False,122.31475404510275
longbench_v2,spec_casc_opt,alpha0.05,case_101,0,ok,3.3035714285714284,4.303571428571429,8192,1904.0,0.5505952380952381,length,False,106.48521356610581
longbench_v2,spec_casc_opt,alpha0.05,case_102,0,ok,3.2922374429223744,4.292237442922374,940,219.0,0.5487062404870624,stop,True,46.401857919059694
longbench_v2,spec_casc_opt,alpha0.05,case_103,0,ok,2.6864864864864866,3.6864864864864866,682,185.0,0.4477477477477477,stop,True,40.3186044623144
longbench_v2,spec_casc_opt,alpha0.05,case_104,0,ok,3.195266272189349,4.1952662721893486,2127,507.0,0.5325443786982249,stop,True,55.57682130206376
longbench_v2,spec_casc_opt,alpha0.05,case_105,0,ok,3.362844702467344,4.362844702467344,3001,689.0,0.5604741170778906,stop,True,59.88587480224669
longbench_v2,spec_casc_opt,alpha0.05,case_106,0,ok,2.478556263269639,3.478556263269639,8192,2355.0,0.41309271054493985,length,True,111.43110190611333
longbench_v2,spec_casc_opt,alpha0.05,case_107,0,ok,2.1100244498777507,3.1100244498777507,1269,409.0,0.35167074164629175,stop,True,88.6068580984138
longbench_v2,spec_casc_opt,alpha0.05,case_108,0,ok,2.3596730245231607,3.3596730245231607,1234,367.0,0.3932788374205268,stop,True,115.66610928811133
longbench_v2,spec_casc_opt,alpha0.05,case_109,0,ok,2.8619227144203583,3.8619227144203583,8192,2122.0,0.4769871190700597,length,False,146.4380508880131
longbench_v2,spec_casc_opt,alpha0.05,case_110,0,ok,3.394425675675676,4.394425675675675,5200,1184.0,0.5657376126126126,stop,True,85.1658627949655
longbench_v2,spec_casc_opt,alpha0.05,case_111,0,ok,2.797244094488189,3.797244094488189,1929,508.0,0.46620734908136485,stop,True,95.6390723627992
longbench_v2,spec_casc_opt,alpha0.05,case_112,0,ok,2.9262672811059907,3.9262672811059907,853,217.0,0.4877112135176651,stop,True,66.18241317337379
longbench_v2,spec_casc_opt,alpha0.05,case_113,0,ok,2.894273127753304,3.894273127753304,879,227.0,0.48237885462555063,stop,True,45.831818643026054
longbench_v2,spec_casc_opt,alpha0.05,case_114,0,ok,2.540983606557377,3.540983606557377,216,61.0,0.42349726775956287,stop,True,61.99128868198022
longbench_v2,spec_casc_opt,alpha0.05,case_115,0,ok,2.6984126984126986,3.6984126984126986,699,189.0,0.4497354497354497,stop,True,53.806596165988594
longbench_v2,spec_casc_opt,alpha0.05,case_116,0,ok,3.1714285714285713,4.171428571428571,2188,525.0,0.5285714285714286,stop,True,38.77492007240653
longbench_v2,spec_casc_opt,alpha0.05,case_117,0,ok,2.7176684881602915,3.7176684881602915,2039,549.0,0.45294474802671525,stop,True,95.08894218923524
longbench_v2,spec_casc_opt,alpha0.05,case_118,0,ok,3.2753036437246963,4.275303643724696,1054,247.0,0.5458839406207827,stop,True,33.26134790480137
longbench_v2,spec_casc_opt,alpha0.05,case_119,0,ok,3.0697674418604652,4.069767441860465,174,43.0,0.5116279069767442,stop,True,56.49861865816638
longbench_v2,spec_casc_opt,alpha0.05,case_120,0,ok,1.9735973597359735,2.9735973597359733,898,303.0,0.32893289328932895,stop,True,103.81234375573695
longbench_v2,spec_casc_opt,alpha0.05,case_121,0,ok,3.108433734939759,4.108433734939759,1700,415.0,0.5180722891566265,stop,True,67.41941743018106
longbench_v2,spec_casc_opt,alpha0.05,case_122,0,ok,2.128381701918347,3.128381701918347,6358,2033.0,0.35473028365305787,stop,True,146.97990878112614
longbench_v2,spec_casc_opt,alpha0.05,case_123,0,ok,3.013157894736842,4.0131578947368425,2134,532.0,0.5021929824561403,stop,True,53.888741227798164
longbench_v2,spec_casc_opt,alpha0.05,case_124,0,ok,3.4787644787644787,4.478764478764479,1157,259.0,0.5797940797940798,stop,True,41.10086224088445
longbench_v2,spec_casc_opt,alpha0.05,case_125,0,ok,3.1191919191919193,4.11919191919192,2034,495.0,0.5198653198653199,stop,True,74.98676733486354
longbench_v2,spec_casc_opt,alpha0.05,case_126,0,ok,2.442211055276382,3.442211055276382,685,199.0,0.40703517587939697,stop,True,76.69326647883281
longbench_v2,spec_casc_opt,alpha0.05,case_127,0,ok,2.553030303030303,3.553030303030303,935,264.0,0.4255050505050505,stop,True,77.20820718212053
longbench_v2,spec_casc_opt,alpha0.05,case_128,0,ok,2.5426731078904994,3.5426731078904994,2195,621.0,0.4237788513150832,stop,True,103.94832951715216
longbench_v2,spec_casc_opt,alpha0.05,case_129,0,ok,2.570011025358324,3.570011025358324,3238,907.0,0.428335170893054,stop,True,90.79758574394509
longbench_v2,spec_casc_opt,alpha0.05,case_130,0,ok,3.5267175572519083,4.526717557251908,1186,262.0,0.5877862595419847,stop,True,50.08373784227297
longbench_v2,spec_casc_opt,alpha0.05,case_131,0,ok,3.443600867678959,4.443600867678959,8192,1844.0,0.5739334779464931,length,False,107.13216935703531
longbench_v2,spec_casc_opt,alpha0.05,case_132,0,ok,2.508816120906801,3.508816120906801,1389,397.0,0.4181360201511335,stop,True,93.62792600411922
longbench_v2,spec_casc_opt,alpha0.05,case_133,0,ok,2.7781954887218046,3.7781954887218046,2007,532.0,0.4630325814536341,stop,True,81.09469400625676
longbench_v2,spec_casc_opt,alpha0.05,case_134,0,ok,3.426579925650558,4.426579925650557,4760,1076.0,0.5710966542750929,stop,True,52.22211887687445
longbench_v2,spec_casc_opt,alpha0.05,case_135,0,ok,3.712984054669704,4.712984054669704,2064,439.0,0.618830675778284,stop,True,57.615519776940346
longbench_v2,spec_casc_opt,alpha0.05,case_136,0,ok,2.4459770114942527,3.4459770114942527,1494,435.0,0.4076628352490421,stop,True,118.20886666234583
longbench_v2,spec_casc_opt,alpha0.05,case_137,0,ok,2.774193548387097,3.774193548387097,3273,868.0,0.46236559139784944,stop,True,73.63635438261554
longbench_v2,spec_casc_opt,alpha0.05,case_138,0,ok,2.4473007712082264,3.4473007712082264,1338,389.0,0.4078834618680377,stop,True,92.84377790009603
longbench_v2,spec_casc_opt,alpha0.05,case_139,0,ok,2.4596912521440824,3.4596912521440824,2017,583.0,0.4099485420240137,stop,True,119.46605290006846
longbench_v2,spec_casc_opt,alpha0.05,case_140,0,ok,2.7677261613691932,3.7677261613691932,3079,818.0,0.4612876935615322,stop,True,69.04852144466713
longbench_v2,spec_casc_opt,alpha0.05,case_141,0,ok,3.3429602888086642,4.342960288808664,1202,277.0,0.5571600481347774,stop,True,45.32093012239784
longbench_v2,spec_casc_opt,alpha0.05,case_142,0,ok,2.02,3.02,906,300.0,0.33666666666666667,stop,True,73.11469390103593
longbench_v2,spec_casc_opt,alpha0.05,case_143,0,ok,3.056958890539871,4.056958890539871,8192,2019.0,0.5094931484233118,length,False,143.78428675374016
longbench_v2,spec_casc_opt,alpha0.05,case_144,0,ok,3.3301637612255677,4.330163761225568,8192,1893.0,0.5550272935375946,length,False,77.77246557408944
longbench_v2,spec_casc_opt,alpha0.05,case_145,0,ok,2.87603305785124,3.87603305785124,1875,484.0,0.4793388429752066,stop,True,36.00071837613359
longbench_v2,spec_casc_opt,alpha0.05,case_146,0,ok,2.7133333333333334,3.7133333333333334,556,150.0,0.45222222222222225,stop,True,41.598180464003235
longbench_v2,spec_casc_opt,alpha0.05,case_147,0,ok,3.3053221288515404,4.30532212885154,1536,357.0,0.5508870214752568,stop,True,52.01148173818365
longbench_v2,spec_casc_opt,alpha0.05,case_148,0,ok,2.25,3.25,232,72.0,0.375,stop,True,60.59120685001835
longbench_v2,spec_casc_opt,alpha0.05,case_149,0,ok,2.799136069114471,3.799136069114471,1754,463.0,0.46652267818574517,stop,True,62.41649608686566
longbench_v2,spec_casc_opt,alpha0.05,case_150,0,ok,3.0655737704918034,4.065573770491803,244,61.0,0.5109289617486339,stop,True,39.52390400925651
longbench_v2,spec_casc_opt,alphaneg0.02,case_001,0,ok,2.6769230769230767,3.6769230769230767,1429,390.0,0.4461538461538462,stop,True,98.1433925209567
longbench_v2,spec_casc_opt,alphaneg0.02,case_002,0,ok,2.4691358024691357,3.4691358024691357,1403,405.0,0.411522633744856,stop,True,119.5029049506411
longbench_v2,spec_casc_opt,alphaneg0.02,case_003,0,ok,2.6829787234042555,3.6829787234042555,1727,470.0,0.4471631205673759,stop,True,89.99539856100455
longbench_v2,spec_casc_opt,alphaneg0.1,case_001,0,ok,2.394463667820069,3.394463667820069,981,289.0,0.3990772779700115,stop,True,95.80055442079902
longbench_v2,spec_casc_opt,alphaneg0.1,case_002,0,ok,1.938,2.9379999999999997,1469,500.0,0.323,stop,True,120.21988723101094
longbench_v2,spec_casc_opt,alphaneg0.1,case_003,0,ok,2.365284974093264,3.365284974093264,2598,772.0,0.39421416234887735,stop,True,98.77738352678716
longbench_v2,spec_casc_opt,alphaneg0.1,case_004,0,ok,2.950515463917526,3.950515463917526,1913,485.0,0.4917525773195876,stop,True,60.27270887698978
longbench_v2,spec_casc_opt,alphaneg0.1,case_005,0,ok,2.7094017094017095,3.7094017094017095,868,234.0,0.4515669515669516,stop,True,36.91068544285372
longbench_v2,spec_casc_opt,alphaneg0.1,case_006,0,ok,2.4944539249146755,3.4944539249146755,8192,2344.0,0.4157423208191126,length,False,118.83563354285434
longbench_v2,spec_casc_opt,alphaneg0.1,case_007,0,ok,2.0634920634920637,3.0634920634920637,1351,441.0,0.3439153439153439,stop,True,110.25676152482629
longbench_v2,spec_casc_opt,alphaneg0.1,case_008,0,ok,2.8260869565217392,3.8260869565217392,1581,414.0,0.47101449275362317,stop,True,85.59044634224847
longbench_v2,spec_casc_opt,alphaneg0.1,case_009,0,ok,3.5415959252971136,4.541595925297114,2672,589.0,0.590265987549519,stop,True,78.23731705080718
longbench_v2,spec_casc_opt,alphaneg0.1,case_010,0,ok,1.9919678714859437,2.9919678714859437,743,249.0,0.3319946452476573,stop,True,101.75207946076989
longbench_v2,spec_casc_opt,alphaneg0.1,case_011,0,ok,2.560747663551402,3.560747663551402,378,107.0,0.42679127725856697,stop,True,52.99428813997656
longbench_v2,spec_casc_opt,alphaneg0.1,case_012,0,ok,2.4754098360655736,3.4754098360655736,846,244.0,0.412568306010929,stop,True,43.9999414361082
longbench_v2,spec_casc_opt,alphaneg0.1,case_013,0,ok,3.4285714285714284,4.428571428571429,462,105.0,0.5714285714285714,stop,True,61.87846981268376
longbench_v2,spec_casc_opt,alphaneg0.1,case_014,0,ok,2.786764705882353,3.786764705882353,1028,272.0,0.4644607843137255,stop,True,45.80262886919081
longbench_v2,spec_casc_opt,alphaneg0.1,case_015,0,ok,2.2952182952182953,3.2952182952182953,1585,481.0,0.38253638253638256,stop,True,85.14817768707871
longbench_v2,spec_casc_opt,alphaneg0.1,case_016,0,ok,2.7724550898203595,3.7724550898203595,631,167.0,0.4620758483033932,stop,True,42.054047643672675
longbench_v2,spec_casc_opt,alphaneg0.1,case_017,0,ok,2.5,3.5,105,30.0,0.4166666666666667,stop,True,43.801316572818905
longbench_v2,spec_casc_opt,alphaneg0.1,case_018,0,ok,3.367493995196157,4.367493995196157,5455,1249.0,0.5612489991993594,stop,True,77.44053748110309
longbench_v2,spec_casc_opt,alphaneg0.1,case_019,0,ok,2.792452830188679,3.792452830188679,603,159.0,0.46540880503144655,stop,True,69.60199956316501
longbench_v2,spec_casc_opt,alphaneg0.1,case_020,0,ok,1.9460526315789475,2.9460526315789473,2240,760.0,0.3243421052631579,stop,True,125.24503107601777
longbench_v2,spec_casc_opt,alphaneg0.1,case_021,0,ok,2.5902964959568733,3.5902964959568733,1329,371.0,0.43171608265947886,stop,True,44.894958121702075
longbench_v2,spec_casc_opt,alphaneg0.1,case_022,0,ok,2.8181818181818183,3.8181818181818183,289,77.0,0.4696969696969697,stop,True,28.534652789589018
longbench_v2,spec_casc_opt,alphaneg0.1,case_023,0,ok,2.1146496815286624,3.1146496815286624,3423,1099.0,0.3524416135881104,stop,True,126.42560790712014
longbench_v2,spec_casc_opt,alphaneg0.1,case_024,0,ok,3.013793103448276,4.0137931034482754,1744,435.0,0.5022988505747127,stop,True,51.51586835505441
longbench_v2,spec_casc_opt,alphaneg0.1,case_025,0,ok,2.4453125,3.4453125,4411,1280.0,0.4075520833333333,stop,True,124.9322556448169
longbench_v2,spec_casc_opt,alphaneg0.1,case_026,0,ok,2.747093023255814,3.747093023255814,1287,344.0,0.4578488372093023,stop,True,65.46467042108998
longbench_v2,spec_casc_opt,alphaneg0.1,case_027,0,ok,2.579554822753504,3.579554822753504,4340,1213.0,0.4299258037922506,stop,True,63.35532967513427
longbench_v2,spec_casc_opt,alphaneg0.1,case_028,0,ok,2.765432098765432,3.765432098765432,915,243.0,0.4609053497942387,stop,True,63.59168198890984
longbench_v2,spec_casc_opt,alphaneg0.1,case_029,0,ok,3.1085972850678734,4.108597285067873,908,221.0,0.5180995475113123,stop,True,30.77462059026584
longbench_v2,spec_casc_opt,alphaneg0.1,case_030,0,ok,3.391935483870968,4.391935483870968,2720,620.0,0.5653225806451613,stop,True,73.44369942788035
longbench_v2,spec_casc_opt,alphaneg0.1,case_031,0,ok,2.16241443683883,3.16241443683883,5082,1607.0,0.360402406139805,stop,True,133.83750197803602
longbench_v2,spec_casc_opt,alphaneg0.1,case_032,0,ok,2.2436440677966103,3.2436440677966103,3062,944.0,0.3739406779661017,stop,True,86.89864044310525
longbench_v2,spec_casc_opt,alphaneg0.1,case_033,0,ok,3.0643835616438357,4.064383561643836,2968,730.0,0.5107305936073059,stop,True,91.4948829463683
longbench_v2,spec_casc_opt,alphaneg0.1,case_034,0,ok,2.830832196452933,3.830832196452933,2804,733.0,0.47180536607548884,stop,True,65.9889296060428
longbench_v2,spec_casc_opt,alphaneg0.1,case_035,0,ok,3.002865329512894,4.002865329512894,1397,349.0,0.5004775549188156,stop,True,49.46720175491646
longbench_v2,spec_casc_opt,alphaneg0.1,case_036,0,ok,3.2673956262425445,4.2673956262425445,4291,1006.0,0.5445659377070908,stop,True,56.05566951818764
longbench_v2,spec_casc_opt,alphaneg0.1,case_037,0,ok,3.1944444444444446,4.194444444444445,754,180.0,0.5324074074074074,stop,True,48.871170164085925
longbench_v2,spec_casc_opt,alphaneg0.1,case_038,0,ok,2.729957805907173,3.729957805907173,879,237.0,0.4549929676511955,stop,True,51.367512178141624
longbench_v2,spec_casc_opt,alphaneg0.1,case_039,0,ok,2.237623762376238,3.237623762376238,1305,404.0,0.37293729372937295,stop,True,59.282946333289146
longbench_v2,spec_casc_opt,alphaneg0.1,case_040,0,ok,3.2671875,4.2671875,8192,1920.0,0.54453125,length,False,92.42949122004211
longbench_v2,spec_casc_opt,alphaneg0.1,case_041,0,ok,2.4246323529411766,3.4246323529411766,1858,544.0,0.40410539215686275,stop,True,99.42825334705412
longbench_v2,spec_casc_opt,alphaneg0.1,case_042,0,ok,2.1968085106382977,3.1968085106382977,601,188.0,0.36613475177304966,stop,True,69.06580780586228
longbench_v2,spec_casc_opt,alphaneg0.1,case_043,0,ok,2.731707317073171,3.731707317073171,2751,738.0,0.45528455284552843,stop,True,45.98747496493161
longbench_v2,spec_casc_opt,alphaneg0.1,case_044,0,ok,2.241706161137441,3.241706161137441,682,211.0,0.3736176935229068,stop,True,97.97048097010702
longbench_v2,spec_casc_opt,alphaneg0.1,case_045,0,ok,2.5042372881355934,3.5042372881355934,1651,472.0,0.4173728813559322,stop,True,104.57791161397472
longbench_v2,spec_casc_opt,alphaneg0.1,case_046,0,ok,2.0673981191222572,3.0673981191222572,1958,638.0,0.3445663531870428,stop,True,116.07249629171565
longbench_v2,spec_casc_opt,alphaneg0.1,case_047,0,ok,2.696969696969697,3.696969696969697,1826,495.0,0.4494949494949495,stop,True,70.06602982711047
longbench_v2,spec_casc_opt,alphaneg0.1,case_048,0,ok,2.3033175355450237,3.3033175355450237,697,211.0,0.38388625592417064,stop,True,61.68268676428124
longbench_v2,spec_casc_opt,alphaneg0.1,case_049,0,ok,2.43644544431946,3.43644544431946,3051,889.0,0.40607424071991,stop,True,99.71876324526966
longbench_v2,spec_casc_opt,alphaneg0.1,case_050,0,ok,2.827479975354282,3.827479975354282,6209,1623.0,0.471246662559047,stop,True,80.08969972282648
longbench_v2,spec_casc_opt,alphaneg0.1,case_051,0,ok,2.0896637608966375,3.0896637608966375,2477,803.0,0.3482772934827729,stop,True,123.87915674597025
longbench_v2,spec_casc_opt,alphaneg0.1,case_052,0,ok,1.7420998980632008,2.7420998980632008,2687,981.0,0.2903499830105335,stop,True,133.68358496716246
longbench_v2,spec_casc_opt,alphaneg0.1,case_053,0,ok,3.0609756097560976,4.060975609756097,662,164.0,0.5101626016260162,stop,True,61.540438015945256
longbench_v2,spec_casc_opt,alphaneg0.1,case_054,0,ok,2.898550724637681,3.898550724637681,1076,276.0,0.4830917874396135,stop,True,50.26690368540585
longbench_v2,spec_casc_opt,alphaneg0.1,case_055,0,ok,2.660311958405546,3.660311958405546,2113,577.0,0.4433853264009243,stop,True,69.18947876803577
longbench_v2,spec_casc_opt,alphaneg0.1,case_056,0,ok,2.63914373088685,3.63914373088685,1191,327.0,0.4398572884811417,stop,True,44.06398412818089
longbench_v2,spec_casc_opt,alphaneg0.1,case_057,0,ok,2.5377643504531724,3.5377643504531724,1166,331.0,0.4229607250755287,stop,True,64.44987788097933
longbench_v2,spec_casc_opt,alphaneg0.1,case_058,0,ok,3.0457317073170733,4.045731707317073,1326,328.0,0.5076219512195121,stop,True,66.36661097267643
longbench_v2,spec_casc_opt,alphaneg0.1,case_059,0,ok,2.4711538461538463,3.4711538461538463,719,208.0,0.41185897435897434,stop,True,53.76687768101692
longbench_v2,spec_casc_opt,alphaneg0.1,case_060,0,ok,2.2685554668794894,3.2685554668794894,8192,2506.0,0.37809257781324823,length,False,121.97034231293947
longbench_v2,spec_casc_opt,alphaneg0.1,case_061,0,ok,2.8328267477203646,3.8328267477203646,3780,987.0,0.47213779128672745,stop,True,49.87725796503946
longbench_v2,spec_casc_opt,alphaneg0.1,case_062,0,ok,2.3554913294797686,3.3554913294797686,2318,692.0,0.39258188824662815,stop,True,96.93134552193806
longbench_v2,spec_casc_opt,alphaneg0.1,case_063,0,ok,2.848,3.848,957,250.0,0.4746666666666667,stop,True,43.176305141765624
longbench_v2,spec_casc_opt,alphaneg0.1,case_064,0,ok,2.595744680851064,3.595744680851064,504,141.0,0.4326241134751773,stop,True,44.28465018980205
longbench_v2,spec_casc_opt,alphaneg0.1,case_065,0,ok,3.2946058091286305,4.2946058091286305,1032,241.0,0.5491009681881052,stop,True,42.6021097660996
longbench_v2,spec_casc_opt,alphaneg0.1,case_066,0,ok,3.16793893129771,4.16793893129771,543,131.0,0.5279898218829516,stop,True,36.687590872868896
longbench_v2,spec_casc_opt,alphaneg0.1,case_067,0,ok,2.8336,3.8336,2394,625.0,0.47226666666666667,stop,True,76.25586392125115
longbench_v2,spec_casc_opt,alphaneg0.1,case_068,0,ok,2.279179810725552,3.279179810725552,2076,634.0,0.37986330178759203,stop,True,70.71496050525457
longbench_v2,spec_casc_opt,alphaneg0.1,case_069,0,ok,2.2718446601941746,3.2718446601941746,2359,721.0,0.3786407766990291,stop,True,85.72547426214442
longbench_v2,spec_casc_opt,alphaneg0.1,case_070,0,ok,3.085858585858586,4.0858585858585865,1614,396.0,0.5143097643097643,stop,True,50.36526612471789
longbench_v2,spec_casc_opt,alphaneg0.1,case_071,0,ok,2.4648562300319488,3.4648562300319488,2169,626.0,0.4108093716719915,stop,True,70.69343685312197
longbench_v2,spec_casc_opt,alphaneg0.1,case_072,0,ok,2.8485915492957745,3.8485915492957745,2181,568.0,0.47476525821596244,stop,True,86.94394883140922
longbench_v2,spec_casc_opt,alphaneg0.1,case_073,0,ok,2.356923076923077,3.356923076923077,2180,650.0,0.39282051282051283,stop,True,96.55242895614356
longbench_v2,spec_casc_opt,alphaneg0.1,case_074,0,ok,2.5482456140350878,3.5482456140350878,1616,456.0,0.4247076023391813,stop,True,106.75071946857497
longbench_v2,spec_casc_opt,alphaneg0.1,case_075,0,ok,2.0404551201011376,3.0404551201011376,2405,791.0,0.34007585335018964,stop,True,110.16261888481677
longbench_v2,spec_casc_opt,alphaneg0.1,case_076,0,ok,2.8879310344827585,3.8879310344827585,451,116.0,0.4813218390804598,stop,True,44.12110945302993
longbench_v2,spec_casc_opt,alphaneg0.1,case_077,0,ok,1.7243150684931507,2.7243150684931505,1592,584.0,0.2873858447488584,stop,True,111.19670593272895
longbench_v2,spec_casc_opt,alphaneg0.1,case_078,0,ok,1.784848484848485,2.784848484848485,916,330.0,0.29747474747474745,stop,True,88.72460659593344
longbench_v2,spec_casc_opt,alphaneg0.1,case_079,0,ok,2.498422712933754,3.498422712933754,1109,317.0,0.416403785488959,stop,True,82.8535208851099
longbench_v2,spec_casc_opt,alphaneg0.1,case_080,0,ok,2.933333333333333,3.933333333333333,649,165.0,0.4888888888888889,stop,True,56.58367883274332
longbench_v2,spec_casc_opt,alphaneg0.1,case_081,0,ok,2.353846153846154,3.353846153846154,1742,520.0,0.3923076923076923,stop,True,52.31318735098466
longbench_v2,spec_casc_opt,alphaneg0.1,case_082,0,ok,2.7127659574468086,3.7127659574468086,348,94.0,0.4521276595744681,stop,True,68.44287936389446
longbench_v2,spec_casc_opt,alphaneg0.1,case_083,0,ok,2.142857142857143,3.142857142857143,571,182.0,0.35714285714285715,stop,True,34.6182251800783
longbench_v2,spec_casc_opt,alphaneg0.1,case_084,0,ok,2.6805555555555554,3.6805555555555554,261,72.0,0.44675925925925924,stop,True,60.06778608914465
longbench_v2,spec_casc_opt,alphaneg0.1,case_085,0,ok,3.3722222222222222,4.372222222222222,788,180.0,0.562037037037037,stop,True,49.90912612481043
longbench_v2,spec_casc_opt,alphaneg0.1,case_086,0,ok,2.622950819672131,3.622950819672131,441,122.0,0.4371584699453552,stop,True,62.014902330935
longbench_v2,spec_casc_opt,alphaneg0.1,case_087,0,ok,3.062330623306233,4.062330623306233,1499,369.0,0.5103884372177055,stop,True,41.68719813413918
longbench_v2,spec_casc_opt,alphaneg0.1,case_088,0,ok,3.077220077220077,4.077220077220077,1056,259.0,0.5128700128700129,stop,True,91.22400037106127
longbench_v2,spec_casc_opt,alphaneg0.1,case_089,0,ok,2.495798319327731,3.495798319327731,1664,476.0,0.41596638655462187,stop,True,50.23359614238143
longbench_v2,spec_casc_opt,alphaneg0.1,case_090,0,ok,2.0,3.0,1011,338.0,0.3333333333333333,stop,True,78.77793094096705
longbench_v2,spec_casc_opt,alphaneg0.1,case_091,0,ok,2.7607897153351697,3.7607897153351697,8192,2178.0,0.4601316192225283,length,False,113.30979532143101
longbench_v2,spec_casc_opt,alphaneg0.1,case_092,0,ok,1.8674521354933726,2.8674521354933726,1944,679.0,0.3112420225822288,stop,True,87.95851851301268
longbench_v2,spec_casc_opt,alphaneg0.1,case_093,0,ok,2.284974093264249,3.284974093264249,634,193.0,0.38082901554404147,stop,True,53.26559042092413
longbench_v2,spec_casc_opt,alphaneg0.1,case_094,0,ok,1.8146341463414635,2.8146341463414632,577,205.0,0.3024390243902439,stop,True,113.26180627802387
longbench_v2,spec_casc_opt,alphaneg0.1,case_095,0,ok,2.1954022988505746,3.1954022988505746,1945,609.0,0.36590038314176243,stop,True,113.38919151993468
longbench_v2,spec_casc_opt,alphaneg0.1,case_096,0,ok,3.4596774193548385,4.459677419354838,1106,248.0,0.5766129032258065,stop,True,46.743341859895736
longbench_v2,spec_casc_opt,alphaneg0.1,case_097,0,ok,3.1926605504587156,4.192660550458715,4110,981.0,0.5321100917431193,stop,True,70.76358544593677
longbench_v2,spec_casc_opt,alphaneg0.1,case_098,0,ok,2.1824817518248176,3.1824817518248176,872,274.0,0.3637469586374696,stop,True,68.12864495208487
longbench_v2,spec_casc_opt,alphaneg0.1,case_099,0,ok,2.717750826901874,3.717750826901874,3367,907.0,0.4529584711503124,stop,True,75.72105379821733
longbench_v2,spec_casc_opt,alphaneg0.1,case_100,0,ok,3.0784313725490198,4.078431372549019,2705,663.0,0.5130718954248366,stop,True,89.44417467014864
longbench_v2,spec_casc_opt,alphaneg0.1,case_101,0,ok,2.7646484375,3.7646484375,3854,1024.0,0.4607747395833333,stop,True,83.17152100102976
longbench_v2,spec_casc_opt,alphaneg0.1,case_102,0,ok,2.931350114416476,3.931350114416476,1717,437.0,0.488558352402746,stop,True,51.34407784603536
longbench_v2,spec_casc_opt,alphaneg0.1,case_103,0,ok,2.80794701986755,3.80794701986755,1151,302.0,0.46799116997792495,stop,True,43.23706481419504
longbench_v2,spec_casc_opt,alphaneg0.1,case_104,0,ok,2.9131175468483814,3.9131175468483814,2298,587.0,0.4855195911413969,stop,True,57.216536751016974
longbench_v2,spec_casc_opt,alphaneg0.1,case_105,0,ok,2.8874388254486134,3.8874388254486134,2380,613.0,0.4812398042414356,stop,True,57.25201938766986
longbench_v2,spec_casc_opt,alphaneg0.1,case_106,0,ok,2.146677471636953,3.146677471636953,3883,1234.0,0.35777957860615883,stop,True,86.7921178676188
longbench_v2,spec_casc_opt,alphaneg0.1,case_107,0,ok,1.7175141242937852,2.7175141242937855,481,177.0,0.2862523540489642,stop,True,84.03259085025638
longbench_v2,spec_casc_opt,alphaneg0.1,case_108,0,ok,1.977049180327869,2.977049180327869,908,305.0,0.3295081967213115,stop,True,114.2236631931737
longbench_v2,spec_casc_opt,alphaneg0.1,case_109,0,ok,2.663961038961039,3.663961038961039,2258,616.0,0.4439935064935065,stop,True,111.08153563598171
longbench_v2,spec_casc_opt,alphaneg0.1,case_110,0,ok,2.8579710144927537,3.8579710144927537,1329,345.0,0.47632850241545893,stop,True,63.917077410034835
longbench_v2,spec_casc_opt,alphaneg0.1,case_111,0,ok,2.8540305010893245,3.8540305010893245,3538,918.0,0.4756717501815541,stop,True,104.74385245703161
longbench_v2,spec_casc_opt,alphaneg0.1,case_112,0,ok,2.4100719424460433,3.4100719424460433,948,278.0,0.40167865707434053,stop,True,67.28848836105317
longbench_v2,spec_casc_opt,alphaneg0.1,case_113,0,ok,2.2395209580838324,3.2395209580838324,538,167.0,0.37325349301397204,stop,True,44.18570093810558
longbench_v2,spec_casc_opt,alphaneg0.1,case_114,0,ok,2.2625,3.2625,261,80.0,0.3770833333333333,stop,True,62.34430290432647
longbench_v2,spec_casc_opt,alphaneg0.1,case_115,0,ok,2.074468085106383,3.074468085106383,289,94.0,0.34574468085106386,stop,True,51.76207216922194
longbench_v2,spec_casc_opt,alphaneg0.1,case_116,0,ok,3.0114503816793894,4.011450381679389,1051,262.0,0.5019083969465649,stop,True,33.04552669497207
longbench_v2,spec_casc_opt,alphaneg0.1,case_117,0,ok,2.5261627906976742,3.5261627906976742,3639,1032.0,0.42102713178294576,stop,True,105.93834594497457
longbench_v2,spec_casc_opt,alphaneg0.1,case_118,0,ok,2.9447983014861996,3.9447983014861996,1858,471.0,0.4907997169143666,stop,True,38.21086649224162
longbench_v2,spec_casc_opt,alphaneg0.1,case_119,0,ok,2.857142857142857,3.857142857142857,241,63.0,0.47619047619047616,stop,True,56.88684984110296
longbench_v2,spec_casc_opt,alphaneg0.1,case_120,0,ok,1.5708502024291497,2.57085020242915,1265,494.0,0.26180836707152494,stop,True,107.1471628639847
longbench_v2,spec_casc_opt,alphaneg0.1,case_121,0,ok,2.5325542570951587,3.5325542570951587,2117,599.0,0.42209237618252643,stop,True,70.89908494008705
longbench_v2,spec_casc_opt,alphaneg0.1,case_122,0,ok,1.91948699679373,2.9194869967937302,8192,2807.0,0.31991449946562167,length,False,161.1150011261925
longbench_v2,spec_casc_opt,alphaneg0.1,case_123,0,ok,2.6941489361702127,3.6941489361702127,1386,376.0,0.44902482269503546,stop,True,49.403521795291454
longbench_v2,spec_casc_opt,alphaneg0.1,case_124,0,ok,2.9278350515463916,3.9278350515463916,759,194.0,0.4879725085910653,stop,True,38.8377951560542
longbench_v2,spec_casc_opt,alphaneg0.1,case_125,0,ok,2.639769452449568,3.639769452449568,1263,347.0,0.4399615754082613,stop,True,70.54775033192709
longbench_v2,spec_casc_opt,alphaneg0.1,case_126,0,ok,2.4276729559748427,3.4276729559748427,1090,318.0,0.40461215932914046,stop,True,79.36322817625478
longbench_v2,spec_casc_opt,alphaneg0.1,case_127,0,ok,2.163316582914573,3.163316582914573,1256,398.0,0.36055276381909546,stop,True,79.91633328376338
longbench_v2,spec_casc_opt,alphaneg0.1,case_128,0,ok,2.3315972222222223,3.3315972222222223,1919,576.0,0.38859953703703703,stop,True,102.55952960206196
longbench_v2,spec_casc_opt,alphaneg0.1,case_129,0,ok,2.2746835443037976,3.2746835443037976,2585,790.0,0.37911392405063293,stop,True,87.44646875420585
longbench_v2,spec_casc_opt,alphaneg0.1,case_130,0,ok,2.7641129032258065,3.7641129032258065,1868,496.0,0.46068548387096775,stop,True,54.771116164978594
longbench_v2,spec_casc_opt,alphaneg0.1,case_131,0,ok,2.8585461689587426,3.8585461689587426,1964,509.0,0.4764243614931238,stop,True,73.84647410083562
longbench_v2,spec_casc_opt,alphaneg0.1,case_132,0,ok,2.232142857142857,3.232142857142857,2715,840.0,0.37202380952380953,stop,True,103.03961689490825
longbench_v2,spec_casc_opt,alphaneg0.1,case_133,0,ok,2.410138248847926,3.410138248847926,740,217.0,0.40168970814132104,stop,True,73.83944492368028
longbench_v2,spec_casc_opt,alphaneg0.1,case_134,0,ok,2.988066825775656,3.988066825775656,3338,838.0,0.49801113762927607,stop,True,45.61338470224291
longbench_v2,spec_casc_opt,alphaneg0.1,case_135,0,ok,3.2098360655737705,4.2098360655737705,1282,305.0,0.5349726775956284,stop,True,54.120883201248944
longbench_v2,spec_casc_opt,alphaneg0.1,case_136,0,ok,2.066991017964072,3.066991017964072,8192,2672.0,0.34449850299401197,length,False,165.82580636255443
longbench_v2,spec_casc_opt,alphaneg0.1,case_137,0,ok,2.7346938775510203,3.7346938775510203,3473,931.0,0.4557823129251701,stop,True,74.83852744521573
longbench_v2,spec_casc_opt,alphaneg0.1,case_138,0,ok,1.8358585858585859,2.8358585858585856,1123,396.0,0.30597643097643096,stop,True,92.30422221310437
longbench_v2,spec_casc_opt,alphaneg0.1,case_139,0,ok,2.243731193580742,3.243731193580742,3235,997.0,0.3739551989301237,stop,True,128.08888179901987
longbench_v2,spec_casc_opt,alphaneg0.1,case_140,0,ok,2.735152487961477,3.735152487961477,2326,623.0,0.45585874799357945,stop,True,64.52634629793465
longbench_v2,spec_casc_opt,alphaneg0.1,case_141,0,ok,2.787114845938375,3.787114845938375,1352,357.0,0.46451914098972924,stop,True,46.510983013082296
longbench_v2,spec_casc_opt,alphaneg0.1,case_142,0,ok,2.1274900398406373,3.1274900398406373,785,251.0,0.3545816733067729,stop,True,72.08219044608995
longbench_v2,spec_casc_opt,alphaneg0.1,case_143,0,ok,2.7545023696682462,3.7545023696682462,3961,1055.0,0.45908372827804106,stop,True,120.5825397730805
longbench_v2,spec_casc_opt,alphaneg0.1,case_144,0,ok,2.76937618147448,3.76937618147448,1994,529.0,0.46156269691241336,stop,True,44.55076625896618
longbench_v2,spec_casc_opt,alphaneg0.1,case_145,0,ok,2.5,3.5,767,220.0,0.4166666666666667,stop,True,29.894200659822673
longbench_v2,spec_casc_opt,alphaneg0.1,case_146,0,ok,2.5272727272727273,3.5272727272727273,194,55.0,0.4212121212121212,stop,True,39.801561404019594
longbench_v2,spec_casc_opt,alphaneg0.1,case_147,0,ok,2.790983606557377,3.790983606557377,1848,488.0,0.4651639344262295,stop,True,54.57049962691963
longbench_v2,spec_casc_opt,alphaneg0.1,case_148,0,ok,2.2777777777777777,3.2777777777777777,352,108.0,0.37962962962962965,stop,True,61.460295483935624
longbench_v2,spec_casc_opt,alphaneg0.1,case_149,0,ok,2.3333333333333335,3.3333333333333335,788,237.0,0.3888888888888889,stop,True,56.723542022984475
longbench_v2,spec_casc_opt,alphaneg0.1,case_150,0,ok,3.6315789473684212,4.631578947368421,264,57.0,0.6052631578947368,stop,True,39.483823413960636
longbench_v2,spec_casc_opt,alphaneg0.3,case_001,0,ok,2.445925925925926,3.445925925925926,2326,675.0,0.4076543209876543,stop,True,105.35931329010054
longbench_v2,spec_casc_opt,alphaneg0.3,case_002,0,ok,1.8745980707395498,2.87459807073955,895,311.0,0.312433011789925,stop,True,116.8335797120817
longbench_v2,spec_casc_opt,alphaneg0.3,case_003,0,ok,1.9239543726235742,2.923954372623574,766,263.0,0.320659062103929,stop,True,84.49083612766117
longbench_v2,spec_casc_opt,alphaneg0.3,case_004,0,ok,2.6842105263157894,3.6842105263157894,1116,304.0,0.4473684210526316,stop,True,54.56003844924271
longbench_v2,spec_casc_opt,alphaneg0.3,case_005,0,ok,2.422222222222222,3.422222222222222,925,270.0,0.40370370370370373,stop,True,37.49343833886087
longbench_v2,spec_casc_opt,alphaneg0.3,case_006,0,ok,2.224803149606299,3.224803149606299,8192,2540.0,0.3708005249343832,length,False,120.68946482101455
longbench_v2,spec_casc_opt,alphaneg0.3,case_007,0,ok,2.1316526610644257,3.1316526610644257,1117,357.0,0.35527544351073764,stop,True,108.14874045504257
longbench_v2,spec_casc_opt,alphaneg0.3,case_008,0,ok,2.9166666666666665,3.9166666666666665,795,204.0,0.4861111111111111,stop,True,79.35610233619809
longbench_v2,spec_casc_opt,alphaneg0.3,case_009,0,ok,2.956081081081081,3.956081081081081,8192,2072.0,0.49268018018018017,length,False,114.70878769177943
longbench_v2,spec_casc_opt,alphaneg0.3,case_010,0,ok,1.8181818181818181,2.8181818181818183,342,121.0,0.30303030303030304,stop,True,99.05168531276286
longbench_v2,spec_casc_opt,alphaneg0.3,case_011,0,ok,2.3260869565217392,3.3260869565217392,457,138.0,0.38768115942028986,stop,True,54.03620327077806
longbench_v2,spec_casc_opt,alphaneg0.3,case_012,0,ok,1.9425287356321839,2.942528735632184,512,174.0,0.32375478927203066,stop,True,41.705932542681694
longbench_v2,spec_casc_opt,alphaneg0.3,case_013,0,ok,2.212121212121212,3.212121212121212,423,132.0,0.3686868686868687,stop,True,62.82072799094021
longbench_v2,spec_casc_opt,alphaneg0.3,case_014,0,ok,2.3668478260869565,3.3668478260869565,1239,368.0,0.3944746376811594,stop,True,48.08181370096281
longbench_v2,spec_casc_opt,alphaneg0.3,case_015,0,ok,2.131818181818182,3.131818181818182,688,220.0,0.3553030303030303,stop,True,79.72275136085227
longbench_v2,spec_casc_opt,alphaneg0.3,case_016,0,ok,2.3826291079812205,3.3826291079812205,1440,426.0,0.39710485133020346,stop,True,48.51146986335516
longbench_v2,spec_casc_opt,alphaneg0.3,case_017,0,ok,2.1188811188811187,3.1188811188811187,445,143.0,0.3531468531468531,stop,True,46.76407978404313
longbench_v2,spec_casc_opt,alphaneg0.3,case_018,0,ok,2.8609946075494306,3.8609946075494306,6439,1669.0,0.4768324345915718,stop,True,87.21711381990463
longbench_v2,spec_casc_opt,alphaneg0.3,case_019,0,ok,2.2390243902439027,3.2390243902439027,664,205.0,0.37317073170731707,stop,True,70.44164833473042
longbench_v2,spec_casc_opt,alphaneg0.3,case_020,0,ok,1.4761904761904763,2.4761904761904763,469,189.0,0.24603174603174602,stop,True,113.89977695699781
longbench_v2,spec_casc_opt,alphaneg0.3,case_021,0,ok,2.2142857142857144,3.2142857142857144,630,196.0,0.36904761904761907,stop,True,41.39060686761513
longbench_v2,spec_casc_opt,alphaneg0.3,case_022,0,ok,2.3962264150943398,3.3962264150943398,357,106.0,0.39937106918238996,stop,True,29.82601357018575
longbench_v2,spec_casc_opt,alphaneg0.3,case_023,0,ok,1.8333333333333333,2.833333333333333,628,222.0,0.3055555555555556,stop,True,108.38666946114972
longbench_v2,spec_casc_opt,alphaneg0.3,case_024,0,ok,2.408026755852843,3.408026755852843,1014,299.0,0.4013377926421405,stop,True,48.75145044270903
longbench_v2,spec_casc_opt,alphaneg0.3,case_025,0,ok,2.4814814814814814,3.4814814814814814,471,135.0,0.41358024691358025,stop,True,100.83268514694646
longbench_v2,spec_casc_opt,alphaneg0.3,case_026,0,ok,2.5495495495495497,3.5495495495495497,1576,444.0,0.42492492492492495,stop,True,68.5979732060805
longbench_v2,spec_casc_opt,alphaneg0.3,case_027,0,ok,2.283707865168539,3.283707865168539,1167,356.0,0.3806179775280899,stop,True,45.63312476594001
longbench_v2,spec_casc_opt,alphaneg0.3,case_028,0,ok,2.817281728172817,3.817281728172817,4241,1111.0,0.46954695469546953,stop,True,83.40703768329695
longbench_v2,spec_casc_opt,alphaneg0.3,case_029,0,ok,2.506072874493927,3.506072874493927,867,247.0,0.4176788124156545,stop,True,30.989802570082247
longbench_v2,spec_casc_opt,alphaneg0.3,case_030,0,ok,2.7,3.7,738,200.0,0.45,stop,True,63.091026975307614
longbench_v2,spec_casc_opt,alphaneg0.3,case_031,0,ok,1.94462126034373,2.9446212603437303,4626,1571.0,0.3241035433906217,stop,True,132.6848774519749
longbench_v2,spec_casc_opt,alphaneg0.3,case_032,0,ok,1.931469298245614,2.931469298245614,5347,1824.0,0.32191154970760233,stop,True,105.61618804000318
longbench_v2,spec_casc_opt,alphaneg0.3,case_033,0,ok,3.562674094707521,4.562674094707521,1639,359.0,0.5937790157845868,stop,True,82.65636402368546
longbench_v2,spec_casc_opt,alphaneg0.3,case_034,0,ok,2.1964956195244056,3.1964956195244056,2555,799.0,0.3660826032540676,stop,True,66.31252575106919
longbench_v2,spec_casc_opt,alphaneg0.3,case_035,0,ok,2.5690747782002537,3.5690747782002537,2815,789.0,0.42817912970004224,stop,True,59.049672960769385
longbench_v2,spec_casc_opt,alphaneg0.3,case_036,0,ok,2.9494310998735775,3.9494310998735775,3119,791.0,0.4915718499789296,stop,True,50.33589490316808
longbench_v2,spec_casc_opt,alphaneg0.3,case_037,0,ok,2.586021505376344,3.586021505376344,1334,372.0,0.43100358422939067,stop,True,52.477749820798635
longbench_v2,spec_casc_opt,alphaneg0.3,case_038,0,ok,2.519626168224299,3.519626168224299,1880,535.0,0.41993769470404985,stop,True,58.34265486896038
longbench_v2,spec_casc_opt,alphaneg0.3,case_039,0,ok,2.0329113924050635,3.0329113924050635,1197,395.0,0.3388185654008439,stop,True,58.99728846317157
longbench_v2,spec_casc_opt,alphaneg0.3,case_040,0,ok,2.378285714285714,3.378285714285714,2954,875.0,0.3963809523809524,stop,True,66.17857771692798
longbench_v2,spec_casc_opt,alphaneg0.3,case_041,0,ok,1.913140311804009,2.9131403118040087,2611,898.0,0.3188567186340015,stop,True,106.74571006698534
longbench_v2,spec_casc_opt,alphaneg0.3,case_042,0,ok,1.82648401826484,2.82648401826484,616,219.0,0.30441400304414,stop,True,69.44827750511467
longbench_v2,spec_casc_opt,alphaneg0.3,case_043,0,ok,2.6978984238178634,3.6978984238178634,4221,1142.0,0.44964973730297725,stop,True,54.64094635192305
longbench_v2,spec_casc_opt,alphaneg0.3,case_044,0,ok,1.8677462887989205,2.8677462887989202,2125,741.0,0.3112910481331534,stop,True,109.15164878685027
longbench_v2,spec_casc_opt,alphaneg0.3,case_045,0,ok,2.3175374645605507,3.3175374645605507,8192,2469.0,0.3862562440934251,length,False,147.8266728417948
longbench_v2,spec_casc_opt,alphaneg0.3,case_046,0,ok,1.7681940700808625,2.7681940700808623,2052,742.0,0.29469901168014373,stop,True,117.44465410616249
longbench_v2,spec_casc_opt,alphaneg0.3,case_047,0,ok,2.429620563035496,3.429620563035496,2802,817.0,0.4049367605059159,stop,True,77.50607640715316
longbench_v2,spec_casc_opt,alphaneg0.3,case_048,0,ok,2.2918340026773762,3.2918340026773762,2459,747.0,0.3819723337795627,stop,True,74.0011917357333
longbench_v2,spec_casc_opt,alphaneg0.3,case_049,0,ok,2.165532879818594,3.165532879818594,2792,882.0,0.36092214663643235,stop,True,99.7839169879444
longbench_v2,spec_casc_opt,alphaneg0.3,case_050,0,ok,2.465804066543438,3.465804066543438,1872,541.0,0.41096734442390637,stop,True,54.552744913846254
longbench_v2,spec_casc_opt,alphaneg0.3,case_051,0,ok,2.1175656984785616,3.1175656984785616,2255,723.0,0.3529276164130936,stop,True,122.40534941898659
longbench_v2,spec_casc_opt,alphaneg0.3,case_052,0,ok,1.561510353227771,2.5615103532277708,2099,821.0,0.26025172553796183,stop,True,131.96795900491998
longbench_v2,spec_casc_opt,alphaneg0.3,case_053,0,ok,2.158974358974359,3.158974358974359,617,195.0,0.3598290598290598,stop,True,62.18283528694883
longbench_v2,spec_casc_opt,alphaneg0.3,case_054,0,ok,2.606382978723404,3.606382978723404,1017,282.0,0.43439716312056736,stop,True,50.40959600638598
longbench_v2,spec_casc_opt,alphaneg0.3,case_055,0,ok,2.1799410029498527,3.1799410029498527,1075,339.0,0.3633235004916421,stop,True,63.43848926899955
longbench_v2,spec_casc_opt,alphaneg0.3,case_056,0,ok,2.0988372093023258,3.0988372093023258,533,172.0,0.3498062015503876,stop,True,40.88796864077449
longbench_v2,spec_casc_opt,alphaneg0.3,case_057,0,ok,2.1392857142857142,3.1392857142857142,878,280.0,0.35654761904761906,stop,True,63.0450407108292
longbench_v2,spec_casc_opt,alphaneg0.3,case_058,0,ok,3.062200956937799,4.062200956937799,1695,418.0,0.5103668261562998,stop,True,68.46942806290463
longbench_v2,spec_casc_opt,alphaneg0.3,case_059,0,ok,2.3559322033898304,3.3559322033898304,592,177.0,0.3926553672316384,stop,True,53.109469406772405
longbench_v2,spec_casc_opt,alphaneg0.3,case_060,0,ok,2.0676923076923077,3.0676923076923077,996,325.0,0.3446153846153846,stop,True,75.49566508363932
longbench_v2,spec_casc_opt,alphaneg0.3,case_061,0,ok,2.666346153846154,3.666346153846154,3813,1040.0,0.4443910256410256,stop,True,51.16581041086465
longbench_v2,spec_casc_opt,alphaneg0.3,case_062,0,ok,2.3044776119402983,3.3044776119402983,1105,335.0,0.38407960199004976,stop,True,89.14682957390323
longbench_v2,spec_casc_opt,alphaneg0.3,case_063,0,ok,2.3877551020408165,3.3877551020408165,329,98.0,0.3979591836734694,stop,True,39.60719320224598
longbench_v2,spec_casc_opt,alphaneg0.3,case_064,0,ok,2.035928143712575,3.035928143712575,507,167.0,0.3393213572854291,stop,True,44.61854143580422
longbench_v2,spec_casc_opt,alphaneg0.3,case_065,0,ok,3.0343511450381677,4.034351145038167,1054,262.0,0.5057251908396947,stop,True,43.0276866001077
longbench_v2,spec_casc_opt,alphaneg0.3,case_066,0,ok,2.8360655737704916,3.8360655737704916,234,61.0,0.4726775956284153,stop,True,35.13769588666037
longbench_v2,spec_casc_opt,alphaneg0.3,case_067,0,ok,3.1102430555555554,4.110243055555555,4730,1152.0,0.5183738425925926,stop,True,88.84416915709153
longbench_v2,spec_casc_opt,alphaneg0.3,case_068,0,ok,2.3076923076923075,3.3076923076923075,1417,429.0,0.38461538461538464,stop,True,66.14499534992501
longbench_v2,spec_casc_opt,alphaneg0.3,case_069,0,ok,1.7002141327623126,2.7002141327623126,1261,467.0,0.2833690221270521,stop,True,79.5396031755954
longbench_v2,spec_casc_opt,alphaneg0.3,case_070,0,ok,2.927107061503417,3.927107061503417,1719,439.0,0.4878511769172361,stop,True,51.16269993502647
longbench_v2,spec_casc_opt,alphaneg0.3,case_071,0,ok,2.0490463215258856,3.0490463215258856,1117,367.0,0.34150772025431425,stop,True,64.458351386711
longbench_v2,spec_casc_opt,alphaneg0.3,case_072,0,ok,3.1384928716904277,4.138492871690428,2030,491.0,0.5230821452817379,stop,True,85.49350243294612
longbench_v2,spec_casc_opt,alphaneg0.3,case_073,0,ok,2.0848167539267015,3.0848167539267015,2945,955.0,0.3474694589877836,stop,True,102.50151741411537
longbench_v2,spec_casc_opt,alphaneg0.3,case_074,0,ok,2.479224376731302,3.479224376731302,1251,361.0,0.4132040627885503,stop,True,105.01674529770389
longbench_v2,spec_casc_opt,alphaneg0.3,case_075,0,ok,1.7412060301507537,2.741206030150754,2182,796.0,0.29020100502512564,stop,True,110.17864043731242
longbench_v2,spec_casc_opt,alphaneg0.3,case_076,0,ok,2.1478260869565218,3.1478260869565218,358,115.0,0.35797101449275365,stop,True,43.95204435382038
longbench_v2,spec_casc_opt,alphaneg0.3,case_077,0,ok,1.6351931330472103,2.6351931330472103,1228,466.0,0.27253218884120173,stop,True,108.61436689971015
longbench_v2,spec_casc_opt,alphaneg0.3,case_078,0,ok,1.8531746031746033,2.8531746031746033,717,252.0,0.30886243386243384,stop,True,87.2521473011002
longbench_v2,spec_casc_opt,alphaneg0.3,case_079,0,ok,1.9028662420382165,2.9028662420382165,1823,628.0,0.3171443736730361,stop,True,88.73933305684477
longbench_v2,spec_casc_opt,alphaneg0.3,case_080,0,ok,2.530701754385965,3.530701754385965,805,228.0,0.42178362573099415,stop,True,57.67288906220347
longbench_v2,spec_casc_opt,alphaneg0.3,case_081,0,ok,2.269487750556793,3.269487750556793,1468,449.0,0.3782479584261321,stop,True,50.453021698165685
longbench_v2,spec_casc_opt,alphaneg0.3,case_082,0,ok,2.590909090909091,3.590909090909091,313,88.0,0.4318181818181818,stop,True,67.95056517003104
longbench_v2,spec_casc_opt,alphaneg0.3,case_083,0,ok,2.1019522776572668,3.1019522776572668,1430,461.0,0.35032537960954446,stop,True,40.184288104996085
longbench_v2,spec_casc_opt,alphaneg0.3,case_084,0,ok,2.4326923076923075,3.4326923076923075,358,104.0,0.40544871794871795,stop,True,60.73215596890077
longbench_v2,spec_casc_opt,alphaneg0.3,case_085,0,ok,2.736,3.736,934,250.0,0.456,stop,True,51.308943833224475
longbench_v2,spec_casc_opt,alphaneg0.3,case_086,0,ok,2.4405594405594404,3.4405594405594404,492,143.0,0.40675990675990675,stop,True,62.138108623214066
longbench_v2,spec_casc_opt,alphaneg0.3,case_087,0,ok,2.8911290322580645,3.8911290322580645,1930,496.0,0.48185483870967744,stop,True,44.28262976696715
longbench_v2,spec_casc_opt,alphaneg0.3,case_088,0,ok,2.4952830188679247,3.4952830188679247,2965,848.0,0.4158805031446541,stop,True,104.01969379326329
longbench_v2,spec_casc_opt,alphaneg0.3,case_089,0,ok,2.3676470588235294,3.3676470588235294,1833,544.0,0.3946078431372549,stop,True,51.16226616036147
longbench_v2,spec_casc_opt,alphaneg0.3,case_090,0,ok,1.75,2.75,360,132.0,0.2916666666666667,stop,True,73.98156925896183
longbench_v2,spec_casc_opt,alphaneg0.3,case_091,0,ok,2.595697980684811,3.595697980684811,8192,2278.0,0.4326163301141352,length,False,112.55448014475405
longbench_v2,spec_casc_opt,alphaneg0.3,case_092,0,ok,1.8084544253632762,2.8084544253632764,2122,757.0,0.30140907089387936,stop,True,89.11878478014842
longbench_v2,spec_casc_opt,alphaneg0.3,case_093,0,ok,2.1206225680933852,3.1206225680933852,801,257.0,0.3534370946822309,stop,True,54.35117203509435
longbench_v2,spec_casc_opt,alphaneg0.3,case_094,0,ok,1.5485714285714285,2.5485714285714285,446,175.0,0.2580952380952381,stop,True,112.6565426280722
longbench_v2,spec_casc_opt,alphaneg0.3,case_095,0,ok,1.9866220735785953,2.9866220735785953,890,299.0,0.3311036789297659,stop,True,106.51937297964469
longbench_v2,spec_casc_opt,alphaneg0.3,case_096,0,ok,3.281895504252734,4.281895504252734,3522,823.0,0.5469825840421223,stop,True,61.13784513808787
longbench_v2,spec_casc_opt,alphaneg0.3,case_097,0,ok,2.642857142857143,3.642857142857143,3007,826.0,0.44047619047619047,stop,True,66.39347758516669
longbench_v2,spec_casc_opt,alphaneg0.3,case_098,0,ok,1.8201219512195121,2.8201219512195124,925,328.0,0.30335365853658536,stop,True,68.86276362882927
longbench_v2,spec_casc_opt,alphaneg0.3,case_099,0,ok,2.2857142857142856,3.2857142857142856,825,252.0,0.38095238095238093,stop,True,60.899103838950396
longbench_v2,spec_casc_opt,alphaneg0.3,case_100,0,ok,3.36318407960199,4.363184079601989,1749,402.0,0.560530679933665,stop,True,84.34223813330755
longbench_v2,spec_casc_opt,alphaneg0.3,case_101,0,ok,2.4785894206549117,3.4785894206549117,6902,1985.0,0.41309823677581864,stop,True,104.44110207259655
longbench_v2,spec_casc_opt,alphaneg0.3,case_102,0,ok,2.4664310954063606,3.4664310954063606,978,283.0,0.4110718492343934,stop,True,47.444781607948244
longbench_v2,spec_casc_opt,alphaneg0.3,case_103,0,ok,2.6601178781925343,3.6601178781925343,1863,509.0,0.44335297969875576,stop,True,47.804493121337146
longbench_v2,spec_casc_opt,alphaneg0.3,case_104,0,ok,2.634980988593156,3.634980988593156,956,263.0,0.4391634980988593,stop,True,49.24619307555258
longbench_v2,spec_casc_opt,alphaneg0.3,case_105,0,ok,2.643533123028391,3.643533123028391,1155,317.0,0.4405888538380652,stop,True,50.29596314299852
longbench_v2,spec_casc_opt,alphaneg0.3,case_106,0,ok,2.0356768100734524,3.0356768100734524,2893,953.0,0.3392794683455754,stop,True,79.89204955659807
longbench_v2,spec_casc_opt,alphaneg0.3,case_107,0,ok,1.6839378238341969,2.6839378238341967,2072,772.0,0.28065630397236613,stop,True,95.7345115239732
longbench_v2,spec_casc_opt,alphaneg0.3,case_108,0,ok,1.5986842105263157,2.598684210526316,1581,608.0,0.26644736842105265,stop,True,119.7675628461875
longbench_v2,spec_casc_opt,alphaneg0.3,case_109,0,ok,2.5760286225402504,3.5760286225402504,1999,559.0,0.4293381037567084,stop,True,109.43514278391376
longbench_v2,spec_casc_opt,alphaneg0.3,case_110,0,ok,2.7793594306049823,3.7793594306049823,1062,281.0,0.46322657176749704,stop,True,62.33045093389228
longbench_v2,spec_casc_opt,alphaneg0.3,case_111,0,ok,1.6607773851590106,2.660777385159011,753,283.0,0.2767962308598351,stop,True,89.35660121496767
longbench_v2,spec_casc_opt,alphaneg0.3,case_112,0,ok,2.4339622641509435,3.4339622641509435,364,106.0,0.4056603773584906,stop,True,63.90312469517812
longbench_v2,spec_casc_opt,alphaneg0.3,case_113,0,ok,2.1772151898734178,3.1772151898734178,1001,316.0,0.3628691983122363,stop,True,47.428871943149716
longbench_v2,spec_casc_opt,alphaneg0.3,case_114,0,ok,2.3488372093023258,3.3488372093023258,288,86.0,0.39147286821705424,stop,True,62.86612438503653
longbench_v2,spec_casc_opt,alphaneg0.3,case_115,0,ok,1.9485294117647058,2.9485294117647056,801,272.0,0.3247549019607843,stop,True,55.2392814559862
longbench_v2,spec_casc_opt,alphaneg0.3,case_116,0,ok,2.8333333333333335,3.8333333333333335,897,234.0,0.4722222222222222,stop,True,31.88552686292678
longbench_v2,spec_casc_opt,alphaneg0.3,case_117,0,ok,2.16,3.16,1106,350.0,0.36,stop,True,90.59213865920901
longbench_v2,spec_casc_opt,alphaneg0.3,case_118,0,ok,2.7604562737642584,3.7604562737642584,1978,526.0,0.4600760456273764,stop,True,39.440510185901076
longbench_v2,spec_casc_opt,alphaneg0.3,case_119,0,ok,2.0689655172413794,3.0689655172413794,354,116.0,0.3448275862068966,stop,True,57.91946223471314
longbench_v2,spec_casc_opt,alphaneg0.3,case_120,0,ok,1.75,2.75,1682,612.0,0.2916666666666667,stop,True,109.85966817708686
longbench_v2,spec_casc_opt,alphaneg0.3,case_121,0,ok,2.4892787524366473,3.4892787524366473,1789,513.0,0.41487979207277453,stop,True,68.97925705602393
longbench_v2,spec_casc_opt,alphaneg0.3,case_122,0,ok,1.6730091613812543,2.6730091613812546,3792,1419.0,0.2788348602302091,stop,True,131.38421265874058
longbench_v2,spec_casc_opt,alphaneg0.3,case_123,0,ok,2.4596774193548385,3.4596774193548385,858,248.0,0.4099462365591398,stop,True,46.38997224718332
longbench_v2,spec_casc_opt,alphaneg0.3,case_124,0,ok,2.691358024691358,3.691358024691358,599,162.0,0.448559670781893,stop,True,38.054253573995084
longbench_v2,spec_casc_opt,alphaneg0.3,case_125,0,ok,2.8355359765051396,3.8355359765051396,5224,1362.0,0.47258932941752324,stop,True,94.43051092885435
longbench_v2,spec_casc_opt,alphaneg0.3,case_126,0,ok,2.535031847133758,3.535031847133758,2220,628.0,0.42250530785562634,stop,True,87.30667856801301
longbench_v2,spec_casc_opt,alphaneg0.3,case_127,0,ok,1.5970695970695972,2.597069597069597,709,273.0,0.2661782661782662,stop,True,77.55568485800177
longbench_v2,spec_casc_opt,alphaneg0.3,case_128,0,ok,2.2765625,3.2765625,2097,640.0,0.37942708333333336,stop,True,104.14257997693494
longbench_v2,spec_casc_opt,alphaneg0.3,case_129,0,ok,1.8967297762478486,2.8967297762478488,1683,581.0,0.31612162937464144,stop,True,82.95854937518016
longbench_v2,spec_casc_opt,alphaneg0.3,case_130,0,ok,2.3159722222222223,3.3159722222222223,955,288.0,0.38599537037037035,stop,True,50.18359868694097
longbench_v2,spec_casc_opt,alphaneg0.3,case_131,0,ok,3.3225806451612905,4.32258064516129,2948,682.0,0.553763440860215,stop,True,78.87183442199603
longbench_v2,spec_casc_opt,alphaneg0.3,case_132,0,ok,2.123847167325428,3.123847167325428,2368,759.0,0.3539745278875714,stop,True,101.409627716057
longbench_v2,spec_casc_opt,alphaneg0.3,case_133,0,ok,2.0838709677419356,3.0838709677419356,951,310.0,0.3473118279569892,stop,True,75.5990687487647
longbench_v2,spec_casc_opt,alphaneg0.3,case_134,0,ok,2.5826681870011403,3.5826681870011403,3141,877.0,0.43044469783352335,stop,True,46.09253410389647
longbench_v2,spec_casc_opt,alphaneg0.3,case_135,0,ok,2.608058608058608,3.608058608058608,985,273.0,0.4346764346764347,stop,True,53.235121125821024
longbench_v2,spec_casc_opt,alphaneg0.3,case_136,0,ok,2.0239463601532566,3.0239463601532566,3157,1044.0,0.3373243933588761,stop,True,131.30987529596314
longbench_v2,spec_casc_opt,alphaneg0.3,case_137,0,ok,2.2426303854875282,3.2426303854875282,1428,441.0,0.37377173091458804,stop,True,63.32841000985354
longbench_v2,spec_casc_opt,alphaneg0.3,case_138,0,ok,1.8499308437067774,2.8499308437067774,4121,1446.0,0.3083218072844629,stop,True,114.22847822401673
longbench_v2,spec_casc_opt,alphaneg0.3,case_139,0,ok,2.101360544217687,3.101360544217687,4558,1470.0,0.3502267573696145,stop,True,138.0488380161114
longbench_v2,spec_casc_opt,alphaneg0.3,case_140,0,ok,2.414473684210526,3.414473684210526,2592,760.0,0.4024122807017544,stop,True,67.58751956094056
longbench_v2,spec_casc_opt,alphaneg0.3,case_141,0,ok,2.195266272189349,3.195266272189349,538,169.0,0.36587771203155817,stop,True,42.11169316479936
longbench_v2,spec_casc_opt,alphaneg0.3,case_142,0,ok,1.641025641025641,2.641025641025641,618,234.0,0.27350427350427353,stop,True,71.40218538604677
longbench_v2,spec_casc_opt,alphaneg0.3,case_143,0,ok,2.4986876640419946,3.4986876640419946,1333,381.0,0.41644794400699914,stop,True,105.14175090612844
longbench_v2,spec_casc_opt,alphaneg0.3,case_144,0,ok,2.3169811320754716,3.3169811320754716,4392,1325.0,0.38616352201257864,stop,True,60.89578238967806
longbench_v2,spec_casc_opt,alphaneg0.3,case_145,0,ok,2.361344537815126,3.361344537815126,1996,595.0,0.39355742296918766,stop,True,37.86558988597244
longbench_v2,spec_casc_opt,alphaneg0.3,case_146,0,ok,2.185185185185185,3.185185185185185,344,108.0,0.36419753086419754,stop,True,40.70795096689835
longbench_v2,spec_casc_opt,alphaneg0.3,case_147,0,ok,2.7890173410404624,3.7890173410404624,1308,346.0,0.46483622350674375,stop,True,51.55615384830162
longbench_v2,spec_casc_opt,alphaneg0.3,case_148,0,ok,2.326923076923077,3.326923076923077,344,104.0,0.38782051282051283,stop,True,61.54393322719261
longbench_v2,spec_casc_opt,alphaneg0.3,case_149,0,ok,2.331914893617021,3.331914893617021,2349,705.0,0.38865248226950355,stop,True,67.09405344817787
longbench_v2,spec_casc_opt,alphaneg0.3,case_150,0,ok,3.0930232558139537,4.093023255813954,347,86.0,0.5155038759689923,stop,True,40.208309524226934
longbench_v2,spec_casc_tok,alpha0.15,case_001,0,ok,1.7260579064587973,2.7260579064587973,1225,449.0,0.2876763177431329,stop,True,99.60820232797414
longbench_v2,spec_casc_tok,alpha0.15,case_002,0,ok,1.6051873198847262,2.605187319884726,904,347.0,0.2675312199807877,stop,True,116.67391465371475
longbench_v2,spec_casc_tok,alpha0.15,case_003,0,ok,1.5828729281767955,2.5828729281767955,1869,724.0,0.2638121546961326,stop,True,95.00928959902376
longbench_v2,spec_casc_tok,alpha0.15,case_004,0,ok,2.4904761904761905,3.4904761904761905,1464,420.0,0.4150793650793651,stop,True,56.80866960994899
longbench_v2,spec_casc_tok,alpha0.15,case_005,0,ok,2.1954022988505746,3.1954022988505746,556,174.0,0.36590038314176243,stop,True,35.144702655728906
longbench_v2,spec_casc_tok,alpha0.15,case_006,0,ok,1.8988326848249026,2.8988326848249026,8192,2827.0,0.3164721141374838,length,False,125.86385129997507
longbench_v2,spec_casc_tok,alpha0.15,case_007,0,ok,1.7513227513227514,2.7513227513227516,520,189.0,0.29188712522045857,stop,True,104.2136759920977
longbench_v2,spec_casc_tok,alpha0.15,case_008,0,ok,3.1827160493827162,4.182716049382716,1693,405.0,0.5304526748971193,stop,True,84.92925690440461
longbench_v2,spec_casc_tok,alpha0.15,case_009,0,ok,3.001422475106686,4.001422475106686,2811,703.0,0.5002370791844476,stop,True,80.9038298423402
longbench_v2,spec_casc_tok,alpha0.15,case_010,0,ok,1.6420454545454546,2.6420454545454546,465,176.0,0.27367424242424243,stop,True,99.34106532810256
longbench_v2,spec_casc_tok,alpha0.15,case_011,0,ok,2.73728813559322,3.73728813559322,440,118.0,0.4562146892655367,stop,True,53.443315096665174
longbench_v2,spec_casc_tok,alpha0.15,case_012,0,ok,1.7272727272727273,2.7272727272727275,689,253.0,0.2878787878787879,stop,True,43.6603804868646
longbench_v2,spec_casc_tok,alpha0.15,case_013,0,ok,1.8674698795180722,2.8674698795180724,948,332.0,0.3112449799196787,stop,True,66.14006819622591
longbench_v2,spec_casc_tok,alpha0.15,case_014,0,ok,2.1115384615384616,3.1115384615384616,808,260.0,0.35192307692307695,stop,True,45.07885868707672
longbench_v2,spec_casc_tok,alpha0.15,case_015,0,ok,1.5714285714285714,2.571428571428571,1385,539.0,0.2619047619047619,stop,True,84.91461980389431
longbench_v2,spec_casc_tok,alpha0.15,case_016,0,ok,1.9356060606060606,2.9356060606060606,1550,528.0,0.3226010101010101,stop,True,48.58592661609873
longbench_v2,spec_casc_tok,alpha0.15,case_017,0,ok,1.8051948051948052,2.8051948051948052,648,231.0,0.3008658008658009,stop,True,47.54809146374464
longbench_v2,spec_casc_tok,alpha0.15,case_018,0,ok,2.668815471394037,3.668815471394037,4553,1241.0,0.44480257856567285,stop,True,74.28359506092966
longbench_v2,spec_casc_tok,alpha0.15,case_019,0,ok,1.7155555555555555,2.7155555555555555,611,225.0,0.2859259259259259,stop,True,69.66557253012434
longbench_v2,spec_casc_tok,alpha0.15,case_020,0,ok,1.1818181818181819,2.1818181818181817,526,242.0,0.19696969696969696,stop,True,113.46294683404267
longbench_v2,spec_casc_tok,alpha0.15,case_021,0,ok,1.98828125,2.98828125,764,256.0,0.3313802083333333,stop,True,41.92652570223436
longbench_v2,spec_casc_tok,alpha0.15,case_022,0,ok,2.2290502793296088,3.2290502793296088,578,179.0,0.3715083798882682,stop,True,30.528547107242048
longbench_v2,spec_casc_tok,alpha0.15,case_023,0,ok,1.5562130177514792,2.556213017751479,433,169.0,0.2593688362919132,stop,True,105.97661047102883
longbench_v2,spec_casc_tok,alpha0.15,case_024,0,ok,2.121495327102804,3.121495327102804,1337,428.0,0.35358255451713394,stop,True,50.56986499298364
longbench_v2,spec_casc_tok,alpha0.15,case_025,0,ok,1.9448979591836735,2.9448979591836735,1443,490.0,0.32414965986394556,stop,True,107.23474442679435
longbench_v2,spec_casc_tok,alpha0.15,case_026,0,ok,2.3265107212475633,3.3265107212475633,3412,1026.0,0.3877517868745939,stop,True,80.39665269386023
longbench_v2,spec_casc_tok,alpha0.15,case_027,0,ok,2.6531165311653115,3.6531165311653115,4044,1107.0,0.4421860885275519,stop,True,62.031607324723154
longbench_v2,spec_casc_tok,alpha0.15,case_028,0,ok,2.660891089108911,3.660891089108911,1480,404.0,0.4434818481848185,stop,True,67.35399034572765
longbench_v2,spec_casc_tok,alpha0.15,case_029,0,ok,2.0115163147792705,3.0115163147792705,1570,521.0,0.3352527191298784,stop,True,36.41766052925959
longbench_v2,spec_casc_tok,alpha0.15,case_030,0,ok,2.336,3.336,833,250.0,0.3893333333333333,stop,True,64.1523665478453
longbench_v2,spec_casc_tok,alpha0.15,case_031,0,ok,1.9074585635359116,2.9074585635359114,2105,724.0,0.3179097605893186,stop,True,115.40478074271232
longbench_v2,spec_casc_tok,alpha0.15,case_032,0,ok,1.5406091370558375,2.5406091370558377,2002,788.0,0.25676818950930624,stop,True,82.40223087090999
longbench_v2,spec_casc_tok,alpha0.15,case_033,0,ok,3.2469733656174333,4.246973365617434,1753,413.0,0.5411622276029056,stop,True,83.70890676183626
longbench_v2,spec_casc_tok,alpha0.15,case_034,0,ok,1.8203463203463204,2.8203463203463204,1304,462.0,0.3033910533910534,stop,True,58.28851055726409
longbench_v2,spec_casc_tok,alpha0.15,case_035,0,ok,2.045112781954887,3.045112781954887,808,266.0,0.3408521303258145,stop,True,46.79869733704254
longbench_v2,spec_casc_tok,alpha0.15,case_036,0,ok,3.1681338028169015,4.168133802816902,4733,1136.0,0.5280223004694836,stop,True,58.34471012139693
longbench_v2,spec_casc_tok,alpha0.15,case_037,0,ok,2.318385650224215,3.318385650224215,740,223.0,0.3863976083707025,stop,True,49.409486362244934
longbench_v2,spec_casc_tok,alpha0.15,case_038,0,ok,2.1366822429906542,3.1366822429906542,2684,856.0,0.35611370716510904,stop,True,64.59529899107292
longbench_v2,spec_casc_tok,alpha0.15,case_039,0,ok,1.5403225806451613,2.540322580645161,316,124.0,0.2567204301075269,stop,True,53.90445806598291
longbench_v2,spec_casc_tok,alpha0.15,case_040,0,ok,2.1474683544303796,3.1474683544303796,4972,1580.0,0.3579113924050633,stop,True,82.11738145304844
longbench_v2,spec_casc_tok,alpha0.15,case_041,0,ok,1.6902654867256637,2.6902654867256635,302,113.0,0.28171091445427726,stop,True,90.30550401424989
longbench_v2,spec_casc_tok,alpha0.15,case_042,0,ok,1.3625377643504533,2.3625377643504533,782,331.0,0.22708962739174218,stop,True,72.419097492937
longbench_v2,spec_casc_tok,alpha0.15,case_043,0,ok,1.8020565552699228,2.802056555269923,1090,389.0,0.3003427592116538,stop,True,37.41041223099455
longbench_v2,spec_casc_tok,alpha0.15,case_044,0,ok,1.6714285714285715,2.6714285714285717,934,350.0,0.2785714285714286,stop,True,101.02916722092777
longbench_v2,spec_casc_tok,alpha0.15,case_045,0,ok,2.3969319271332696,3.3969319271332696,3544,1043.0,0.39948865452221155,stop,True,116.86866747913882
longbench_v2,spec_casc_tok,alpha0.15,case_046,0,ok,1.5502092050209204,2.5502092050209204,1218,478.0,0.2583682008368201,stop,True,112.75243448512629
longbench_v2,spec_casc_tok,alpha0.15,case_047,0,ok,2.271812080536913,3.271812080536913,970,298.0,0.3786353467561521,stop,True,65.9238533359021
longbench_v2,spec_casc_tok,alpha0.15,case_048,0,ok,1.4536340852130325,2.4536340852130323,979,399.0,0.24227234753550542,stop,True,65.512168682646
longbench_v2,spec_casc_tok,alpha0.15,case_049,0,ok,2.1794285714285713,3.1794285714285713,2780,875.0,0.36323809523809525,stop,True,99.54576580692083
longbench_v2,spec_casc_tok,alpha0.15,case_050,0,ok,2.1125,3.1125,2739,880.0,0.35208333333333336,stop,True,61.02739422302693
longbench_v2,spec_casc_tok,alpha0.15,case_051,0,ok,1.9662921348314606,2.966292134831461,2641,890.0,0.32771535580524347,stop,True,124.91395634505898
longbench_v2,spec_casc_tok,alpha0.15,case_052,0,ok,1.3611491108071136,2.361149110807114,1726,731.0,0.2268581851345189,stop,True,128.21693129604682
longbench_v2,spec_casc_tok,alpha0.15,case_053,0,ok,1.9193548387096775,2.9193548387096775,723,248.0,0.31989247311827956,stop,True,62.682555046863854
longbench_v2,spec_casc_tok,alpha0.15,case_054,0,ok,2.494047619047619,3.494047619047619,584,168.0,0.4156746031746032,stop,True,47.80480536771938
longbench_v2,spec_casc_tok,alpha0.15,case_055,0,ok,1.8422330097087378,2.842233009708738,1171,412.0,0.3070388349514563,stop,True,64.54574468918145
longbench_v2,spec_casc_tok,alpha0.15,case_056,0,ok,2.1522842639593907,3.1522842639593907,619,197.0,0.3587140439932318,stop,True,41.02022500894964
longbench_v2,spec_casc_tok,alpha0.15,case_057,0,ok,1.9795221843003412,2.9795221843003414,872,293.0,0.32992036405005687,stop,True,63.36206787219271
longbench_v2,spec_casc_tok,alpha0.15,case_058,0,ok,2.7621621621621624,3.7621621621621624,1391,370.0,0.4603603603603604,stop,True,67.23401962965727
longbench_v2,spec_casc_tok,alpha0.15,case_059,0,ok,1.6826923076923077,2.6826923076923075,556,208.0,0.28044871794871795,stop,True,53.7507393900305
longbench_v2,spec_casc_tok,alpha0.15,case_060,0,ok,1.6967621419676213,2.6967621419676213,4332,1606.0,0.2827936903279369,stop,True,100.59358637500554
longbench_v2,spec_casc_tok,alpha0.15,case_061,0,ok,2.1105802047781568,3.1105802047781568,4555,1465.0,0.35176336746302617,stop,True,58.14167893305421
longbench_v2,spec_casc_tok,alpha0.15,case_062,0,ok,1.7880341880341881,2.788034188034188,1632,585.0,0.298005698005698,stop,True,93.80326627613977
longbench_v2,spec_casc_tok,alpha0.15,case_063,0,ok,2.272727272727273,3.272727272727273,394,121.0,0.3787878787878788,stop,True,40.090359188150615
longbench_v2,spec_casc_tok,alpha0.15,case_064,0,ok,2.4081632653061225,3.4081632653061225,333,98.0,0.4013605442176871,stop,True,43.31974662700668
longbench_v2,spec_casc_tok,alpha0.15,case_065,0,ok,2.2865168539325844,3.2865168539325844,1168,356.0,0.38108614232209737,stop,True,44.58000018214807
longbench_v2,spec_casc_tok,alpha0.15,case_066,0,ok,2.402439024390244,3.402439024390244,277,82.0,0.40040650406504064,stop,True,35.795952978078276
longbench_v2,spec_casc_tok,alpha0.15,case_067,0,ok,2.5,3.5,1293,370.0,0.4166666666666667,stop,True,70.41652931785211
longbench_v2,spec_casc_tok,alpha0.15,case_068,0,ok,1.956175298804781,2.956175298804781,1483,502.0,0.32602921646746347,stop,True,67.38299604598433
longbench_v2,spec_casc_tok,alpha0.15,case_069,0,ok,1.742663656884876,2.7426636568848757,1214,443.0,0.290443942814146,stop,True,79.07250971812755
longbench_v2,spec_casc_tok,alpha0.15,case_070,0,ok,2.4797979797979797,3.4797979797979797,688,198.0,0.4132996632996633,stop,True,45.450060164090246
longbench_v2,spec_casc_tok,alpha0.15,case_071,0,ok,1.825,2.825,1469,520.0,0.30416666666666664,stop,True,67.30325399897993
longbench_v2,spec_casc_tok,alpha0.15,case_072,0,ok,3.1494252873563218,4.149425287356322,2164,522.0,0.524904214559387,stop,True,86.37374876998365
longbench_v2,spec_casc_tok,alpha0.15,case_073,0,ok,1.6527196652719665,2.6527196652719667,1268,478.0,0.2754532775453278,stop,True,91.7454740027897
longbench_v2,spec_casc_tok,alpha0.15,case_074,0,ok,2.0783132530120483,3.0783132530120483,1023,332.0,0.3463855421686747,stop,True,104.05960556212813
longbench_v2,spec_casc_tok,alpha0.15,case_075,0,ok,1.4495967741935485,2.4495967741935485,1215,496.0,0.2415994623655914,stop,True,103.20683867158368
longbench_v2,spec_casc_tok,alpha0.15,case_076,0,ok,1.8868613138686132,2.8868613138686134,789,274.0,0.31447688564476883,stop,True,46.9473534678109
longbench_v2,spec_casc_tok,alpha0.15,case_077,0,ok,1.4701986754966887,2.4701986754966887,746,302.0,0.24503311258278146,stop,True,105.27613175334409
longbench_v2,spec_casc_tok,alpha0.15,case_078,0,ok,1.6753246753246753,2.675324675324675,1235,462.0,0.2792207792207792,stop,True,91.76398356212303
longbench_v2,spec_casc_tok,alpha0.15,case_079,0,ok,1.808888888888889,2.808888888888889,632,225.0,0.30148148148148146,stop,True,80.67087948415428
longbench_v2,spec_casc_tok,alpha0.15,case_080,0,ok,2.08745247148289,3.08745247148289,811,263.0,0.34790874524714827,stop,True,58.534430973697454
longbench_v2,spec_casc_tok,alpha0.15,case_081,0,ok,1.8303249097472925,2.8303249097472927,784,277.0,0.30505415162454874,stop,True,46.72287955414504
longbench_v2,spec_casc_tok,alpha0.15,case_082,0,ok,1.7105263157894737,2.7105263157894735,205,76.0,0.2850877192982456,stop,True,67.72194948606193
longbench_v2,spec_casc_tok,alpha0.15,case_083,0,ok,2.1533242876526457,3.1533242876526457,2321,737.0,0.35888738127544095,stop,True,46.691367850173265
longbench_v2,spec_casc_tok,alpha0.15,case_084,0,ok,1.9745222929936306,2.9745222929936306,467,157.0,0.32908704883227174,stop,True,62.205443741288036
longbench_v2,spec_casc_tok,alpha0.15,case_085,0,ok,2.471014492753623,3.471014492753623,478,138.0,0.41183574879227053,stop,True,49.34304896183312
longbench_v2,spec_casc_tok,alpha0.15,case_086,0,ok,2.159090909090909,3.159090909090909,554,176.0,0.35984848484848486,stop,True,63.042465718928725
longbench_v2,spec_casc_tok,alpha0.15,case_087,0,ok,2.221024258760108,3.221024258760108,2390,742.0,0.3701707097933513,stop,True,48.60579713433981
longbench_v2,spec_casc_tok,alpha0.15,case_088,0,ok,2.248031496062992,3.248031496062992,824,254.0,0.3746719160104987,stop,True,90.1678081699647
longbench_v2,spec_casc_tok,alpha0.15,case_089,0,ok,1.8904109589041096,2.8904109589041096,631,219.0,0.3150684931506849,stop,True,43.792361182160676
longbench_v2,spec_casc_tok,alpha0.15,case_090,0,ok,1.8725490196078431,2.872549019607843,288,102.0,0.31209150326797386,stop,True,73.30374517617747
longbench_v2,spec_casc_tok,alpha0.15,case_091,0,ok,2.4660587639311045,3.4660587639311045,6841,1974.0,0.4110097939885174,stop,True,106.13640672992915
longbench_v2,spec_casc_tok,alpha0.15,case_092,0,ok,1.3736089030206677,2.373608903020668,1492,629.0,0.2289348171701113,stop,True,86.76402991684154
longbench_v2,spec_casc_tok,alpha0.15,case_093,0,ok,2.4484304932735426,3.4484304932735426,769,223.0,0.4080717488789238,stop,True,54.18352959258482
longbench_v2,spec_casc_tok,alpha0.15,case_094,0,ok,1.4489795918367347,2.4489795918367347,361,147.0,0.24149659863945577,stop,True,111.70590175595134
longbench_v2,spec_casc_tok,alpha0.15,case_095,0,ok,1.7943760984182777,2.7943760984182777,1588,569.0,0.29906268306971295,stop,True,112.1269009290263
longbench_v2,spec_casc_tok,alpha0.15,case_096,0,ok,3.0492813141683777,4.049281314168377,3942,974.0,0.5082135523613963,stop,True,63.836965647060424
longbench_v2,spec_casc_tok,alpha0.15,case_097,0,ok,2.174342105263158,3.174342105263158,2890,912.0,0.36239035087719296,stop,True,67.29465289227664
longbench_v2,spec_casc_tok,alpha0.15,case_098,0,ok,1.4946996466431095,2.4946996466431095,706,283.0,0.24911660777385158,stop,True,67.7426576721482
longbench_v2,spec_casc_tok,alpha0.15,case_099,0,ok,1.9573283858998145,2.9573283858998147,1592,539.0,0.3262213976499691,stop,True,66.57269148994237
longbench_v2,spec_casc_tok,alpha0.15,case_100,0,ok,3.1733067729083664,4.173306772908367,2094,502.0,0.5288844621513944,stop,True,85.37168563203886
longbench_v2,spec_casc_tok,alpha0.15,case_101,0,ok,2.1298701298701297,3.1298701298701297,8192,2618.0,0.354978354978355,length,False,114.70110698183998
longbench_v2,spec_casc_tok,alpha0.15,case_102,0,ok,2.0948678071539657,3.0948678071539657,1989,643.0,0.34914463452566097,stop,True,54.598836520221084
longbench_v2,spec_casc_tok,alpha0.15,case_103,0,ok,2.246031746031746,3.246031746031746,2045,630.0,0.37433862433862436,stop,True,49.91472091618925
longbench_v2,spec_casc_tok,alpha0.15,case_104,0,ok,1.9825870646766168,2.9825870646766166,2398,804.0,0.33043117744610284,stop,True,60.5246196067892
longbench_v2,spec_casc_tok,alpha0.15,case_105,0,ok,2.4203273040482345,3.4203273040482345,3970,1161.0,0.40338788400803904,stop,True,69.16143542295322
longbench_v2,spec_casc_tok,alpha0.15,case_106,0,ok,1.8976697061803445,2.8976697061803445,2859,987.0,0.3162782843633907,stop,True,81.11284880200401
longbench_v2,spec_casc_tok,alpha0.15,case_107,0,ok,1.3235294117647058,2.3235294117647056,632,272.0,0.22058823529411764,stop,True,86.04486348479986
longbench_v2,spec_casc_tok,alpha0.15,case_108,0,ok,1.6009852216748768,2.600985221674877,1057,406.0,0.26683087027914615,stop,True,115.90986706595868
longbench_v2,spec_casc_tok,alpha0.15,case_109,0,ok,2.178132678132678,3.178132678132678,2588,814.0,0.363022113022113,stop,True,114.47642225492746
longbench_v2,spec_casc_tok,alpha0.15,case_110,0,ok,2.330749354005168,3.330749354005168,1288,387.0,0.38845822566752797,stop,True,64.97957575367764
longbench_v2,spec_casc_tok,alpha0.15,case_111,0,ok,1.5604651162790697,2.5604651162790697,1099,430.0,0.26007751937984497,stop,True,92.92713322024792
longbench_v2,spec_casc_tok,alpha0.15,case_112,0,ok,1.8850574712643677,2.8850574712643677,501,174.0,0.31417624521072796,stop,True,65.26689587673172
longbench_v2,spec_casc_tok,alpha0.15,case_113,0,ok,1.7651821862348178,2.765182186234818,681,247.0,0.2941970310391363,stop,True,46.02299916790798
longbench_v2,spec_casc_tok,alpha0.15,case_114,0,ok,2.3488372093023258,3.3488372093023258,287,86.0,0.39147286821705424,stop,True,63.29242285620421
longbench_v2,spec_casc_tok,alpha0.15,case_115,0,ok,1.9754098360655739,2.975409836065574,725,244.0,0.3292349726775956,stop,True,54.8319216100499
longbench_v2,spec_casc_tok,alpha0.15,case_116,0,ok,2.4401772525849337,3.4401772525849337,2328,677.0,0.4066962087641556,stop,True,41.300051423255354
longbench_v2,spec_casc_tok,alpha0.15,case_117,0,ok,2.032258064516129,3.032258064516129,847,279.0,0.3387096774193548,stop,True,88.7383442837745
longbench_v2,spec_casc_tok,alpha0.15,case_118,0,ok,2.1658536585365855,3.1658536585365855,1296,410.0,0.36097560975609755,stop,True,36.001963262911886
longbench_v2,spec_casc_tok,alpha0.15,case_119,0,ok,1.9464285714285714,2.946428571428571,165,56.0,0.3244047619047619,stop,True,56.48868545982987
longbench_v2,spec_casc_tok,alpha0.15,case_120,0,ok,1.3146666666666667,2.3146666666666667,868,375.0,0.21911111111111112,stop,True,104.36295931506902
longbench_v2,spec_casc_tok,alpha0.15,case_121,0,ok,2.0720461095100866,3.0720461095100866,1065,347.0,0.34534101825168106,stop,True,64.74379437090829
longbench_v2,spec_casc_tok,alpha0.15,case_122,0,ok,1.332010582010582,2.3320105820105823,1762,756.0,0.22200176366843033,stop,True,117.31193469977006
longbench_v2,spec_casc_tok,alpha0.15,case_123,0,ok,2.0481283422459895,3.0481283422459895,1140,374.0,0.3413547237076649,stop,True,48.891037698835135
longbench_v2,spec_casc_tok,alpha0.15,case_124,0,ok,2.4404761904761907,3.4404761904761907,576,168.0,0.40674603174603174,stop,True,38.24900239892304
longbench_v2,spec_casc_tok,alpha0.15,case_125,0,ok,2.3346456692913384,3.3346456692913384,845,254.0,0.38910761154855644,stop,True,68.42714110482484
longbench_v2,spec_casc_tok,alpha0.15,case_126,0,ok,1.9178470254957507,2.9178470254957505,2058,706.0,0.31964117091595845,stop,True,87.06950650783256
longbench_v2,spec_casc_tok,alpha0.15,case_127,0,ok,1.3476702508960574,2.3476702508960576,652,279.0,0.22461170848267623,stop,True,76.81451910315081
longbench_v2,spec_casc_tok,alpha0.15,case_128,0,ok,1.9571045576407506,2.9571045576407506,1100,373.0,0.3261840929401251,stop,True,97.78357104817405
longbench_v2,spec_casc_tok,alpha0.15,case_129,0,ok,1.4930939226519337,2.4930939226519335,1805,724.0,0.2488489871086556,stop,True,84.60572528000921
longbench_v2,spec_casc_tok,alpha0.15,case_130,0,ok,2.241042345276873,3.241042345276873,993,307.0,0.3735070575461455,stop,True,50.177251833025366
longbench_v2,spec_casc_tok,alpha0.15,case_131,0,ok,2.7282608695652173,3.7282608695652173,1372,368.0,0.45471014492753625,stop,True,70.73244234267622
longbench_v2,spec_casc_tok,alpha0.15,case_132,0,ok,1.6830188679245284,2.6830188679245284,1423,530.0,0.28050314465408804,stop,True,95.61022073728964
longbench_v2,spec_casc_tok,alpha0.15,case_133,0,ok,1.8571428571428572,2.857142857142857,600,210.0,0.30952380952380953,stop,True,73.24076753202826
longbench_v2,spec_casc_tok,alpha0.15,case_134,0,ok,2.2552083333333335,3.2552083333333335,3122,960.0,0.3758680555555556,stop,True,46.938662801869214
longbench_v2,spec_casc_tok,alpha0.15,case_135,0,ok,2.498199279711885,3.498199279711885,2909,833.0,0.41636654661864747,stop,True,65.54924104968086
longbench_v2,spec_casc_tok,alpha0.15,case_136,0,ok,1.951403435274403,2.951403435274403,7044,2387.0,0.32523390587906714,stop,True,160.4379618591629
longbench_v2,spec_casc_tok,alpha0.15,case_137,0,ok,1.9404255319148935,2.9404255319148938,692,235.0,0.32340425531914896,stop,True,59.19136242615059
longbench_v2,spec_casc_tok,alpha0.15,case_138,0,ok,1.5861601085481682,2.5861601085481682,3811,1474.0,0.2643600180913614,stop,True,113.48512528883293
longbench_v2,spec_casc_tok,alpha0.15,case_139,0,ok,2.0631578947368423,3.0631578947368423,1455,475.0,0.34385964912280703,stop,True,116.61969567788765
longbench_v2,spec_casc_tok,alpha0.15,case_140,0,ok,2.3553875236294894,3.3553875236294894,3549,1058.0,0.3925645872715816,stop,True,73.46537396963686
longbench_v2,spec_casc_tok,alpha0.15,case_141,0,ok,2.0572033898305087,3.0572033898305087,1442,472.0,0.3428672316384181,stop,True,48.360908130183816
longbench_v2,spec_casc_tok,alpha0.15,case_142,0,ok,1.2509505703422052,2.250950570342205,592,263.0,0.20849176172370087,stop,True,71.71142564434558
longbench_v2,spec_casc_tok,alpha0.15,case_143,0,ok,2.5253623188405796,3.5253623188405796,971,276.0,0.42089371980676327,stop,True,102.73242641054094
longbench_v2,spec_casc_tok,alpha0.15,case_144,0,ok,1.9598629466470876,2.9598629466470876,6046,2043.0,0.3266438244411813,stop,True,74.71685939282179
longbench_v2,spec_casc_tok,alpha0.15,case_145,0,ok,1.7514880952380953,2.7514880952380953,1847,672.0,0.29191468253968256,stop,True,38.42812295630574
longbench_v2,spec_casc_tok,alpha0.15,case_146,0,ok,1.3372093023255813,2.337209302325581,200,86.0,0.22286821705426357,stop,True,40.019908843096346
longbench_v2,spec_casc_tok,alpha0.15,case_147,0,ok,2.2388059701492535,3.2388059701492535,1301,402.0,0.373134328358209,stop,True,52.22684688307345
longbench_v2,spec_casc_tok,alpha0.15,case_148,0,ok,2.036231884057971,3.036231884057971,837,276.0,0.3393719806763285,stop,True,64.99003378627822
longbench_v2,spec_casc_tok,alpha0.15,case_149,0,ok,1.8897243107769424,2.889724310776942,2306,798.0,0.31495405179615704,stop,True,67.99711690610275
longbench_v2,spec_casc_tok,alpha0.15,case_150,0,ok,2.324786324786325,3.324786324786325,389,117.0,0.38746438746438744,stop,True,40.843870671931654
longbench_v2,spec_casc_tok,alpha0.35,case_001,0,ok,1.839464882943144,2.839464882943144,847,299.0,0.30657748049052397,stop,True,95.57298388890922
longbench_v2,spec_casc_tok,alpha0.35,case_002,0,ok,2.0192926045016075,3.0192926045016075,938,311.0,0.3365487674169346,stop,True,116.01854573283345
longbench_v2,spec_casc_tok,alpha0.35,case_003,0,ok,1.6546489563567361,2.654648956356736,1399,527.0,0.275774826059456,stop,True,90.07049231557176
longbench_v2,spec_casc_tok,alpha0.55,case_001,0,ok,1.768060836501901,2.768060836501901,725,263.0,0.2946768060836502,stop,True,94.56859123893082
longbench_v2,spec_casc_tok,alpha0.55,case_002,0,ok,1.7914110429447854,2.7914110429447856,456,163.0,0.2985685071574642,stop,True,113.0243507642299
longbench_v2,spec_casc_tok,alpha0.55,case_003,0,ok,1.7735849056603774,2.7735849056603774,1173,424.0,0.29559748427672955,stop,True,88.01913490472361
longbench_v2,spec_casc_tok,alpha0.8,case_001,0,ok,2.341517857142857,3.341517857142857,1495,448.0,0.39025297619047616,stop,True,99.92698143981397
longbench_v2,spec_casc_tok,alpha0.8,case_002,0,ok,1.7961538461538462,2.796153846153846,725,260.0,0.29935897435897435,stop,True,115.13038576301187
longbench_v2,spec_casc_tok,alpha0.8,case_003,0,ok,2.2358490566037736,3.2358490566037736,338,106.0,0.37264150943396224,stop,True,81.19367188308388
longbench_v2,spec_casc_tok,alpha0.8,case_004,0,ok,2.7172131147540983,3.7172131147540983,3626,976.0,0.45286885245901637,stop,True,70.78942231927067
longbench_v2,spec_casc_tok,alpha0.8,case_005,0,ok,2.72,3.72,1022,275.0,0.4533333333333333,stop,True,37.56859199190512
longbench_v2,spec_casc_tok,alpha0.8,case_006,0,ok,2.198757763975155,3.198757763975155,4634,1449.0,0.36645962732919257,stop,True,96.07720574829727
longbench_v2,spec_casc_tok,alpha0.8,case_007,0,ok,1.519108280254777,2.519108280254777,790,314.0,0.2531847133757962,stop,True,107.00177671480924
longbench_v2,spec_casc_tok,alpha0.8,case_008,0,ok,3.3542713567839195,4.3542713567839195,1732,398.0,0.5590452261306532,stop,True,84.72892280202359
longbench_v2,spec_casc_tok,alpha0.8,case_009,0,ok,2.6423135464231353,3.6423135464231353,4784,1314.0,0.44038559107052255,stop,True,94.09204100584611
longbench_v2,spec_casc_tok,alpha0.8,case_010,0,ok,1.688235294117647,2.6882352941176473,458,170.0,0.28137254901960784,stop,True,99.3792155678384
longbench_v2,spec_casc_tok,alpha0.8,case_011,0,ok,2.873913043478261,3.873913043478261,889,230.0,0.4789855072463768,stop,True,56.32176120206714
longbench_v2,spec_casc_tok,alpha0.8,case_012,0,ok,1.8078817733990147,2.8078817733990147,569,203.0,0.3013136288998358,stop,True,42.839928407687694
longbench_v2,spec_casc_tok,alpha0.8,case_013,0,ok,2.1894736842105265,3.1894736842105265,604,190.0,0.3649122807017544,stop,True,63.74954750528559
longbench_v2,spec_casc_tok,alpha0.8,case_014,0,ok,2.314984709480122,3.314984709480122,2166,654.0,0.3858307849133537,stop,True,53.819847444072366
longbench_v2,spec_casc_tok,alpha0.8,case_015,0,ok,1.9484732824427482,2.948473282442748,1545,524.0,0.32474554707379133,stop,True,85.68865739833564
longbench_v2,spec_casc_tok,alpha0.8,case_016,0,ok,2.6842105263157894,3.6842105263157894,768,209.0,0.4473684210526316,stop,True,42.72588998591527
longbench_v2,spec_casc_tok,alpha0.8,case_017,0,ok,2.8114754098360657,3.8114754098360657,464,122.0,0.4685792349726776,stop,True,45.84998827893287
longbench_v2,spec_casc_tok,alpha0.8,case_018,0,ok,2.810071942446043,3.810071942446043,2645,695.0,0.4683453237410072,stop,True,62.36587323900312
longbench_v2,spec_casc_tok,alpha0.8,case_019,0,ok,2.0482758620689654,3.0482758620689654,442,145.0,0.3413793103448276,stop,True,68.49548104638234
longbench_v2,spec_casc_tok,alpha0.8,case_020,0,ok,1.481638418079096,2.481638418079096,1758,708.0,0.246939736346516,stop,True,123.24280225578696
longbench_v2,spec_casc_tok,alpha0.8,case_021,0,ok,2.4829268292682927,3.4829268292682927,714,205.0,0.4138211382113821,stop,True,41.32459780294448
longbench_v2,spec_casc_tok,alpha0.8,case_022,0,ok,2.554006968641115,3.554006968641115,1019,287.0,0.4256678281068525,stop,True,33.23970822384581
longbench_v2,spec_casc_tok,alpha0.8,case_023,0,ok,1.8270676691729324,2.8270676691729326,1128,399.0,0.30451127819548873,stop,True,111.23189260903746
longbench_v2,spec_casc_tok,alpha0.8,case_024,0,ok,2.6658576051779934,3.6658576051779934,4531,1236.0,0.4443096008629989,stop,True,69.84016200480983
longbench_v2,spec_casc_tok,alpha0.8,case_025,0,ok,1.9553264604810996,2.9553264604811,861,291.0,0.3258877434135166,stop,True,102.92942502023652
longbench_v2,spec_casc_tok,alpha0.8,case_026,0,ok,2.543859649122807,3.543859649122807,807,228.0,0.4239766081871345,stop,True,62.450247338972986
longbench_v2,spec_casc_tok,alpha0.8,case_027,0,ok,2.5361904761904763,3.5361904761904763,3713,1050.0,0.4226984126984127,stop,True,59.62648577801883
longbench_v2,spec_casc_tok,alpha0.8,case_028,0,ok,2.638888888888889,3.638888888888889,1049,288.0,0.4398148148148148,stop,True,64.11982108419761
longbench_v2,spec_casc_tok,alpha0.8,case_029,0,ok,2.8694992412746587,3.8694992412746587,2550,659.0,0.4782498735457764,stop,True,40.502484291791916
longbench_v2,spec_casc_tok,alpha0.8,case_030,0,ok,3.0241286863270775,4.024128686327078,1498,373.0,0.5040214477211796,stop,True,66.92221984732896
longbench_v2,spec_casc_tok,alpha0.8,case_031,0,ok,1.9228441754916792,2.9228441754916794,1928,661.0,0.32047402924861323,stop,True,113.61653604730964
longbench_v2,spec_casc_tok,alpha0.8,case_032,0,ok,2.0340969632392114,3.0340969632392114,5694,1877.0,0.3390161605398686,stop,True,107.1083810729906
longbench_v2,spec_casc_tok,alpha0.8,case_033,0,ok,3.558201058201058,4.558201058201059,1722,378.0,0.5930335097001763,stop,True,83.08615875383839
longbench_v2,spec_casc_tok,alpha0.8,case_034,0,ok,2.0597014925373136,3.0597014925373136,818,268.0,0.34328358208955223,stop,True,54.137514282017946
longbench_v2,spec_casc_tok,alpha0.8,case_035,0,ok,2.4132841328413286,3.4132841328413286,925,271.0,0.4022140221402214,stop,True,46.893633522093296
longbench_v2,spec_casc_tok,alpha0.8,case_036,0,ok,3.1908256880733945,4.190825688073394,2284,545.0,0.5318042813455658,stop,True,44.08594861906022
longbench_v2,spec_casc_tok,alpha0.8,case_037,0,ok,2.7220543806646527,3.7220543806646527,1232,331.0,0.45367573011077544,stop,True,51.54565026285127
longbench_v2,spec_casc_tok,alpha0.8,case_038,0,ok,2.116923076923077,3.116923076923077,1011,325.0,0.3528205128205128,stop,True,52.74807625915855
longbench_v2,spec_casc_tok,alpha0.8,case_039,0,ok,2.0130505709624797,3.0130505709624797,1843,613.0,0.3355084284937466,stop,True,63.49054469214752
longbench_v2,spec_casc_tok,alpha0.8,case_040,0,ok,2.251196172248804,3.251196172248804,1358,418.0,0.3751993620414673,stop,True,56.11651967512444
longbench_v2,spec_casc_tok,alpha0.8,case_041,0,ok,1.860759493670886,2.8607594936708862,902,316.0,0.310126582278481,stop,True,94.05654505919665
longbench_v2,spec_casc_tok,alpha0.8,case_042,0,ok,1.8035190615835777,2.803519061583578,955,341.0,0.30058651026392963,stop,True,72.43081529112533
longbench_v2,spec_casc_tok,alpha0.8,case_043,0,ok,2.2827380952380953,3.2827380952380953,1103,336.0,0.3804563492063492,stop,True,36.36606631008908
longbench_v2,spec_casc_tok,alpha0.8,case_044,0,ok,2.3235785953177257,3.3235785953177257,3975,1196.0,0.38726309921962093,stop,True,119.21073396829888
longbench_v2,spec_casc_tok,alpha0.8,case_045,0,ok,2.7295197740112993,3.7295197740112993,5282,1416.0,0.4549199623352166,stop,True,125.6026022201404
longbench_v2,spec_casc_tok,alpha0.8,case_046,0,ok,1.98109243697479,2.98109243697479,1418,476.0,0.33018207282913165,stop,True,112.46050714701414
longbench_v2,spec_casc_tok,alpha0.8,case_047,0,ok,2.831730769230769,3.831730769230769,1591,416.0,0.4719551282051282,stop,True,68.16791960597038
longbench_v2,spec_casc_tok,alpha0.8,case_048,0,ok,1.9554455445544554,2.9554455445544554,1195,404.0,0.3259075907590759,stop,True,65.23410553997383
longbench_v2,spec_casc_tok,alpha0.8,case_049,0,ok,2.413207547169811,3.413207547169811,1808,530.0,0.40220125786163524,stop,True,92.05430598184466
longbench_v2,spec_casc_tok,alpha0.8,case_050,0,ok,2.6957383548067395,3.6957383548067395,3729,1009.0,0.44928972580112325,stop,True,64.54798308480531
longbench_v2,spec_casc_tok,alpha0.8,case_051,0,ok,2.2486544671689987,3.2486544671689987,3019,929.0,0.3747757445281665,stop,True,127.06994734704494
longbench_v2,spec_casc_tok,alpha0.8,case_052,0,ok,1.570281124497992,2.570281124497992,1281,498.0,0.2617135207496653,stop,True,125.19278197735548
longbench_v2,spec_casc_tok,alpha0.8,case_053,0,ok,1.8248175182481752,2.8248175182481754,386,137.0,0.30413625304136255,stop,True,62.1210235231556
longbench_v2,spec_casc_tok,alpha0.8,case_054,0,ok,2.486988847583643,3.486988847583643,936,269.0,0.4144981412639405,stop,True,51.07491320790723
longbench_v2,spec_casc_tok,alpha0.8,case_055,0,ok,2.3622047244094486,3.3622047244094486,2133,635.0,0.3937007874015748,stop,True,71.01529600610957
longbench_v2,spec_casc_tok,alpha0.8,case_056,0,ok,2.4681647940074907,3.4681647940074907,927,267.0,0.41136079900124844,stop,True,43.48261462524533
longbench_v2,spec_casc_tok,alpha0.8,case_057,0,ok,2.185567010309278,3.185567010309278,618,194.0,0.3642611683848797,stop,True,61.624546493403614
longbench_v2,spec_casc_tok,alpha0.8,case_058,0,ok,3.2639751552795033,4.263975155279503,1373,322.0,0.5439958592132506,stop,True,66.62205239431933
longbench_v2,spec_casc_tok,alpha0.8,case_059,0,ok,2.1133333333333333,3.1133333333333333,465,150.0,0.3522222222222222,stop,True,53.047317946795374
longbench_v2,spec_casc_tok,alpha0.8,case_060,0,ok,1.9991003148897886,2.9991003148897883,6667,2223.0,0.33318338581496476,stop,True,115.22209666203707
longbench_v2,spec_casc_tok,alpha0.8,case_061,0,ok,2.65896843725943,3.65896843725943,4750,1299.0,0.4431614062099051,stop,True,56.80854462692514
longbench_v2,spec_casc_tok,alpha0.8,case_062,0,ok,2.203856749311295,3.203856749311295,1161,363.0,0.3673094582185491,stop,True,90.0514634619467
longbench_v2,spec_casc_tok,alpha0.8,case_063,0,ok,2.7971014492753623,3.7971014492753623,525,138.0,0.46618357487922707,stop,True,40.79734967881814
longbench_v2,spec_casc_tok,alpha0.8,case_064,0,ok,2.5402298850574714,3.5402298850574714,924,261.0,0.42337164750957856,stop,True,46.81348641123623
longbench_v2,spec_casc_tok,alpha0.8,case_065,0,ok,2.3783783783783785,3.3783783783783785,498,148.0,0.3963963963963964,stop,True,40.05565494438633
longbench_v2,spec_casc_tok,alpha0.8,case_066,0,ok,3.375,4.375,491,112.0,0.5625,stop,True,36.47770263068378
longbench_v2,spec_casc_tok,alpha0.8,case_067,0,ok,3.289094650205761,4.289094650205762,4170,972.0,0.5481824417009602,stop,True,85.48528664698824
longbench_v2,spec_casc_tok,alpha0.8,case_068,0,ok,2.1209964412811386,3.1209964412811386,1754,562.0,0.3534994068801898,stop,True,68.86726015107706
longbench_v2,spec_casc_tok,alpha0.8,case_069,0,ok,1.9248826291079812,2.924882629107981,623,213.0,0.3208137715179969,stop,True,74.68684851424769
longbench_v2,spec_casc_tok,alpha0.8,case_070,0,ok,2.726973684210526,3.726973684210526,1131,304.0,0.4544956140350877,stop,True,48.004092077258974
longbench_v2,spec_casc_tok,alpha0.8,case_071,0,ok,2.1140065146579805,3.1140065146579805,955,307.0,0.3523344191096634,stop,True,63.33766049379483
longbench_v2,spec_casc_tok,alpha0.8,case_072,0,ok,3.0511811023622046,4.051181102362205,2055,508.0,0.5085301837270341,stop,True,86.22189288912341
longbench_v2,spec_casc_tok,alpha0.8,case_073,0,ok,1.6247755834829443,2.6247755834829443,1462,557.0,0.27079593058049073,stop,True,93.03675319533795
longbench_v2,spec_casc_tok,alpha0.8,case_074,0,ok,2.0449826989619377,3.0449826989619377,880,289.0,0.3408304498269896,stop,True,102.86162623716518
longbench_v2,spec_casc_tok,alpha0.8,case_075,0,ok,1.8831710709318499,2.8831710709318497,2073,719.0,0.3138618451553083,stop,True,108.63744025118649
longbench_v2,spec_casc_tok,alpha0.8,case_076,0,ok,2.242857142857143,3.242857142857143,679,210.0,0.3738095238095238,stop,True,45.97651618113741
longbench_v2,spec_casc_tok,alpha0.8,case_077,0,ok,1.3859154929577464,2.3859154929577464,847,355.0,0.23098591549295774,stop,True,106.27739012613893
longbench_v2,spec_casc_tok,alpha0.8,case_078,0,ok,1.9836734693877551,2.983673469387755,731,245.0,0.3306122448979592,stop,True,86.98792294971645
longbench_v2,spec_casc_tok,alpha0.8,case_079,0,ok,1.766990291262136,2.766990291262136,285,103.0,0.29449838187702265,stop,True,77.68910804297775
longbench_v2,spec_casc_tok,alpha0.8,case_080,0,ok,2.213675213675214,3.213675213675214,375,117.0,0.36894586894586895,stop,True,55.30716661410406
longbench_v2,spec_casc_tok,alpha0.8,case_081,0,ok,2.159375,3.159375,1011,320.0,0.35989583333333336,stop,True,47.60338418185711
longbench_v2,spec_casc_tok,alpha0.8,case_082,0,ok,2.1232876712328768,3.1232876712328768,228,73.0,0.3538812785388128,stop,True,67.60164438001812
longbench_v2,spec_casc_tok,alpha0.8,case_083,0,ok,2.3285024154589373,3.3285024154589373,2066,621.0,0.38808373590982287,stop,True,44.252693546935916
longbench_v2,spec_casc_tok,alpha0.8,case_084,0,ok,2.7387387387387387,3.7387387387387387,1243,333.0,0.45645645645645644,stop,True,66.48591465270147
longbench_v2,spec_casc_tok,alpha0.8,case_085,0,ok,2.8583815028901736,3.8583815028901736,1333,346.0,0.47639691714836224,stop,True,54.047012362629175
longbench_v2,spec_casc_tok,alpha0.8,case_086,0,ok,2.476510067114094,3.476510067114094,518,149.0,0.412751677852349,stop,True,62.73594476794824
longbench_v2,spec_casc_tok,alpha0.8,case_087,0,ok,2.6738836265223274,3.6738836265223274,2715,739.0,0.4456472710870546,stop,True,49.23743386706337
longbench_v2,spec_casc_tok,alpha0.8,case_088,0,ok,2.384083044982699,3.384083044982699,978,289.0,0.3973471741637832,stop,True,91.03887133160606
longbench_v2,spec_casc_tok,alpha0.8,case_089,0,ok,2.359060402684564,3.359060402684564,999,298.0,0.3931767337807606,stop,True,46.35055421618745
longbench_v2,spec_casc_tok,alpha0.8,case_090,0,ok,1.8177339901477831,2.817733990147783,572,203.0,0.30295566502463056,stop,True,75.59282606607303
longbench_v2,spec_casc_tok,alpha0.8,case_091,0,ok,2.8055555555555554,3.8055555555555554,2190,576.0,0.4675925925925926,stop,True,75.15894297370687
longbench_v2,spec_casc_tok,alpha0.8,case_092,0,ok,1.6767241379310345,2.6767241379310347,1239,464.0,0.27945402298850575,stop,True,83.18946756003425
longbench_v2,spec_casc_tok,alpha0.8,case_093,0,ok,2.6348547717842323,3.6348547717842323,874,241.0,0.4391424619640387,stop,True,54.64121400984004
longbench_v2,spec_casc_tok,alpha0.8,case_094,0,ok,1.764957264957265,2.764957264957265,648,234.0,0.29415954415954415,stop,True,114.0367109128274
longbench_v2,spec_casc_tok,alpha0.8,case_095,0,ok,2.321243523316062,3.321243523316062,1281,386.0,0.38687392055267705,stop,True,109.01141161285341
longbench_v2,spec_casc_tok,alpha0.8,case_096,0,ok,3.315028901734104,4.315028901734104,2986,692.0,0.552504816955684,stop,True,57.29111055005342
longbench_v2,spec_casc_tok,alpha0.8,case_097,0,ok,2.5213270142180093,3.5213270142180093,1486,422.0,0.42022116903633494,stop,True,57.52934269886464
longbench_v2,spec_casc_tok,alpha0.8,case_098,0,ok,1.998236331569665,2.998236331569665,1697,567.0,0.33303938859494414,stop,True,74.31681845104322
longbench_v2,spec_casc_tok,alpha0.8,case_099,0,ok,2.2092391304347827,3.2092391304347827,1178,368.0,0.36820652173913043,stop,True,63.345837854314595
longbench_v2,spec_casc_tok,alpha0.8,case_100,0,ok,3.5240793201133145,4.524079320113314,1597,353.0,0.5873465533522191,stop,True,82.51927976496518
longbench_v2,spec_casc_tok,alpha0.8,case_101,0,ok,2.837470725995316,3.837470725995316,8192,2135.0,0.47291178766588604,length,False,110.49256266700104
longbench_v2,spec_casc_tok,alpha0.8,case_102,0,ok,2.216666666666667,3.216666666666667,577,180.0,0.36944444444444446,stop,True,45.40251895599067
longbench_v2,spec_casc_tok,alpha0.8,case_103,0,ok,2.5306122448979593,3.5306122448979593,864,245.0,0.4217687074829932,stop,True,42.09745968179777
longbench_v2,spec_casc_tok,alpha0.8,case_104,0,ok,2.3530434782608696,3.3530434782608696,1926,575.0,0.39217391304347826,stop,True,56.32622970500961
longbench_v2,spec_casc_tok,alpha0.8,case_105,0,ok,2.788732394366197,3.788732394366197,1073,284.0,0.4647887323943662,stop,True,50.158398693893105
longbench_v2,spec_casc_tok,alpha0.8,case_106,0,ok,1.7952380952380953,2.795238095238095,5283,1890.0,0.2992063492063492,stop,True,99.88630326185375
longbench_v2,spec_casc_tok,alpha0.8,case_107,0,ok,1.8558558558558558,2.8558558558558556,1901,666.0,0.30930930930930933,stop,True,94.65279141999781
longbench_v2,spec_casc_tok,alpha0.8,case_108,0,ok,1.8181818181818181,2.8181818181818183,1241,440.0,0.30303030303030304,stop,True,117.5080721960403
longbench_v2,spec_casc_tok,alpha0.8,case_109,0,ok,3.688963210702341,4.688963210702341,1399,299.0,0.6148272017837235,stop,True,104.60640265513211
longbench_v2,spec_casc_tok,alpha0.8,case_110,0,ok,2.723175965665236,3.723175965665236,1734,466.0,0.453862660944206,stop,True,66.96966923587024
longbench_v2,spec_casc_tok,alpha0.8,case_111,0,ok,2.511764705882353,3.511764705882353,1791,510.0,0.41862745098039217,stop,True,95.73254404077306
longbench_v2,spec_casc_tok,alpha0.8,case_112,0,ok,1.9363957597173145,2.9363957597173145,829,283.0,0.32273262661955243,stop,True,67.73135915538296
longbench_v2,spec_casc_tok,alpha0.8,case_113,0,ok,2.0257510729613735,3.0257510729613735,702,233.0,0.3376251788268956,stop,True,46.05318867228925
longbench_v2,spec_casc_tok,alpha0.8,case_114,0,ok,2.303030303030303,3.303030303030303,110,33.0,0.3838383838383838,stop,True,62.083526517264545
longbench_v2,spec_casc_tok,alpha0.8,case_115,0,ok,2.152941176470588,3.152941176470588,803,255.0,0.3588235294117647,stop,True,55.254082036204636
longbench_v2,spec_casc_tok,alpha0.8,case_116,0,ok,3.064655172413793,4.064655172413794,2826,696.0,0.5107758620689655,stop,True,43.06175215682015
longbench_v2,spec_casc_tok,alpha0.8,case_117,0,ok,2.466204506065858,3.466204506065858,1999,577.0,0.41103408434430966,stop,True,96.05228095594794
longbench_v2,spec_casc_tok,alpha0.8,case_118,0,ok,3.036475869809203,4.036475869809204,7192,1782.0,0.5060793116348672,stop,True,68.7097149877809
longbench_v2,spec_casc_tok,alpha0.8,case_119,0,ok,3.311111111111111,4.311111111111111,195,45.0,0.5518518518518518,stop,True,56.645120210945606
longbench_v2,spec_casc_tok,alpha0.8,case_120,0,ok,1.613879003558719,2.613879003558719,1469,562.0,0.26897983392645314,stop,True,109.23645567987114
longbench_v2,spec_casc_tok,alpha0.8,case_121,0,ok,2.675287356321839,3.675287356321839,1278,348.0,0.44588122605363983,stop,True,65.39212125120685
longbench_v2,spec_casc_tok,alpha0.8,case_122,0,ok,1.6259640102827764,2.625964010282776,2043,778.0,0.27099400171379606,stop,True,118.85440510278568
longbench_v2,spec_casc_tok,alpha0.8,case_123,0,ok,2.2313624678663238,3.2313624678663238,1257,389.0,0.3718937446443873,stop,True,49.5495132021606
longbench_v2,spec_casc_tok,alpha0.8,case_124,0,ok,2.7447916666666665,3.7447916666666665,717,192.0,0.4574652777777778,stop,True,39.05290877074003
longbench_v2,spec_casc_tok,alpha0.8,case_125,0,ok,2.7319277108433737,3.7319277108433737,1239,332.0,0.45532128514056225,stop,True,70.39047825802118
longbench_v2,spec_casc_tok,alpha0.8,case_126,0,ok,2.2519083969465647,3.2519083969465647,1703,524.0,0.3753180661577608,stop,True,84.43755775503814
longbench_v2,spec_casc_tok,alpha0.8,case_127,0,ok,1.565217391304348,2.5652173913043477,1237,483.0,0.2608695652173913,stop,True,81.29379788879305
longbench_v2,spec_casc_tok,alpha0.8,case_128,0,ok,2.0130718954248366,3.0130718954248366,459,153.0,0.3355119825708061,stop,True,93.71811002818868
longbench_v2,spec_casc_tok,alpha0.8,case_129,0,ok,2.191800878477306,3.191800878477306,2177,683.0,0.36530014641288433,stop,True,85.20942027820274
longbench_v2,spec_casc_tok,alpha0.8,case_130,0,ok,2.463878326996198,3.463878326996198,3640,1052.0,0.41064638783269963,stop,True,66.67172482376918
longbench_v2,spec_casc_tok,alpha0.8,case_131,0,ok,2.5188916876574305,3.5188916876574305,1397,397.0,0.41981528127623846,stop,True,71.56937604118139
longbench_v2,spec_casc_tok,alpha0.8,case_132,0,ok,2.215311004784689,3.215311004784689,671,209.0,0.36921850079744817,stop,True,89.61952584190294
longbench_v2,spec_casc_tok,alpha0.8,case_133,0,ok,2.2713414634146343,3.2713414634146343,1073,328.0,0.3785569105691057,stop,True,76.31527216825634
longbench_v2,spec_casc_tok,alpha0.8,case_134,0,ok,2.5149051490514904,3.5149051490514904,1295,369.0,0.41915085817524844,stop,True,35.08451673295349
longbench_v2,spec_casc_tok,alpha0.8,case_135,0,ok,2.9812583668005357,3.9812583668005357,2971,747.0,0.4968763944667559,stop,True,65.15981185389683
longbench_v2,spec_casc_tok,alpha0.8,case_136,0,ok,1.709090909090909,2.709090909090909,1339,495.0,0.28484848484848485,stop,True,119.00549009395763
longbench_v2,spec_casc_tok,alpha0.8,case_137,0,ok,2.085616438356164,3.085616438356164,1800,584.0,0.3476027397260274,stop,True,65.98041234211996
longbench_v2,spec_casc_tok,alpha0.8,case_138,0,ok,1.4937759336099585,2.4937759336099585,601,241.0,0.24896265560165975,stop,True,89.07366003515199
longbench_v2,spec_casc_tok,alpha0.8,case_139,0,ok,2.127458693941778,3.127458693941778,3974,1271.0,0.35457644899029633,stop,True,134.18530062399805
longbench_v2,spec_casc_tok,alpha0.8,case_140,0,ok,2.4598337950138505,3.4598337950138505,2498,722.0,0.4099722991689751,stop,True,66.65422877902165
longbench_v2,spec_casc_tok,alpha0.8,case_141,0,ok,2.723333333333333,3.723333333333333,1117,300.0,0.4538888888888889,stop,True,45.25559018040076
longbench_v2,spec_casc_tok,alpha0.8,case_142,0,ok,1.602510460251046,2.602510460251046,622,239.0,0.2670850767085077,stop,True,71.57611368130893
longbench_v2,spec_casc_tok,alpha0.8,case_143,0,ok,2.5531914893617023,3.5531914893617023,2005,564.0,0.425531914893617,stop,True,109.35196698410437
longbench_v2,spec_casc_tok,alpha0.8,case_144,0,ok,2.5945565462224307,3.5945565462224307,7659,2131.0,0.4324260910370718,stop,True,79.56429132586345
longbench_v2,spec_casc_tok,alpha0.8,case_145,0,ok,2.372146118721461,3.372146118721461,2954,876.0,0.3953576864535769,stop,True,43.63210131879896
longbench_v2,spec_casc_tok,alpha0.8,case_146,0,ok,1.8285714285714285,2.8285714285714283,198,70.0,0.3047619047619048,stop,True,39.939042987301946
longbench_v2,spec_casc_tok,alpha0.8,case_147,0,ok,2.5047801147227533,3.5047801147227533,1831,523.0,0.41746335245379224,stop,True,55.103308838326484
longbench_v2,spec_casc_tok,alpha0.8,case_148,0,ok,2.260869565217391,3.260869565217391,299,92.0,0.37681159420289856,stop,True,61.07063762890175
longbench_v2,spec_casc_tok,alpha0.8,case_149,0,ok,2.689189189189189,3.689189189189189,1091,296.0,0.44819819819819817,stop,True,58.36532647814602
longbench_v2,spec_casc_tok,alpha0.8,case_150,0,ok,2.795918367346939,3.795918367346939,371,98.0,0.46598639455782315,stop,True,40.370021572336555
longbench_v2,strict,strict,case_001,0,ok,2.2231075697211153,3.2231075697211153,807,251.0,0.3705179282868526,stop,True,95.20216490514576
longbench_v2,strict,strict,case_002,0,ok,1.199004975124378,2.199004975124378,443,201.0,0.1998341625207297,stop,True,113.32098023127764
longbench_v2,strict,strict,case_003,0,ok,1.4645476772616137,2.4645476772616135,1008,409.0,0.24409127954360227,stop,True,87.71866392670199
longbench_v2,strict,strict,case_004,0,ok,2.024663677130045,3.024663677130045,1348,446.0,0.3374439461883408,stop,True,57.352381160948426
longbench_v2,strict,strict,case_005,0,ok,1.8325892857142858,2.8325892857142856,1268,448.0,0.3054315476190476,stop,True,42.45756012573838
longbench_v2,strict,strict,case_006,0,ok,1.7050523441055985,2.7050523441055985,5942,2197.0,0.28417539068426645,stop,True,110.18643488083035
longbench_v2,strict,strict,case_007,0,ok,1.5686274509803921,2.568627450980392,786,306.0,0.26143790849673204,stop,True,106.37328736297786
longbench_v2,strict,strict,case_008,0,ok,2.3006211180124225,3.3006211180124225,2656,805.0,0.38343685300207037,stop,True,93.5228673205711
longbench_v2,strict,strict,case_009,0,ok,2.8735632183908044,3.8735632183908044,1684,435.0,0.4789272030651341,stop,True,72.98323010606691
longbench_v2,strict,strict,case_010,0,ok,1.4867724867724867,2.4867724867724865,468,189.0,0.24779541446208111,stop,True,99.66322165494785
longbench_v2,strict,strict,case_011,0,ok,1.5390070921985815,2.5390070921985815,357,141.0,0.2565011820330969,stop,True,53.74410970089957
longbench_v2,strict,strict,case_012,0,ok,1.4606741573033708,2.460674157303371,875,356.0,0.24344569288389514,stop,True,45.59642839990556
longbench_v2,strict,strict,case_013,0,ok,1.8070175438596492,2.807017543859649,318,114.0,0.30116959064327486,stop,True,62.172192780300975
longbench_v2,strict,strict,case_014,0,ok,1.7002881844380404,2.7002881844380404,1873,694.0,0.28338136407300674,stop,True,53.84772106911987
longbench_v2,strict,strict,case_015,0,ok,1.5685131195335278,2.568513119533528,881,343.0,0.26141885325558795,stop,True,81.30567443091422
longbench_v2,strict,strict,case_016,0,ok,2.2783018867924527,3.2783018867924527,693,212.0,0.37971698113207547,stop,True,42.978259105701
longbench_v2,strict,strict,case_017,0,ok,1.8246753246753247,2.824675324675325,434,154.0,0.3041125541125541,stop,True,46.70148898102343
longbench_v2,strict,strict,case_018,0,ok,2.5841463414634145,3.5841463414634145,2938,820.0,0.4306910569105691,stop,True,65.75188287114725
longbench_v2,strict,strict,case_019,0,ok,1.7386934673366834,2.7386934673366836,545,199.0,0.2897822445561139,stop,True,69.74944998510182
longbench_v2,strict,strict,case_020,0,ok,1.1642335766423357,2.164233576642336,594,274.0,0.1940389294403893,stop,True,114.709362805821
longbench_v2,strict,strict,case_021,0,ok,2.0348258706467663,3.0348258706467663,609,201.0,0.33913764510779437,stop,True,41.0430292529054
longbench_v2,strict,strict,case_022,0,ok,2.1538461538461537,3.1538461538461537,533,169.0,0.358974358974359,stop,True,30.438967427238822
longbench_v2,strict,strict,case_023,0,ok,1.4236252545824848,2.423625254582485,1190,491.0,0.23727087576374745,stop,True,113.01816156692803
longbench_v2,strict,strict,case_024,0,ok,2.2963503649635038,3.2963503649635038,2256,685.0,0.3827250608272506,stop,True,56.71050995308906
longbench_v2,strict,strict,case_025,0,ok,2.136029411764706,3.136029411764706,852,272.0,0.3560049019607843,stop,True,103.45955598400906
longbench_v2,strict,strict,case_026,0,ok,2.2017543859649122,3.2017543859649122,363,114.0,0.3669590643274854,stop,True,60.672620008699596
longbench_v2,strict,strict,case_027,0,ok,2.037533512064343,3.037533512064343,2264,746.0,0.33958891867739055,stop,True,52.8304325141944
longbench_v2,strict,strict,case_028,0,ok,2.3313008130081303,3.3313008130081303,1639,492.0,0.38855013550135503,stop,True,68.54293922800571
longbench_v2,strict,strict,case_029,0,ok,2.0348101265822787,3.0348101265822787,956,316.0,0.3391350210970464,stop,True,32.09117108769715
longbench_v2,strict,strict,case_030,0,ok,2.577962577962578,3.577962577962578,1721,481.0,0.42966042966042967,stop,True,68.75499495025724
longbench_v2,strict,strict,case_031,0,ok,1.6114839671886652,2.611483967188665,3503,1341.0,0.26858066119811086,stop,True,126.00982761522755
longbench_v2,strict,strict,case_032,0,ok,1.738709677419355,2.738709677419355,1698,620.0,0.28978494623655915,stop,True,79.55538883293048
longbench_v2,strict,strict,case_033,0,ok,2.354217854217854,3.354217854217854,8192,2442.0,0.3923696423696424,length,False,128.0108665181324
longbench_v2,strict,strict,case_034,0,ok,1.713347921225383,2.713347921225383,1240,457.0,0.2855579868708972,stop,True,58.5174027942121
longbench_v2,strict,strict,case_035,0,ok,2.126736111111111,3.126736111111111,1801,576.0,0.35445601851851855,stop,True,53.59867442585528
longbench_v2,strict,strict,case_036,0,ok,2.2441471571906355,3.2441471571906355,1941,598.0,0.37402452619843923,stop,True,44.71030565910041
longbench_v2,strict,strict,case_037,0,ok,2.53781512605042,3.53781512605042,842,238.0,0.42296918767507,stop,True,50.133828497026116
longbench_v2,strict,strict,case_038,0,ok,2.051194539249147,3.051194539249147,893,293.0,0.34186575654152446,stop,True,52.46835666382685
longbench_v2,strict,strict,case_039,0,ok,1.4517241379310344,2.451724137931034,711,290.0,0.24195402298850574,stop,True,56.56174653535709
longbench_v2,strict,strict,case_040,0,ok,2.118811881188119,3.118811881188119,2205,707.0,0.35313531353135313,stop,True,62.60943932412192
longbench_v2,strict,strict,case_041,0,ok,1.762278978388998,2.762278978388998,1405,509.0,0.293713163064833,stop,True,97.96164070582017
longbench_v2,strict,strict,case_042,0,ok,1.6518987341772151,2.651898734177215,417,158.0,0.27531645569620256,stop,True,68.68614385882393
longbench_v2,strict,strict,case_043,0,ok,1.8167330677290836,2.816733067729084,707,251.0,0.30278884462151395,stop,True,34.546878853812814
longbench_v2,strict,strict,case_044,0,ok,1.504524886877828,2.504524886877828,2212,884.0,0.25075414781297134,stop,True,111.53410501219332
longbench_v2,strict,strict,case_045,0,ok,2.227979274611399,3.227979274611399,8100,2509.0,0.37132987910189985,stop,True,147.73862619977444
longbench_v2,strict,strict,case_046,0,ok,1.5273833671399595,2.5273833671399597,1247,493.0,0.25456389452332656,stop,True,113.1125883962959
longbench_v2,strict,strict,case_047,0,ok,1.897338403041825,2.897338403041825,763,263.0,0.3162230671736375,stop,True,64.60483252769336
longbench_v2,strict,strict,case_048,0,ok,1.59882005899705,2.59882005899705,882,339.0,0.2664700098328417,stop,True,64.18800225201994
longbench_v2,strict,strict,case_049,0,ok,1.6979434447300772,2.697943444730077,2098,778.0,0.2829905741216795,stop,True,96.93461471702904
longbench_v2,strict,strict,case_050,0,ok,1.8919925512104283,2.8919925512104285,1554,537.0,0.3153320918684047,stop,True,53.49188730400056
longbench_v2,strict,strict,case_051,0,ok,1.8163522012578617,2.8163522012578617,2240,795.0,0.3027253668763103,stop,True,123.5888407449238
longbench_v2,strict,strict,case_052,0,ok,1.5264550264550265,2.5264550264550265,1907,756.0,0.25440917107583777,stop,True,129.07884101895615
longbench_v2,strict,strict,case_053,0,ok,1.1071428571428572,2.107142857142857,296,140.0,0.18452380952380953,stop,True,60.30567385815084
longbench_v2,strict,strict,case_054,0,ok,2.4563106796116503,3.4563106796116503,1068,309.0,0.40938511326860844,stop,True,50.97108938684687
longbench_v2,strict,strict,case_055,0,ok,1.5045045045045045,2.5045045045045047,833,333.0,0.25075075075075076,stop,True,62.76260844897479
longbench_v2,strict,strict,case_056,0,ok,2.142857142857143,3.142857142857143,703,224.0,0.35714285714285715,stop,True,41.56833058595657
longbench_v2,strict,strict,case_057,0,ok,2.076923076923077,3.076923076923077,720,234.0,0.34615384615384615,stop,True,61.73778614588082
longbench_v2,strict,strict,case_058,0,ok,2.9682539682539684,3.9682539682539684,999,252.0,0.4947089947089947,stop,True,64.32115026097745
longbench_v2,strict,strict,case_059,0,ok,1.7590361445783131,2.759036144578313,916,332.0,0.2931726907630522,stop,True,55.90121979592368
longbench_v2,strict,strict,case_060,0,ok,1.7634952766531713,2.7634952766531713,8192,2964.0,0.2939158794421952,length,False,127.27217299770564
longbench_v2,strict,strict,case_061,0,ok,2.0359550561797755,3.0359550561797755,2700,890.0,0.3393258426966292,stop,True,46.03835730580613
longbench_v2,strict,strict,case_062,0,ok,1.6765799256505576,2.6765799256505574,1437,538.0,0.27942998760842624,stop,True,92.8915592492558
longbench_v2,strict,strict,case_063,0,ok,2.182242990654206,3.182242990654206,678,214.0,0.3637071651090343,stop,True,42.111730091273785
longbench_v2,strict,strict,case_064,0,ok,1.8416666666666666,2.841666666666667,682,240.0,0.30694444444444446,stop,True,46.10479918308556
longbench_v2,strict,strict,case_065,0,ok,2.2824858757062145,3.2824858757062145,580,177.0,0.3804143126177024,stop,True,40.637797428295016
longbench_v2,strict,strict,case_066,0,ok,2.128205128205128,3.128205128205128,244,78.0,0.3547008547008547,stop,True,35.2921950542368
longbench_v2,strict,strict,case_067,0,ok,2.2520435967302452,3.2520435967302452,2386,734.0,0.3753405994550409,stop,True,77.75630277767777
longbench_v2,strict,strict,case_068,0,ok,2.017001545595054,3.017001545595054,1952,647.0,0.3361669242658423,stop,True,70.36069134017453
longbench_v2,strict,strict,case_069,0,ok,1.6726546906187625,2.6726546906187627,1339,501.0,0.27877578176979373,stop,True,80.15613066079095
longbench_v2,strict,strict,case_070,0,ok,2.276018099547511,3.276018099547511,722,221.0,0.3793363499245852,stop,True,45.784049110952765
longbench_v2,strict,strict,case_071,0,ok,1.8728813559322033,2.8728813559322033,2373,826.0,0.3121468926553672,stop,True,73.25964241288602
longbench_v2,strict,strict,case_072,0,ok,2.709537572254335,3.709537572254335,2567,692.0,0.4515895953757225,stop,True,89.7109964126721
longbench_v2,strict,strict,case_073,0,ok,1.6502057613168724,2.6502057613168724,1287,486.0,0.27503429355281206,stop,True,92.0482072881423
longbench_v2,strict,strict,case_074,0,ok,1.9289099526066351,2.9289099526066353,616,211.0,0.32148499210110587,stop,True,101.38220817688853
longbench_v2,strict,strict,case_075,0,ok,1.6411214953271027,2.641121495327103,1414,535.0,0.2735202492211838,stop,True,104.28847518889233
longbench_v2,strict,strict,case_076,0,ok,1.8791946308724832,2.879194630872483,856,298.0,0.3131991051454139,stop,True,47.52499942108989
longbench_v2,strict,strict,case_077,0,ok,1.7083333333333333,2.708333333333333,1431,528.0,0.2847222222222222,stop,True,110.16531033301726
longbench_v2,strict,strict,case_078,0,ok,1.444,2.444,1222,500.0,0.24066666666666667,stop,True,91.77201981889084
longbench_v2,strict,strict,case_079,0,ok,1.9080459770114941,2.9080459770114944,253,87.0,0.31800766283524906,stop,True,77.78528558090329
longbench_v2,strict,strict,case_080,0,ok,1.5099601593625498,2.50996015936255,628,251.0,0.25166002656042497,stop,True,57.76650060014799
longbench_v2,strict,strict,case_081,0,ok,1.5616666666666668,2.5616666666666665,1536,600.0,0.2602777777777778,stop,True,52.85026246216148
longbench_v2,strict,strict,case_082,0,ok,1.8319327731092436,2.8319327731092434,337,119.0,0.30532212885154064,stop,True,68.54908163286746
longbench_v2,strict,strict,case_083,0,ok,1.7164948453608246,2.716494845360825,526,194.0,0.2860824742268041,stop,True,34.67021043179557
longbench_v2,strict,strict,case_084,0,ok,2.2056737588652484,3.2056737588652484,452,141.0,0.367612293144208,stop,True,61.31033022329211
longbench_v2,strict,strict,case_085,0,ok,2.272727272727273,3.272727272727273,613,187.0,0.3787878787878788,stop,True,49.72110655810684
longbench_v2,strict,strict,case_086,0,ok,2.3,3.3,395,120.0,0.38333333333333336,stop,True,61.63039480475709
longbench_v2,strict,strict,case_087,0,ok,1.9353846153846155,2.9353846153846153,953,325.0,0.32256410256410256,stop,True,39.2926901220344
longbench_v2,strict,strict,case_088,0,ok,2.930591259640103,3.930591259640103,1528,389.0,0.4884318766066838,stop,True,93.50060936668888
longbench_v2,strict,strict,case_089,0,ok,2.265151515151515,3.265151515151515,861,264.0,0.37752525252525254,stop,True,44.99957790225744
longbench_v2,strict,strict,case_090,0,ok,1.85,2.85,396,140.0,0.30833333333333335,stop,True,74.16713993623853
longbench_v2,strict,strict,case_091,0,ok,2.528957528957529,3.528957528957529,1827,518.0,0.4214929214929215,stop,True,73.81638993183151
longbench_v2,strict,strict,case_092,0,ok,1.2839805825242718,2.283980582524272,942,412.0,0.2139967637540453,stop,True,81.51634167088196
longbench_v2,strict,strict,case_093,0,ok,1.6898876404494383,2.689887640449438,1197,445.0,0.28164794007490634,stop,True,57.7660212861374
longbench_v2,strict,strict,case_094,0,ok,1.6145833333333333,2.614583333333333,1003,384.0,0.2690972222222222,stop,True,116.29257477028295
longbench_v2,strict,strict,case_095,0,ok,2.066666666666667,3.066666666666667,460,150.0,0.34444444444444444,stop,True,103.40749075775966
longbench_v2,strict,strict,case_096,0,ok,2.4487109160724083,3.4487109160724083,6285,1823.0,0.408118486012068,stop,True,81.23285205988213
longbench_v2,strict,strict,case_097,0,ok,2.1035398230088496,3.1035398230088496,3507,1130.0,0.35058997050147495,stop,True,71.70641607791185
longbench_v2,strict,strict,case_098,0,ok,1.4791666666666667,2.479166666666667,474,192.0,0.2465277777777778,stop,True,66.53289809264243
longbench_v2,strict,strict,case_099,0,ok,1.8101851851851851,2.810185185185185,608,216.0,0.30169753086419754,stop,True,59.96403982397169
longbench_v2,strict,strict,case_100,0,ok,3.202626641651032,4.202626641651031,2240,533.0,0.5337711069418386,stop,True,86.7189229959622
longbench_v2,strict,strict,case_101,0,ok,2.084179970972424,3.084179970972424,2124,689.0,0.34736332849540397,stop,True,74.71415528981015
longbench_v2,strict,strict,case_102,0,ok,1.8463687150837989,2.846368715083799,1019,358.0,0.30772811918063314,stop,True,48.6425489326939
longbench_v2,strict,strict,case_103,0,ok,2.5910290237467017,3.5910290237467017,1362,379.0,0.4318381706244503,stop,True,44.72126122470945
longbench_v2,strict,strict,case_104,0,ok,1.9854368932038835,2.9854368932038833,1230,412.0,0.3309061488673139,stop,True,52.052008028142154
longbench_v2,strict,strict,case_105,0,ok,1.9328,2.9328000000000003,1833,625.0,0.3221333333333333,stop,True,56.206269764341414
longbench_v2,strict,strict,case_106,0,ok,1.4634361233480175,2.4634361233480178,5591,2270.0,0.24390602055800295,stop,True,104.3609867640771
longbench_v2,strict,strict,case_107,0,ok,1.291060291060291,2.2910602910602913,1100,481.0,0.2151767151767152,stop,True,89.504488972947
longbench_v2,strict,strict,case_108,0,ok,1.501039501039501,2.501039501039501,1203,481.0,0.25017325017325015,stop,True,117.3274424849078
longbench_v2,strict,strict,case_109,0,ok,2.0168539325842696,3.0168539325842696,1075,356.0,0.33614232209737827,stop,True,105.35232178401202
longbench_v2,strict,strict,case_110,0,ok,1.772079772079772,2.7720797720797723,973,351.0,0.29534662867996203,stop,True,63.39297552173957
longbench_v2,strict,strict,case_111,0,ok,1.5290858725761773,2.5290858725761773,913,361.0,0.2548476454293629,stop,True,91.01625733729452
longbench_v2,strict,strict,case_112,0,ok,2.340659340659341,3.340659340659341,303,91.0,0.3901098901098901,stop,True,63.59441604372114
longbench_v2,strict,strict,case_113,0,ok,1.8177339901477831,2.817733990147783,572,203.0,0.30295566502463056,stop,True,44.896286707837135
longbench_v2,strict,strict,case_114,0,ok,1.8410596026490067,2.8410596026490067,430,151.0,0.3068432671081678,stop,True,63.85529179498553
longbench_v2,strict,strict,case_115,0,ok,1.6188524590163935,2.6188524590163933,639,244.0,0.2698087431693989,stop,True,54.47924165194854
longbench_v2,strict,strict,case_116,0,ok,2.4145299145299144,3.4145299145299144,797,234.0,0.4024216524216524,stop,True,31.677791191264987
longbench_v2,strict,strict,case_117,0,ok,1.9056603773584906,2.9056603773584904,2617,901.0,0.31761006289308175,stop,True,101.49273164616898
longbench_v2,strict,strict,case_118,0,ok,2.1069609507640066,3.1069609507640066,1829,589.0,0.3511601584606678,stop,True,39.859476084355265
longbench_v2,strict,strict,case_119,0,ok,1.8020304568527918,2.802030456852792,551,197.0,0.3003384094754653,stop,True,59.47573496773839
longbench_v2,strict,strict,case_120,0,ok,1.4417040358744395,2.4417040358744395,1090,446.0,0.24028400597907323,stop,True,105.769661067985
longbench_v2,strict,strict,case_121,0,ok,1.8326506729081333,2.8326506729081333,4841,1709.0,0.30544177881802226,stop,True,92.51882764091715
longbench_v2,strict,strict,case_122,0,ok,1.347041847041847,2.3470418470418473,3252,1386.0,0.22450697450697452,stop,True,130.1581926397048
longbench_v2,strict,strict,case_123,0,ok,1.9340101522842639,2.934010152284264,578,197.0,0.3223350253807107,stop,True,45.24941915599629
longbench_v2,strict,strict,case_124,0,ok,1.9887640449438202,2.98876404494382,1596,534.0,0.33146067415730335,stop,True,45.633880484849215
longbench_v2,strict,strict,case_125,0,ok,1.7447698744769875,2.7447698744769875,654,239.0,0.2907949790794979,stop,True,67.61146540660411
longbench_v2,strict,strict,case_126,0,ok,1.8525714285714285,2.8525714285714283,2494,875.0,0.30876190476190474,stop,True,90.74750486109406
longbench_v2,strict,strict,case_127,0,ok,1.4391304347826086,2.4391304347826086,561,230.0,0.2398550724637681,stop,True,76.82640481879935
longbench_v2,strict,strict,case_128,0,ok,1.7555205047318612,2.7555205047318614,1747,634.0,0.29258675078864355,stop,True,103.67743007279932
longbench_v2,strict,strict,case_129,0,ok,1.8366412213740457,2.8366412213740455,1857,655.0,0.3061068702290076,stop,True,84.29425700102001
longbench_v2,strict,strict,case_130,0,ok,2.0229885057471266,3.0229885057471266,1578,522.0,0.3371647509578544,stop,True,54.97116854088381
longbench_v2,strict,strict,case_131,0,ok,2.0864197530864197,3.0864197530864197,2248,729.0,0.3477366255144033,stop,True,77.93984536221251
longbench_v2,strict,strict,case_132,0,ok,1.7766497461928934,2.776649746192893,1093,394.0,0.2961082910321489,stop,True,93.45756481587887
longbench_v2,strict,strict,case_133,0,ok,1.6322869955156951,2.6322869955156953,3521,1338.0,0.27204783258594917,stop,True,95.61988024087623
longbench_v2,strict,strict,case_134,0,ok,1.9776876267748478,2.9776876267748476,1468,493.0,0.32961460446247465,stop,True,36.6642914977856
longbench_v2,strict,strict,case_135,0,ok,2.4208494208494207,3.4208494208494207,885,259.0,0.4034749034749035,stop,True,52.521827346179634
longbench_v2,strict,strict,case_136,0,ok,1.6589595375722543,2.6589595375722546,2759,1038.0,0.2764932562620424,stop,True,130.22002203203738
longbench_v2,strict,strict,case_137,0,ok,1.8599439775910365,2.8599439775910365,1019,357.0,0.3099906629318394,stop,True,61.32626664079726
longbench_v2,strict,strict,case_138,0,ok,1.2120481927710844,2.2120481927710847,916,415.0,0.20200803212851406,stop,True,92.20877519482747
longbench_v2,strict,strict,case_139,0,ok,1.8072164948453608,2.8072164948453606,2723,970.0,0.30120274914089346,stop,True,126.35449754679576
longbench_v2,strict,strict,case_140,0,ok,1.8548895899053628,2.854889589905363,1808,634.0,0.30914826498422715,stop,True,63.42018431285396
longbench_v2,strict,strict,case_141,0,ok,1.852112676056338,2.852112676056338,1215,426.0,0.3086854460093897,stop,True,46.99565228121355
longbench_v2,strict,strict,case_142,0,ok,1.604,2.604,1302,500.0,0.2673333333333333,stop,True,76.55510169500485
longbench_v2,strict,strict,case_143,0,ok,2.1470588235294117,3.1470588235294117,964,306.0,0.35784313725490197,stop,True,103.28368638828397
longbench_v2,strict,strict,case_144,0,ok,1.7556420233463035,2.7556420233463035,3541,1285.0,0.2926070038910506,stop,True,57.786716361995786
longbench_v2,strict,strict,case_145,0,ok,1.8455497382198953,2.845549738219895,1087,382.0,0.3075916230366492,stop,True,32.7184652951546
longbench_v2,strict,strict,case_146,0,ok,1.8695652173913044,2.8695652173913047,198,69.0,0.3115942028985507,stop,True,39.89357587089762
longbench_v2,strict,strict,case_147,0,ok,2.176470588235294,3.176470588235294,1024,323.0,0.3627450980392157,stop,True,50.378557099960744
longbench_v2,strict,strict,case_148,0,ok,1.8305084745762712,2.830508474576271,334,118.0,0.3050847457627119,stop,True,61.739381628111005
longbench_v2,strict,strict,case_149,0,ok,1.891634980988593,2.8916349809885933,1519,526.0,0.3152724968314322,stop,True,62.49146008398384
longbench_v2,strict,strict,case_150,0,ok,2.581818181818182,3.581818181818182,196,55.0,0.4303030303030303,stop,True,39.43193800980225
