dataset,method,params,case,seed,status,l_bar,mean_accept_length,output_tokens,draft_rounds,draft_acceptance_rate,finish_reason,reached_final_channel,wall_time_seconds
longbench_v2_qwen3,cactus,alpha0.03,case_001,0,ok,0.35489833641404805,1.354898336414048,734,541.0,0.059149722735674676,stop,False,11.732239218894392
longbench_v2_qwen3,cactus,alpha0.03,case_002,0,ok,0.7419786096256684,1.7419786096256684,1303,748.0,0.12366310160427807,stop,False,16.673701629973948
longbench_v2_qwen3,cactus,alpha0.03,case_003,0,ok,0.4101123595505618,1.4101123595505618,1005,712.0,0.06835205992509363,stop,False,13.592366881202906
longbench_v2_qwen3,cactus,alpha0.03,case_004,0,ok,1.570841889117043,2.570841889117043,2505,974.0,0.2618069815195072,stop,False,15.85236284788698
longbench_v2_qwen3,cactus,alpha0.03,case_005,0,ok,1.6059225512528474,2.6059225512528474,1142,439.0,0.26765375854214124,stop,False,7.04447725834325
longbench_v2_qwen3,cactus,alpha0.03,case_006,0,ok,1.325264750378215,2.325264750378215,3075,1322.0,0.22087745839636913,stop,False,22.482873602304608
longbench_v2_qwen3,cactus,alpha0.03,case_007,0,ok,0.5516431924882629,1.551643192488263,1323,852.0,0.09194053208137715,stop,False,17.631467239931226
longbench_v2_qwen3,cactus,alpha0.03,case_008,0,ok,1.3774417139256458,2.377441713925646,3774,1587.0,0.22957361898760764,stop,False,27.62584102898836
longbench_v2_qwen3,cactus,alpha0.03,case_009,0,ok,1.4698039215686274,2.4698039215686274,6299,2550.0,0.24496732026143792,stop,False,42.1883716029115
longbench_v2_qwen3,cactus,alpha0.03,case_010,0,ok,0.7960741548527808,1.7960741548527808,1648,917.0,0.1326790258087968,stop,False,18.31414349330589
longbench_v2_qwen3,cactus,alpha0.03,case_011,0,ok,1.620146904512067,2.620146904512067,2498,953.0,0.2700244840853445,stop,False,15.80600213399157
longbench_v2_qwen3,cactus,alpha0.03,case_012,0,ok,1.6836027713625865,2.6836027713625867,1160,433.0,0.2806004618937644,stop,False,7.254609894938767
longbench_v2_qwen3,cactus,alpha0.03,case_013,0,ok,0.6499189627228525,1.6499189627228525,1019,617.0,0.10831982712047541,stop,False,13.136516829021275
longbench_v2_qwen3,cactus,alpha0.03,case_014,0,ok,1.817891373801917,2.817891373801917,4411,1565.0,0.3029818956336528,stop,False,36.98861569818109
longbench_v2_qwen3,cactus,alpha0.03,case_015,0,ok,1.320754716981132,2.3207547169811322,2707,1166.0,0.22012578616352202,stop,False,28.607317874673754
longbench_v2_qwen3,cactus,alpha0.03,case_016,0,ok,2.4467515070328196,3.4467515070328196,5145,1493.0,0.4077919178388033,stop,False,37.018011789768934
longbench_v2_qwen3,cactus,alpha0.03,case_017,0,ok,0.7617728531855956,1.7617728531855956,637,361.0,0.12696214219759927,stop,False,8.254828948061913
longbench_v2_qwen3,cactus,alpha0.03,case_018,0,ok,3.0955,4.0954999999999995,8192,2000.0,0.5159166666666667,length,False,54.801175999920815
longbench_v2_qwen3,cactus,alpha0.03,case_019,0,ok,2.7342752962625343,3.7342752962625343,8192,2194.0,0.45571254937708905,length,False,58.99198831291869
longbench_v2_qwen3,cactus,alpha0.03,case_020,0,ok,1.0752587017873942,2.0752587017873942,2206,1063.0,0.17920978363123236,stop,False,28.411225528921932
longbench_v2_qwen3,cactus,alpha0.03,case_021,0,ok,0.7587939698492462,1.758793969849246,699,398.0,0.12646566164154105,stop,False,8.746991909109056
longbench_v2_qwen3,cactus,alpha0.03,case_022,0,ok,1.2466165413533834,2.2466165413533834,1493,665.0,0.20776942355889724,stop,False,14.404979727696627
longbench_v2_qwen3,cactus,alpha0.03,case_023,0,ok,2.104829210836278,3.104829210836278,2637,849.0,0.35080486847271297,stop,False,25.29836596129462
longbench_v2_qwen3,cactus,alpha0.03,case_024,0,ok,1.2742857142857142,2.274285714285714,1588,700.0,0.2123809523809524,stop,False,16.109439942985773
longbench_v2_qwen3,cactus,alpha0.03,case_025,0,ok,1.3756567425569177,2.3756567425569175,2714,1142.0,0.22927612375948628,stop,False,30.318032355979085
longbench_v2_qwen3,cactus,alpha0.03,case_026,0,ok,1.4091176470588236,2.4091176470588236,8192,3400.0,0.2348529411764706,length,False,79.22481069900095
longbench_v2_qwen3,cactus,alpha0.03,case_027,0,ok,0.9244663382594417,1.9244663382594416,1170,609.0,0.15407772304324027,stop,False,13.307717301882803
longbench_v2_qwen3,cactus,alpha0.03,case_028,0,ok,1.653125,2.653125,1699,640.0,0.2755208333333333,stop,False,16.27279653120786
longbench_v2_qwen3,cactus,alpha0.03,case_029,0,ok,2.146067415730337,3.146067415730337,3359,1068.0,0.35767790262172283,stop,False,25.0983457560651
longbench_v2_qwen3,cactus,alpha0.03,case_030,0,ok,1.5449438202247192,2.544943820224719,8155,3204.0,0.25749063670411987,stop,False,75.14540594583377
longbench_v2_qwen3,cactus,alpha0.03,case_031,0,ok,0.563919532770928,1.563919532770928,2411,1541.0,0.09398658879515466,stop,False,36.81552414689213
longbench_v2_qwen3,cactus,alpha0.03,case_032,0,ok,1.2146718146718147,2.2146718146718145,2869,1295.0,0.20244530244530246,stop,False,30.98027347587049
longbench_v2_qwen3,cactus,alpha0.03,case_033,0,ok,1.4633431085043989,2.463343108504399,3361,1364.0,0.24389051808406648,stop,False,33.820931158959866
longbench_v2_qwen3,cactus,alpha0.03,case_034,0,ok,1.133408071748879,2.133408071748879,1902,892.0,0.1889013452914798,stop,False,20.379622148815542
longbench_v2_qwen3,cactus,alpha0.03,case_035,0,ok,1.5631720430107527,2.563172043010753,1906,744.0,0.26052867383512546,stop,False,17.48364831507206
longbench_v2_qwen3,cactus,alpha0.03,case_036,0,ok,1.5909645909645909,2.5909645909645906,2123,819.0,0.26516076516076514,stop,False,18.630736813880503
longbench_v2_qwen3,cactus,alpha0.03,case_037,0,ok,2.499348109517601,3.499348109517601,2685,767.0,0.4165580182529335,stop,False,20.20441615395248
longbench_v2_qwen3,cactus,alpha0.03,case_038,0,ok,2.3698347107438016,3.3698347107438016,3261,968.0,0.3949724517906336,stop,False,24.918377606663853
longbench_v2_qwen3,cactus,alpha0.03,case_039,0,ok,2.8112745098039214,3.8112745098039214,6219,1632.0,0.46854575163398693,stop,False,43.506990872789174
longbench_v2_qwen3,cactus,alpha0.03,case_040,0,ok,2.3470031545741326,3.3470031545741326,3182,951.0,0.3911671924290221,stop,False,24.458425180986524
longbench_v2_qwen3,cactus,alpha0.03,case_041,0,ok,1.1456077015643802,2.14560770156438,1784,831.0,0.19093461692739672,stop,False,21.815210419707
longbench_v2_qwen3,cactus,alpha0.03,case_042,0,ok,2.1540238737004236,3.1540238737004236,8192,2597.0,0.3590039789500706,length,False,66.98052638908848
longbench_v2_qwen3,cactus,alpha0.03,case_043,0,ok,2.9463937621832357,3.9463937621832357,4050,1026.0,0.4910656270305393,stop,False,26.463496934156865
longbench_v2_qwen3,cactus,alpha0.03,case_044,0,ok,0.514817950889077,1.5148179508890771,1790,1181.0,0.08580299181484617,stop,False,28.45829842519015
longbench_v2_qwen3,cactus,alpha0.03,case_045,0,ok,1.1819392647842302,2.18193926478423,8192,3754.0,0.19698987746403837,length,False,93.428044967819
longbench_v2_qwen3,cactus,alpha0.03,case_046,0,ok,1.3333333333333333,2.333333333333333,1996,855.0,0.2222222222222222,stop,False,24.68230829993263
longbench_v2_qwen3,cactus,alpha0.03,case_047,0,ok,0.7738095238095238,1.7738095238095237,2385,1344.0,0.12896825396825398,stop,False,30.183888693805784
longbench_v2_qwen3,cactus,alpha0.03,case_048,0,ok,4.1136079900124844,5.1136079900124844,8192,1602.0,0.6856013316687474,length,False,48.436064346227795
longbench_v2_qwen3,cactus,alpha0.03,case_049,0,ok,1.4466403162055337,2.4466403162055337,3096,1265.0,0.24110671936758893,stop,False,32.41092288913205
longbench_v2_qwen3,cactus,alpha0.03,case_050,0,ok,2.5739041794087667,3.5739041794087667,3504,981.0,0.4289840299014611,stop,False,25.226599402725697
longbench_v2_qwen3,cactus,alpha0.03,case_051,0,ok,0.9478092783505154,1.9478092783505154,3024,1552.0,0.15796821305841924,stop,False,38.08712502522394
longbench_v2_qwen3,cactus,alpha0.03,case_052,0,ok,1.146524064171123,2.146524064171123,2008,935.0,0.1910873440285205,stop,False,26.21661876095459
longbench_v2_qwen3,cactus,alpha0.03,case_053,0,ok,3.337037037037037,4.337037037037037,8192,1890.0,0.5561728395061728,length,False,53.2175081865862
longbench_v2_qwen3,cactus,alpha0.03,case_054,0,ok,1.0865874363327674,2.0865874363327674,1230,589.0,0.18109790605546122,stop,False,13.651028182823211
longbench_v2_qwen3,cactus,alpha0.03,case_055,0,ok,3.1642094560244027,4.164209456024403,8192,1967.0,0.5273682426707338,length,False,54.57522311108187
longbench_v2_qwen3,cactus,alpha0.03,case_056,0,ok,1.4264367816091954,2.4264367816091954,2111,870.0,0.23773946360153256,stop,False,19.849024614784867
longbench_v2_qwen3,cactus,alpha0.03,case_057,0,ok,3.2733437663015126,4.273343766301513,8192,1917.0,0.5455572943835855,length,False,54.043192053213716
longbench_v2_qwen3,cactus,alpha0.03,case_058,0,ok,1.4944349315068493,2.4944349315068495,5826,2336.0,0.2490724885844749,stop,False,54.85184028418735
longbench_v2_qwen3,cactus,alpha0.03,case_059,0,ok,0.8275862068965517,1.8275862068965516,1431,783.0,0.13793103448275862,stop,False,17.56134068313986
longbench_v2_qwen3,cactus,alpha0.03,case_060,0,ok,0.6075187969924812,1.6075187969924811,1070,665.0,0.1012531328320802,stop,False,15.647598089184612
longbench_v2_qwen3,cactus,alpha0.03,case_061,0,ok,1.756281407035176,2.7562814070351758,2195,796.0,0.292713567839196,stop,False,18.271351289004087
longbench_v2_qwen3,cactus,alpha0.03,case_062,0,ok,0.935672514619883,1.935672514619883,1323,684.0,0.15594541910331383,stop,False,17.83566572610289
longbench_v2_qwen3,cactus,alpha0.03,case_063,0,ok,1.0200633579725449,2.020063357972545,1914,947.0,0.1700105596620908,stop,False,20.74455690709874
longbench_v2_qwen3,cactus,alpha0.03,case_064,0,ok,1.1935975609756098,2.1935975609756095,1437,656.0,0.1989329268292683,stop,False,15.233101902995259
longbench_v2_qwen3,cactus,alpha0.03,case_065,0,ok,0.7083333333333334,1.7083333333333335,1024,600.0,0.11805555555555555,stop,False,12.921460655983537
longbench_v2_qwen3,cactus,alpha0.03,case_066,0,ok,2.0611979166666665,3.0611979166666665,2350,768.0,0.3435329861111111,stop,False,18.592009000014514
longbench_v2_qwen3,cactus,alpha0.03,case_067,0,ok,1.4779189352692075,2.4779189352692077,8192,3306.0,0.24631982254486792,length,False,78.2110660248436
longbench_v2_qwen3,cactus,alpha0.03,case_068,0,ok,1.087719298245614,2.087719298245614,1786,855.0,0.18128654970760233,stop,False,20.14874420920387
longbench_v2_qwen3,cactus,alpha0.03,case_069,0,ok,0.7611940298507462,1.7611940298507462,1063,603.0,0.12686567164179105,stop,False,14.92076323600486
longbench_v2_qwen3,cactus,alpha0.03,case_070,0,ok,1.924822695035461,2.924822695035461,2063,705.0,0.3208037825059102,stop,False,17.442279969342053
longbench_v2_qwen3,cactus,alpha0.03,case_071,0,ok,1.4444444444444444,2.4444444444444446,1211,495.0,0.24074074074074073,stop,False,12.683412805199623
longbench_v2_qwen3,cactus,alpha0.03,case_072,0,ok,1.4403131115459882,2.440313111545988,3742,1533.0,0.2400521852576647,stop,False,37.46250694710761
longbench_v2_qwen3,cactus,alpha0.03,case_073,0,ok,1.203499079189687,2.2034990791896867,2394,1086.0,0.2005831798649478,stop,False,27.05217051692307
longbench_v2_qwen3,cactus,alpha0.03,case_074,0,ok,0.7398680490103676,1.7398680490103677,1847,1061.0,0.12331134150172793,stop,False,26.774231581948698
longbench_v2_qwen3,cactus,alpha0.03,case_075,0,ok,0.5314207650273224,1.5314207650273224,1122,732.0,0.08857012750455373,stop,False,18.62895441474393
longbench_v2_qwen3,cactus,alpha0.03,case_076,0,ok,1.2932917316692667,2.2932917316692665,1470,641.0,0.21554862194487778,stop,False,14.81041381880641
longbench_v2_qwen3,cactus,alpha0.03,case_077,0,ok,2.1126468555632343,3.1126468555632343,4505,1447.0,0.35210780926053903,stop,False,40.26227757520974
longbench_v2_qwen3,cactus,alpha0.03,case_078,0,ok,1.6245847176079735,2.6245847176079735,2369,903.0,0.2707641196013289,stop,False,24.060371703002602
longbench_v2_qwen3,cactus,alpha0.03,case_079,0,ok,2.079754601226994,3.079754601226994,2511,815.0,0.34662576687116564,stop,False,22.060213716235012
longbench_v2_qwen3,cactus,alpha0.03,case_080,0,ok,0.8720626631853786,1.8720626631853787,1435,766.0,0.1453437771975631,stop,False,17.40790223982185
longbench_v2_qwen3,cactus,alpha0.03,case_081,0,ok,2.2495151906916613,3.2495151906916613,5028,1547.0,0.3749191984486102,stop,False,38.696551207918674
longbench_v2_qwen3,cactus,alpha0.03,case_082,0,ok,0.48243559718969553,1.4824355971896956,634,427.0,0.08040593286494926,stop,False,10.524967856239527
longbench_v2_qwen3,cactus,alpha0.03,case_083,0,ok,1.327783558792924,2.327783558792924,2238,961.0,0.22129725979882067,stop,False,21.075382478069514
longbench_v2_qwen3,cactus,alpha0.03,case_084,0,ok,1.3042876901798064,2.304287690179806,1665,723.0,0.2173812816966344,stop,False,17.6934702238068
longbench_v2_qwen3,cactus,alpha0.03,case_085,0,ok,1.0608247422680412,2.060824742268041,2000,970.0,0.17680412371134022,stop,False,21.72314460668713
longbench_v2_qwen3,cactus,alpha0.03,case_086,0,ok,0.7529880478087649,1.752988047808765,1321,753.0,0.1254980079681275,stop,False,17.33650496788323
longbench_v2_qwen3,cactus,alpha0.03,case_087,0,ok,2.6281138790035588,3.6281138790035588,4079,1124.0,0.43801897983392646,stop,False,28.276757614221424
longbench_v2_qwen3,cactus,alpha0.03,case_088,0,ok,1.1044487427466152,2.104448742746615,5441,2585.0,0.18407479045776917,stop,False,61.92775306198746
longbench_v2_qwen3,cactus,alpha0.03,case_089,0,ok,1.6983173076923077,2.6983173076923075,4489,1664.0,0.28305288461538464,stop,False,38.87705317698419
longbench_v2_qwen3,cactus,alpha0.03,case_090,0,ok,0.5714285714285714,1.5714285714285714,848,539.0,0.09523809523809523,stop,False,13.195752020925283
longbench_v2_qwen3,cactus,alpha0.03,case_091,0,ok,1.5420510037981552,2.5420510037981554,4686,1843.0,0.2570085006330259,stop,False,44.26405048696324
longbench_v2_qwen3,cactus,alpha0.03,case_092,0,ok,1.1730769230769231,2.1730769230769234,1357,624.0,0.1955128205128205,stop,False,16.113142893183976
longbench_v2_qwen3,cactus,alpha0.03,case_093,0,ok,2.814814814814815,3.814814814814815,4224,1107.0,0.4691358024691358,stop,False,29.533068974968046
longbench_v2_qwen3,cactus,alpha0.03,case_094,0,ok,2.6020228671943713,3.6020228671943713,8192,2274.0,0.43367047786572854,length,False,65.89858629880473
longbench_v2_qwen3,cactus,alpha0.03,case_095,0,ok,0.443267776096823,1.4432677760968229,955,661.0,0.07387796268280383,stop,False,17.116859601810575
longbench_v2_qwen3,cactus,alpha0.03,case_096,0,ok,1.3096296296296297,2.3096296296296295,3117,1350.0,0.2182716049382716,stop,False,30.228797202929854
longbench_v2_qwen3,cactus,alpha0.03,case_097,0,ok,1.4918648310387985,2.4918648310387983,1991,799.0,0.2486441385064664,stop,False,18.99403007281944
longbench_v2_qwen3,cactus,alpha0.03,case_098,0,ok,3.0296191819464036,4.029619181946403,5715,1418.0,0.5049365303244006,stop,False,39.65082260267809
longbench_v2_qwen3,cactus,alpha0.03,case_099,0,ok,1.50037397157816,2.50037397157816,3344,1337.0,0.25006232859636,stop,False,31.771648845635355
longbench_v2_qwen3,cactus,alpha0.03,case_100,0,ok,1.2776446422458063,2.2776446422458063,6654,2921.0,0.21294077370763437,stop,False,69.0375703908503
longbench_v2_qwen3,cactus,alpha0.03,case_101,0,ok,1.908062234794908,2.908062234794908,4113,1414.0,0.31801037246581804,stop,False,35.77014346187934
longbench_v2_qwen3,cactus,alpha0.03,case_102,0,ok,1.5636363636363637,2.5636363636363635,1973,770.0,0.2606060606060606,stop,False,18.108569914009422
longbench_v2_qwen3,cactus,alpha0.03,case_103,0,ok,0.8530287984111221,1.8530287984111222,1865,1007.0,0.14217146640185369,stop,False,21.261945635080338
longbench_v2_qwen3,cactus,alpha0.03,case_104,0,ok,1.176551724137931,2.176551724137931,1577,725.0,0.1960919540229885,stop,False,16.63100343523547
longbench_v2_qwen3,cactus,alpha0.03,case_105,0,ok,3.453804347826087,4.453804347826087,8192,1840.0,0.5756340579710145,length,False,50.67425569193438
longbench_v2_qwen3,cactus,alpha0.03,case_106,0,ok,1.360311059907834,2.360311059907834,8192,3472.0,0.22671850998463902,length,False,80.50227151997387
longbench_v2_qwen3,cactus,alpha0.03,case_107,0,ok,3.3481953290870488,4.348195329087049,8192,1884.0,0.5580325548478414,length,False,55.842517777811736
longbench_v2_qwen3,cactus,alpha0.03,case_108,0,ok,0.572565543071161,1.572565543071161,3360,2136.0,0.09542759051186017,stop,False,52.807522248942405
longbench_v2_qwen3,cactus,alpha0.03,case_109,0,ok,0.8234924623115578,1.8234924623115578,5807,3184.0,0.13724874371859297,stop,False,75.41771225584671
longbench_v2_qwen3,cactus,alpha0.03,case_110,0,ok,1.7692823608316566,2.7692823608316566,4130,1491.0,0.2948803934719428,stop,False,36.56921320175752
longbench_v2_qwen3,cactus,alpha0.03,case_111,0,ok,0.6985294117647058,1.6985294117647058,3003,1768.0,0.11642156862745098,stop,False,40.95732652395964
longbench_v2_qwen3,cactus,alpha0.03,case_112,0,ok,2.2136953955135774,3.2136953955135774,2723,847.0,0.3689492325855962,stop,False,23.00795463565737
longbench_v2_qwen3,cactus,alpha0.03,case_113,0,ok,2.9046711153479503,3.9046711153479503,8192,2098.0,0.4841118525579917,length,False,54.69375689513981
longbench_v2_qwen3,cactus,alpha0.03,case_114,0,ok,1.7700934579439251,2.770093457943925,1481,535.0,0.29501557632398756,stop,False,14.308152864221483
longbench_v2_qwen3,cactus,alpha0.03,case_115,0,ok,2.827956989247312,3.827956989247312,3205,837.0,0.471326164874552,stop,False,22.752306499984115
longbench_v2_qwen3,cactus,alpha0.03,case_116,0,ok,1.5700934579439252,2.5700934579439254,2476,963.0,0.2616822429906542,stop,False,21.82346899434924
longbench_v2_qwen3,cactus,alpha0.03,case_117,0,ok,1.5615028306742151,2.561502830674215,4978,1943.0,0.2602504717790359,stop,False,48.93422180600464
longbench_v2_qwen3,cactus,alpha0.03,case_118,0,ok,1.8982808022922637,2.8982808022922635,4047,1396.0,0.31638013371537727,stop,False,32.33795356191695
longbench_v2_qwen3,cactus,alpha0.03,case_119,0,ok,0.8002577319587629,1.800257731958763,1396,776.0,0.1333762886597938,stop,False,17.705140895210207
longbench_v2_qwen3,cactus,alpha0.03,case_120,0,ok,2.79347054648687,3.79347054648687,5345,1409.0,0.46557842441447833,stop,False,42.22625160124153
longbench_v2_qwen3,cactus,alpha0.03,case_121,0,ok,2.0130718954248366,3.0130718954248366,6455,2142.0,0.3355119825708061,stop,False,53.8588740429841
longbench_v2_qwen3,cactus,alpha0.03,case_122,0,ok,1.2823529411764707,2.2823529411764705,1745,765.0,0.21372549019607842,stop,False,21.5746885901317
longbench_v2_qwen3,cactus,alpha0.03,case_123,0,ok,1.1437768240343347,2.143776824034335,998,466.0,0.19062947067238914,stop,False,10.649510676041245
longbench_v2_qwen3,cactus,alpha0.03,case_124,0,ok,1.3602620087336244,2.360262008733624,2163,916.0,0.2267103347889374,stop,False,20.63504045503214
longbench_v2_qwen3,cactus,alpha0.03,case_125,0,ok,0.9246823956442831,1.9246823956442831,2120,1102.0,0.1541137326073805,stop,False,25.30417864397168
longbench_v2_qwen3,cactus,alpha0.03,case_126,0,ok,0.6840277777777778,1.6840277777777777,1941,1152.0,0.11400462962962964,stop,False,26.43871189886704
longbench_v2_qwen3,cactus,alpha0.03,case_127,0,ok,2.657336726039016,3.657336726039016,4311,1179.0,0.442889454339836,stop,False,33.084099390078336
longbench_v2_qwen3,cactus,alpha0.03,case_128,0,ok,1.1718995290423861,2.171899529042386,2768,1274.0,0.19531658817373104,stop,False,32.744921104982495
longbench_v2_qwen3,cactus,alpha0.03,case_129,0,ok,1.5981735159817352,2.598173515981735,2846,1095.0,0.2663622526636225,stop,False,27.62448000907898
longbench_v2_qwen3,cactus,alpha0.03,case_130,0,ok,0.9502840909090909,1.9502840909090908,1372,704.0,0.15838068181818182,stop,False,15.607304397970438
longbench_v2_qwen3,cactus,alpha0.03,case_131,0,ok,1.4849737039819684,2.4849737039819684,6614,2662.0,0.24749561733032807,stop,False,62.967504678759724
longbench_v2_qwen3,cactus,alpha0.03,case_132,0,ok,2.6869381279746167,3.6869381279746167,6973,1891.0,0.4478230213291028,stop,False,54.08031333889812
longbench_v2_qwen3,cactus,alpha0.03,case_133,0,ok,1.8446601941747574,2.8446601941747574,2345,824.0,0.3074433656957929,stop,False,21.765752600040287
longbench_v2_qwen3,cactus,alpha0.03,case_134,0,ok,2.343582887700535,3.343582887700535,2502,748.0,0.39059714795008915,stop,False,18.289137221872807
longbench_v2_qwen3,cactus,alpha0.03,case_135,0,ok,2.829615861214374,3.829615861214374,6179,1614.0,0.47160264353572906,stop,False,42.41128561180085
longbench_v2_qwen3,cactus,alpha0.03,case_136,0,ok,2.436241610738255,3.436241610738255,8192,2384.0,0.40604026845637586,length,False,68.37896325811744
longbench_v2_qwen3,cactus,alpha0.03,case_137,0,ok,1.4284294234592445,2.4284294234592445,2442,1006.0,0.23807157057654074,stop,False,24.021098213735968
longbench_v2_qwen3,cactus,alpha0.03,case_138,0,ok,1.2624472573839662,2.2624472573839665,2682,1185.0,0.21040787623066104,stop,False,29.730498975142837
longbench_v2_qwen3,cactus,alpha0.03,case_139,0,ok,0.7833733013589129,1.783373301358913,4462,2502.0,0.13056221689315214,stop,False,60.69730392098427
longbench_v2_qwen3,cactus,alpha0.03,case_140,0,ok,1.0320512820512822,2.032051282051282,951,468.0,0.172008547008547,stop,False,11.181700555607677
longbench_v2_qwen3,cactus,alpha0.03,case_141,0,ok,1.0510752688172043,2.051075268817204,1527,744.0,0.17517921146953405,stop,False,16.5107275811024
longbench_v2_qwen3,cactus,alpha0.03,case_142,0,ok,2.8359375,3.8359375,5893,1536.0,0.47265625,stop,False,42.72879590606317
longbench_v2_qwen3,cactus,alpha0.03,case_143,0,ok,0.9584352078239609,1.9584352078239609,4807,2454.0,0.15973920130399347,stop,False,59.72770230285823
longbench_v2_qwen3,cactus,alpha0.03,case_144,0,ok,2.3859504132231404,3.3859504132231404,8192,2420.0,0.39765840220385673,length,False,59.4372428948991
longbench_v2_qwen3,cactus,alpha0.03,case_145,0,ok,2.279187817258883,3.279187817258883,3231,985.0,0.37986463620981387,stop,False,23.521048608701676
longbench_v2_qwen3,cactus,alpha0.03,case_146,0,ok,0.7337367624810892,1.7337367624810893,1145,661.0,0.12228946041351488,stop,False,14.04774115793407
longbench_v2_qwen3,cactus,alpha0.03,case_147,0,ok,2.0487012987012987,3.0487012987012987,3753,1232.0,0.34145021645021645,stop,False,29.850276328623295
longbench_v2_qwen3,cactus,alpha0.03,case_148,0,ok,1.0687160940325497,2.06871609403255,1145,553.0,0.17811934900542495,stop,False,13.551984481979162
longbench_v2_qwen3,cactus,alpha0.03,case_149,0,ok,1.4342412451361868,2.434241245136187,3129,1285.0,0.2390402075226978,stop,False,30.363988511264324
longbench_v2_qwen3,cactus,alpha0.03,case_150,0,ok,1.2056921086675292,2.205692108667529,1706,773.0,0.20094868477792152,stop,False,17.344138958957046
longbench_v2_qwen3,cactus,alpha0.08,case_001,0,ok,2.4614695340501793,3.4614695340501793,3864,1116.0,0.4102449223416965,stop,False,21.483676257077605
longbench_v2_qwen3,cactus,alpha0.08,case_002,0,ok,1.3410596026490067,2.3410596026490067,2122,906.0,0.22350993377483444,stop,False,19.474006422795355
longbench_v2_qwen3,cactus,alpha0.08,case_003,0,ok,2.3873640600725015,3.3873640600725015,6542,1931.0,0.3978940100120836,stop,False,33.62564060976729
longbench_v2_qwen3,cactus,alpha0.08,case_004,0,ok,1.662751677852349,2.662751677852349,1586,596.0,0.2771252796420582,stop,False,10.08267560787499
longbench_v2_qwen3,cactus,alpha0.08,case_005,0,ok,3.4767277856135403,4.476727785613541,3173,709.0,0.57945463093559,stop,False,11.031298866961151
longbench_v2_qwen3,cactus,alpha0.08,case_006,0,ok,2.2264631043257,3.2264631043257,5073,1572.0,0.3710771840542833,stop,False,26.549201178364456
longbench_v2_qwen3,cactus,alpha0.08,case_007,0,ok,0.6758349705304518,1.6758349705304518,1707,1018.0,0.11263916175507531,stop,False,20.459019190631807
longbench_v2_qwen3,cactus,alpha0.08,case_008,0,ok,1.4398034398034398,2.43980343980344,2980,1221.0,0.23996723996723995,stop,False,21.666841175872833
longbench_v2_qwen3,cactus,alpha0.08,case_009,0,ok,1.6316073354908307,2.6316073354908305,4880,1854.0,0.27193455591513843,stop,False,30.932155177928507
longbench_v2_qwen3,cactus,alpha0.08,case_010,0,ok,2.7935805201992254,3.7935805201992254,6856,1807.0,0.46559675336653755,stop,False,33.66626085201278
longbench_v2_qwen3,cactus,alpha0.08,case_011,0,ok,1.2138728323699421,2.213872832369942,1533,692.0,0.2023121387283237,stop,False,11.785633948165923
longbench_v2_qwen3,cactus,alpha0.08,case_012,0,ok,2.6857142857142855,3.6857142857142855,1160,315.0,0.44761904761904764,stop,False,5.5180050558410585
longbench_v2_qwen3,cactus,alpha0.08,case_013,0,ok,0.5856481481481481,1.5856481481481481,686,432.0,0.09760802469135803,stop,False,9.235306579153985
longbench_v2_qwen3,cactus,alpha0.08,case_014,0,ok,3.7946167349327093,4.79461673493271,8192,1709.0,0.6324361224887849,length,False,49.037890788167715
longbench_v2_qwen3,cactus,alpha0.08,case_015,0,ok,2.0279329608938546,3.0279329608938546,1627,537.0,0.33798882681564246,stop,False,15.037111211102456
longbench_v2_qwen3,cactus,alpha0.08,case_016,0,ok,2.6980582524271846,3.6980582524271846,3808,1030.0,0.44967637540453076,stop,False,26.483131903223693
longbench_v2_qwen3,cactus,alpha0.08,case_017,0,ok,0.680379746835443,1.6803797468354431,532,316.0,0.11339662447257384,stop,False,7.243326385971159
longbench_v2_qwen3,cactus,alpha0.08,case_018,0,ok,3.743485813549508,4.743485813549508,8192,1727.0,0.6239143022582513,length,False,48.83046817500144
longbench_v2_qwen3,cactus,alpha0.08,case_019,0,ok,3.1663275686673447,4.166327568667345,8192,1966.0,0.5277212614445574,length,False,55.15537969581783
longbench_v2_qwen3,cactus,alpha0.08,case_020,0,ok,1.393659180977543,2.3936591809775427,1811,757.0,0.23227653016292382,stop,False,21.79680805001408
longbench_v2_qwen3,cactus,alpha0.08,case_021,0,ok,1.242152466367713,2.2421524663677133,1997,892.0,0.2070254110612855,stop,False,19.80646564019844
longbench_v2_qwen3,cactus,alpha0.08,case_022,0,ok,1.7918699186991869,2.791869918699187,1716,615.0,0.2986449864498645,stop,False,14.305536900181323
longbench_v2_qwen3,cactus,alpha0.08,case_023,0,ok,2.448871181938911,3.448871181938911,2598,753.0,0.4081451969898185,stop,False,23.264508198015392
longbench_v2_qwen3,cactus,alpha0.08,case_024,0,ok,2.935883014623172,3.935883014623172,3499,889.0,0.48931383577052867,stop,False,23.763787724543363
longbench_v2_qwen3,cactus,alpha0.08,case_025,0,ok,1.0185873605947955,2.0185873605947955,2173,1076.0,0.1697645600991326,stop,False,27.816113606095314
longbench_v2_qwen3,cactus,alpha0.08,case_026,0,ok,1.6007114273010228,2.6007114273010226,5850,2249.0,0.2667852378835038,stop,False,53.56364126410335
longbench_v2_qwen3,cactus,alpha0.08,case_027,0,ok,1.306946688206785,2.306946688206785,1429,619.0,0.21782444803446419,stop,False,14.161556221079081
longbench_v2_qwen3,cactus,alpha0.08,case_028,0,ok,1.6739974126778785,2.6739974126778785,2068,773.0,0.2789995687796464,stop,False,19.432694737799466
longbench_v2_qwen3,cactus,alpha0.08,case_029,0,ok,3.9945155393053016,4.994515539305302,8192,1641.0,0.6657525898842169,length,False,46.856779507827014
longbench_v2_qwen3,cactus,alpha0.08,case_030,0,ok,1.5982089552238805,2.5982089552238805,4353,1675.0,0.2663681592039801,stop,False,40.17070729890838
longbench_v2_qwen3,cactus,alpha0.08,case_031,0,ok,0.5784982935153583,1.5784982935153584,1851,1172.0,0.09641638225255973,stop,False,28.807797276880592
longbench_v2_qwen3,cactus,alpha0.08,case_032,0,ok,0.8737060041407867,1.8737060041407867,904,483.0,0.1456176673567978,stop,False,12.220880321227014
longbench_v2_qwen3,cactus,alpha0.08,case_033,0,ok,1.3075644222776392,2.3075644222776392,5553,2406.0,0.21792740371293987,stop,False,56.858732141088694
longbench_v2_qwen3,cactus,alpha0.08,case_034,0,ok,1.150943396226415,2.150943396226415,1483,689.0,0.1918238993710692,stop,False,15.919450928922743
longbench_v2_qwen3,cactus,alpha0.08,case_035,0,ok,3.8359882005899704,4.83598820058997,8192,1695.0,0.6393313667649951,length,False,48.151561226230115
longbench_v2_qwen3,cactus,alpha0.08,case_036,0,ok,2.6815227483751163,3.6815227483751163,3965,1077.0,0.44692045806251934,stop,False,27.120309066958725
longbench_v2_qwen3,cactus,alpha0.08,case_037,0,ok,1.880794701986755,2.880794701986755,869,302.0,0.31346578366445915,stop,False,7.963616015855223
longbench_v2_qwen3,cactus,alpha0.08,case_038,0,ok,2.0203252032520327,3.0203252032520327,1486,492.0,0.3367208672086721,stop,False,12.62538236984983
longbench_v2_qwen3,cactus,alpha0.08,case_039,0,ok,3.78225335668418,4.78225335668418,8192,1713.0,0.6303755594473633,length,False,49.55777151323855
longbench_v2_qwen3,cactus,alpha0.08,case_040,0,ok,2.5697831978319785,3.5697831978319785,5269,1476.0,0.42829719963866303,stop,False,37.71591902989894
longbench_v2_qwen3,cactus,alpha0.08,case_041,0,ok,2.2213740458015265,3.2213740458015265,4643,1441.0,0.3702290076335878,stop,False,39.68730148486793
longbench_v2_qwen3,cactus,alpha0.08,case_042,0,ok,3.170570264765784,4.170570264765784,8192,1964.0,0.528428377460964,length,False,55.624386336654425
longbench_v2_qwen3,cactus,alpha0.08,case_043,0,ok,4.470627503337783,5.470627503337783,8192,1498.0,0.7451045838896306,length,False,44.38922224706039
longbench_v2_qwen3,cactus,alpha0.08,case_044,0,ok,0.6911392405063291,1.6911392405063292,2673,1580.0,0.11518987341772152,stop,False,38.245099539868534
longbench_v2_qwen3,cactus,alpha0.08,case_045,0,ok,1.2179799620904415,2.2179799620904417,8192,3693.0,0.20299666034840688,length,False,90.3833556547761
longbench_v2_qwen3,cactus,alpha0.08,case_046,0,ok,2.4195804195804196,3.4195804195804196,6847,2002.0,0.40326340326340326,stop,False,57.07063814997673
longbench_v2_qwen3,cactus,alpha0.08,case_047,0,ok,1.0979133226324238,2.097913322632424,2615,1246.0,0.18298555377207062,stop,False,29.071524421218783
longbench_v2_qwen3,cactus,alpha0.08,case_048,0,ok,3.8542009884678747,4.854200988467875,5892,1214.0,0.6423668314113125,stop,False,36.078783710021526
longbench_v2_qwen3,cactus,alpha0.08,case_049,0,ok,1.224893917963225,2.224893917963225,1572,707.0,0.20414898632720416,stop,False,18.65522882808
longbench_v2_qwen3,cactus,alpha0.08,case_050,0,ok,2.707936507936508,3.707936507936508,3504,945.0,0.45132275132275135,stop,False,25.176160882692784
longbench_v2_qwen3,cactus,alpha0.08,case_051,0,ok,1.1153596889176929,2.115359688917693,3265,1543.0,0.18589328148628215,stop,False,39.10006562899798
longbench_v2_qwen3,cactus,alpha0.08,case_052,0,ok,0.47187780772686433,1.4718778077268644,8192,5565.0,0.07864630128781072,length,False,129.57219559838995
longbench_v2_qwen3,cactus,alpha0.08,case_053,0,ok,4.154716981132076,5.154716981132076,8192,1590.0,0.6924528301886792,length,False,48.308812773786485
longbench_v2_qwen3,cactus,alpha0.08,case_054,0,ok,1.307591623036649,2.3075916230366493,1763,764.0,0.21793193717277487,stop,False,17.960644527804106
longbench_v2_qwen3,cactus,alpha0.08,case_055,0,ok,3.4794969928922908,4.47949699289229,8192,1829.0,0.5799161654820485,length,False,52.461666719056666
longbench_v2_qwen3,cactus,alpha0.08,case_056,0,ok,1.8373655913978495,2.8373655913978495,2111,744.0,0.30622759856630827,stop,False,17.680748119950294
longbench_v2_qwen3,cactus,alpha0.08,case_057,0,ok,0.6869244935543278,1.686924493554328,917,543.0,0.11448741559238797,stop,False,12.60780561203137
longbench_v2_qwen3,cactus,alpha0.08,case_058,0,ok,1.6387791741472173,2.638779174147217,7349,2785.0,0.2731298623578695,stop,False,66.88076277868822
longbench_v2_qwen3,cactus,alpha0.08,case_059,0,ok,2.555018137847642,3.555018137847642,2941,827.0,0.42583635630794037,stop,False,22.18410420510918
longbench_v2_qwen3,cactus,alpha0.08,case_060,0,ok,0.6598425196850394,1.6598425196850393,1051,635.0,0.1099737532808399,stop,False,15.104329049121588
longbench_v2_qwen3,cactus,alpha0.08,case_061,0,ok,3.3309426229508197,4.33094262295082,4222,976.0,0.5551571038251366,stop,False,26.60946121206507
longbench_v2_qwen3,cactus,alpha0.08,case_062,0,ok,3.3354497354497354,4.335449735449735,8192,1890.0,0.5559082892416226,length,False,56.39810751192272
longbench_v2_qwen3,cactus,alpha0.08,case_063,0,ok,0.9465081723625557,1.9465081723625557,1311,673.0,0.15775136206042595,stop,False,14.691588988993317
longbench_v2_qwen3,cactus,alpha0.08,case_064,0,ok,2.393736017897092,3.393736017897092,3035,894.0,0.3989560029828486,stop,False,22.826752560213208
longbench_v2_qwen3,cactus,alpha0.08,case_065,0,ok,0.9913793103448276,1.9913793103448276,1848,928.0,0.16522988505747127,stop,False,20.0121089220047
longbench_v2_qwen3,cactus,alpha0.08,case_066,0,ok,4.194673430564363,5.194673430564363,8192,1577.0,0.6991122384273938,length,False,45.92921043001115
longbench_v2_qwen3,cactus,alpha0.08,case_067,0,ok,1.7169672432830327,2.7169672432830327,7383,2717.0,0.2861612072138388,stop,False,65.79623128660023
longbench_v2_qwen3,cactus,alpha0.08,case_068,0,ok,1.405612244897959,2.4056122448979593,942,392.0,0.2342687074829932,stop,False,10.28464839514345
longbench_v2_qwen3,cactus,alpha0.08,case_069,0,ok,2.0337941628264207,3.0337941628264207,1976,651.0,0.3389656938044035,stop,False,18.01404852187261
longbench_v2_qwen3,cactus,alpha0.08,case_070,0,ok,4.184693232131562,5.184693232131562,8192,1581.0,0.6974488720219271,length,False,46.82158049987629
longbench_v2_qwen3,cactus,alpha0.08,case_071,0,ok,2.9221052631578948,3.9221052631578948,3727,950.0,0.4870175438596491,stop,False,26.50804346334189
longbench_v2_qwen3,cactus,alpha0.08,case_072,0,ok,1.4140845070422534,2.4140845070422534,4286,1775.0,0.23568075117370893,stop,False,43.259820885024965
longbench_v2_qwen3,cactus,alpha0.08,case_073,0,ok,3.1737991266375545,4.1737991266375545,4780,1145.0,0.5289665211062591,stop,False,34.03586931526661
longbench_v2_qwen3,cactus,alpha0.08,case_074,0,ok,0.8662562954672636,1.8662562954672635,3336,1787.0,0.14437604924454392,stop,False,43.802436717785895
longbench_v2_qwen3,cactus,alpha0.08,case_075,0,ok,0.814621409921671,1.814621409921671,1391,766.0,0.13577023498694518,stop,False,19.930643470026553
longbench_v2_qwen3,cactus,alpha0.08,case_076,0,ok,2.051470588235294,3.051470588235294,2076,680.0,0.34191176470588236,stop,False,17.121949918102473
longbench_v2_qwen3,cactus,alpha0.08,case_077,0,ok,1.6809974204643163,2.6809974204643163,3119,1163.0,0.2801662367440527,stop,False,31.755576541181654
longbench_v2_qwen3,cactus,alpha0.08,case_078,0,ok,2.728720983158853,3.728720983158853,8192,2197.0,0.4547868305264755,length,False,62.23508007172495
longbench_v2_qwen3,cactus,alpha0.08,case_079,0,ok,0.7521968365553603,1.7521968365553602,998,569.0,0.1253661394258934,stop,False,14.079606642015278
longbench_v2_qwen3,cactus,alpha0.08,case_080,0,ok,3.009151414309484,4.009151414309484,4818,1202.0,0.5015252357182474,stop,False,33.45617311401293
longbench_v2_qwen3,cactus,alpha0.08,case_081,0,ok,3.3301637612255677,4.330163761225568,8192,1893.0,0.5550272935375946,length,False,52.50563830835745
longbench_v2_qwen3,cactus,alpha0.08,case_082,0,ok,0.5190677966101694,1.5190677966101696,718,472.0,0.08651129943502825,stop,False,11.537365500815213
longbench_v2_qwen3,cactus,alpha0.08,case_083,0,ok,2.303728070175439,3.303728070175439,3012,912.0,0.3839546783625731,stop,False,22.370811563916504
longbench_v2_qwen3,cactus,alpha0.08,case_084,0,ok,2.840952994204765,3.840952994204765,5965,1553.0,0.47349216570079417,stop,False,42.65644094161689
longbench_v2_qwen3,cactus,alpha0.08,case_085,0,ok,1.1077586206896552,2.1077586206896552,1468,696.0,0.1846264367816092,stop,False,16.038837544620037
longbench_v2_qwen3,cactus,alpha0.08,case_086,0,ok,0.6352941176470588,1.6352941176470588,696,425.0,0.10588235294117647,stop,False,10.430077982135117
longbench_v2_qwen3,cactus,alpha0.08,case_087,0,ok,3.8462448255470134,4.846244825547013,8192,1691.0,0.6410408042578356,length,False,47.47153579816222
longbench_v2_qwen3,cactus,alpha0.08,case_088,0,ok,1.152967032967033,2.152967032967033,4898,2275.0,0.19216117216117215,stop,False,54.928735612891614
longbench_v2_qwen3,cactus,alpha0.08,case_089,0,ok,2.3310152990264257,3.3310152990264257,4790,1438.0,0.3885025498377376,stop,False,35.80179670918733
longbench_v2_qwen3,cactus,alpha0.08,case_090,0,ok,0.9780876494023905,1.9780876494023905,994,502.0,0.16301460823373173,stop,False,12.99026910867542
longbench_v2_qwen3,cactus,alpha0.08,case_091,0,ok,1.7651029362132973,2.7651029362132973,8192,2963.0,0.2941838227022162,length,False,72.98786438582465
longbench_v2_qwen3,cactus,alpha0.08,case_092,0,ok,3.2817564035546263,4.281756403554626,8192,1913.0,0.5469594005924377,length,False,55.88962632138282
longbench_v2_qwen3,cactus,alpha0.08,case_093,0,ok,4.592491467576791,5.592491467576791,8192,1465.0,0.765415244596132,length,False,45.192303175106645
longbench_v2_qwen3,cactus,alpha0.08,case_094,0,ok,3.439566395663957,4.439566395663957,8192,1845.0,0.5732610659439927,length,False,57.881233672611415
longbench_v2_qwen3,cactus,alpha0.08,case_095,0,ok,0.7087912087912088,1.708791208791209,934,546.0,0.11813186813186813,stop,False,15.100050994660705
longbench_v2_qwen3,cactus,alpha0.08,case_096,0,ok,2.2064917127071824,3.2064917127071824,4643,1448.0,0.3677486187845304,stop,False,36.05136321904138
longbench_v2_qwen3,cactus,alpha0.08,case_097,0,ok,1.420863309352518,2.420863309352518,1345,556.0,0.236810551558753,stop,False,13.480836245696992
longbench_v2_qwen3,cactus,alpha0.08,case_098,0,ok,2.362962962962963,3.362962962962963,1363,405.0,0.39382716049382716,stop,False,11.834519444033504
longbench_v2_qwen3,cactus,alpha0.08,case_099,0,ok,3.285041841004184,4.285041841004184,8192,1912.0,0.5475069735006973,length,False,53.7327243569307
longbench_v2_qwen3,cactus,alpha0.08,case_100,0,ok,1.3560540696002301,2.35605406960023,8192,3477.0,0.22600901160003833,length,False,82.88037970336154
longbench_v2_qwen3,cactus,alpha0.08,case_101,0,ok,3.058444774640911,4.058444774640911,8192,2019.0,0.5097407957734852,length,False,55.84083492588252
longbench_v2_qwen3,cactus,alpha0.08,case_102,0,ok,1.4460431654676258,2.446043165467626,1019,417.0,0.24100719424460432,stop,False,10.102944888174534
longbench_v2_qwen3,cactus,alpha0.08,case_103,0,ok,0.9152798789712556,1.9152798789712557,1267,661.0,0.15254664649520927,stop,False,14.403906963765621
longbench_v2_qwen3,cactus,alpha0.08,case_104,0,ok,3.3615548455804047,4.361554845580405,8192,1878.0,0.5602591409300675,length,False,51.98472302919254
longbench_v2_qwen3,cactus,alpha0.08,case_105,0,ok,3.668103448275862,4.668103448275862,6499,1392.0,0.6113505747126436,stop,False,39.18211136199534
longbench_v2_qwen3,cactus,alpha0.08,case_106,0,ok,1.5523364485981308,2.5523364485981306,8192,3210.0,0.2587227414330218,length,False,76.18434806494042
longbench_v2_qwen3,cactus,alpha0.08,case_107,0,ok,3.604834176503654,4.604834176503654,8192,1779.0,0.6008056960839423,length,False,53.767738678026944
longbench_v2_qwen3,cactus,alpha0.08,case_108,0,ok,0.5614035087719298,1.5614035087719298,1336,855.0,0.0935672514619883,stop,False,23.535519222728908
longbench_v2_qwen3,cactus,alpha0.08,case_109,0,ok,0.9640374011028531,1.964037401102853,8192,4171.0,0.16067290018380884,length,False,100.11596391210333
longbench_v2_qwen3,cactus,alpha0.08,case_110,0,ok,3.1134538152610443,4.113453815261044,8192,1992.0,0.518908969210174,length,False,54.898398970253766
longbench_v2_qwen3,cactus,alpha0.08,case_111,0,ok,0.6590296495956873,1.6590296495956873,1230,742.0,0.10983827493261455,stop,False,18.58794604986906
longbench_v2_qwen3,cactus,alpha0.08,case_112,0,ok,1.7007874015748032,2.7007874015748032,2057,762.0,0.28346456692913385,stop,False,19.76362314913422
longbench_v2_qwen3,cactus,alpha0.08,case_113,0,ok,3.7446438911407065,4.744643891140706,8192,1727.0,0.6241073151901178,length,False,49.089371400885284
longbench_v2_qwen3,cactus,alpha0.08,case_114,0,ok,4.185443037974683,5.185443037974683,8192,1580.0,0.6975738396624472,length,False,49.018508004024625
longbench_v2_qwen3,cactus,alpha0.08,case_115,0,ok,3.7488839285714284,4.748883928571429,4256,896.0,0.6248139880952381,stop,False,27.095690043643117
longbench_v2_qwen3,cactus,alpha0.08,case_116,0,ok,2.8024896265560164,3.8024896265560164,4583,1205.0,0.46708160442600277,stop,False,30.89314856333658
longbench_v2_qwen3,cactus,alpha0.08,case_117,0,ok,2.8001854427445525,3.8001854427445525,8192,2157.0,0.46669757379075877,length,False,60.41944663412869
longbench_v2_qwen3,cactus,alpha0.08,case_118,0,ok,2.4608150470219434,3.4608150470219434,6625,1914.0,0.4101358411703239,stop,False,46.82926193578169
longbench_v2_qwen3,cactus,alpha0.08,case_119,0,ok,0.6781376518218624,1.6781376518218623,828,494.0,0.11302294197031039,stop,False,11.62908001895994
longbench_v2_qwen3,cactus,alpha0.08,case_120,0,ok,3.943270971635486,4.943270971635486,8192,1657.0,0.6572118286059143,length,False,54.437179332599044
longbench_v2_qwen3,cactus,alpha0.08,case_121,0,ok,2.786921381337252,3.786921381337252,5154,1361.0,0.464486896889542,stop,False,37.166992551181465
longbench_v2_qwen3,cactus,alpha0.08,case_122,0,ok,4.051787916152898,5.051787916152898,8192,1622.0,0.675297986025483,length,False,53.35441735573113
longbench_v2_qwen3,cactus,alpha0.08,case_123,0,ok,1.3232682060390764,2.323268206039076,1307,563.0,0.22054470100651272,stop,False,13.03662225510925
longbench_v2_qwen3,cactus,alpha0.08,case_124,0,ok,2.347237880496054,3.347237880496054,2968,887.0,0.39120631341600903,stop,False,22.19379027094692
longbench_v2_qwen3,cactus,alpha0.08,case_125,0,ok,0.9893617021276596,1.9893617021276597,1495,752.0,0.16489361702127658,stop,False,17.977179961744696
longbench_v2_qwen3,cactus,alpha0.08,case_126,0,ok,0.6434676434676435,1.6434676434676434,1346,819.0,0.10724460724460724,stop,False,19.357212302740663
longbench_v2_qwen3,cactus,alpha0.08,case_127,0,ok,1.7065573770491804,2.7065573770491804,1652,610.0,0.28442622950819674,stop,False,16.461905750911683
longbench_v2_qwen3,cactus,alpha0.08,case_128,0,ok,2.4875076173065205,3.4875076173065205,5724,1641.0,0.41458460288442006,stop,False,46.660929936915636
longbench_v2_qwen3,cactus,alpha0.08,case_129,0,ok,2.707239819004525,3.707239819004525,8192,2210.0,0.45120663650075415,length,False,60.31064195977524
longbench_v2_qwen3,cactus,alpha0.08,case_130,0,ok,2.2318104906937393,3.2318104906937393,1909,591.0,0.37196841511562323,stop,False,15.094755042344332
longbench_v2_qwen3,cactus,alpha0.08,case_131,0,ok,1.7086501901140685,2.7086501901140685,5700,2104.0,0.2847750316856781,stop,False,51.10140114184469
longbench_v2_qwen3,cactus,alpha0.08,case_132,0,ok,1.963820549927641,2.9638205499276413,8192,2764.0,0.3273034249879402,length,False,72.74557619169354
longbench_v2_qwen3,cactus,alpha0.08,case_133,0,ok,3.0763022743947177,4.076302274394718,5557,1363.0,0.5127170457324529,stop,False,39.066076814197004
longbench_v2_qwen3,cactus,alpha0.08,case_134,0,ok,4.03623693379791,5.03623693379791,7228,1435.0,0.6727061556329849,stop,False,41.6225629770197
longbench_v2_qwen3,cactus,alpha0.08,case_135,0,ok,3.746234067207416,4.746234067207416,8192,1726.0,0.6243723445345694,length,False,50.055252932943404
longbench_v2_qwen3,cactus,alpha0.08,case_136,0,ok,1.9783616692426584,2.978361669242658,1928,647.0,0.3297269448737764,stop,False,20.247943244874477
longbench_v2_qwen3,cactus,alpha0.08,case_137,0,ok,2.675660792951542,3.675660792951542,6676,1816.0,0.44594346549192365,stop,False,47.747908709105104
longbench_v2_qwen3,cactus,alpha0.08,case_138,0,ok,2.970651013874066,3.970651013874066,7442,1874.0,0.4951085023123444,stop,False,53.66730815405026
longbench_v2_qwen3,cactus,alpha0.08,case_139,0,ok,0.9720052083333334,1.9720052083333335,3029,1536.0,0.16200086805555555,stop,False,38.99784125806764
longbench_v2_qwen3,cactus,alpha0.08,case_140,0,ok,3.383092562867844,4.383092562867844,8192,1869.0,0.5638487604779739,length,False,52.47732001915574
longbench_v2_qwen3,cactus,alpha0.08,case_141,0,ok,1.2763157894736843,2.276315789473684,1037,456.0,0.21271929824561403,stop,False,10.72259171307087
longbench_v2_qwen3,cactus,alpha0.08,case_142,0,ok,1.4813793103448276,2.4813793103448276,1800,725.0,0.24689655172413794,stop,False,18.43452573614195
longbench_v2_qwen3,cactus,alpha0.08,case_143,0,ok,0.9760598503740648,1.9760598503740647,3963,2005.0,0.1626766417290108,stop,False,49.31146731507033
longbench_v2_qwen3,cactus,alpha0.08,case_144,0,ok,3.316906747536012,4.316906747536012,5693,1319.0,0.5528177912560021,stop,False,35.744938337709755
longbench_v2_qwen3,cactus,alpha0.08,case_145,0,ok,3.99816961561928,4.99816961561928,8192,1639.0,0.6663616026032133,length,False,46.11378241004422
longbench_v2_qwen3,cactus,alpha0.08,case_146,0,ok,0.6646586345381527,1.6646586345381527,827,498.0,0.1107764390896921,stop,False,10.757705586962402
longbench_v2_qwen3,cactus,alpha0.08,case_147,0,ok,2.2469775474956823,3.2469775474956823,1879,579.0,0.37449625791594704,stop,False,14.997868751175702
longbench_v2_qwen3,cactus,alpha0.08,case_148,0,ok,1.7095761381475667,2.7095761381475665,1725,637.0,0.28492935635792777,stop,False,16.647119648754597
longbench_v2_qwen3,cactus,alpha0.08,case_149,0,ok,1.799837925445705,2.799837925445705,3456,1234.0,0.29997298757428414,stop,False,30.4015736640431
longbench_v2_qwen3,cactus,alpha0.08,case_150,0,ok,1.0338983050847457,2.0338983050847457,600,295.0,0.17231638418079095,stop,False,7.020041692070663
longbench_v2_qwen3,cactus,alpha0.18,case_001,0,ok,3.675799086757991,4.675799086757991,8192,1752.0,0.6126331811263318,length,False,32.42764202877879
longbench_v2_qwen3,cactus,alpha0.18,case_002,0,ok,2.5206671501087743,3.5206671501087743,4856,1379.0,0.42011119168479577,stop,False,27.885154919233173
longbench_v2_qwen3,cactus,alpha0.18,case_003,0,ok,3.6993689041881814,4.699368904188182,8192,1743.0,0.6165614840313636,length,False,30.709778101649135
longbench_v2_qwen3,cactus,alpha0.35,case_001,0,ok,3.857536132140399,4.8575361321404,7059,1453.0,0.6429226886900665,stop,False,27.344577600248158
longbench_v2_qwen3,cactus,alpha0.35,case_002,0,ok,4.02638036809816,5.02638036809816,8192,1630.0,0.6710633946830266,length,False,32.532006106805056
longbench_v2_qwen3,cactus,alpha0.35,case_003,0,ok,0.7518248175182481,1.7518248175182483,961,548.0,0.12530413625304138,stop,False,10.926675194408745
longbench_v2_qwen3,cactus,alpha0.35,case_004,0,ok,3.600355239786856,4.600355239786856,2589,563.0,0.6000592066311426,stop,False,9.59778204606846
longbench_v2_qwen3,cactus,alpha0.35,case_005,0,ok,4.778711484593837,5.778711484593837,6189,1071.0,0.7964519140989729,stop,False,16.445688624866307
longbench_v2_qwen3,cactus,alpha0.35,case_006,0,ok,4.063658838071693,5.063658838071693,8192,1618.0,0.6772764730119489,length,False,27.50995964091271
longbench_v2_qwen3,cactus,alpha0.35,case_007,0,ok,1.806936416184971,2.8069364161849713,2429,865.0,0.30115606936416184,stop,False,17.84914701897651
longbench_v2_qwen3,cactus,alpha0.35,case_008,0,ok,1.6835899115623976,2.6835899115623976,8192,3053.0,0.28059831859373296,length,False,51.85803457396105
longbench_v2_qwen3,cactus,alpha0.35,case_009,0,ok,2.2227221597300337,3.2227221597300337,5731,1778.0,0.37045369328833894,stop,False,29.79690024582669
longbench_v2_qwen3,cactus,alpha0.35,case_010,0,ok,3.7352601156069363,4.735260115606936,8192,1730.0,0.6225433526011561,length,False,32.42692074133083
longbench_v2_qwen3,cactus,alpha0.35,case_011,0,ok,4.536486486486487,5.536486486486487,8192,1480.0,0.7560810810810811,length,False,24.23344646813348
longbench_v2_qwen3,cactus,alpha0.35,case_012,0,ok,4.833451957295374,5.833451957295374,8192,1405.0,0.8055753262158956,length,False,22.10229073278606
longbench_v2_qwen3,cactus,alpha0.35,case_013,0,ok,4.032555282555283,5.032555282555283,8192,1628.0,0.6720925470925471,length,False,48.65427116584033
longbench_v2_qwen3,cactus,alpha0.35,case_014,0,ok,4.283687943262412,5.283687943262412,8192,1551.0,0.7139479905437353,length,False,45.764861369971186
longbench_v2_qwen3,cactus,alpha0.35,case_015,0,ok,3.5096312603192077,4.509631260319208,8192,1817.0,0.5849385433865346,length,False,54.22685628198087
longbench_v2_qwen3,cactus,alpha0.35,case_016,0,ok,4.919797687861272,5.919797687861272,8192,1384.0,0.819966281310212,length,False,43.99163834284991
longbench_v2_qwen3,cactus,alpha0.35,case_017,0,ok,0.7472924187725631,1.7472924187725631,485,277.0,0.12454873646209386,stop,False,6.557243288960308
longbench_v2_qwen3,cactus,alpha0.35,case_018,0,ok,4.031496062992126,5.031496062992126,1917,381.0,0.6719160104986877,stop,False,12.010898064821959
longbench_v2_qwen3,cactus,alpha0.35,case_019,0,ok,2.7226792009400707,3.7226792009400707,3169,851.0,0.4537798668233451,stop,False,24.01080864202231
longbench_v2_qwen3,cactus,alpha0.35,case_020,0,ok,4.193916349809886,5.193916349809886,8192,1578.0,0.6989860583016476,length,False,52.939254629891366
longbench_v2_qwen3,cactus,alpha0.35,case_021,0,ok,1.8320895522388059,2.8320895522388057,1517,536.0,0.30534825870646765,stop,False,12.995669981930405
longbench_v2_qwen3,cactus,alpha0.35,case_022,0,ok,2.7695099818511797,3.7695099818511797,2078,551.0,0.4615849969751966,stop,False,14.059914181940258
longbench_v2_qwen3,cactus,alpha0.35,case_023,0,ok,4.344422700587084,5.344422700587084,8192,1533.0,0.7240704500978473,length,False,51.255580503027886
longbench_v2_qwen3,cactus,alpha0.35,case_024,0,ok,4.078374455732947,5.078374455732947,3499,689.0,0.679729075955491,stop,False,20.507994387298822
longbench_v2_qwen3,cactus,alpha0.35,case_025,0,ok,1.0319488817891374,2.0319488817891376,1909,939.0,0.17199148029818956,stop,False,24.82406467711553
longbench_v2_qwen3,cactus,alpha0.35,case_026,0,ok,2.266347687400319,3.266347687400319,8192,2508.0,0.37772461456671985,length,False,64.2792037697509
longbench_v2_qwen3,cactus,alpha0.35,case_027,0,ok,3.5132905591200734,4.513290559120073,4923,1091.0,0.5855484265200123,stop,False,30.3469982505776
longbench_v2_qwen3,cactus,alpha0.35,case_028,0,ok,1.792152704135737,2.792152704135737,2632,943.0,0.2986921173559562,stop,False,23.898154993075877
longbench_v2_qwen3,cactus,alpha0.35,case_029,0,ok,3.8728139904610495,4.872813990461049,3064,629.0,0.6454689984101749,stop,False,17.593464095145464
longbench_v2_qwen3,cactus,alpha0.35,case_030,0,ok,3.8147659854976927,4.814765985497693,7305,1517.0,0.6357943309162821,stop,False,45.046039782930166
longbench_v2_qwen3,cactus,alpha0.35,case_031,0,ok,3.2620904836193447,4.262090483619344,8192,1923.0,0.5436817472698908,length,False,58.12550958013162
longbench_v2_qwen3,cactus,alpha0.35,case_032,0,ok,0.6807095343680709,1.680709534368071,757,451.0,0.11345158906134516,stop,False,11.3820367641747
longbench_v2_qwen3,cactus,alpha0.35,case_033,0,ok,1.5482152370804476,2.5482152370804476,4782,1877.0,0.25803587284674123,stop,False,46.239058709703386
longbench_v2_qwen3,cactus,alpha0.35,case_034,0,ok,4.841767640769779,5.841767640769779,8192,1403.0,0.8069612734616298,length,False,44.14925286406651
longbench_v2_qwen3,cactus,alpha0.35,case_035,0,ok,5.12406576980568,6.12406576980568,8192,1338.0,0.85401096163428,length,False,42.36522495606914
longbench_v2_qwen3,cactus,alpha0.35,case_036,0,ok,4.7187718073970695,5.7187718073970695,8192,1433.0,0.7864619678995115,length,False,44.462224369868636
longbench_v2_qwen3,cactus,alpha0.35,case_037,0,ok,5.076352853965901,6.076352853965901,8192,1349.0,0.8460588089943167,length,False,43.19729614490643
longbench_v2_qwen3,cactus,alpha0.35,case_038,0,ok,4.068081991215227,5.068081991215227,6920,1366.0,0.6780136652025378,stop,False,40.1859539123252
longbench_v2_qwen3,cactus,alpha0.35,case_039,0,ok,4.786016949152542,5.786016949152542,8192,1416.0,0.7976694915254238,length,False,45.74629439879209
longbench_v2_qwen3,cactus,alpha0.35,case_040,0,ok,4.11353711790393,5.11353711790393,8192,1603.0,0.6855895196506551,length,False,48.595941447187215
longbench_v2_qwen3,cactus,alpha0.35,case_041,0,ok,3.2711157455683004,4.2711157455683,8192,1918.0,0.5451859575947167,length,False,57.58962477790192
longbench_v2_qwen3,cactus,alpha0.35,case_042,0,ok,3.9516616314199395,4.95166163141994,8192,1655.0,0.6586102719033232,length,False,50.455910206306726
longbench_v2_qwen3,cactus,alpha0.35,case_043,0,ok,5.0213078618662745,6.0213078618662745,8192,1361.0,0.8368846436443791,length,False,41.9736109781079
longbench_v2_qwen3,cactus,alpha0.35,case_044,0,ok,0.34196891191709844,1.3419689119170983,1037,772.0,0.05699481865284974,stop,False,19.21867772610858
longbench_v2_qwen3,cactus,alpha0.35,case_045,0,ok,1.9337629788757609,2.9337629788757607,8192,2793.0,0.32229382981262683,length,False,74.00566910160705
longbench_v2_qwen3,cactus,alpha0.35,case_046,0,ok,3.6600341102899376,4.660034110289938,8192,1759.0,0.6100056850483229,length,False,55.60956236207858
longbench_v2_qwen3,cactus,alpha0.35,case_047,0,ok,3.353159851301115,4.353159851301115,8192,1883.0,0.5588599752168525,length,False,53.04082121141255
longbench_v2_qwen3,cactus,alpha0.35,case_048,0,ok,5.068148148148148,6.068148148148148,8192,1350.0,0.8446913580246913,length,False,43.77918257424608
longbench_v2_qwen3,cactus,alpha0.35,case_049,0,ok,4.328998699609883,5.328998699609883,8192,1538.0,0.7214997832683139,length,False,49.17279758770019
longbench_v2_qwen3,cactus,alpha0.35,case_050,0,ok,2.627906976744186,3.627906976744186,1089,301.0,0.437984496124031,stop,False,8.237354736309499
longbench_v2_qwen3,cactus,alpha0.35,case_051,0,ok,1.1302288871349644,2.1302288871349644,2699,1267.0,0.18837148118916075,stop,False,31.99106240971014
longbench_v2_qwen3,cactus,alpha0.35,case_052,0,ok,4.02760736196319,5.02760736196319,8192,1630.0,0.6712678936605317,length,False,55.021691519301385
longbench_v2_qwen3,cactus,alpha0.35,case_053,0,ok,4.981021897810219,5.981021897810219,8192,1370.0,0.8301703163017031,length,False,44.505485937930644
longbench_v2_qwen3,cactus,alpha0.35,case_054,0,ok,1.158675799086758,2.158675799086758,1891,876.0,0.19311263318112634,stop,False,20.035780848003924
longbench_v2_qwen3,cactus,alpha0.35,case_055,0,ok,4.271557271557271,5.271557271557271,8192,1554.0,0.711926211926212,length,False,47.05586147401482
longbench_v2_qwen3,cactus,alpha0.35,case_056,0,ok,2.737556561085973,3.737556561085973,3303,884.0,0.45625942684766213,stop,False,22.874250411055982
longbench_v2_qwen3,cactus,alpha0.35,case_057,0,ok,4.7799717912552895,5.7799717912552895,8192,1418.0,0.7966619652092148,length,False,44.769565196707845
longbench_v2_qwen3,cactus,alpha0.35,case_058,0,ok,2.0165562913907285,3.0165562913907285,4556,1510.0,0.3360927152317881,stop,False,37.85193413076922
longbench_v2_qwen3,cactus,alpha0.35,case_059,0,ok,4.509751176866174,5.509751176866174,8192,1487.0,0.7516251961443623,length,False,45.68774249404669
longbench_v2_qwen3,cactus,alpha0.35,case_060,0,ok,3.9047904191616767,4.904790419161676,8192,1670.0,0.6507984031936128,length,False,50.348565488122404
longbench_v2_qwen3,cactus,alpha0.35,case_061,0,ok,4.681867535287731,5.681867535287731,5234,921.0,0.7803112558812885,stop,False,27.42785742506385
longbench_v2_qwen3,cactus,alpha0.35,case_062,0,ok,4.515824915824916,5.515824915824916,8192,1485.0,0.7526374859708193,length,False,49.55180278234184
longbench_v2_qwen3,cactus,alpha0.35,case_063,0,ok,2.786111111111111,3.786111111111111,1362,360.0,0.46435185185185185,stop,False,9.862575485836715
longbench_v2_qwen3,cactus,alpha0.35,case_064,0,ok,2.8141361256544504,3.8141361256544504,1456,382.0,0.46902268760907506,stop,False,10.62727966485545
longbench_v2_qwen3,cactus,alpha0.35,case_065,0,ok,1.929951690821256,2.929951690821256,2426,828.0,0.321658615136876,stop,False,20.09895661380142
longbench_v2_qwen3,cactus,alpha0.35,case_066,0,ok,4.692361111111111,5.692361111111111,8192,1440.0,0.7820601851851852,length,False,44.351073883939534
longbench_v2_qwen3,cactus,alpha0.35,case_067,0,ok,2.2550655542312277,3.2550655542312277,8192,2517.0,0.37584425903853796,length,False,64.81752943480387
longbench_v2_qwen3,cactus,alpha0.35,case_068,0,ok,1.1053763440860216,2.1053763440860216,977,465.0,0.18422939068100358,stop,False,11.672504834830761
longbench_v2_qwen3,cactus,alpha0.35,case_069,0,ok,4.629660314830158,5.629660314830158,6796,1207.0,0.7716100524716929,stop,False,39.63470845622942
longbench_v2_qwen3,cactus,alpha0.35,case_070,0,ok,3.9746835443037973,4.974683544303797,2359,474.0,0.6624472573839663,stop,False,14.299853099975735
longbench_v2_qwen3,cactus,alpha0.35,case_071,0,ok,4.038745387453875,5.038745387453875,8192,1626.0,0.6731242312423125,length,False,49.48816938884556
longbench_v2_qwen3,cactus,alpha0.35,case_072,0,ok,1.895722870272181,2.8957228702721807,8192,2829.0,0.3159538117120302,length,False,71.82522594416514
longbench_v2_qwen3,cactus,alpha0.35,case_073,0,ok,4.378857518056467,5.378857518056467,8192,1523.0,0.7298095863427446,length,False,49.0744575872086
longbench_v2_qwen3,cactus,alpha0.35,case_074,0,ok,1.1011029411764706,2.1011029411764706,4573,2176.0,0.18351715686274508,stop,False,54.48446888662875
longbench_v2_qwen3,cactus,alpha0.35,case_075,0,ok,4.354016982364468,5.354016982364468,8192,1531.0,0.7256694970607446,length,False,50.677571488078684
longbench_v2_qwen3,cactus,alpha0.35,case_076,0,ok,1.6377440347071583,2.6377440347071586,1217,461.0,0.27295733911785974,stop,False,11.327314905822277
longbench_v2_qwen3,cactus,alpha0.35,case_077,0,ok,4.723463687150838,5.723463687150838,8192,1432.0,0.787243947858473,length,False,49.22422065772116
longbench_v2_qwen3,cactus,alpha0.35,case_078,0,ok,3.508530544854155,4.508530544854155,8192,1817.0,0.5847550908090259,length,False,55.34297053096816
longbench_v2_qwen3,cactus,alpha0.35,case_079,0,ok,3.661923733636881,4.661923733636881,8192,1757.0,0.6103206222728135,length,False,52.8551584626548
longbench_v2_qwen3,cactus,alpha0.35,case_080,0,ok,4.12982900569981,5.12982900569981,8101,1579.0,0.6883048342833017,stop,False,47.13617388531566
longbench_v2_qwen3,cactus,alpha0.35,case_081,0,ok,4.330513988288875,5.330513988288875,8192,1537.0,0.7217523313814791,length,False,46.51872293185443
longbench_v2_qwen3,cactus,alpha0.35,case_082,0,ok,2.125725338491296,3.125725338491296,1617,517.0,0.354287556415216,stop,False,14.59789734100923
longbench_v2_qwen3,cactus,alpha0.35,case_083,0,ok,3.970873786407767,4.970873786407767,8192,1648.0,0.6618122977346278,length,False,46.700585876591504
longbench_v2_qwen3,cactus,alpha0.35,case_084,0,ok,2.0773067331670823,3.0773067331670823,1234,401.0,0.3462177888611804,stop,False,11.165476721711457
longbench_v2_qwen3,cactus,alpha0.35,case_085,0,ok,4.077447335811648,5.077447335811648,8192,1614.0,0.679574555968608,length,False,47.57587230484933
longbench_v2_qwen3,cactus,alpha0.35,case_086,0,ok,4.518518518518518,5.518518518518518,8192,1485.0,0.7530864197530864,length,False,46.95478694792837
longbench_v2_qwen3,cactus,alpha0.35,case_087,0,ok,4.947024673439768,5.947024673439768,8192,1378.0,0.8245041122399613,length,False,42.23519508773461
longbench_v2_qwen3,cactus,alpha0.35,case_088,0,ok,1.4370722999107408,2.437072299910741,8192,3361.0,0.2395120499851235,length,False,82.74284074315801
longbench_v2_qwen3,cactus,alpha0.35,case_089,0,ok,3.008364312267658,4.008364312267658,4312,1076.0,0.5013940520446096,stop,False,29.161051311995834
longbench_v2_qwen3,cactus,alpha0.35,case_090,0,ok,1.8060606060606061,2.806060606060606,1390,495.0,0.301010101010101,stop,False,14.123207131866366
longbench_v2_qwen3,cactus,alpha0.35,case_091,0,ok,2.5006407518154634,3.5006407518154634,8192,2341.0,0.4167734586359106,length,False,62.00173830706626
longbench_v2_qwen3,cactus,alpha0.35,case_092,0,ok,3.750144927536232,4.7501449275362315,8192,1725.0,0.625024154589372,length,False,52.31587032508105
longbench_v2_qwen3,cactus,alpha0.35,case_093,0,ok,5.206818181818182,6.206818181818182,8192,1320.0,0.8678030303030303,length,False,43.44283650396392
longbench_v2_qwen3,cactus,alpha0.35,case_094,0,ok,4.292635658914729,5.292635658914729,8192,1548.0,0.7154392764857881,length,False,53.2052693949081
longbench_v2_qwen3,cactus,alpha0.35,case_095,0,ok,3.055363321799308,4.055363321799308,4687,1156.0,0.5092272202998847,stop,False,35.38367517478764
longbench_v2_qwen3,cactus,alpha0.35,case_096,0,ok,1.9951159951159951,2.995115995115995,2452,819.0,0.3325193325193325,stop,False,20.376498988829553
longbench_v2_qwen3,cactus,alpha0.35,case_097,0,ok,3.856829802775749,4.856829802775749,6648,1369.0,0.6428049671292915,stop,False,39.93214477878064
longbench_v2_qwen3,cactus,alpha0.35,case_098,0,ok,4.1515723270440255,5.1515723270440255,8192,1590.0,0.6919287211740042,length,False,49.20551710994914
longbench_v2_qwen3,cactus,alpha0.35,case_099,0,ok,4.621399176954733,5.621399176954733,8192,1458.0,0.7702331961591221,length,False,46.15833801962435
longbench_v2_qwen3,cactus,alpha0.35,case_100,0,ok,1.7091295116772824,2.7091295116772827,3827,1413.0,0.28485491861288037,stop,False,35.56452988507226
longbench_v2_qwen3,cactus,alpha0.35,case_101,0,ok,4.111607142857143,5.111607142857143,5726,1120.0,0.6852678571428571,stop,False,34.41801027208567
longbench_v2_qwen3,cactus,alpha0.35,case_102,0,ok,3.636971046770601,4.636971046770601,4164,898.0,0.6061618411284335,stop,False,26.094308026134968
longbench_v2_qwen3,cactus,alpha0.35,case_103,0,ok,2.5407969639468693,3.5407969639468693,1865,527.0,0.4234661606578115,stop,False,13.686415126081556
longbench_v2_qwen3,cactus,alpha0.35,case_104,0,ok,4.455392809587217,5.455392809587217,8192,1502.0,0.7425654682645362,length,False,45.52533955127001
longbench_v2_qwen3,cactus,alpha0.35,case_105,0,ok,4.451349141455437,5.451349141455437,6668,1223.0,0.7418915235759063,stop,False,36.8583264388144
longbench_v2_qwen3,cactus,alpha0.35,case_106,0,ok,1.7244258872651357,2.7244258872651357,1306,479.0,0.2874043145441893,stop,False,12.75523199699819
longbench_v2_qwen3,cactus,alpha0.35,case_107,0,ok,4.517171717171717,5.517171717171717,8192,1485.0,0.7528619528619529,length,False,48.19540027156472
longbench_v2_qwen3,cactus,alpha0.35,case_108,0,ok,3.7091954022988505,4.7091954022988505,8192,1740.0,0.6181992337164751,length,False,58.207999939098954
longbench_v2_qwen3,cactus,alpha0.35,case_109,0,ok,1.5846736045411542,2.5846736045411545,8192,3171.0,0.2641122674235257,length,False,81.35210463125259
longbench_v2_qwen3,cactus,alpha0.35,case_110,0,ok,3.970266990291262,4.970266990291262,8192,1648.0,0.6617111650485437,length,False,49.21320035401732
longbench_v2_qwen3,cactus,alpha0.35,case_111,0,ok,0.5290697674418605,1.5290697674418605,1314,860.0,0.08817829457364341,stop,False,20.801014949101955
longbench_v2_qwen3,cactus,alpha0.35,case_112,0,ok,4.054287476866132,5.054287476866132,8192,1621.0,0.6757145794776886,length,False,49.257138303946704
longbench_v2_qwen3,cactus,alpha0.35,case_113,0,ok,4.4186507936507935,5.4186507936507935,8192,1512.0,0.736441798941799,length,False,45.040246817748994
longbench_v2_qwen3,cactus,alpha0.35,case_114,0,ok,4.616860863605209,5.616860863605209,8192,1459.0,0.7694768106008681,length,False,46.229074575938284
longbench_v2_qwen3,cactus,alpha0.35,case_115,0,ok,4.270913770913771,5.270913770913771,8192,1554.0,0.7118189618189619,length,False,46.91195880295709
longbench_v2_qwen3,cactus,alpha0.35,case_116,0,ok,4.3795141168745895,5.3795141168745895,8192,1523.0,0.7299190194790983,length,False,44.44401911459863
longbench_v2_qwen3,cactus,alpha0.35,case_117,0,ok,3.768335273573923,4.768335273573923,8192,1718.0,0.6280558789289872,length,False,53.057499285787344
longbench_v2_qwen3,cactus,alpha0.35,case_118,0,ok,4.61027397260274,5.61027397260274,8192,1460.0,0.76837899543379,length,False,44.09909571195021
longbench_v2_qwen3,cactus,alpha0.35,case_119,0,ok,0.8739495798319328,1.8739495798319328,668,357.0,0.14565826330532214,stop,False,9.007881574798375
longbench_v2_qwen3,cactus,alpha0.35,case_120,0,ok,4.676592797783933,5.676592797783933,8192,1444.0,0.7794321329639889,length,False,49.4507070328109
longbench_v2_qwen3,cactus,alpha0.35,case_121,0,ok,2.9570048309178745,3.9570048309178745,8192,2070.0,0.4928341384863124,length,False,56.968107788357884
longbench_v2_qwen3,cactus,alpha0.35,case_122,0,ok,4.394415357766143,5.394415357766143,3092,573.0,0.7324025596276905,stop,False,21.42291537532583
longbench_v2_qwen3,cactus,alpha0.35,case_123,0,ok,3.3959731543624163,4.395973154362416,1307,298.0,0.5659955257270693,stop,False,8.756562530063093
longbench_v2_qwen3,cactus,alpha0.35,case_124,0,ok,2.416417910447761,3.416417910447761,2287,670.0,0.4027363184079602,stop,False,16.891631035134196
longbench_v2_qwen3,cactus,alpha0.35,case_125,0,ok,1.01131221719457,2.01131221719457,1779,884.0,0.16855203619909503,stop,False,20.939132563769817
longbench_v2_qwen3,cactus,alpha0.35,case_126,0,ok,3.951057401812689,4.9510574018126885,8192,1655.0,0.6585095669687815,length,False,50.577574423048645
longbench_v2_qwen3,cactus,alpha0.35,case_127,0,ok,4.851428571428571,5.851428571428571,8192,1400.0,0.8085714285714286,length,False,46.075681327376515
longbench_v2_qwen3,cactus,alpha0.35,case_128,0,ok,2.7427685950413223,3.7427685950413223,3624,968.0,0.45712809917355374,stop,False,29.069087154231966
longbench_v2_qwen3,cactus,alpha0.35,case_129,0,ok,4.048675292667899,5.048675292667899,8192,1623.0,0.6747792154446498,length,False,49.946909612976015
longbench_v2_qwen3,cactus,alpha0.35,case_130,0,ok,4.947024673439768,5.947024673439768,8192,1378.0,0.8245041122399613,length,False,44.19769364921376
longbench_v2_qwen3,cactus,alpha0.35,case_131,0,ok,2.0823617901466718,3.0823617901466718,8192,2659.0,0.34706029835777863,length,False,66.72967523569241
longbench_v2_qwen3,cactus,alpha0.35,case_132,0,ok,3.2753792298716453,4.275379229871645,3665,857.0,0.5458965383119408,stop,False,26.788984892889857
longbench_v2_qwen3,cactus,alpha0.35,case_133,0,ok,4.838916607270136,5.838916607270136,8192,1403.0,0.8064861012116893,length,False,45.96797581575811
longbench_v2_qwen3,cactus,alpha0.35,case_134,0,ok,4.88433908045977,5.88433908045977,8192,1392.0,0.8140565134099617,length,False,42.06361568812281
longbench_v2_qwen3,cactus,alpha0.35,case_135,0,ok,5.21379833206975,6.21379833206975,8192,1319.0,0.8689663886782917,length,False,42.3216166049242
longbench_v2_qwen3,cactus,alpha0.35,case_136,0,ok,4.454061251664448,5.454061251664448,8192,1502.0,0.7423435419440746,length,False,51.740074621047825
longbench_v2_qwen3,cactus,alpha0.35,case_137,0,ok,4.388815789473684,5.388815789473684,8192,1520.0,0.731469298245614,length,False,46.58535120403394
longbench_v2_qwen3,cactus,alpha0.35,case_138,0,ok,4.5,5.5,8192,1490.0,0.75,length,False,48.55606846185401
longbench_v2_qwen3,cactus,alpha0.35,case_139,0,ok,2.8311506080449016,3.8311506080449016,8192,2138.0,0.4718584346741503,length,False,62.99289750820026
longbench_v2_qwen3,cactus,alpha0.35,case_140,0,ok,4.345595353339787,5.345595353339787,5519,1033.0,0.7242658922232978,stop,False,31.55029901303351
longbench_v2_qwen3,cactus,alpha0.35,case_141,0,ok,2.797720797720798,3.797720797720798,2663,702.0,0.466286799620133,stop,False,18.617719959001988
longbench_v2_qwen3,cactus,alpha0.35,case_142,0,ok,3.8732876712328768,4.873287671232877,1424,292.0,0.6455479452054794,stop,False,10.093989504966885
longbench_v2_qwen3,cactus,alpha0.35,case_143,0,ok,1.2564715252887295,2.2564715252887293,5667,2511.0,0.20941192088145494,stop,False,62.99883729219437
longbench_v2_qwen3,cactus,alpha0.35,case_144,0,ok,4.410334346504559,5.410334346504559,3558,658.0,0.7350557244174265,stop,False,19.73723103897646
longbench_v2_qwen3,cactus,alpha0.35,case_145,0,ok,5.080118694362018,6.080118694362018,8192,1348.0,0.8466864490603363,length,False,41.24842671118677
longbench_v2_qwen3,cactus,alpha0.35,case_146,0,ok,3.999265785609398,4.999265785609397,6809,1362.0,0.6665442976015663,stop,False,39.07767212204635
longbench_v2_qwen3,cactus,alpha0.35,case_147,0,ok,4.15607300188798,5.15607300188798,8192,1589.0,0.6926788336479967,length,False,46.56906319409609
longbench_v2_qwen3,cactus,alpha0.35,case_148,0,ok,3.1715481171548117,4.171548117154812,3989,956.0,0.5285913528591353,stop,False,27.23545790137723
longbench_v2_qwen3,cactus,alpha0.35,case_149,0,ok,3.770529994175888,4.770529994175888,8192,1717.0,0.6284216656959813,length,False,50.1025935318321
longbench_v2_qwen3,cactus,alpha0.35,case_150,0,ok,1.3233695652173914,2.3233695652173916,854,368.0,0.22056159420289856,stop,False,8.840357224922627
longbench_v2_qwen3,mentored_dec,alpha0.15,case_001,0,ok,0.35698447893569846,1.3569844789356984,1224,902.0,0.05949741315594974,stop,False,17.778457997832447
longbench_v2_qwen3,mentored_dec,alpha0.15,case_002,0,ok,0.37898089171974525,1.3789808917197452,1298,942.0,0.06316348195329087,stop,False,20.07147284829989
longbench_v2_qwen3,mentored_dec,alpha0.15,case_003,0,ok,0.40540540540540543,1.4054054054054055,885,629.0,0.06756756756756757,stop,False,12.237715748138726
longbench_v2_qwen3,mentored_dec,alpha0.15,case_004,0,ok,0.7434679334916865,1.7434679334916865,1467,842.0,0.12391132224861441,stop,False,13.819133559241891
longbench_v2_qwen3,mentored_dec,alpha0.15,case_005,0,ok,1.1477488902980342,2.1477488902980344,3385,1577.0,0.19129148171633903,stop,False,23.74712974578142
longbench_v2_qwen3,mentored_dec,alpha0.15,case_006,0,ok,0.5206030150753769,1.5206030150753769,4540,2985.0,0.08676716917922948,stop,False,48.984413529746234
longbench_v2_qwen3,mentored_dec,alpha0.15,case_007,0,ok,0.28983516483516486,1.289835164835165,938,728.0,0.04830586080586081,stop,False,15.509523073676974
longbench_v2_qwen3,mentored_dec,alpha0.15,case_008,0,ok,1.157696650357546,2.157696650357546,5734,2657.0,0.1929494417262577,stop,False,45.14436639519408
longbench_v2_qwen3,mentored_dec,alpha0.15,case_009,0,ok,1.3102016607354685,2.3102016607354683,7791,3372.0,0.21836694345591143,stop,False,55.466564554255456
longbench_v2_qwen3,mentored_dec,alpha0.15,case_010,0,ok,0.391304347826087,1.391304347826087,2655,1909.0,0.06521739130434782,stop,False,35.208750241901726
longbench_v2_qwen3,mentored_dec,alpha0.15,case_011,0,ok,0.48771929824561405,1.487719298245614,1273,855.0,0.08128654970760234,stop,False,14.30690143071115
longbench_v2_qwen3,mentored_dec,alpha0.15,case_012,0,ok,0.8898809523809523,1.8898809523809523,3174,1680.0,0.14831349206349206,stop,False,25.889656795188785
longbench_v2_qwen3,mentored_dec,alpha0.15,case_013,0,ok,0.5010224948875256,1.5010224948875255,735,489.0,0.08350374914792093,stop,False,10.302810123190284
longbench_v2_qwen3,mentored_dec,alpha0.15,case_014,0,ok,0.7811158798283262,1.7811158798283262,2491,1398.0,0.1301859799713877,stop,False,29.427830090280622
longbench_v2_qwen3,mentored_dec,alpha0.15,case_015,0,ok,0.4500768049155146,1.4500768049155146,1889,1302.0,0.07501280081925243,stop,False,29.021726264152676
longbench_v2_qwen3,mentored_dec,alpha0.15,case_016,0,ok,0.7854582693292371,1.7854582693292371,3488,1953.0,0.13090971155487285,stop,False,40.450921044219285
longbench_v2_qwen3,mentored_dec,alpha0.15,case_017,0,ok,0.7240437158469946,1.7240437158469946,632,366.0,0.12067395264116576,stop,False,8.307639616075903
longbench_v2_qwen3,mentored_dec,alpha0.15,case_018,0,ok,0.8373807458803122,1.8373807458803122,4238,2306.0,0.1395634576467187,stop,False,48.70218051597476
longbench_v2_qwen3,mentored_dec,alpha0.15,case_019,0,ok,0.6334873800213295,1.6334873800213296,4594,2813.0,0.10558123000355492,stop,False,60.55821156408638
longbench_v2_qwen3,mentored_dec,alpha0.15,case_020,0,ok,0.33466666666666667,1.3346666666666667,2003,1500.0,0.05577777777777778,stop,False,35.85938260983676
longbench_v2_qwen3,mentored_dec,alpha0.15,case_021,0,ok,0.818100358422939,1.8181003584229392,2030,1116.0,0.1363500597371565,stop,False,23.62075434671715
longbench_v2_qwen3,mentored_dec,alpha0.15,case_022,0,ok,0.8796433878157504,1.8796433878157504,1264,673.0,0.14660723130262507,stop,False,14.161289904266596
longbench_v2_qwen3,mentored_dec,alpha0.15,case_023,0,ok,0.3676585747846515,1.3676585747846515,3494,2554.0,0.06127642913077525,stop,False,58.77543993340805
longbench_v2_qwen3,mentored_dec,alpha0.15,case_024,0,ok,0.9067234848484849,1.9067234848484849,4028,2112.0,0.1511205808080808,stop,False,45.408589289058
longbench_v2_qwen3,mentored_dec,alpha0.15,case_025,0,ok,1.1907051282051282,2.190705128205128,2735,1248.0,0.1984508547008547,stop,False,32.513184503652155
longbench_v2_qwen3,mentored_dec,alpha0.15,case_026,0,ok,1.0487264673311185,2.0487264673311185,1851,903.0,0.17478774455518642,stop,False,21.09104700013995
longbench_v2_qwen3,mentored_dec,alpha0.15,case_027,0,ok,0.9782923299565847,1.9782923299565847,4102,2073.0,0.16304872165943077,stop,False,44.55751966824755
longbench_v2_qwen3,mentored_dec,alpha0.15,case_028,0,ok,1.5977301387137453,2.5977301387137453,2061,793.0,0.2662883564522909,stop,False,19.907597376964986
longbench_v2_qwen3,mentored_dec,alpha0.15,case_029,0,ok,0.8542047531992687,1.8542047531992687,4058,2188.0,0.14236745886654478,stop,False,44.42799291200936
longbench_v2_qwen3,mentored_dec,alpha0.15,case_030,0,ok,1.2423756019261638,2.242375601926164,5589,2492.0,0.20706260032102727,stop,False,57.39003905514255
longbench_v2_qwen3,mentored_dec,alpha0.15,case_031,0,ok,0.2713722051731697,1.2713722051731697,2901,2281.0,0.045228700862194944,stop,False,51.56274128612131
longbench_v2_qwen3,mentored_dec,alpha0.15,case_032,0,ok,0.49461684610512985,1.49461684610513,2361,1579.0,0.08243614101752164,stop,False,34.41298063006252
longbench_v2_qwen3,mentored_dec,alpha0.15,case_033,0,ok,1.3417935702199661,2.3417935702199664,2769,1182.0,0.2236322617033277,stop,False,29.045427248813212
longbench_v2_qwen3,mentored_dec,alpha0.15,case_034,0,ok,0.7946257197696737,1.7946257197696736,934,521.0,0.1324376199616123,stop,False,11.937992641236633
longbench_v2_qwen3,mentored_dec,alpha0.15,case_035,0,ok,0.8949771689497716,1.8949771689497716,3736,1971.0,0.1491628614916286,stop,False,42.04057835880667
longbench_v2_qwen3,mentored_dec,alpha0.15,case_036,0,ok,1.1278042148198504,2.12780421481985,3131,1471.0,0.18796736913664175,stop,False,31.7561346758157
longbench_v2_qwen3,mentored_dec,alpha0.15,case_037,0,ok,0.8780160857908847,1.8780160857908847,2803,1492.0,0.14633601429848078,stop,False,32.157598482910544
longbench_v2_qwen3,mentored_dec,alpha0.15,case_038,0,ok,0.7446633825944171,1.7446633825944171,2126,1218.0,0.12411056376573618,stop,False,26.150472211651504
longbench_v2_qwen3,mentored_dec,alpha0.15,case_039,0,ok,0.5568544102019128,1.5568544102019128,2928,1882.0,0.09280906836698548,stop,False,39.44808832090348
longbench_v2_qwen3,mentored_dec,alpha0.15,case_040,0,ok,0.6775956284153005,1.6775956284153004,1841,1098.0,0.11293260473588343,stop,False,23.419140158686787
longbench_v2_qwen3,mentored_dec,alpha0.15,case_041,0,ok,0.4730337078651685,1.4730337078651685,1312,890.0,0.07883895131086142,stop,False,21.688473316375166
longbench_v2_qwen3,mentored_dec,alpha0.15,case_042,0,ok,0.5857988165680473,1.5857988165680474,2145,1352.0,0.09763313609467456,stop,False,30.002594204153866
longbench_v2_qwen3,mentored_dec,alpha0.15,case_043,0,ok,1.0512723129510064,2.0512723129510064,5400,2633.0,0.17521205215850108,stop,False,55.455373166594654
longbench_v2_qwen3,mentored_dec,alpha0.15,case_044,0,ok,0.3019108280254777,1.3019108280254776,1023,785.0,0.05031847133757962,stop,False,19.4558360921219
longbench_v2_qwen3,mentored_dec,alpha0.15,case_045,0,ok,0.8679589509692133,1.8679589509692134,8192,4385.0,0.14465982516153553,length,False,104.24173336988315
longbench_v2_qwen3,mentored_dec,alpha0.15,case_046,0,ok,0.25037537537537535,1.2503753753753752,3332,2664.0,0.04172922922922923,stop,False,60.80366554390639
longbench_v2_qwen3,mentored_dec,alpha0.15,case_047,0,ok,0.8041543026706232,1.8041543026706233,1825,1011.0,0.13402571711177053,stop,False,23.15344999311492
longbench_v2_qwen3,mentored_dec,alpha0.15,case_048,0,ok,0.5164319248826291,1.516431924882629,1293,852.0,0.08607198748043818,stop,False,18.916734932921827
longbench_v2_qwen3,mentored_dec,alpha0.15,case_049,0,ok,0.5667556742323098,1.5667556742323097,2346,1498.0,0.09445927903871829,stop,False,34.579467789269984
longbench_v2_qwen3,mentored_dec,alpha0.15,case_050,0,ok,1.0789245446660884,2.0789245446660884,4793,2306.0,0.17982075744434808,stop,False,49.7127373740077
longbench_v2_qwen3,mentored_dec,alpha0.15,case_051,0,ok,0.9524124256444151,1.952412425644415,2955,1513.0,0.15873540427406918,stop,False,37.06305734300986
longbench_v2_qwen3,mentored_dec,alpha0.15,case_052,0,ok,0.34844444444444445,1.3484444444444446,1518,1125.0,0.05807407407407408,stop,False,28.46089223586023
longbench_v2_qwen3,mentored_dec,alpha0.15,case_053,0,ok,0.5118483412322274,1.5118483412322274,1277,844.0,0.08530805687203792,stop,False,18.607720952946693
longbench_v2_qwen3,mentored_dec,alpha0.15,case_054,0,ok,0.9282920469361148,1.928292046936115,1478,767.0,0.15471534115601912,stop,False,17.14939799485728
longbench_v2_qwen3,mentored_dec,alpha0.15,case_055,0,ok,0.6275425141713905,1.6275425141713904,4882,2999.0,0.10459041902856507,stop,False,62.92999772913754
longbench_v2_qwen3,mentored_dec,alpha0.15,case_056,0,ok,0.8436928702010968,1.8436928702010968,2018,1094.0,0.14061547836684948,stop,False,23.03419465944171
longbench_v2_qwen3,mentored_dec,alpha0.15,case_057,0,ok,0.7444444444444445,1.7444444444444445,1414,810.0,0.12407407407407407,stop,False,18.206097040325403
longbench_v2_qwen3,mentored_dec,alpha0.15,case_058,0,ok,1.3533020570191268,2.3533020570191265,6522,2771.0,0.22555034283652112,stop,False,64.50218548998237
longbench_v2_qwen3,mentored_dec,alpha0.15,case_059,0,ok,0.6381709741550696,1.6381709741550696,825,503.0,0.10636182902584493,stop,False,11.32191240414977
longbench_v2_qwen3,mentored_dec,alpha0.15,case_060,0,ok,0.5855148342059336,1.5855148342059335,1818,1146.0,0.09758580570098895,stop,False,25.62020082678646
longbench_v2_qwen3,mentored_dec,alpha0.15,case_061,0,ok,0.8725817211474316,1.8725817211474316,2808,1499.0,0.14543028685790527,stop,False,30.77199916075915
longbench_v2_qwen3,mentored_dec,alpha0.15,case_062,0,ok,0.5896907216494846,1.5896907216494847,771,485.0,0.09828178694158075,stop,False,13.008166506886482
longbench_v2_qwen3,mentored_dec,alpha0.15,case_063,0,ok,0.8768577494692145,1.8768577494692145,1769,942.0,0.1461429582448691,stop,False,20.09088223800063
longbench_v2_qwen3,mentored_dec,alpha0.15,case_064,0,ok,0.9878419452887538,1.987841945288754,1307,658.0,0.1646403242147923,stop,False,14.739449286833405
longbench_v2_qwen3,mentored_dec,alpha0.15,case_065,0,ok,0.7620137299771167,1.7620137299771166,3079,1748.0,0.12700228832951946,stop,False,36.06735684489831
longbench_v2_qwen3,mentored_dec,alpha0.15,case_066,0,ok,0.6918735891647856,1.6918735891647856,1500,886.0,0.1153122648607976,stop,False,18.21561873378232
longbench_v2_qwen3,mentored_dec,alpha0.15,case_067,0,ok,1.4241960183767228,2.4241960183767226,4750,1959.0,0.23736600306278713,stop,False,46.41024619201198
longbench_v2_qwen3,mentored_dec,alpha0.15,case_068,0,ok,0.772002772002772,1.772002772002772,2558,1443.0,0.12866712866712868,stop,False,31.897170329932123
longbench_v2_qwen3,mentored_dec,alpha0.15,case_069,0,ok,0.4647239263803681,1.4647239263803682,1911,1304.0,0.07745398773006135,stop,False,28.970213545951992
longbench_v2_qwen3,mentored_dec,alpha0.15,case_070,0,ok,0.9342723004694836,1.9342723004694835,1235,639.0,0.15571205007824726,stop,False,14.29011512733996
longbench_v2_qwen3,mentored_dec,alpha0.15,case_071,0,ok,0.6931233933161953,1.6931233933161953,5270,3112.0,0.11552056555269923,stop,False,67.1551896398887
longbench_v2_qwen3,mentored_dec,alpha0.15,case_072,0,ok,1.34120082815735,2.34120082815735,5655,2415.0,0.2235334713595583,stop,False,59.375592371914536
longbench_v2_qwen3,mentored_dec,alpha0.15,case_073,0,ok,0.37625250501002006,1.37625250501002,2748,1996.0,0.06270875083500334,stop,False,43.946260172408074
longbench_v2_qwen3,mentored_dec,alpha0.15,case_074,0,ok,0.7761711972238288,1.7761711972238288,3072,1729.0,0.12936186620397147,stop,False,42.33706591185182
longbench_v2_qwen3,mentored_dec,alpha0.15,case_075,0,ok,0.34076827757125155,1.3407682775712515,1083,807.0,0.05679471292854193,stop,False,19.88481787033379
longbench_v2_qwen3,mentored_dec,alpha0.15,case_076,0,ok,0.6686746987951807,1.6686746987951806,832,498.0,0.11144578313253012,stop,False,11.042539780028164
longbench_v2_qwen3,mentored_dec,alpha0.15,case_077,0,ok,0.3203825463239689,1.320382546323969,2210,1673.0,0.053397091053994816,stop,False,38.81930688302964
longbench_v2_qwen3,mentored_dec,alpha0.15,case_078,0,ok,0.37481031866464337,1.3748103186646434,1813,1318.0,0.06246838644410723,stop,False,30.007002525031567
longbench_v2_qwen3,mentored_dec,alpha0.15,case_079,0,ok,0.3690773067331671,1.3690773067331672,1099,802.0,0.06151288445552785,stop,False,18.30911108199507
longbench_v2_qwen3,mentored_dec,alpha0.15,case_080,0,ok,0.6670807453416149,1.667080745341615,2685,1610.0,0.11118012422360249,stop,False,34.4303066409193
longbench_v2_qwen3,mentored_dec,alpha0.15,case_081,0,ok,0.8715677590788308,1.8715677590788307,2112,1129.0,0.14526129317980513,stop,False,24.619357141200453
longbench_v2_qwen3,mentored_dec,alpha0.15,case_082,0,ok,0.47544642857142855,1.4754464285714286,660,448.0,0.07924107142857142,stop,False,11.073896383866668
longbench_v2_qwen3,mentored_dec,alpha0.15,case_083,0,ok,0.9897292250233427,1.9897292250233427,2132,1071.0,0.16495487083722377,stop,False,22.657270645257086
longbench_v2_qwen3,mentored_dec,alpha0.15,case_084,0,ok,0.7666263603385731,1.7666263603385732,1462,827.0,0.12777106005642885,stop,False,18.830050820019096
longbench_v2_qwen3,mentored_dec,alpha0.15,case_085,0,ok,0.6501677852348994,1.6501677852348995,1968,1192.0,0.10836129753914989,stop,False,25.204675796907395
longbench_v2_qwen3,mentored_dec,alpha0.15,case_086,0,ok,0.5752212389380531,1.575221238938053,711,452.0,0.09587020648967552,stop,False,10.85928251221776
longbench_v2_qwen3,mentored_dec,alpha0.15,case_087,0,ok,0.8923933209647495,1.8923933209647497,2041,1078.0,0.1487322201607916,stop,False,22.703188771381974
longbench_v2_qwen3,mentored_dec,alpha0.15,case_088,0,ok,1.1694542253521127,2.169454225352113,4930,2272.0,0.19490903755868544,stop,False,55.11957721412182
longbench_v2_qwen3,mentored_dec,alpha0.15,case_089,0,ok,1.109471820596046,2.1094718205960463,7149,3389.0,0.18491197009934102,stop,False,73.57161864591762
longbench_v2_qwen3,mentored_dec,alpha0.15,case_090,0,ok,0.5368248772504092,1.5368248772504092,938,611.0,0.0894708128750682,stop,False,14.721689931116998
longbench_v2_qwen3,mentored_dec,alpha0.15,case_091,0,ok,1.535931790499391,2.535931790499391,4165,1642.0,0.2559886317498985,stop,False,39.58647890295833
longbench_v2_qwen3,mentored_dec,alpha0.15,case_092,0,ok,0.40250809061488674,1.4025080906148868,3468,2472.0,0.0670846817691478,stop,False,53.31864977488294
longbench_v2_qwen3,mentored_dec,alpha0.15,case_093,0,ok,0.6699834162520729,1.669983416252073,2012,1206.0,0.11166390270867883,stop,False,25.732969016302377
longbench_v2_qwen3,mentored_dec,alpha0.15,case_094,0,ok,0.2853080568720379,1.2853080568720379,1357,1055.0,0.04755134281200632,stop,False,26.186526346951723
longbench_v2_qwen3,mentored_dec,alpha0.15,case_095,0,ok,0.3653169014084507,1.3653169014084507,1552,1136.0,0.06088615023474178,stop,False,27.218485368881375
longbench_v2_qwen3,mentored_dec,alpha0.15,case_096,0,ok,1.0504587155963303,2.0504587155963305,1787,872.0,0.17507645259938837,stop,False,19.19422203907743
longbench_v2_qwen3,mentored_dec,alpha0.15,case_097,0,ok,0.7452471482889734,1.7452471482889735,3214,1841.0,0.12420785804816223,stop,False,38.850845963228494
longbench_v2_qwen3,mentored_dec,alpha0.15,case_098,0,ok,0.5264705882352941,1.526470588235294,4153,2720.0,0.08774509803921568,stop,False,57.78733265399933
longbench_v2_qwen3,mentored_dec,alpha0.15,case_099,0,ok,0.7300325262016625,1.7300325262016625,4788,2767.0,0.12167208770027707,stop,False,59.40504829399288
longbench_v2_qwen3,mentored_dec,alpha0.15,case_100,0,ok,1.202774108322325,2.202774108322325,6671,3028.0,0.20046235138705415,stop,False,71.22831763792783
longbench_v2_qwen3,mentored_dec,alpha0.15,case_101,0,ok,0.7082123052548192,1.7082123052548193,6470,3787.0,0.11803538420913652,stop,False,81.86572302924469
longbench_v2_qwen3,mentored_dec,alpha0.15,case_102,0,ok,0.7454068241469817,1.7454068241469818,1331,762.0,0.1242344706911636,stop,False,16.371151478029788
longbench_v2_qwen3,mentored_dec,alpha0.15,case_103,0,ok,0.8019652305366591,1.8019652305366591,2385,1323.0,0.13366087175610986,stop,False,27.549029374029487
longbench_v2_qwen3,mentored_dec,alpha0.15,case_104,0,ok,0.7293676312968917,1.7293676312968917,3228,1866.0,0.12156127188281529,stop,False,38.940012368839234
longbench_v2_qwen3,mentored_dec,alpha0.15,case_105,0,ok,0.8191632928475033,1.8191632928475032,2697,1482.0,0.1365272154745839,stop,False,31.41335539892316
longbench_v2_qwen3,mentored_dec,alpha0.15,case_106,0,ok,0.5875639512003148,1.5875639512003148,8069,5082.0,0.09792732520005247,stop,False,107.00983619084582
longbench_v2_qwen3,mentored_dec,alpha0.15,case_107,0,ok,0.49646059462010383,1.4964605946201037,3172,2119.0,0.08274343243668397,stop,False,47.04047366278246
longbench_v2_qwen3,mentored_dec,alpha0.15,case_108,0,ok,0.2641509433962264,1.2641509433962264,1140,901.0,0.0440251572327044,stop,False,23.907868824899197
longbench_v2_qwen3,mentored_dec,alpha0.15,case_109,0,ok,0.7150335008375209,1.7150335008375208,8192,4776.0,0.11917225013958682,length,False,110.92689900333062
longbench_v2_qwen3,mentored_dec,alpha0.15,case_110,0,ok,0.771559633027523,1.771559633027523,1932,1090.0,0.12859327217125383,stop,False,24.157919419929385
longbench_v2_qwen3,mentored_dec,alpha0.15,case_111,0,ok,0.5317815577439571,1.531781557743957,1712,1117.0,0.08863025962399283,stop,False,26.15201488789171
longbench_v2_qwen3,mentored_dec,alpha0.15,case_112,0,ok,0.48056155507559395,1.480561555075594,1369,926.0,0.080093592512599,stop,False,20.567019794136286
longbench_v2_qwen3,mentored_dec,alpha0.15,case_113,0,ok,0.6839080459770115,1.6839080459770115,1171,696.0,0.11398467432950192,stop,False,14.833942897152156
longbench_v2_qwen3,mentored_dec,alpha0.15,case_114,0,ok,0.6361323155216285,1.6361323155216285,642,393.0,0.10602205258693809,stop,False,9.818056715186685
longbench_v2_qwen3,mentored_dec,alpha0.15,case_115,0,ok,0.5611111111111111,1.5611111111111111,1125,720.0,0.09351851851851851,stop,False,15.65591404819861
longbench_v2_qwen3,mentored_dec,alpha0.15,case_116,0,ok,1.0541640576080151,2.0541640576080153,6559,3194.0,0.17569400960133583,stop,False,66.64873638795689
longbench_v2_qwen3,mentored_dec,alpha0.15,case_117,0,ok,0.5110851808634772,1.511085180863477,2591,1714.0,0.08518086347724621,stop,False,38.7918356009759
longbench_v2_qwen3,mentored_dec,alpha0.15,case_118,0,ok,1.1924364123159303,2.1924364123159306,6552,2988.0,0.19873940205265506,stop,False,63.32056767400354
longbench_v2_qwen3,mentored_dec,alpha0.15,case_119,0,ok,0.7034482758620689,1.703448275862069,742,435.0,0.11724137931034483,stop,False,10.409195990301669
longbench_v2_qwen3,mentored_dec,alpha0.15,case_120,0,ok,0.36860068259385664,1.3686006825938566,3610,2637.0,0.06143344709897611,stop,False,59.41792867286131
longbench_v2_qwen3,mentored_dec,alpha0.15,case_121,0,ok,0.5459662288930581,1.5459662288930582,825,533.0,0.09099437148217636,stop,False,12.34300831798464
longbench_v2_qwen3,mentored_dec,alpha0.15,case_122,0,ok,0.33201189296333,1.33201189296333,2689,2018.0,0.055335315493888336,stop,False,46.761649552732706
longbench_v2_qwen3,mentored_dec,alpha0.15,case_123,0,ok,0.9047619047619048,1.9047619047619047,1359,714.0,0.15079365079365079,stop,False,15.52144885994494
longbench_v2_qwen3,mentored_dec,alpha0.15,case_124,0,ok,0.83984375,1.83984375,941,512.0,0.13997395833333334,stop,False,11.087987686041743
longbench_v2_qwen3,mentored_dec,alpha0.15,case_125,0,ok,0.5711550733886407,1.5711550733886406,2463,1567.0,0.09519251223144012,stop,False,34.03267078800127
longbench_v2_qwen3,mentored_dec,alpha0.15,case_126,0,ok,0.41883116883116883,1.4188311688311688,1312,924.0,0.0698051948051948,stop,False,20.856931663118303
longbench_v2_qwen3,mentored_dec,alpha0.15,case_127,0,ok,0.4190371991247265,1.4190371991247264,1298,914.0,0.06983953318745441,stop,False,20.69305736804381
longbench_v2_qwen3,mentored_dec,alpha0.15,case_128,0,ok,0.48872180451127817,1.4887218045112782,2179,1463.0,0.08145363408521303,stop,False,34.32982372958213
longbench_v2_qwen3,mentored_dec,alpha0.15,case_129,0,ok,0.4426016260162602,1.4426016260162602,4437,3075.0,0.0737669376693767,stop,False,65.6999880708754
longbench_v2_qwen3,mentored_dec,alpha0.15,case_130,0,ok,0.628032345013477,1.628032345013477,1813,1113.0,0.10467205750224619,stop,False,23.18521655490622
longbench_v2_qwen3,mentored_dec,alpha0.15,case_131,0,ok,1.1600738396624473,2.1600738396624473,8192,3792.0,0.1933456399437412,length,False,86.36579772690311
longbench_v2_qwen3,mentored_dec,alpha0.15,case_132,0,ok,0.481524926686217,1.481524926686217,2527,1705.0,0.08025415444770284,stop,False,39.006526082288474
longbench_v2_qwen3,mentored_dec,alpha0.15,case_133,0,ok,0.5113056163384391,1.511305616338439,2073,1371.0,0.08521760272307319,stop,False,30.357140921987593
longbench_v2_qwen3,mentored_dec,alpha0.15,case_134,0,ok,0.8978165938864628,1.8978165938864628,2172,1145.0,0.14963609898107716,stop,False,23.48187032295391
longbench_v2_qwen3,mentored_dec,alpha0.15,case_135,0,ok,0.874370709382151,1.8743707093821511,8192,4370.0,0.14572845156369185,length,False,92.66547201480716
longbench_v2_qwen3,mentored_dec,alpha0.15,case_136,0,ok,0.4205311137534681,1.420531113753468,3585,2523.0,0.07008851895891136,stop,False,58.992481083609164
longbench_v2_qwen3,mentored_dec,alpha0.15,case_137,0,ok,0.6021355617455896,1.6021355617455897,3452,2154.0,0.10035592695759826,stop,False,45.1859189751558
longbench_v2_qwen3,mentored_dec,alpha0.15,case_138,0,ok,0.32387706855791965,1.3238770685579198,1681,1269.0,0.05397951142631994,stop,False,28.59790849406272
longbench_v2_qwen3,mentored_dec,alpha0.15,case_139,0,ok,0.35001250938203654,1.3500125093820365,5397,3997.0,0.05833541823033942,stop,False,90.45127732679248
longbench_v2_qwen3,mentored_dec,alpha0.15,case_140,0,ok,0.7212692967409948,1.7212692967409948,4015,2332.0,0.12021154945683248,stop,False,49.31673966208473
longbench_v2_qwen3,mentored_dec,alpha0.15,case_141,0,ok,0.9585749792874897,1.9585749792874898,2365,1207.0,0.15976249654791494,stop,False,25.89160245936364
longbench_v2_qwen3,mentored_dec,alpha0.15,case_142,0,ok,0.4323458767013611,1.432345876701361,1790,1249.0,0.07205764611689351,stop,False,27.06168490089476
longbench_v2_qwen3,mentored_dec,alpha0.15,case_143,0,ok,0.9537815126050421,1.9537815126050422,5116,2618.0,0.15896358543417366,stop,False,63.41580742690712
longbench_v2_qwen3,mentored_dec,alpha0.15,case_144,0,ok,1.5871762476310802,2.5871762476310805,8192,3166.0,0.26452937460518006,length,False,71.50629269424826
longbench_v2_qwen3,mentored_dec,alpha0.15,case_145,0,ok,0.8714893617021277,1.8714893617021278,2200,1175.0,0.1452482269503546,stop,False,23.95358000509441
longbench_v2_qwen3,mentored_dec,alpha0.15,case_146,0,ok,0.6666666666666666,1.6666666666666665,1031,618.0,0.1111111111111111,stop,False,13.115967912133783
longbench_v2_qwen3,mentored_dec,alpha0.15,case_147,0,ok,0.5993150684931506,1.5993150684931505,1402,876.0,0.09988584474885845,stop,False,18.398745168931782
longbench_v2_qwen3,mentored_dec,alpha0.15,case_148,0,ok,0.4791288566243194,1.4791288566243195,816,551.0,0.07985480943738657,stop,False,12.698527082800865
longbench_v2_qwen3,mentored_dec,alpha0.15,case_149,0,ok,0.6616297895304911,1.6616297895304912,6157,3706.0,0.11027163158841519,stop,False,78.60251336218789
longbench_v2_qwen3,mentored_dec,alpha0.15,case_150,0,ok,1.0232558139534884,2.0232558139534884,521,258.0,0.17054263565891473,stop,False,6.345007800031453
longbench_v2_qwen3,mentored_dec,alpha0.35,case_001,0,ok,0.3079896907216495,1.3079896907216495,1016,776.0,0.05133161512027491,stop,False,15.687965550925583
longbench_v2_qwen3,mentored_dec,alpha0.35,case_002,0,ok,0.3516355140186916,1.3516355140186915,1156,856.0,0.058605919003115264,stop,False,18.566622619051486
longbench_v2_qwen3,mentored_dec,alpha0.35,case_003,0,ok,0.3587360594795539,1.358736059479554,732,538.0,0.05978934324659232,stop,False,10.77950616274029
longbench_v2_qwen3,mentored_dec,alpha0.55,case_001,0,ok,0.3523002421307506,1.3523002421307506,1118,826.0,0.05871670702179177,stop,False,16.505163666792214
longbench_v2_qwen3,mentored_dec,alpha0.55,case_002,0,ok,0.3647342995169082,1.3647342995169083,1129,828.0,0.0607890499194847,stop,False,18.066634663846344
longbench_v2_qwen3,mentored_dec,alpha0.55,case_003,0,ok,0.41939120631341603,1.419391206313416,1260,887.0,0.06989853438556934,stop,False,16.434001294896007
longbench_v2_qwen3,mentored_dec,alpha0.75,case_001,0,ok,0.32926829268292684,1.329268292682927,873,656.0,0.054878048780487805,stop,False,13.673912801314145
longbench_v2_qwen3,mentored_dec,alpha0.75,case_002,0,ok,0.42185792349726775,1.4218579234972677,1300,915.0,0.07030965391621129,stop,False,19.598577764816582
longbench_v2_qwen3,mentored_dec,alpha0.75,case_003,0,ok,0.34402852049910876,1.3440285204991087,755,561.0,0.057338086749851455,stop,False,11.135735885240138
longbench_v2_qwen3,mentored_dec,alpha0.75,case_004,0,ok,0.9173708920187793,1.9173708920187793,2041,1065.0,0.15289514866979656,stop,False,17.20073934085667
longbench_v2_qwen3,mentored_dec,alpha0.75,case_005,0,ok,1.3669724770642202,2.36697247706422,2065,872.0,0.22782874617737003,stop,False,13.363787327893078
longbench_v2_qwen3,mentored_dec,alpha0.75,case_006,0,ok,0.6105315449577745,1.6105315449577744,3243,2013.0,0.10175525749296241,stop,False,33.469521386083215
longbench_v2_qwen3,mentored_dec,alpha0.75,case_007,0,ok,0.3945578231292517,1.3945578231292517,1846,1323.0,0.06575963718820861,stop,False,25.70911823399365
longbench_v2_qwen3,mentored_dec,alpha0.75,case_008,0,ok,1.40595399188092,2.40595399188092,3557,1478.0,0.2343256653134867,stop,False,25.83789070090279
longbench_v2_qwen3,mentored_dec,alpha0.75,case_009,0,ok,1.3562416998671978,2.356241699867198,7098,3012.0,0.22604028331119966,stop,False,49.640745353884995
longbench_v2_qwen3,mentored_dec,alpha0.75,case_010,0,ok,0.41606425702811245,1.4160642570281126,1764,1245.0,0.06934404283801875,stop,False,23.894228368997574
longbench_v2_qwen3,mentored_dec,alpha0.75,case_011,0,ok,0.5808270676691729,1.580827067669173,1683,1064.0,0.09680451127819549,stop,False,17.49535380816087
longbench_v2_qwen3,mentored_dec,alpha0.75,case_012,0,ok,1.1077032810271041,2.107703281027104,2956,1402.0,0.18461721350451735,stop,False,21.725498631130904
longbench_v2_qwen3,mentored_dec,alpha0.75,case_013,0,ok,0.5780590717299579,1.5780590717299579,749,474.0,0.09634317862165963,stop,False,10.075222885701805
longbench_v2_qwen3,mentored_dec,alpha0.75,case_014,0,ok,0.9790316431566908,1.9790316431566908,5190,2623.0,0.16317194052611514,stop,False,55.94131786888465
longbench_v2_qwen3,mentored_dec,alpha0.75,case_015,0,ok,0.5798158096699924,1.5798158096699924,4118,2606.0,0.09663596827833205,stop,False,56.542219057679176
longbench_v2_qwen3,mentored_dec,alpha0.75,case_016,0,ok,0.992776886035313,1.992776886035313,2482,1246.0,0.16546281433921883,stop,False,26.6982727968134
longbench_v2_qwen3,mentored_dec,alpha0.75,case_017,0,ok,0.83008356545961,1.83008356545961,658,359.0,0.13834726090993502,stop,False,8.319198281969875
longbench_v2_qwen3,mentored_dec,alpha0.75,case_018,0,ok,0.9254287844891872,1.925428784489187,5165,2682.0,0.15423813074819787,stop,False,57.29204160394147
longbench_v2_qwen3,mentored_dec,alpha0.75,case_019,0,ok,0.7318109399893786,1.7318109399893786,3262,1883.0,0.12196848999822978,stop,False,44.514377096667886
longbench_v2_qwen3,mentored_dec,alpha0.75,case_020,0,ok,0.37332439678284185,1.373324396782842,2050,1492.0,0.062220732797140306,stop,False,35.93337531667203
longbench_v2_qwen3,mentored_dec,alpha0.75,case_021,0,ok,0.8942528735632184,1.8942528735632185,823,435.0,0.14904214559386972,stop,False,9.648017909843475
longbench_v2_qwen3,mentored_dec,alpha0.75,case_022,0,ok,1.125,2.125,1361,640.0,0.1875,stop,False,13.816683001816273
longbench_v2_qwen3,mentored_dec,alpha0.75,case_023,0,ok,0.37751371115173676,1.3775137111517368,1508,1094.0,0.06291895185862278,stop,False,26.98188147926703
longbench_v2_qwen3,mentored_dec,alpha0.75,case_024,0,ok,0.9836932569413839,1.9836932569413839,4502,2269.0,0.16394887615689732,stop,False,48.70441751088947
longbench_v2_qwen3,mentored_dec,alpha0.75,case_025,0,ok,1.350499615680246,2.350499615680246,3059,1301.0,0.225083269280041,stop,False,34.153468183241785
longbench_v2_qwen3,mentored_dec,alpha0.75,case_026,0,ok,1.3089064261555805,2.3089064261555805,8192,3548.0,0.2181510710259301,length,False,81.446575590875
longbench_v2_qwen3,mentored_dec,alpha0.75,case_027,0,ok,1.016750418760469,2.016750418760469,1203,597.0,0.16945840312674484,stop,False,13.283741503022611
longbench_v2_qwen3,mentored_dec,alpha0.75,case_028,0,ok,1.681675392670157,2.681675392670157,2562,955.0,0.28027923211169287,stop,False,23.69581865798682
longbench_v2_qwen3,mentored_dec,alpha0.75,case_029,0,ok,1.0675371454299865,2.0675371454299865,4591,2221.0,0.17792285757166443,stop,False,46.04292426304892
longbench_v2_qwen3,mentored_dec,alpha0.75,case_030,0,ok,1.5923539518900343,2.5923539518900345,6036,2328.0,0.26539232531500573,stop,False,55.64411244727671
longbench_v2_qwen3,mentored_dec,alpha0.75,case_031,0,ok,0.31645087585681647,1.3164508758568165,3458,2626.0,0.05274181264280274,stop,False,59.016125397756696
longbench_v2_qwen3,mentored_dec,alpha0.75,case_032,0,ok,0.5952626158599382,1.5952626158599381,3099,1942.0,0.09921043597665637,stop,False,42.48168928036466
longbench_v2_qwen3,mentored_dec,alpha0.75,case_033,0,ok,1.5146788990825688,2.514678899082569,5483,2180.0,0.2524464831804281,stop,False,53.278185228351504
longbench_v2_qwen3,mentored_dec,alpha0.75,case_034,0,ok,0.8752282410225197,1.8752282410225196,3082,1643.0,0.1458713735037533,stop,False,35.45461680786684
longbench_v2_qwen3,mentored_dec,alpha0.75,case_035,0,ok,1.0300103483959986,2.0300103483959986,5884,2899.0,0.1716683913993331,stop,False,62.598861465696245
longbench_v2_qwen3,mentored_dec,alpha0.75,case_036,0,ok,1.258108108108108,2.2581081081081082,1670,740.0,0.20968468468468468,stop,False,16.434441776946187
longbench_v2_qwen3,mentored_dec,alpha0.75,case_037,0,ok,1.1229508196721312,2.1229508196721314,3368,1586.0,0.1871584699453552,stop,False,34.92476703086868
longbench_v2_qwen3,mentored_dec,alpha0.75,case_038,0,ok,0.8650519031141869,1.8650519031141868,3772,2023.0,0.14417531718569782,stop,False,43.19968933984637
longbench_v2_qwen3,mentored_dec,alpha0.75,case_039,0,ok,0.7191825972313777,1.7191825972313777,2609,1517.0,0.11986376620522962,stop,False,32.451140746008605
longbench_v2_qwen3,mentored_dec,alpha0.75,case_040,0,ok,0.773838630806846,1.773838630806846,1450,818.0,0.12897310513447433,stop,False,17.810603043064475
longbench_v2_qwen3,mentored_dec,alpha0.75,case_041,0,ok,0.5798212005108557,1.5798212005108558,1237,783.0,0.09663686675180928,stop,False,19.589791570790112
longbench_v2_qwen3,mentored_dec,alpha0.75,case_042,0,ok,0.6384852487890798,1.6384852487890798,3720,2271.0,0.10641420813151328,stop,False,49.47063724510372
longbench_v2_qwen3,mentored_dec,alpha0.75,case_043,0,ok,1.2385531135531136,2.2385531135531136,4888,2184.0,0.2064255189255189,stop,False,47.112505414988846
longbench_v2_qwen3,mentored_dec,alpha0.75,case_044,0,ok,0.35195530726256985,1.3519553072625698,1453,1074.0,0.05865921787709497,stop,False,25.72620570473373
longbench_v2_qwen3,mentored_dec,alpha0.75,case_045,0,ok,1.0265792198826371,2.0265792198826373,5872,2897.0,0.1710965366471062,stop,False,69.810155488085
longbench_v2_qwen3,mentored_dec,alpha0.75,case_046,0,ok,0.2435344827586207,1.2435344827586208,1731,1392.0,0.04058908045977012,stop,False,32.94234284572303
longbench_v2_qwen3,mentored_dec,alpha0.75,case_047,0,ok,0.8427389014296464,1.8427389014296462,2450,1329.0,0.14045648357160773,stop,False,30.1655065510422
longbench_v2_qwen3,mentored_dec,alpha0.75,case_048,0,ok,0.5952380952380952,1.5952380952380953,1006,630.0,0.0992063492063492,stop,False,14.363406233955175
longbench_v2_qwen3,mentored_dec,alpha0.75,case_049,0,ok,0.5995550611790879,1.5995550611790879,1439,899.0,0.09992584352984799,stop,False,21.442634037695825
longbench_v2_qwen3,mentored_dec,alpha0.75,case_050,0,ok,1.2158506897484447,2.2158506897484447,8192,3697.0,0.20264178162474078,length,False,80.79021412925795
longbench_v2_qwen3,mentored_dec,alpha0.75,case_051,0,ok,1.0652431791221826,2.0652431791221826,1742,843.0,0.17754052985369712,stop,False,21.78921150881797
longbench_v2_qwen3,mentored_dec,alpha0.75,case_052,0,ok,0.3734806629834254,1.3734806629834253,1244,905.0,0.062246777163904234,stop,False,23.663164099678397
longbench_v2_qwen3,mentored_dec,alpha0.75,case_053,0,ok,0.609547123623011,1.609547123623011,1316,817.0,0.10159118727050184,stop,False,18.34193117916584
longbench_v2_qwen3,mentored_dec,alpha0.75,case_054,0,ok,1.0466165413533834,2.0466165413533837,1362,665.0,0.17443609022556392,stop,False,15.258685464970767
longbench_v2_qwen3,mentored_dec,alpha0.75,case_055,0,ok,0.6985617845611976,1.6985617845611976,5788,3407.0,0.11642696409353293,stop,False,71.98556597717106
longbench_v2_qwen3,mentored_dec,alpha0.75,case_056,0,ok,1.0333969465648856,2.033396946564886,2132,1048.0,0.17223282442748092,stop,False,22.51091244397685
longbench_v2_qwen3,mentored_dec,alpha0.75,case_057,0,ok,0.7264653641207816,1.7264653641207817,970,563.0,0.12107756068679693,stop,False,13.049385020975024
longbench_v2_qwen3,mentored_dec,alpha0.75,case_058,0,ok,1.7141403865717193,2.714140386571719,2669,983.0,0.2856900644286199,stop,False,24.31454208539799
longbench_v2_qwen3,mentored_dec,alpha0.75,case_059,0,ok,0.8539458186101295,1.8539458186101294,1573,849.0,0.14232430310168825,stop,False,18.799312766175717
longbench_v2_qwen3,mentored_dec,alpha0.75,case_060,0,ok,0.6166484118291348,1.6166484118291349,1477,913.0,0.10277473530485579,stop,False,20.8671134528704
longbench_v2_qwen3,mentored_dec,alpha0.75,case_061,0,ok,1.1774303195105371,2.1774303195105373,3202,1471.0,0.19623838658508952,stop,False,31.123999989125878
longbench_v2_qwen3,mentored_dec,alpha0.75,case_062,0,ok,0.7192429022082019,1.7192429022082019,1091,634.0,0.11987381703470032,stop,False,16.448049900121987
longbench_v2_qwen3,mentored_dec,alpha0.75,case_063,0,ok,0.9801324503311258,1.980132450331126,1795,906.0,0.16335540838852097,stop,False,19.62621630402282
longbench_v2_qwen3,mentored_dec,alpha0.75,case_064,0,ok,0.9367816091954023,1.9367816091954024,1349,696.0,0.15613026819923373,stop,False,15.416761858854443
longbench_v2_qwen3,mentored_dec,alpha0.75,case_065,0,ok,0.8665886483323582,1.8665886483323582,3189,1709.0,0.14443144138872635,stop,False,35.683114209678024
longbench_v2_qwen3,mentored_dec,alpha0.75,case_066,0,ok,0.844671201814059,1.844671201814059,1628,882.0,0.1407785336356765,stop,False,18.456405437085778
longbench_v2_qwen3,mentored_dec,alpha0.75,case_067,0,ok,1.3064133016627077,2.3064133016627077,7769,3368.0,0.21773555027711797,stop,False,78.34398746583611
longbench_v2_qwen3,mentored_dec,alpha0.75,case_068,0,ok,0.7741935483870968,1.7741935483870968,1486,837.0,0.12903225806451613,stop,False,19.164301889948547
longbench_v2_qwen3,mentored_dec,alpha0.75,case_069,0,ok,0.5253378378378378,1.5253378378378377,1805,1184.0,0.0875563063063063,stop,False,26.586710311006755
longbench_v2_qwen3,mentored_dec,alpha0.75,case_070,0,ok,0.8669724770642202,1.8669724770642202,4069,2180.0,0.1444954128440367,stop,False,46.03683974919841
longbench_v2_qwen3,mentored_dec,alpha0.75,case_071,0,ok,0.6657487820377038,1.6657487820377037,7865,4721.0,0.11095813033961731,stop,False,100.46971589094028
longbench_v2_qwen3,mentored_dec,alpha0.75,case_072,0,ok,1.3862491000719943,2.3862491000719945,6630,2778.0,0.2310415166786657,stop,False,66.25216094497591
longbench_v2_qwen3,mentored_dec,alpha0.75,case_073,0,ok,0.4627263045793397,1.4627263045793397,2748,1878.0,0.07712105076322329,stop,False,41.681597149930894
longbench_v2_qwen3,mentored_dec,alpha0.75,case_074,0,ok,0.8731218697829716,1.8731218697829717,2245,1198.0,0.14552031163049528,stop,False,30.266392752993852
longbench_v2_qwen3,mentored_dec,alpha0.75,case_075,0,ok,0.4275782155272306,1.4275782155272305,1233,863.0,0.0712630359212051,stop,False,21.185887857340276
longbench_v2_qwen3,mentored_dec,alpha0.75,case_076,0,ok,0.8940092165898618,1.8940092165898617,1643,868.0,0.1490015360983103,stop,False,18.939145192038268
longbench_v2_qwen3,mentored_dec,alpha0.75,case_077,0,ok,0.33760683760683763,1.3376068376068377,1253,936.0,0.05626780626780627,stop,False,22.93240024568513
longbench_v2_qwen3,mentored_dec,alpha0.75,case_078,0,ok,0.4595359366157329,1.4595359366157328,2580,1767.0,0.07658932276928881,stop,False,39.86152533115819
longbench_v2_qwen3,mentored_dec,alpha0.75,case_079,0,ok,0.5129811996418979,1.512981199641898,1691,1117.0,0.085496866606983,stop,False,25.236244346015155
longbench_v2_qwen3,mentored_dec,alpha0.75,case_080,0,ok,0.7808145766345124,1.7808145766345125,3324,1866.0,0.13013576277241873,stop,False,40.35885912692174
longbench_v2_qwen3,mentored_dec,alpha0.75,case_081,0,ok,0.9288135593220339,1.928813559322034,2277,1180.0,0.15480225988700566,stop,False,25.867825427092612
longbench_v2_qwen3,mentored_dec,alpha0.75,case_082,0,ok,0.6519337016574586,1.6519337016574585,895,543.0,0.10865561694290976,stop,False,13.278949006926268
longbench_v2_qwen3,mentored_dec,alpha0.75,case_083,0,ok,1.1498516320474776,2.1498516320474774,1447,674.0,0.19164193867457963,stop,False,14.839393753092736
longbench_v2_qwen3,mentored_dec,alpha0.75,case_084,0,ok,0.7924528301886793,1.7924528301886793,1806,1007.0,0.1320754716981132,stop,False,22.70681716594845
longbench_v2_qwen3,mentored_dec,alpha0.75,case_085,0,ok,0.7491554054054054,1.7491554054054053,2072,1184.0,0.12485923423423423,stop,False,25.435008918866515
longbench_v2_qwen3,mentored_dec,alpha0.75,case_086,0,ok,0.6966580976863753,1.6966580976863752,658,389.0,0.11610968294772922,stop,False,9.618178499862552
longbench_v2_qwen3,mentored_dec,alpha0.75,case_087,0,ok,0.9978425026968716,1.9978425026968716,1853,927.0,0.16630708378281195,stop,False,19.715706137008965
longbench_v2_qwen3,mentored_dec,alpha0.75,case_088,0,ok,1.1713603818615752,2.171360381861575,4549,2095.0,0.19522673031026253,stop,False,51.355419903062284
longbench_v2_qwen3,mentored_dec,alpha0.75,case_089,0,ok,1.3243243243243243,2.3243243243243246,6191,2664.0,0.22072072072072071,stop,False,58.99364466406405
longbench_v2_qwen3,mentored_dec,alpha0.75,case_090,0,ok,0.574468085106383,1.574468085106383,1111,705.0,0.09574468085106383,stop,False,16.655901352874935
longbench_v2_qwen3,mentored_dec,alpha0.75,case_091,0,ok,1.6905965621840242,2.690596562184024,7984,2967.0,0.2817660936973374,stop,False,72.09997474076226
longbench_v2_qwen3,mentored_dec,alpha0.75,case_092,0,ok,0.50210716435882,1.50210716435882,2496,1661.0,0.08368452739313667,stop,False,37.20808573206887
longbench_v2_qwen3,mentored_dec,alpha0.75,case_093,0,ok,0.7860215053763441,1.7860215053763442,1659,930.0,0.13100358422939068,stop,False,20.492168459109962
longbench_v2_qwen3,mentored_dec,alpha0.75,case_094,0,ok,0.33639344262295084,1.336393442622951,2039,1525.0,0.0560655737704918,stop,False,36.504531702026725
longbench_v2_qwen3,mentored_dec,alpha0.75,case_095,0,ok,0.48144433299899697,1.481444332998997,1478,997.0,0.0802407221664995,stop,False,24.56844006618485
longbench_v2_qwen3,mentored_dec,alpha0.75,case_096,0,ok,1.1952662721893492,2.1952662721893494,2596,1183.0,0.1992110453648915,stop,False,26.183021794073284
longbench_v2_qwen3,mentored_dec,alpha0.75,case_097,0,ok,0.8451400329489291,1.8451400329489291,3359,1821.0,0.14085667215815487,stop,False,38.95791920693591
longbench_v2_qwen3,mentored_dec,alpha0.75,case_098,0,ok,0.6358515573227302,1.6358515573227304,4936,3018.0,0.10597525955378838,stop,False,65.07347632711753
longbench_v2_qwen3,mentored_dec,alpha0.75,case_099,0,ok,0.6724960254372019,1.6724960254372019,1053,629.0,0.11208267090620032,stop,False,14.369897359982133
longbench_v2_qwen3,mentored_dec,alpha0.75,case_100,0,ok,1.2583402260821617,2.2583402260821615,8192,3627.0,0.2097233710136936,length,False,85.41245415899903
longbench_v2_qwen3,mentored_dec,alpha0.75,case_101,0,ok,0.8558504221954162,1.8558504221954162,6153,3316.0,0.14264173703256935,stop,False,72.9527721805498
longbench_v2_qwen3,mentored_dec,alpha0.75,case_102,0,ok,0.9301587301587302,1.9301587301587302,1825,945.0,0.15502645502645504,stop,False,20.584541239775717
longbench_v2_qwen3,mentored_dec,alpha0.75,case_103,0,ok,0.9328165374677002,1.9328165374677002,1495,774.0,0.15546942291128338,stop,False,16.7486113300547
longbench_v2_qwen3,mentored_dec,alpha0.75,case_104,0,ok,0.8776978417266187,1.8776978417266186,2349,1251.0,0.14628297362110312,stop,False,27.244282545987517
longbench_v2_qwen3,mentored_dec,alpha0.75,case_105,0,ok,0.8993055555555556,1.8993055555555556,5469,2880.0,0.14988425925925927,stop,False,61.23013802198693
longbench_v2_qwen3,mentored_dec,alpha0.75,case_106,0,ok,0.8113666519239274,1.8113666519239273,8192,4522.0,0.13522777532065458,length,False,98.03073745407164
longbench_v2_qwen3,mentored_dec,alpha0.75,case_107,0,ok,0.4916387959866221,1.491638795986622,1339,897.0,0.08193979933110368,stop,False,21.075721124187112
longbench_v2_qwen3,mentored_dec,alpha0.75,case_108,0,ok,0.28110289172831204,1.281102891728312,1906,1487.0,0.04685048195471867,stop,False,36.76094368612394
longbench_v2_qwen3,mentored_dec,alpha0.75,case_109,0,ok,0.8296114336757481,1.829611433675748,8192,4478.0,0.13826857227929135,length,False,106.26717581041157
longbench_v2_qwen3,mentored_dec,alpha0.75,case_110,0,ok,0.796989966555184,1.7969899665551838,5374,2990.0,0.13283166109253067,stop,False,64.5492459051311
longbench_v2_qwen3,mentored_dec,alpha0.75,case_111,0,ok,0.5054107230693556,1.5054107230693556,6122,4066.0,0.08423512051155928,stop,False,89.27170059690252
longbench_v2_qwen3,mentored_dec,alpha0.75,case_112,0,ok,0.5455519828510182,1.5455519828510182,1443,933.0,0.09092533047516971,stop,False,20.886614436283708
longbench_v2_qwen3,mentored_dec,alpha0.75,case_113,0,ok,0.7194244604316546,1.7194244604316546,3347,1946.0,0.11990407673860912,stop,False,40.207640055101365
longbench_v2_qwen3,mentored_dec,alpha0.75,case_114,0,ok,0.6124031007751938,1.6124031007751938,624,387.0,0.1020671834625323,stop,False,9.60297579690814
longbench_v2_qwen3,mentored_dec,alpha0.75,case_115,0,ok,0.7,1.7,1106,650.0,0.11666666666666667,stop,False,14.474371719639748
longbench_v2_qwen3,mentored_dec,alpha0.75,case_116,0,ok,1.1923469387755101,2.1923469387755103,4296,1960.0,0.19872448979591836,stop,False,41.5215580589138
longbench_v2_qwen3,mentored_dec,alpha0.75,case_117,0,ok,0.5526960784313726,1.5526960784313726,2532,1632.0,0.09211601307189543,stop,False,36.98302715783939
longbench_v2_qwen3,mentored_dec,alpha0.75,case_118,0,ok,1.5310853530031612,2.531085353003161,7205,2847.0,0.25518089216719353,stop,False,62.98666350822896
longbench_v2_qwen3,mentored_dec,alpha0.75,case_119,0,ok,0.7804107424960506,1.7804107424960507,1126,633.0,0.1300684570826751,stop,False,14.599069240037352
longbench_v2_qwen3,mentored_dec,alpha0.75,case_120,0,ok,0.44390637610976597,1.443906376109766,1790,1239.0,0.07398439601829432,stop,False,29.844860321842134
longbench_v2_qwen3,mentored_dec,alpha0.75,case_121,0,ok,0.8063745019920319,1.8063745019920319,2268,1255.0,0.13439575033200532,stop,False,28.12164920475334
longbench_v2_qwen3,mentored_dec,alpha0.75,case_122,0,ok,0.396,1.396,1746,1250.0,0.066,stop,False,30.27692222967744
longbench_v2_qwen3,mentored_dec,alpha0.75,case_123,0,ok,1.0593990216631726,2.0593990216631726,2946,1431.0,0.17656650361052878,stop,False,31.022120940033346
longbench_v2_qwen3,mentored_dec,alpha0.75,case_124,0,ok,1.0721003134796239,2.072100313479624,3306,1595.0,0.1786833855799373,stop,False,34.398824935313314
longbench_v2_qwen3,mentored_dec,alpha0.75,case_125,0,ok,0.5806916426512968,1.580691642651297,2195,1388.0,0.0967819404418828,stop,False,30.454492310993373
longbench_v2_qwen3,mentored_dec,alpha0.75,case_126,0,ok,0.5169491525423728,1.5169491525423728,1433,944.0,0.08615819209039548,stop,False,21.67332076933235
longbench_v2_qwen3,mentored_dec,alpha0.75,case_127,0,ok,0.5720250521920668,1.5720250521920667,2260,1437.0,0.0953375086986778,stop,False,32.22459605894983
longbench_v2_qwen3,mentored_dec,alpha0.75,case_128,0,ok,0.5527896995708155,1.5527896995708155,1808,1165.0,0.09213161659513591,stop,False,28.160997780039907
longbench_v2_qwen3,mentored_dec,alpha0.75,case_129,0,ok,0.5100436681222708,1.5100436681222709,3459,2290.0,0.08500727802037845,stop,False,49.86521546635777
longbench_v2_qwen3,mentored_dec,alpha0.75,case_130,0,ok,0.824468085106383,1.824468085106383,2057,1128.0,0.1374113475177305,stop,False,24.13404354080558
longbench_v2_qwen3,mentored_dec,alpha0.75,case_131,0,ok,1.444643390032826,2.4446433900328257,8192,3351.0,0.24077389833880433,length,False,79.41169157298282
longbench_v2_qwen3,mentored_dec,alpha0.75,case_132,0,ok,0.45867542419266555,1.4586754241926656,2666,1827.0,0.07644590403211093,stop,False,41.65540257934481
longbench_v2_qwen3,mentored_dec,alpha0.75,case_133,0,ok,0.6050793650793651,1.605079365079365,2529,1575.0,0.10084656084656085,stop,False,35.13203493040055
longbench_v2_qwen3,mentored_dec,alpha0.75,case_134,0,ok,1.1993082576740164,2.1993082576740166,5088,2313.0,0.19988470961233606,stop,False,49.068564916960895
longbench_v2_qwen3,mentored_dec,alpha0.75,case_135,0,ok,1.002413515687852,2.002413515687852,7468,3729.0,0.16706891928130865,stop,False,80.87160199088976
longbench_v2_qwen3,mentored_dec,alpha0.75,case_136,0,ok,0.4762622456669179,1.4762622456669179,1960,1327.0,0.0793770409444863,stop,False,32.918442402035
longbench_v2_qwen3,mentored_dec,alpha0.75,case_137,0,ok,0.7104283054003724,1.7104283054003724,1838,1074.0,0.11840471756672874,stop,False,23.510397790931165
longbench_v2_qwen3,mentored_dec,alpha0.75,case_138,0,ok,0.44802867383512546,1.4480286738351253,4445,3069.0,0.07467144563918758,stop,False,67.42134063877165
longbench_v2_qwen3,mentored_dec,alpha0.75,case_139,0,ok,0.3651470918481922,1.3651470918481923,6080,4453.0,0.06085784864136537,stop,False,100.86268058326095
longbench_v2_qwen3,mentored_dec,alpha0.75,case_140,0,ok,0.8790190735694823,1.8790190735694823,3449,1835.0,0.14650317892824705,stop,False,39.809463318903
longbench_v2_qwen3,mentored_dec,alpha0.75,case_141,0,ok,1.0782681099084097,2.07826810990841,2495,1201.0,0.17971135165140162,stop,False,26.302446319255978
longbench_v2_qwen3,mentored_dec,alpha0.75,case_142,0,ok,0.4788169464428457,1.4788169464428458,1851,1251.0,0.07980282440714095,stop,False,27.59087460814044
longbench_v2_qwen3,mentored_dec,alpha0.75,case_143,0,ok,0.96849173553719,1.96849173553719,3812,1936.0,0.16141528925619836,stop,False,48.409344146959484
longbench_v2_qwen3,mentored_dec,alpha0.75,case_144,0,ok,1.6882179192648508,2.6882179192648508,8192,3047.0,0.2813696532108084,length,False,69.89563427306712
longbench_v2_qwen3,mentored_dec,alpha0.75,case_145,0,ok,1.1292691883951524,2.1292691883951527,5799,2723.0,0.18821153139919206,stop,False,56.84904073784128
longbench_v2_qwen3,mentored_dec,alpha0.75,case_146,0,ok,0.6575342465753424,1.6575342465753424,725,438.0,0.1095890410958904,stop,False,9.532660576980561
longbench_v2_qwen3,mentored_dec,alpha0.75,case_147,0,ok,0.7648854961832061,1.7648854961832061,1157,655.0,0.12748091603053435,stop,False,14.310798612888902
longbench_v2_qwen3,mentored_dec,alpha0.75,case_148,0,ok,0.5984703632887189,1.598470363288719,837,523.0,0.09974506054811982,stop,False,12.305094933137298
longbench_v2_qwen3,mentored_dec,alpha0.75,case_149,0,ok,0.781864530225783,1.781864530225783,4894,2746.0,0.13031075503763048,stop,False,59.06028508907184
longbench_v2_qwen3,mentored_dec,alpha0.75,case_150,0,ok,1.1461716937354989,2.146171693735499,924,431.0,0.19102861562258314,stop,False,10.006177647039294
longbench_v2_qwen3,r_fuzzy,alpha0.03,case_001,0,ok,0.3106796116504854,1.3106796116504853,1081,824.0,0.05177993527508091,stop,False,16.49757150094956
longbench_v2_qwen3,r_fuzzy,alpha0.03,case_002,0,ok,0.3637702503681885,1.3637702503681886,925,679.0,0.06062837506136475,stop,False,15.464618209283799
longbench_v2_qwen3,r_fuzzy,alpha0.03,case_003,0,ok,0.40540540540540543,1.4054054054054055,885,629.0,0.06756756756756757,stop,False,12.256228011101484
longbench_v2_qwen3,r_fuzzy,alpha0.03,case_004,0,ok,0.7688022284122563,1.7688022284122562,1269,718.0,0.12813370473537605,stop,False,11.948739245068282
longbench_v2_qwen3,r_fuzzy,alpha0.03,case_005,0,ok,1.125578321216127,2.125578321216127,3217,1513.0,0.18759638686935448,stop,False,22.779019659850746
longbench_v2_qwen3,r_fuzzy,alpha0.03,case_006,0,ok,0.5225160829163689,1.5225160829163689,4261,2798.0,0.0870860138193948,stop,False,46.05307252705097
longbench_v2_qwen3,r_fuzzy,alpha0.03,case_007,0,ok,0.2936991869918699,1.29369918699187,1274,984.0,0.04894986449864499,stop,False,19.901089681778103
longbench_v2_qwen3,r_fuzzy,alpha0.03,case_008,0,ok,1.166209210125038,2.166209210125038,7104,3279.0,0.19436820168750635,stop,False,55.51779555575922
longbench_v2_qwen3,r_fuzzy,alpha0.03,case_009,0,ok,1.3254620123203285,2.3254620123203287,6796,2922.0,0.22091033538672142,stop,False,48.14165446581319
longbench_v2_qwen3,r_fuzzy,alpha0.03,case_010,0,ok,0.33974833456698744,1.3397483345669874,1811,1351.0,0.05662472242783124,stop,False,25.699473451822996
longbench_v2_qwen3,r_fuzzy,alpha0.03,case_011,0,ok,0.6073298429319371,1.6073298429319371,1841,1146.0,0.1012216404886562,stop,False,18.779711487237364
longbench_v2_qwen3,r_fuzzy,alpha0.03,case_012,0,ok,0.8557377049180328,1.8557377049180328,1699,915.0,0.14262295081967213,stop,False,14.444512477144599
longbench_v2_qwen3,r_fuzzy,alpha0.03,case_013,0,ok,0.5676741130091985,1.5676741130091985,1194,761.0,0.09461235216819974,stop,False,15.994566031266004
longbench_v2_qwen3,r_fuzzy,alpha0.03,case_014,0,ok,0.7834419317746263,1.7834419317746262,4652,2609.0,0.13057365529577106,stop,False,54.27038208488375
longbench_v2_qwen3,r_fuzzy,alpha0.03,case_015,0,ok,0.4444956241363427,1.4444956241363427,3137,2171.0,0.07408260402272378,stop,False,47.40489920089021
longbench_v2_qwen3,r_fuzzy,alpha0.03,case_016,0,ok,0.7944640753828033,1.7944640753828032,3048,1698.0,0.1324106792304672,stop,False,35.07957864413038
longbench_v2_qwen3,r_fuzzy,alpha0.03,case_017,0,ok,0.7831050228310502,1.7831050228310503,782,438.0,0.13051750380517504,stop,False,9.845806806348264
longbench_v2_qwen3,r_fuzzy,alpha0.03,case_018,0,ok,0.8690292758089369,1.8690292758089369,3640,1947.0,0.1448382126348228,stop,False,41.50092984829098
longbench_v2_qwen3,r_fuzzy,alpha0.03,case_019,0,ok,0.647588424437299,1.647588424437299,2562,1555.0,0.10793140407288317,stop,False,34.26382925454527
longbench_v2_qwen3,r_fuzzy,alpha0.03,case_020,0,ok,0.3172380492515693,1.3172380492515692,2729,2071.0,0.052873008208594884,stop,False,48.21882475260645
longbench_v2_qwen3,r_fuzzy,alpha0.03,case_021,0,ok,0.8282608695652174,1.8282608695652174,842,460.0,0.13804347826086957,stop,False,10.070702160708606
longbench_v2_qwen3,r_fuzzy,alpha0.03,case_022,0,ok,0.7951977401129944,1.7951977401129944,1272,708.0,0.13253295668549905,stop,False,14.470413803122938
longbench_v2_qwen3,r_fuzzy,alpha0.03,case_023,0,ok,0.3636743215031315,1.3636743215031315,3267,2395.0,0.060612386917188586,stop,False,54.80475912569091
longbench_v2_qwen3,r_fuzzy,alpha0.03,case_024,0,ok,0.8005128205128205,1.8005128205128205,3510,1950.0,0.1334188034188034,stop,False,41.025099124759436
longbench_v2_qwen3,r_fuzzy,alpha0.03,case_025,0,ok,1.2671919770773639,2.267191977077364,3164,1396.0,0.21119866284622732,stop,False,36.141275549307466
longbench_v2_qwen3,r_fuzzy,alpha0.03,case_026,0,ok,1.115562403697997,2.115562403697997,2747,1298.0,0.1859270672829995,stop,False,29.808156170882285
longbench_v2_qwen3,r_fuzzy,alpha0.03,case_027,0,ok,0.9957446808510638,1.9957446808510637,1877,940.0,0.16595744680851063,stop,False,20.42663918575272
longbench_v2_qwen3,r_fuzzy,alpha0.03,case_028,0,ok,1.506006727534839,2.5060067275348388,5216,2081.0,0.2510011212558065,stop,False,49.575286238919944
longbench_v2_qwen3,r_fuzzy,alpha0.03,case_029,0,ok,0.8138138138138138,1.8138138138138138,3021,1665.0,0.13563563563563563,stop,False,33.53133618365973
longbench_v2_qwen3,r_fuzzy,alpha0.03,case_030,0,ok,1.4363474122546103,2.4363474122546105,8192,3362.0,0.2393912353757684,length,False,78.50389979220927
longbench_v2_qwen3,r_fuzzy,alpha0.03,case_031,0,ok,0.26787181594083814,1.2678718159408382,3087,2434.0,0.04464530265680636,stop,False,54.757954619824886
longbench_v2_qwen3,r_fuzzy,alpha0.03,case_032,0,ok,0.4719926538108356,1.4719926538108357,1604,1089.0,0.07866544230180594,stop,False,24.206496505998075
longbench_v2_qwen3,r_fuzzy,alpha0.03,case_033,0,ok,1.3631381597923276,2.3631381597923276,8192,3467.0,0.22718969329872127,length,False,82.57808815361932
longbench_v2_qwen3,r_fuzzy,alpha0.03,case_034,0,ok,0.8265179677819083,1.8265179677819083,2949,1614.0,0.13775299463031804,stop,False,34.92671956913546
longbench_v2_qwen3,r_fuzzy,alpha0.03,case_035,0,ok,0.8341013824884793,1.8341013824884793,5173,2821.0,0.1390168970814132,stop,False,59.50592487398535
longbench_v2_qwen3,r_fuzzy,alpha0.03,case_036,0,ok,1.011353711790393,2.011353711790393,2302,1145.0,0.1685589519650655,stop,False,24.796738871373236
longbench_v2_qwen3,r_fuzzy,alpha0.03,case_037,0,ok,0.8226452905811623,1.8226452905811623,3637,1996.0,0.1371075484301937,stop,False,42.277255872264504
longbench_v2_qwen3,r_fuzzy,alpha0.03,case_038,0,ok,0.7281837160751565,1.7281837160751565,4140,2395.0,0.12136395267919277,stop,False,50.08129232702777
longbench_v2_qwen3,r_fuzzy,alpha0.03,case_039,0,ok,0.5666192508297772,1.5666192508297772,3301,2109.0,0.09443654180496286,stop,False,43.899699771311134
longbench_v2_qwen3,r_fuzzy,alpha0.03,case_040,0,ok,0.5965417867435159,1.5965417867435159,1663,1041.0,0.0994236311239193,stop,False,21.93210241338238
longbench_v2_qwen3,r_fuzzy,alpha0.03,case_041,0,ok,0.4307334109429569,1.430733410942957,1228,859.0,0.07178890182382615,stop,False,20.868951580952853
longbench_v2_qwen3,r_fuzzy,alpha0.03,case_042,0,ok,0.5566218809980806,1.5566218809980805,2434,1563.0,0.0927703134996801,stop,False,34.08252260321751
longbench_v2_qwen3,r_fuzzy,alpha0.03,case_043,0,ok,0.9966821499668215,1.9966821499668215,6017,3014.0,0.1661136916611369,stop,False,62.64721186412498
longbench_v2_qwen3,r_fuzzy,alpha0.03,case_044,0,ok,0.32540675844806005,1.32540675844806,1060,799.0,0.05423445974134335,stop,False,19.721941157244146
longbench_v2_qwen3,r_fuzzy,alpha0.03,case_045,0,ok,0.9046733317833062,1.9046733317833062,8192,4301.0,0.15077888863055103,length,False,101.32866652403027
longbench_v2_qwen3,r_fuzzy,alpha0.03,case_046,0,ok,0.2176759410801964,1.2176759410801963,2977,2444.0,0.03627932351336607,stop,False,55.267144524957985
longbench_v2_qwen3,r_fuzzy,alpha0.03,case_047,0,ok,0.8102481985588471,1.8102481985588472,2262,1249.0,0.13504136642647452,stop,False,27.93980845808983
longbench_v2_qwen3,r_fuzzy,alpha0.03,case_048,0,ok,0.490272373540856,1.490272373540856,1150,771.0,0.08171206225680934,stop,False,17.062165569048375
longbench_v2_qwen3,r_fuzzy,alpha0.03,case_049,0,ok,0.5215004574565416,1.5215004574565416,1662,1093.0,0.08691674290942361,stop,False,25.471394966356456
longbench_v2_qwen3,r_fuzzy,alpha0.03,case_050,0,ok,1.0151909722222223,2.0151909722222223,4641,2304.0,0.16919849537037038,stop,False,49.3198300790973
longbench_v2_qwen3,r_fuzzy,alpha0.03,case_051,0,ok,0.9566582914572864,1.9566582914572863,3116,1592.0,0.1594430485762144,stop,False,39.08089263783768
longbench_v2_qwen3,r_fuzzy,alpha0.03,case_052,0,ok,0.33099141295862605,1.330991412958626,1706,1281.0,0.05516523549310435,stop,False,31.781413266900927
longbench_v2_qwen3,r_fuzzy,alpha0.03,case_053,0,ok,0.5438169425511198,1.54381694255112,3172,2054.0,0.0906361570918533,stop,False,43.493516837246716
longbench_v2_qwen3,r_fuzzy,alpha0.03,case_054,0,ok,0.9175675675675675,1.9175675675675676,1420,740.0,0.15292792792792792,stop,False,16.631873546168208
longbench_v2_qwen3,r_fuzzy,alpha0.03,case_055,0,ok,0.6174739701222273,1.6174739701222274,7145,4418.0,0.10291232835370454,stop,False,92.5102816442959
longbench_v2_qwen3,r_fuzzy,alpha0.03,case_056,0,ok,0.8498727735368957,1.8498727735368958,2909,1572.0,0.14164546225614927,stop,False,32.768939847592264
longbench_v2_qwen3,r_fuzzy,alpha0.03,case_057,0,ok,0.5870967741935483,1.5870967741935482,983,620.0,0.0978494623655914,stop,False,13.987331044860184
longbench_v2_qwen3,r_fuzzy,alpha0.03,case_058,0,ok,1.4653414882772682,2.465341488277268,4838,1962.0,0.24422358137954467,stop,False,46.32270829798654
longbench_v2_qwen3,r_fuzzy,alpha0.03,case_059,0,ok,0.7268722466960352,1.7268722466960353,2353,1362.0,0.1211453744493392,stop,False,29.04343616962433
longbench_v2_qwen3,r_fuzzy,alpha0.03,case_060,0,ok,0.48686030428769017,1.4868603042876902,3226,2169.0,0.08114338404794837,stop,False,46.618284361902624
longbench_v2_qwen3,r_fuzzy,alpha0.03,case_061,0,ok,0.9272326350606395,1.9272326350606395,3497,1814.0,0.1545387725101066,stop,False,37.22729897778481
longbench_v2_qwen3,r_fuzzy,alpha0.03,case_062,0,ok,0.6662087912087912,1.666208791208791,1212,728.0,0.11103479853479853,stop,False,18.35560517804697
longbench_v2_qwen3,r_fuzzy,alpha0.03,case_063,0,ok,0.8421532846715328,1.8421532846715327,2020,1096.0,0.1403588807785888,stop,False,23.101498242933303
longbench_v2_qwen3,r_fuzzy,alpha0.03,case_064,0,ok,0.855973813420622,1.855973813420622,1135,611.0,0.14266230223677032,stop,False,13.523933176416904
longbench_v2_qwen3,r_fuzzy,alpha0.03,case_065,0,ok,0.7114882506527415,1.7114882506527413,1312,766.0,0.11858137510879026,stop,False,16.1201006709598
longbench_v2_qwen3,r_fuzzy,alpha0.03,case_066,0,ok,0.6622340425531915,1.6622340425531914,1251,752.0,0.11037234042553191,stop,False,15.4817406386137
longbench_v2_qwen3,r_fuzzy,alpha0.03,case_067,0,ok,1.3402857142857143,2.3402857142857143,8192,3500.0,0.22338095238095237,length,False,81.70898963324726
longbench_v2_qwen3,r_fuzzy,alpha0.03,case_068,0,ok,0.7148387096774194,1.7148387096774194,1330,775.0,0.11913978494623656,stop,False,17.654908020980656
longbench_v2_qwen3,r_fuzzy,alpha0.03,case_069,0,ok,0.40074906367041196,1.4007490636704119,1123,801.0,0.06679151061173533,stop,False,18.30990679608658
longbench_v2_qwen3,r_fuzzy,alpha0.03,case_070,0,ok,0.9428571428571428,1.9428571428571428,1157,595.0,0.15714285714285714,stop,False,13.514968621078879
longbench_v2_qwen3,r_fuzzy,alpha0.03,case_071,0,ok,0.5940032414910859,1.5940032414910859,5902,3702.0,0.09900054024851432,stop,False,78.26135777309537
longbench_v2_qwen3,r_fuzzy,alpha0.03,case_072,0,ok,1.1769394261424018,2.1769394261424018,8192,3764.0,0.19615657102373363,length,False,87.57507043099031
longbench_v2_qwen3,r_fuzzy,alpha0.03,case_073,0,ok,0.3721461187214612,1.3721461187214612,2403,1752.0,0.06202435312024353,stop,False,38.666831163689494
longbench_v2_qwen3,r_fuzzy,alpha0.03,case_074,0,ok,0.8814675446848542,1.8814675446848543,2001,1063.0,0.14691125744747568,stop,False,27.4576237751171
longbench_v2_qwen3,r_fuzzy,alpha0.03,case_075,0,ok,0.3702914001421464,1.3702914001421465,1929,1407.0,0.061715233357024404,stop,False,32.667786804027855
longbench_v2_qwen3,r_fuzzy,alpha0.03,case_076,0,ok,0.7301255230125523,1.7301255230125523,828,478.0,0.12168758716875872,stop,False,10.773466410115361
longbench_v2_qwen3,r_fuzzy,alpha0.03,case_077,0,ok,0.3166144200626959,1.316614420062696,2101,1595.0,0.05276907001044932,stop,False,36.95902117015794
longbench_v2_qwen3,r_fuzzy,alpha0.03,case_078,0,ok,0.4096824570536179,1.409682457053618,2709,1921.0,0.06828040950893632,stop,False,43.19627402490005
longbench_v2_qwen3,r_fuzzy,alpha0.03,case_079,0,ok,0.4662721893491124,1.4662721893491124,2479,1690.0,0.0777120315581854,stop,False,36.96679276926443
longbench_v2_qwen3,r_fuzzy,alpha0.03,case_080,0,ok,0.5527192008879024,1.5527192008879025,1400,901.0,0.09211986681465038,stop,False,19.514651636127383
longbench_v2_qwen3,r_fuzzy,alpha0.03,case_081,0,ok,0.684654300168634,1.684654300168634,1000,593.0,0.11410905002810567,stop,False,13.02473911177367
longbench_v2_qwen3,r_fuzzy,alpha0.03,case_082,0,ok,0.518444666001994,1.5184446660019941,1524,1003.0,0.08640744433366566,stop,False,22.50593084981665
longbench_v2_qwen3,r_fuzzy,alpha0.03,case_083,0,ok,1.0433763188745604,2.0433763188745604,1744,853.0,0.17389605314576007,stop,False,18.649576582945883
longbench_v2_qwen3,r_fuzzy,alpha0.03,case_084,0,ok,0.8101571946795647,1.8101571946795647,1496,827.0,0.13502619911326078,stop,False,18.899313814006746
longbench_v2_qwen3,r_fuzzy,alpha0.03,case_085,0,ok,0.688,1.688,3799,2250.0,0.11466666666666667,stop,False,47.03475347394124
longbench_v2_qwen3,r_fuzzy,alpha0.03,case_086,0,ok,0.6559139784946236,1.6559139784946235,925,558.0,0.10931899641577061,stop,False,13.094945830293
longbench_v2_qwen3,r_fuzzy,alpha0.03,case_087,0,ok,0.7369281045751634,1.7369281045751634,2127,1224.0,0.12282135076252723,stop,False,25.03175041405484
longbench_v2_qwen3,r_fuzzy,alpha0.03,case_088,0,ok,1.0184638109305761,2.018463810930576,5467,2708.0,0.16974396848842935,stop,False,64.61268289666623
longbench_v2_qwen3,r_fuzzy,alpha0.03,case_089,0,ok,1.1521954440409377,2.1521954440409377,6518,3029.0,0.19203257400682294,stop,False,65.90370260225609
longbench_v2_qwen3,r_fuzzy,alpha0.03,case_090,0,ok,0.5074441687344913,1.5074441687344913,1216,806.0,0.08457402812241521,stop,False,18.6754327933304
longbench_v2_qwen3,r_fuzzy,alpha0.03,case_091,0,ok,1.0911411794740873,2.0911411794740875,8192,3917.0,0.1818568632456812,length,False,89.22525066882372
longbench_v2_qwen3,r_fuzzy,alpha0.03,case_092,0,ok,0.38738738738738737,1.3873873873873874,1387,999.0,0.06456456456456457,stop,False,22.689762834925205
longbench_v2_qwen3,r_fuzzy,alpha0.03,case_093,0,ok,0.6105901820187535,1.6105901820187536,2919,1813.0,0.10176503033645891,stop,False,38.08041825378314
longbench_v2_qwen3,r_fuzzy,alpha0.03,case_094,0,ok,0.29356172474896636,1.2935617247489664,2191,1693.0,0.04892695412482772,stop,False,40.17344318283722
longbench_v2_qwen3,r_fuzzy,alpha0.03,case_095,0,ok,0.3779296875,1.3779296875,1412,1024.0,0.06298828125,stop,False,24.90853743860498
longbench_v2_qwen3,r_fuzzy,alpha0.03,case_096,0,ok,1.004658901830283,2.004658901830283,6025,3005.0,0.16744315030504714,stop,False,64.40324189001694
longbench_v2_qwen3,r_fuzzy,alpha0.03,case_097,0,ok,0.6926454445664105,1.6926454445664105,3085,1822.0,0.11544090742773509,stop,False,38.5547607219778
longbench_v2_qwen3,r_fuzzy,alpha0.03,case_098,0,ok,0.5342729019859065,1.5342729019859065,2396,1561.0,0.08904548366431775,stop,False,33.90852405782789
longbench_v2_qwen3,r_fuzzy,alpha0.03,case_099,0,ok,0.7088703563305534,1.7088703563305534,2255,1319.0,0.11814505938842558,stop,False,28.816553658340126
longbench_v2_qwen3,r_fuzzy,alpha0.03,case_100,0,ok,1.2688362221436151,2.268836222143615,6415,2827.0,0.21147270369060253,stop,False,66.97110150009394
longbench_v2_qwen3,r_fuzzy,alpha0.03,case_101,0,ok,0.8687035507844756,1.8687035507844756,6790,3633.0,0.14478392513074595,stop,False,81.2397655788809
longbench_v2_qwen3,r_fuzzy,alpha0.03,case_102,0,ok,0.7736842105263158,1.7736842105263158,1349,760.0,0.12894736842105264,stop,False,16.498627548571676
longbench_v2_qwen3,r_fuzzy,alpha0.03,case_103,0,ok,0.7702970297029703,1.7702970297029703,1787,1010.0,0.12838283828382838,stop,False,21.140101085882634
longbench_v2_qwen3,r_fuzzy,alpha0.03,case_104,0,ok,0.7626794258373206,1.7626794258373206,3682,2090.0,0.12711323763955343,stop,False,44.25094703026116
longbench_v2_qwen3,r_fuzzy,alpha0.03,case_105,0,ok,0.7956093868281605,1.7956093868281604,2373,1321.0,0.13260156447136007,stop,False,28.57824950478971
longbench_v2_qwen3,r_fuzzy,alpha0.03,case_106,0,ok,0.5957529709721411,1.595752970972141,8192,5133.0,0.09929216182869018,length,False,108.47055276622996
longbench_v2_qwen3,r_fuzzy,alpha0.03,case_107,0,ok,0.45311871227364187,1.4531187122736418,3612,2485.0,0.0755197853789403,stop,False,54.63981486111879
longbench_v2_qwen3,r_fuzzy,alpha0.03,case_108,0,ok,0.2741514360313316,1.2741514360313315,2928,2298.0,0.04569190600522193,stop,False,54.98220635391772
longbench_v2_qwen3,r_fuzzy,alpha0.03,case_109,0,ok,1.2295760082730094,2.2295760082730096,4313,1934.0,0.2049293347121682,stop,False,49.60729398718104
longbench_v2_qwen3,r_fuzzy,alpha0.03,case_110,0,ok,0.7489655172413793,1.7489655172413792,2537,1450.0,0.12482758620689655,stop,False,32.00154631026089
longbench_v2_qwen3,r_fuzzy,alpha0.03,case_111,0,ok,0.5006993006993007,1.5006993006993006,1072,715.0,0.08344988344988345,stop,False,17.687860250938684
longbench_v2_qwen3,r_fuzzy,alpha0.03,case_112,0,ok,0.45108695652173914,1.4510869565217392,1069,736.0,0.07518115942028986,stop,False,16.767417379189283
longbench_v2_qwen3,r_fuzzy,alpha0.03,case_113,0,ok,0.6527249683143219,1.652724968314322,1303,789.0,0.10878749471905365,stop,False,16.80599750392139
longbench_v2_qwen3,r_fuzzy,alpha0.03,case_114,0,ok,0.5714285714285714,1.5714285714285714,648,413.0,0.09523809523809523,stop,False,10.19617258105427
longbench_v2_qwen3,r_fuzzy,alpha0.03,case_115,0,ok,0.6447058823529411,1.644705882352941,700,425.0,0.10745098039215686,stop,False,9.935064180754125
longbench_v2_qwen3,r_fuzzy,alpha0.03,case_116,0,ok,1.0588235294117647,2.0588235294117645,2066,1003.0,0.17647058823529413,stop,False,21.190986691974103
longbench_v2_qwen3,r_fuzzy,alpha0.03,case_117,0,ok,0.48956884561891517,1.4895688456189151,1072,719.0,0.08159480760315253,stop,False,17.720935043878853
longbench_v2_qwen3,r_fuzzy,alpha0.03,case_118,0,ok,1.1701304978250362,2.170130497825036,4489,2069.0,0.19502174963750604,stop,False,44.14364731311798
longbench_v2_qwen3,r_fuzzy,alpha0.03,case_119,0,ok,0.6798029556650246,1.6798029556650245,683,406.0,0.11330049261083744,stop,False,9.884755412116647
longbench_v2_qwen3,r_fuzzy,alpha0.03,case_120,0,ok,0.3494288681204569,1.349428868120457,2600,1926.0,0.05823814468674282,stop,False,44.25104288710281
longbench_v2_qwen3,r_fuzzy,alpha0.03,case_121,0,ok,0.6102514506769826,1.6102514506769827,1664,1034.0,0.10170857511283043,stop,False,22.817738355137408
longbench_v2_qwen3,r_fuzzy,alpha0.03,case_122,0,ok,0.3483080513418903,1.3483080513418904,2312,1714.0,0.05805134189031505,stop,False,40.28338535409421
longbench_v2_qwen3,r_fuzzy,alpha0.03,case_123,0,ok,0.8748274275195582,1.8748274275195582,4075,2173.0,0.1458045712532597,stop,False,45.50265404302627
longbench_v2_qwen3,r_fuzzy,alpha0.03,case_124,0,ok,0.9351701782820098,1.9351701782820099,2389,1234.0,0.15586169638033495,stop,False,26.069113270845264
longbench_v2_qwen3,r_fuzzy,alpha0.03,case_125,0,ok,0.5858453473132372,1.5858453473132372,2421,1526.0,0.09764089121887287,stop,False,33.20068964920938
longbench_v2_qwen3,r_fuzzy,alpha0.03,case_126,0,ok,0.4243306169965076,1.4243306169965075,2448,1718.0,0.07072176949941793,stop,False,37.198678601998836
longbench_v2_qwen3,r_fuzzy,alpha0.03,case_127,0,ok,0.41579448144624165,1.4157944814462415,1489,1051.0,0.06929908024104028,stop,False,23.48483809316531
longbench_v2_qwen3,r_fuzzy,alpha0.03,case_128,0,ok,0.5308857808857809,1.530885780885781,2628,1716.0,0.08848096348096349,stop,False,40.035510901827365
longbench_v2_qwen3,r_fuzzy,alpha0.03,case_129,0,ok,0.4447334200260078,1.4447334200260078,4442,3076.0,0.0741222366710013,stop,False,65.8311246917583
longbench_v2_qwen3,r_fuzzy,alpha0.03,case_130,0,ok,0.6235632183908046,1.6235632183908046,1696,1044.0,0.1039272030651341,stop,False,21.854047378059477
longbench_v2_qwen3,r_fuzzy,alpha0.03,case_131,0,ok,1.1275324675324676,2.1275324675324674,8192,3850.0,0.18792207792207793,length,False,88.31057037692517
longbench_v2_qwen3,r_fuzzy,alpha0.03,case_132,0,ok,0.4268465909090909,1.4268465909090908,2010,1408.0,0.07114109848484848,stop,False,32.629326981958
longbench_v2_qwen3,r_fuzzy,alpha0.03,case_133,0,ok,0.5122235157159488,1.5122235157159487,2599,1718.0,0.08537058595265813,stop,False,38.023441336117685
longbench_v2_qwen3,r_fuzzy,alpha0.03,case_134,0,ok,0.9453363914373089,1.945336391437309,5090,2616.0,0.15755606523955148,stop,False,54.19627759512514
longbench_v2_qwen3,r_fuzzy,alpha0.03,case_135,0,ok,0.8518899460015428,1.8518899460015428,7201,3889.0,0.1419816576669238,stop,False,82.9519018502906
longbench_v2_qwen3,r_fuzzy,alpha0.03,case_136,0,ok,0.41919020074855395,1.419190200748554,4172,2939.0,0.06986503345809232,stop,False,68.6334490608424
longbench_v2_qwen3,r_fuzzy,alpha0.03,case_137,0,ok,0.6317934782608695,1.6317934782608696,3604,2208.0,0.10529891304347826,stop,False,47.011210419703275
longbench_v2_qwen3,r_fuzzy,alpha0.03,case_138,0,ok,0.3811764705882353,1.3811764705882352,2349,1700.0,0.06352941176470588,stop,False,37.935709015931934
longbench_v2_qwen3,r_fuzzy,alpha0.03,case_139,0,ok,0.3258073735352958,1.3258073735352958,4640,3499.0,0.0543012289225493,stop,False,79.7606502478011
longbench_v2_qwen3,r_fuzzy,alpha0.03,case_140,0,ok,0.7055961070559611,1.705596107055961,2805,1644.0,0.11759935117599352,stop,False,35.08096874086186
longbench_v2_qwen3,r_fuzzy,alpha0.03,case_141,0,ok,0.9689158453373768,1.968915845337377,2594,1319.0,0.16148597422289612,stop,False,28.265706224832684
longbench_v2_qwen3,r_fuzzy,alpha0.03,case_142,0,ok,0.41452991452991456,1.4145299145299146,2649,1872.0,0.06908831908831908,stop,False,39.9475983530283
longbench_v2_qwen3,r_fuzzy,alpha0.03,case_143,0,ok,0.7836682342881574,1.7836682342881574,4173,2339.0,0.13061137238135956,stop,False,56.41993653355166
longbench_v2_qwen3,r_fuzzy,alpha0.03,case_144,0,ok,1.2539900935608146,2.2539900935608146,8192,3634.0,0.2089983489268024,length,False,79.21363714430481
longbench_v2_qwen3,r_fuzzy,alpha0.03,case_145,0,ok,0.9112299465240642,1.911229946524064,1788,935.0,0.1518716577540107,stop,False,20.658615292981267
longbench_v2_qwen3,r_fuzzy,alpha0.03,case_146,0,ok,0.6815589353612167,1.6815589353612168,1768,1052.0,0.11359315589353612,stop,False,21.811114955693483
longbench_v2_qwen3,r_fuzzy,alpha0.03,case_147,0,ok,0.6506024096385542,1.6506024096385543,1232,747.0,0.10843373493975904,stop,False,15.94215891417116
longbench_v2_qwen3,r_fuzzy,alpha0.03,case_148,0,ok,0.492831541218638,1.492831541218638,834,558.0,0.08213859020310633,stop,False,12.88845119997859
longbench_v2_qwen3,r_fuzzy,alpha0.03,case_149,0,ok,0.6590767956944732,1.6590767956944732,8016,4831.0,0.10984613261574554,stop,False,102.00854607205838
longbench_v2_qwen3,r_fuzzy,alpha0.03,case_150,0,ok,1.0213776722090262,2.0213776722090264,852,421.0,0.1702296120348377,stop,False,9.665599131025374
longbench_v2_qwen3,r_fuzzy,alpha0.08,case_001,0,ok,0.3542795232936078,1.3542795232936078,1251,923.0,0.0590465872156013,stop,False,18.144521438051015
longbench_v2_qwen3,r_fuzzy,alpha0.08,case_002,0,ok,0.3845470692717584,1.3845470692717585,1558,1126.0,0.06409117821195974,stop,False,23.30349473003298
longbench_v2_qwen3,r_fuzzy,alpha0.08,case_003,0,ok,0.3540925266903915,1.3540925266903914,762,562.0,0.05901542111506524,stop,False,11.152435500640422
longbench_v2_qwen3,r_fuzzy,alpha0.15,case_001,0,ok,0.4227188081936685,1.4227188081936686,1529,1074.0,0.07045313469894475,stop,False,20.695662909187376
longbench_v2_qwen3,r_fuzzy,alpha0.15,case_002,0,ok,0.3840782122905028,1.3840782122905029,990,716.0,0.06401303538175046,stop,False,16.0931295491755
longbench_v2_qwen3,r_fuzzy,alpha0.15,case_003,0,ok,0.4141732283464567,1.4141732283464568,897,635.0,0.06902887139107612,stop,False,12.333350133150816
longbench_v2_qwen3,r_fuzzy,alpha0.25,case_001,0,ok,0.4115138592750533,1.4115138592750534,1325,938.0,0.06858564321250889,stop,False,18.397697596810758
longbench_v2_qwen3,r_fuzzy,alpha0.25,case_002,0,ok,0.4104882459312839,1.410488245931284,779,553.0,0.06841470765521399,stop,False,13.238877286203206
longbench_v2_qwen3,r_fuzzy,alpha0.25,case_003,0,ok,0.5063045586808923,1.5063045586808923,1552,1031.0,0.08438409311348205,stop,False,18.774538895115256
longbench_v2_qwen3,r_fuzzy,alpha0.25,case_004,0,ok,0.8913649025069638,1.8913649025069637,1357,718.0,0.14856081708449395,stop,False,11.924573875032365
longbench_v2_qwen3,r_fuzzy,alpha0.25,case_005,0,ok,1.4283000949667617,2.4283000949667617,2558,1053.0,0.23805001582779362,stop,False,16.022760526277125
longbench_v2_qwen3,r_fuzzy,alpha0.25,case_006,0,ok,0.6682600382409177,1.6682600382409176,3491,2092.0,0.11137667304015296,stop,False,34.76043704897165
longbench_v2_qwen3,r_fuzzy,alpha0.25,case_007,0,ok,0.3973834832379395,1.3973834832379395,1710,1223.0,0.06623058053965658,stop,False,23.98512170277536
longbench_v2_qwen3,r_fuzzy,alpha0.25,case_008,0,ok,1.5848580441640379,2.584858044164038,8192,3170.0,0.264143007360673,length,False,53.8199999271892
longbench_v2_qwen3,r_fuzzy,alpha0.25,case_009,0,ok,1.4450746268656716,2.4450746268656713,8192,3350.0,0.2408457711442786,length,False,55.241370463278145
longbench_v2_qwen3,r_fuzzy,alpha0.25,case_010,0,ok,0.5215889464594128,1.5215889464594128,882,579.0,0.08693149107656879,stop,False,12.610882520209998
longbench_v2_qwen3,r_fuzzy,alpha0.25,case_011,0,ok,0.7425373134328358,1.7425373134328357,933,536.0,0.12375621890547264,stop,False,9.414019896183163
longbench_v2_qwen3,r_fuzzy,alpha0.25,case_012,0,ok,1.2019524100061012,2.2019524100061014,3610,1639.0,0.20032540166768353,stop,False,25.330892982892692
longbench_v2_qwen3,r_fuzzy,alpha0.25,case_013,0,ok,0.8191349934469201,1.81913499344692,1389,763.0,0.13652249890782,stop,False,16.54299770714715
longbench_v2_qwen3,r_fuzzy,alpha0.25,case_014,0,ok,1.0353817504655494,2.0353817504655494,3278,1611.0,0.17256362507759157,stop,False,34.795131924096495
longbench_v2_qwen3,r_fuzzy,alpha0.25,case_015,0,ok,0.6189903846153846,1.6189903846153846,2695,1664.0,0.1031650641025641,stop,False,37.17205818509683
longbench_v2_qwen3,r_fuzzy,alpha0.25,case_016,0,ok,0.972693032015066,1.972693032015066,4191,2124.0,0.16211550533584432,stop,False,44.90132393455133
longbench_v2_qwen3,r_fuzzy,alpha0.25,case_017,0,ok,0.9562043795620438,1.9562043795620438,537,274.0,0.15936739659367397,stop,False,6.698903050273657
longbench_v2_qwen3,r_fuzzy,alpha0.25,case_018,0,ok,1.0177215189873419,2.017721518987342,3187,1580.0,0.16962025316455695,stop,False,34.54104775004089
longbench_v2_qwen3,r_fuzzy,alpha0.25,case_019,0,ok,0.8188041989958923,1.8188041989958923,3984,2191.0,0.13646736649931537,stop,False,48.67837546300143
longbench_v2_qwen3,r_fuzzy,alpha0.25,case_020,0,ok,0.43259557344064387,1.432595573440644,2137,1491.0,0.0720992622401073,stop,False,36.12702353717759
longbench_v2_qwen3,r_fuzzy,alpha0.25,case_021,0,ok,1.0353430353430353,2.0353430353430353,980,481.0,0.17255717255717257,stop,False,10.751008631661534
longbench_v2_qwen3,r_fuzzy,alpha0.25,case_022,0,ok,1.1371769383697814,2.137176938369781,1074,503.0,0.1895294897282969,stop,False,10.906722141895443
longbench_v2_qwen3,r_fuzzy,alpha0.25,case_023,0,ok,0.43528586460890917,1.4352858646089093,4093,2851.0,0.07254764410148486,stop,False,65.35819262778386
longbench_v2_qwen3,r_fuzzy,alpha0.25,case_024,0,ok,0.9758639605046626,1.9758639605046626,3603,1823.0,0.16264399341744376,stop,False,39.474409595131874
longbench_v2_qwen3,r_fuzzy,alpha0.25,case_025,0,ok,1.4573470299240732,2.4573470299240734,5503,2239.0,0.2428911716540122,stop,False,57.49557343497872
longbench_v2_qwen3,r_fuzzy,alpha0.25,case_026,0,ok,1.05700652938222,2.05700652938222,8192,3982.0,0.17616775489703668,length,False,88.7928052637726
longbench_v2_qwen3,r_fuzzy,alpha0.25,case_027,0,ok,1.2222222222222223,2.2222222222222223,1438,648.0,0.2037037037037037,stop,False,14.6379782310687
longbench_v2_qwen3,r_fuzzy,alpha0.25,case_028,0,ok,1.8926553672316384,2.8926553672316384,8192,2832.0,0.3154425612052731,length,False,69.01011366583407
longbench_v2_qwen3,r_fuzzy,alpha0.25,case_029,0,ok,1.117908787541713,2.117908787541713,3809,1798.0,0.18631813125695218,stop,False,37.572877114638686
longbench_v2_qwen3,r_fuzzy,alpha0.25,case_030,0,ok,1.491484184914842,2.491484184914842,8192,3288.0,0.24858069748580697,length,False,77.20786708686501
longbench_v2_qwen3,r_fuzzy,alpha0.25,case_031,0,ok,0.3322475570032573,1.3322475570032573,3273,2456.0,0.05537459283387622,stop,False,55.54902741173282
longbench_v2_qwen3,r_fuzzy,alpha0.25,case_032,0,ok,0.5045317220543807,1.5045317220543808,497,331.0,0.08408862034239678,stop,False,8.665025156922638
longbench_v2_qwen3,r_fuzzy,alpha0.25,case_033,0,ok,1.263957987838585,2.2639579878385847,8192,3618.0,0.21065966463976415,length,False,85.00096486788243
longbench_v2_qwen3,r_fuzzy,alpha0.25,case_034,0,ok,0.928030303030303,1.928030303030303,2037,1056.0,0.15467171717171718,stop,False,23.256896899081767
longbench_v2_qwen3,r_fuzzy,alpha0.25,case_035,0,ok,0.980327868852459,1.980327868852459,1811,915.0,0.1633879781420765,stop,False,19.926287753041834
longbench_v2_qwen3,r_fuzzy,alpha0.25,case_036,0,ok,1.5857142857142856,2.5857142857142854,1085,420.0,0.2642857142857143,stop,False,9.854789300821722
longbench_v2_qwen3,r_fuzzy,alpha0.25,case_037,0,ok,1.043458578542327,2.043458578542327,4513,2209.0,0.1739097630903878,stop,False,47.7970371870324
longbench_v2_qwen3,r_fuzzy,alpha0.25,case_038,0,ok,1.0009442870632672,2.000944287063267,2118,1059.0,0.16682404784387786,stop,False,23.467065047938377
longbench_v2_qwen3,r_fuzzy,alpha0.25,case_039,0,ok,0.8353293413173652,1.8353293413173652,2453,1336.0,0.13922155688622753,stop,False,29.108488706871867
longbench_v2_qwen3,r_fuzzy,alpha0.25,case_040,0,ok,0.8519417475728155,1.8519417475728155,1525,824.0,0.14199029126213591,stop,False,18.082409454043955
longbench_v2_qwen3,r_fuzzy,alpha0.25,case_041,0,ok,0.6506777893639207,1.6506777893639208,1584,959.0,0.10844629822732013,stop,False,23.47092568874359
longbench_v2_qwen3,r_fuzzy,alpha0.25,case_042,0,ok,0.7716970702045329,1.771697070204533,3206,1809.0,0.12861617836742215,stop,False,40.3348596370779
longbench_v2_qwen3,r_fuzzy,alpha0.25,case_043,0,ok,1.3489073097211757,2.3489073097211755,3118,1327.0,0.22481788495352925,stop,False,28.92741109756753
longbench_v2_qwen3,r_fuzzy,alpha0.25,case_044,0,ok,0.4096774193548387,1.4096774193548387,1312,930.0,0.06827956989247312,stop,False,22.828362151049078
longbench_v2_qwen3,r_fuzzy,alpha0.25,case_045,0,ok,0.7907739396589418,1.790773939658942,8192,4574.0,0.13179565660982365,length,False,106.39273607498035
longbench_v2_qwen3,r_fuzzy,alpha0.25,case_046,0,ok,0.41088580576307365,1.4108858057630735,1321,937.0,0.06848096762717894,stop,False,23.69073303695768
longbench_v2_qwen3,r_fuzzy,alpha0.25,case_047,0,ok,0.8962264150943396,1.8962264150943398,2413,1272.0,0.14937106918238993,stop,False,28.731570187024772
longbench_v2_qwen3,r_fuzzy,alpha0.25,case_048,0,ok,0.6640522875816993,1.6640522875816992,1273,765.0,0.11067538126361656,stop,False,17.31097237719223
longbench_v2_qwen3,r_fuzzy,alpha0.25,case_049,0,ok,0.6814079422382672,1.681407942238267,1862,1108.0,0.11356799037304452,stop,False,26.349624020047486
longbench_v2_qwen3,r_fuzzy,alpha0.25,case_050,0,ok,1.1794354838709677,2.179435483870968,6485,2976.0,0.19657258064516128,stop,False,64.69562348816544
longbench_v2_qwen3,r_fuzzy,alpha0.25,case_051,0,ok,1.1086711711711712,2.108671171171171,7491,3552.0,0.18477852852852852,stop,False,86.40804303903133
longbench_v2_qwen3,r_fuzzy,alpha0.25,case_052,0,ok,0.38657501010917916,1.3865750101091792,3430,2473.0,0.06442916835152986,stop,False,58.75539032416418
longbench_v2_qwen3,r_fuzzy,alpha0.25,case_053,0,ok,0.7173252279635258,1.7173252279635258,1131,658.0,0.11955420466058764,stop,False,15.23214802192524
longbench_v2_qwen3,r_fuzzy,alpha0.25,case_054,0,ok,1.1912350597609562,2.191235059760956,1101,502.0,0.19853917662682602,stop,False,11.983202809933573
longbench_v2_qwen3,r_fuzzy,alpha0.25,case_055,0,ok,0.7257215083210449,1.7257215083210449,8192,4747.0,0.12095358472017415,length,False,100.92796883871779
longbench_v2_qwen3,r_fuzzy,alpha0.25,case_056,0,ok,1.327718223583461,2.327718223583461,1521,653.0,0.2212863705972435,stop,False,14.936081776861101
longbench_v2_qwen3,r_fuzzy,alpha0.25,case_057,0,ok,0.8173652694610778,1.8173652694610778,1215,668.0,0.13622754491017963,stop,False,15.39854960469529
longbench_v2_qwen3,r_fuzzy,alpha0.25,case_058,0,ok,2.0445205479452055,3.0445205479452055,890,292.0,0.3407534246575342,stop,False,8.454807830043137
longbench_v2_qwen3,r_fuzzy,alpha0.25,case_059,0,ok,0.9705882352941176,1.9705882352941178,1071,544.0,0.16176470588235295,stop,False,12.574763570912182
longbench_v2_qwen3,r_fuzzy,alpha0.25,case_060,0,ok,0.6432865731462926,1.6432865731462925,1641,998.0,0.10721442885771543,stop,False,22.64514457806945
longbench_v2_qwen3,r_fuzzy,alpha0.25,case_061,0,ok,1.2454466608846488,2.2454466608846486,2590,1153.0,0.20757444348077478,stop,False,24.677502613980323
longbench_v2_qwen3,r_fuzzy,alpha0.25,case_062,0,ok,0.7433035714285714,1.7433035714285714,1563,896.0,0.12388392857142858,stop,False,22.22631694190204
longbench_v2_qwen3,r_fuzzy,alpha0.25,case_063,0,ok,1.0916129032258064,2.0916129032258066,1620,775.0,0.18193548387096775,stop,False,17.04941891739145
longbench_v2_qwen3,r_fuzzy,alpha0.25,case_064,0,ok,0.9610274579273693,1.9610274579273694,2215,1129.0,0.1601712429878949,stop,False,24.54340433701873
longbench_v2_qwen3,r_fuzzy,alpha0.25,case_065,0,ok,1.0336291452592246,2.0336291452592246,4355,2141.0,0.17227152420987077,stop,False,45.571110751945525
longbench_v2_qwen3,r_fuzzy,alpha0.25,case_066,0,ok,0.9088639200998752,1.9088639200998752,1530,801.0,0.15147732001664585,stop,False,16.954762279987335
longbench_v2_qwen3,r_fuzzy,alpha0.25,case_067,0,ok,1.3034238488783942,2.3034238488783942,1952,847.0,0.21723730814639905,stop,False,20.597897571045905
longbench_v2_qwen3,r_fuzzy,alpha0.25,case_068,0,ok,1.022869022869023,2.022869022869023,2920,1443.0,0.1704781704781705,stop,False,32.62237234180793
longbench_v2_qwen3,r_fuzzy,alpha0.25,case_069,0,ok,0.5737931034482758,1.573793103448276,2283,1450.0,0.09563218390804598,stop,False,32.274489988107234
longbench_v2_qwen3,r_fuzzy,alpha0.25,case_070,0,ok,1.0788321167883212,2.0788321167883215,1423,685.0,0.17980535279805354,stop,False,15.340130411088467
longbench_v2_qwen3,r_fuzzy,alpha0.25,case_071,0,ok,0.6523400191021967,1.6523400191021969,5191,3141.0,0.1087233365170328,stop,False,66.77230259170756
longbench_v2_qwen3,r_fuzzy,alpha0.25,case_072,0,ok,1.272122052704577,2.272122052704577,8192,3605.0,0.21202034211742948,length,False,84.68567935703322
longbench_v2_qwen3,r_fuzzy,alpha0.25,case_073,0,ok,0.48980716253443524,1.4898071625344351,2705,1815.0,0.08163452708907254,stop,False,40.71408973587677
longbench_v2_qwen3,r_fuzzy,alpha0.25,case_074,0,ok,1.116504854368932,2.116504854368932,2835,1339.0,0.18608414239482202,stop,False,34.78106211218983
longbench_v2_qwen3,r_fuzzy,alpha0.25,case_075,0,ok,0.42142230026338895,1.421422300263389,1620,1139.0,0.07023705004389816,stop,False,27.170882550999522
longbench_v2_qwen3,r_fuzzy,alpha0.25,case_076,0,ok,0.9939879759519038,1.993987975951904,996,499.0,0.16566466265865062,stop,False,11.401580196339637
longbench_v2_qwen3,r_fuzzy,alpha0.25,case_077,0,ok,0.37860394537177544,1.3786039453717756,3635,2636.0,0.06310065756196256,stop,False,59.613857948221266
longbench_v2_qwen3,r_fuzzy,alpha0.25,case_078,0,ok,0.5270367700072098,1.5270367700072098,2119,1387.0,0.0878394616678683,stop,False,31.972046051640064
longbench_v2_qwen3,r_fuzzy,alpha0.25,case_079,0,ok,0.5541635961680177,1.5541635961680176,2110,1357.0,0.09236059936133628,stop,False,30.31257611280307
longbench_v2_qwen3,r_fuzzy,alpha0.25,case_080,0,ok,0.8705035971223022,1.870503597122302,521,278.0,0.145083932853717,stop,False,7.136363722849637
longbench_v2_qwen3,r_fuzzy,alpha0.25,case_081,0,ok,1.0180969060128429,2.018096906012843,3458,1713.0,0.16968281766880716,stop,False,37.464554886333644
longbench_v2_qwen3,r_fuzzy,alpha0.25,case_082,0,ok,0.7097505668934241,1.709750566893424,755,441.0,0.11829176114890401,stop,False,11.138355900999159
longbench_v2_qwen3,r_fuzzy,alpha0.25,case_083,0,ok,1.4652143359100491,2.465214335910049,3507,1423.0,0.24420238931834154,stop,False,31.495301967021078
longbench_v2_qwen3,r_fuzzy,alpha0.25,case_084,0,ok,0.9100204498977505,1.9100204498977504,1867,978.0,0.15167007498295842,stop,False,22.365180819761008
longbench_v2_qwen3,r_fuzzy,alpha0.25,case_085,0,ok,0.808066759388039,1.8080667593880388,1301,719.0,0.13467779323133983,stop,False,15.885382791049778
longbench_v2_qwen3,r_fuzzy,alpha0.25,case_086,0,ok,0.7847222222222222,1.7847222222222223,1543,864.0,0.13078703703703703,stop,False,19.780386335216463
longbench_v2_qwen3,r_fuzzy,alpha0.25,case_087,0,ok,1.033967391304348,2.0339673913043477,1496,736.0,0.17232789855072464,stop,False,15.921975527890027
longbench_v2_qwen3,r_fuzzy,alpha0.25,case_088,0,ok,1.2337060267248432,2.2337060267248434,8192,3667.0,0.2056176711208072,length,False,88.55224619200453
longbench_v2_qwen3,r_fuzzy,alpha0.25,case_089,0,ok,1.2298325722983257,2.2298325722983257,2929,1314.0,0.20497209538305428,stop,False,29.25436914898455
longbench_v2_qwen3,r_fuzzy,alpha0.25,case_090,0,ok,0.6400310318076028,1.6400310318076028,2115,1289.0,0.10667183863460046,stop,False,29.333709063008428
longbench_v2_qwen3,r_fuzzy,alpha0.25,case_091,0,ok,1.407581545694975,2.407581545694975,8192,3403.0,0.23459692428249584,length,False,80.24137950828299
longbench_v2_qwen3,r_fuzzy,alpha0.25,case_092,0,ok,0.5294117647058824,1.5294117647058822,391,255.0,0.08823529411764706,stop,False,7.421741456259042
longbench_v2_qwen3,r_fuzzy,alpha0.25,case_093,0,ok,0.7959183673469388,1.7959183673469388,3255,1813.0,0.1326530612244898,stop,False,39.03922242112458
longbench_v2_qwen3,r_fuzzy,alpha0.25,case_094,0,ok,0.3744107744107744,1.3744107744107743,2042,1485.0,0.06240179573512907,stop,False,35.96762420795858
longbench_v2_qwen3,r_fuzzy,alpha0.25,case_095,0,ok,0.5118679050567595,1.5118679050567594,1466,969.0,0.08531131750945993,stop,False,24.015750483144075
longbench_v2_qwen3,r_fuzzy,alpha0.25,case_096,0,ok,1.0863201911589009,2.086320191158901,6986,3348.0,0.18105336519315013,stop,False,73.1385069778189
longbench_v2_qwen3,r_fuzzy,alpha0.25,case_097,0,ok,0.9699727024567789,1.9699727024567788,2166,1099.0,0.16166211707612982,stop,False,24.379284519702196
longbench_v2_qwen3,r_fuzzy,alpha0.25,case_098,0,ok,0.6766679826292933,1.6766679826292932,4248,2533.0,0.11277799710488222,stop,False,55.25337915215641
longbench_v2_qwen3,r_fuzzy,alpha0.25,case_099,0,ok,0.9391044776119403,1.9391044776119402,3249,1675.0,0.1565174129353234,stop,False,37.47519242297858
longbench_v2_qwen3,r_fuzzy,alpha0.25,case_100,0,ok,1.3669459693730135,2.3669459693730133,8192,3461.0,0.2278243282288356,length,False,83.26142538199201
longbench_v2_qwen3,r_fuzzy,alpha0.25,case_101,0,ok,0.9812799303439269,1.981279930343927,4552,2297.0,0.16354665505732113,stop,False,52.19628772092983
longbench_v2_qwen3,r_fuzzy,alpha0.25,case_102,0,ok,1.054610564010743,2.0546105640107433,2296,1117.0,0.17576842733512385,stop,False,24.544645194895566
longbench_v2_qwen3,r_fuzzy,alpha0.25,case_103,0,ok,0.9882671480144405,1.9882671480144405,2202,1108.0,0.16471119133574008,stop,False,24.037869263906032
longbench_v2_qwen3,r_fuzzy,alpha0.25,case_104,0,ok,0.9368600682593856,1.9368600682593855,1136,586.0,0.1561433447098976,stop,False,13.396217288915068
longbench_v2_qwen3,r_fuzzy,alpha0.25,case_105,0,ok,0.8980692788188529,1.898069278818853,6684,3522.0,0.14967821313647547,stop,False,74.89726595208049
longbench_v2_qwen3,r_fuzzy,alpha0.25,case_106,0,ok,0.9186851211072664,1.9186851211072664,1110,578.0,0.15311418685121106,stop,False,13.9407934169285
longbench_v2_qwen3,r_fuzzy,alpha0.25,case_107,0,ok,0.5998318621269441,1.599831862126944,3807,2379.0,0.09997197702115734,stop,False,53.398596765007824
longbench_v2_qwen3,r_fuzzy,alpha0.25,case_108,0,ok,0.41317365269461076,1.4131736526946108,1417,1002.0,0.0688622754491018,stop,False,26.55183301633224
longbench_v2_qwen3,r_fuzzy,alpha0.25,case_109,0,ok,1.1793103448275861,2.179310344827586,633,290.0,0.19655172413793104,stop,False,9.83138679806143
longbench_v2_qwen3,r_fuzzy,alpha0.25,case_110,0,ok,0.9081967213114754,1.9081967213114754,1165,610.0,0.15136612021857923,stop,False,14.362501312047243
longbench_v2_qwen3,r_fuzzy,alpha0.25,case_111,0,ok,0.5109745390693591,1.510974539069359,5164,3417.0,0.08516242317822652,stop,False,75.51901572616771
longbench_v2_qwen3,r_fuzzy,alpha0.25,case_112,0,ok,0.7211367673179396,1.7211367673179396,970,563.0,0.1201894612196566,stop,False,13.514237073715776
longbench_v2_qwen3,r_fuzzy,alpha0.25,case_113,0,ok,0.804902962206333,1.804902962206333,1766,979.0,0.1341504937010555,stop,False,20.861791123170406
longbench_v2_qwen3,r_fuzzy,alpha0.25,case_114,0,ok,0.7669902912621359,1.766990291262136,2003,1133.0,0.127831715210356,stop,False,25.4936788729392
longbench_v2_qwen3,r_fuzzy,alpha0.25,case_115,0,ok,0.8175853018372703,1.8175853018372703,1384,762.0,0.13626421697287838,stop,False,17.00112274568528
longbench_v2_qwen3,r_fuzzy,alpha0.25,case_116,0,ok,1.3028118240807498,2.3028118240807496,6387,2774.0,0.2171353040134583,stop,False,59.52810027496889
longbench_v2_qwen3,r_fuzzy,alpha0.25,case_117,0,ok,0.6398069067953954,1.6398069067953953,4417,2693.0,0.10663448446589925,stop,False,60.39074034616351
longbench_v2_qwen3,r_fuzzy,alpha0.25,case_118,0,ok,1.5184165232358005,2.5184165232358007,7317,2905.0,0.25306942053930004,stop,False,64.48695960687473
longbench_v2_qwen3,r_fuzzy,alpha0.25,case_119,0,ok,0.9372246696035242,1.9372246696035242,1760,908.0,0.15620411160058736,stop,False,20.903834158089012
longbench_v2_qwen3,r_fuzzy,alpha0.25,case_120,0,ok,0.48703703703703705,1.487037037037037,4016,2700.0,0.08117283950617284,stop,False,61.71025190874934
longbench_v2_qwen3,r_fuzzy,alpha0.25,case_121,0,ok,0.8575899843505478,1.8575899843505477,2375,1278.0,0.1429316640584246,stop,False,28.64712168602273
longbench_v2_qwen3,r_fuzzy,alpha0.25,case_122,0,ok,0.43380281690140843,1.4338028169014083,2037,1420.0,0.07230046948356808,stop,False,34.47443014243618
longbench_v2_qwen3,r_fuzzy,alpha0.25,case_123,0,ok,1.0983358547655069,2.098335854765507,1388,661.0,0.18305597579425115,stop,False,14.775664668064564
longbench_v2_qwen3,r_fuzzy,alpha0.25,case_124,0,ok,1.2452934662236987,2.245293466223699,4056,1806.0,0.20754891103728312,stop,False,39.48972043208778
longbench_v2_qwen3,r_fuzzy,alpha0.25,case_125,0,ok,0.6785370548604427,1.6785370548604428,1745,1039.0,0.11308950914340712,stop,False,23.447156677022576
longbench_v2_qwen3,r_fuzzy,alpha0.25,case_126,0,ok,0.6343558282208589,1.6343558282208588,1333,815.0,0.10572597137014315,stop,False,19.233658829238266
longbench_v2_qwen3,r_fuzzy,alpha0.25,case_127,0,ok,0.6731651376146789,1.6731651376146788,1458,872.0,0.11219418960244648,stop,False,20.468002010136843
longbench_v2_qwen3,r_fuzzy,alpha0.25,case_128,0,ok,0.595695618754804,1.595695618754804,2077,1301.0,0.09928260312580067,stop,False,31.173918813932687
longbench_v2_qwen3,r_fuzzy,alpha0.25,case_129,0,ok,0.5600578871201157,1.5600578871201156,2157,1382.0,0.09334298118668596,stop,False,30.871340402867645
longbench_v2_qwen3,r_fuzzy,alpha0.25,case_130,0,ok,0.8466453674121406,1.8466453674121406,1733,939.0,0.14110756123535675,stop,False,20.385978139936924
longbench_v2_qwen3,r_fuzzy,alpha0.25,case_131,0,ok,1.4645006016847173,2.4645006016847173,8192,3324.0,0.24408343361411952,length,False,78.5009217117913
longbench_v2_qwen3,r_fuzzy,alpha0.25,case_132,0,ok,0.5414699932569117,1.5414699932569116,2287,1483.0,0.09024499887615195,stop,False,34.54508819896728
longbench_v2_qwen3,r_fuzzy,alpha0.25,case_133,0,ok,0.6279809220985691,1.627980922098569,4097,2516.0,0.10466348701642819,stop,False,55.180498039815575
longbench_v2_qwen3,r_fuzzy,alpha0.25,case_134,0,ok,1.1490545050055618,2.149054505005562,5797,2697.0,0.19150908416759363,stop,False,57.282838996034116
longbench_v2_qwen3,r_fuzzy,alpha0.25,case_135,0,ok,0.9895555015788196,1.9895555015788196,8192,4117.0,0.16492591692980327,length,False,89.17696272395551
longbench_v2_qwen3,r_fuzzy,alpha0.25,case_136,0,ok,0.5316755476613381,1.531675547661338,2588,1689.0,0.08861259127688968,stop,False,41.254145447630435
longbench_v2_qwen3,r_fuzzy,alpha0.25,case_137,0,ok,0.7823507601038191,1.782350760103819,4808,2697.0,0.1303917933506365,stop,False,57.78832216374576
longbench_v2_qwen3,r_fuzzy,alpha0.25,case_138,0,ok,0.524,1.524,1906,1250.0,0.08733333333333333,stop,False,29.000107845757157
longbench_v2_qwen3,r_fuzzy,alpha0.25,case_139,0,ok,0.39868499701135685,1.3986849970113568,4679,3346.0,0.06644749950189281,stop,False,76.70812538685277
longbench_v2_qwen3,r_fuzzy,alpha0.25,case_140,0,ok,0.9119861030689056,1.9119861030689056,3303,1727.0,0.1519976838448176,stop,False,37.72025457024574
longbench_v2_qwen3,r_fuzzy,alpha0.25,case_141,0,ok,1.23680649526387,2.23680649526387,3307,1478.0,0.20613441587731168,stop,False,32.63643004093319
longbench_v2_qwen3,r_fuzzy,alpha0.25,case_142,0,ok,0.5371647509578544,1.5371647509578543,2007,1305.0,0.08952745849297573,stop,False,28.659473195672035
longbench_v2_qwen3,r_fuzzy,alpha0.25,case_143,0,ok,1.054928517682468,2.054928517682468,8192,3987.0,0.17582141961374467,length,False,97.04443095484748
longbench_v2_qwen3,r_fuzzy,alpha0.25,case_144,0,ok,1.7673083417764268,2.7673083417764266,8192,2961.0,0.29455139029607114,length,False,68.17639291519299
longbench_v2_qwen3,r_fuzzy,alpha0.25,case_145,0,ok,1.3006814310051107,2.3006814310051107,2702,1174.0,0.2167802385008518,stop,False,25.23565406817943
longbench_v2_qwen3,r_fuzzy,alpha0.25,case_146,0,ok,0.9045801526717557,1.9045801526717558,997,524.0,0.15076335877862596,stop,False,11.614770353771746
longbench_v2_qwen3,r_fuzzy,alpha0.25,case_147,0,ok,0.5660847880299252,1.5660847880299253,1255,802.0,0.0943474646716542,stop,False,16.849396959878504
longbench_v2_qwen3,r_fuzzy,alpha0.25,case_148,0,ok,0.6758957654723127,1.6758957654723128,1030,614.0,0.11264929424538545,stop,False,14.293521258048713
longbench_v2_qwen3,r_fuzzy,alpha0.25,case_149,0,ok,0.9592969472710453,1.9592969472710453,6355,3243.0,0.15988282454517422,stop,False,71.4040956790559
longbench_v2_qwen3,r_fuzzy,alpha0.25,case_150,0,ok,1.411764705882353,2.4117647058823533,534,221.0,0.23529411764705882,stop,False,5.693857217673212
longbench_v2_qwen3,spec_casc_opt,alpha0.05,case_001,0,ok,0.43478260869565216,1.434782608695652,1255,874.0,0.07246376811594203,stop,False,17.337275919038802
longbench_v2_qwen3,spec_casc_opt,alpha0.05,case_002,0,ok,0.48027444253859347,1.4802744425385934,862,583.0,0.08004574042309891,stop,False,13.765383542980999
longbench_v2_qwen3,spec_casc_opt,alpha0.05,case_003,0,ok,0.48757763975155277,1.4875776397515528,957,644.0,0.08126293995859213,stop,False,12.480702488217503
longbench_v2_qwen3,spec_casc_opt,alpha0.05,case_004,0,ok,0.9318955732122588,1.931895573212259,1703,881.0,0.1553159288687098,stop,False,14.397601705044508
longbench_v2_qwen3,spec_casc_opt,alpha0.05,case_005,0,ok,1.4883720930232558,2.488372093023256,318,129.0,0.24806201550387597,stop,False,2.535482637118548
longbench_v2_qwen3,spec_casc_opt,alpha0.05,case_006,0,ok,0.609,1.609,3219,2000.0,0.1015,stop,False,33.243363972287625
longbench_v2_qwen3,spec_casc_opt,alpha0.05,case_007,0,ok,0.3258306538049303,1.3258306538049303,1238,933.0,0.054305108967488386,stop,False,19.011361193377525
longbench_v2_qwen3,spec_casc_opt,alpha0.05,case_008,0,ok,4.350751143043762,5.350751143043762,8192,1531.0,0.7251251905072937,length,False,27.001289810054004
longbench_v2_qwen3,spec_casc_opt,alpha0.05,case_009,0,ok,3.8640142517814726,4.864014251781473,8192,1684.0,0.6440023752969121,length,False,28.50474303495139
longbench_v2_qwen3,spec_casc_opt,alpha0.05,case_010,0,ok,0.37041420118343193,1.370414201183432,1159,845.0,0.06173570019723866,stop,False,17.102356092073023
longbench_v2_qwen3,spec_casc_opt,alpha0.05,case_011,0,ok,0.7221438645980254,1.7221438645980254,1222,709.0,0.12035731076633756,stop,False,12.048973212949932
longbench_v2_qwen3,spec_casc_opt,alpha0.05,case_012,0,ok,1.1966133584195673,2.196613358419567,2336,1063.0,0.19943555973659455,stop,False,16.643867758102715
longbench_v2_qwen3,spec_casc_opt,alpha0.05,case_013,0,ok,0.5951612903225807,1.5951612903225807,990,620.0,0.09919354838709678,stop,False,13.096122960094362
longbench_v2_qwen3,spec_casc_opt,alpha0.05,case_014,0,ok,0.9283036551077788,1.9283036551077788,4114,2134.0,0.15471727585129647,stop,False,45.206168848089874
longbench_v2_qwen3,spec_casc_opt,alpha0.05,case_015,0,ok,0.6737176097303015,1.6737176097303015,3166,1891.0,0.11228626828838358,stop,False,42.189328134059906
longbench_v2_qwen3,spec_casc_opt,alpha0.05,case_016,0,ok,1.0366707869798104,2.03667078697981,4941,2427.0,0.1727784644966351,stop,False,51.58842514222488
longbench_v2_qwen3,spec_casc_opt,alpha0.05,case_017,0,ok,0.7681940700808625,1.7681940700808625,657,371.0,0.1280323450134771,stop,False,8.443462177179754
longbench_v2_qwen3,spec_casc_opt,alpha0.05,case_018,0,ok,0.924367088607595,1.924367088607595,6082,3160.0,0.15406118143459915,stop,False,68.00749950809404
longbench_v2_qwen3,spec_casc_opt,alpha0.05,case_019,0,ok,0.8255062473071951,1.825506247307195,4236,2321.0,0.1375843745511992,stop,False,51.56657281005755
longbench_v2_qwen3,spec_casc_opt,alpha0.05,case_020,0,ok,1.671099928109274,2.6710999281092738,7432,2782.0,0.27851665468487896,stop,False,73.41105296323076
longbench_v2_qwen3,spec_casc_opt,alpha0.05,case_021,0,ok,1.2871287128712872,2.2871287128712874,692,303.0,0.2145214521452145,stop,False,7.2929553599096835
longbench_v2_qwen3,spec_casc_opt,alpha0.05,case_022,0,ok,1.239422084623323,2.239422084623323,2171,969.0,0.2065703474372205,stop,False,21.002117591910064
longbench_v2_qwen3,spec_casc_opt,alpha0.05,case_023,0,ok,0.40809968847352024,1.4080996884735202,1809,1284.0,0.0680166147455867,stop,False,31.076431003864855
longbench_v2_qwen3,spec_casc_opt,alpha0.05,case_024,0,ok,1.001,2.001,4003,2000.0,0.16683333333333333,stop,False,43.26474486058578
longbench_v2_qwen3,spec_casc_opt,alpha0.05,case_025,0,ok,4.449468085106383,5.449468085106383,8192,1504.0,0.7415780141843972,length,False,50.491088872775435
longbench_v2_qwen3,spec_casc_opt,alpha0.05,case_026,0,ok,4.132832080200501,5.132832080200501,8192,1596.0,0.6888053467000835,length,False,48.00187964178622
longbench_v2_qwen3,spec_casc_opt,alpha0.05,case_027,0,ok,1.146537842190016,2.146537842190016,1334,621.0,0.19108964036500267,stop,False,13.961712075863034
longbench_v2_qwen3,spec_casc_opt,alpha0.05,case_028,0,ok,3.9207207207207206,4.920720720720721,8192,1665.0,0.6534534534534534,length,False,50.17304202076048
longbench_v2_qwen3,spec_casc_opt,alpha0.05,case_029,0,ok,2.8052685950413223,3.8052685950413223,7366,1936.0,0.46754476584022037,stop,False,48.539306819904596
longbench_v2_qwen3,spec_casc_opt,alpha0.05,case_030,0,ok,2.8986928104575163,3.8986928104575163,1194,306.0,0.4831154684095861,stop,False,9.430227685719728
longbench_v2_qwen3,spec_casc_opt,alpha0.05,case_031,0,ok,0.7056110684089162,1.705611068408916,4439,2602.0,0.11760184473481937,stop,False,61.45950266486034
longbench_v2_qwen3,spec_casc_opt,alpha0.05,case_032,0,ok,0.54,1.54,232,150.0,0.09,stop,False,4.9794997801072896
longbench_v2_qwen3,spec_casc_opt,alpha0.05,case_033,0,ok,5.580722891566265,6.580722891566265,8192,1245.0,0.9301204819277108,length,False,44.81194467097521
longbench_v2_qwen3,spec_casc_opt,alpha0.05,case_034,0,ok,1.02,2.02,1718,850.0,0.17,stop,False,19.30725816404447
longbench_v2_qwen3,spec_casc_opt,alpha0.05,case_035,0,ok,1.1876138433515482,2.1876138433515484,1202,549.0,0.1979356405585914,stop,False,12.703804933931679
longbench_v2_qwen3,spec_casc_opt,alpha0.05,case_036,0,ok,1.7121848739495797,2.71218487394958,1292,476.0,0.2853641456582633,stop,False,11.452389257960021
longbench_v2_qwen3,spec_casc_opt,alpha0.05,case_037,0,ok,1.276470588235294,2.276470588235294,773,340.0,0.21274509803921568,stop,False,8.459092910867184
longbench_v2_qwen3,spec_casc_opt,alpha0.05,case_038,0,ok,0.951467944877172,1.9514679448771721,3256,1669.0,0.158577990812862,stop,False,36.26726704230532
longbench_v2_qwen3,spec_casc_opt,alpha0.05,case_039,0,ok,0.7408906882591093,1.7408906882591093,3009,1729.0,0.12348178137651822,stop,False,37.06316548585892
longbench_v2_qwen3,spec_casc_opt,alpha0.05,case_040,0,ok,0.8748481166464156,1.8748481166464157,1542,823.0,0.14580801944106925,stop,False,18.26325883064419
longbench_v2_qwen3,spec_casc_opt,alpha0.05,case_041,0,ok,0.6510903426791277,1.6510903426791277,1589,963.0,0.10851505711318796,stop,False,23.816117411945015
longbench_v2_qwen3,spec_casc_opt,alpha0.05,case_042,0,ok,0.6731455771519238,1.673145577151924,4217,2521.0,0.11219092952532064,stop,False,55.628082488663495
longbench_v2_qwen3,spec_casc_opt,alpha0.05,case_043,0,ok,1.2784645413142486,2.2784645413142486,3503,1537.0,0.21307742355237475,stop,False,33.28333134902641
longbench_v2_qwen3,spec_casc_opt,alpha0.05,case_044,0,ok,2.807620817843866,3.807620817843866,8192,2152.0,0.4679368029739777,length,False,61.91958463191986
longbench_v2_qwen3,spec_casc_opt,alpha0.05,case_045,0,ok,3.917056074766355,4.917056074766355,4208,856.0,0.6528426791277259,stop,False,28.943131985142827
longbench_v2_qwen3,spec_casc_opt,alpha0.05,case_046,0,ok,0.2899610136452242,1.2899610136452242,2648,2052.0,0.04832683560753736,stop,False,47.47001302894205
longbench_v2_qwen3,spec_casc_opt,alpha0.05,case_047,0,ok,2.7557286892758937,3.7557286892758937,8192,2182.0,0.4592881148793156,length,False,58.36457562632859
longbench_v2_qwen3,spec_casc_opt,alpha0.05,case_048,0,ok,0.6108452950558214,1.6108452950558214,1010,627.0,0.10180754917597022,stop,False,14.332870090845972
longbench_v2_qwen3,spec_casc_opt,alpha0.05,case_049,0,ok,0.69375,1.69375,1896,1120.0,0.115625,stop,False,26.55366100696847
longbench_v2_qwen3,spec_casc_opt,alpha0.05,case_050,0,ok,1.1394765148798853,2.1394765148798855,5965,2789.0,0.18991275247998088,stop,False,60.655905414838344
longbench_v2_qwen3,spec_casc_opt,alpha0.05,case_051,0,ok,3.586226203807391,4.58622620380739,8192,1786.0,0.5977043673012318,length,False,54.92540394188836
longbench_v2_qwen3,spec_casc_opt,alpha0.05,case_052,0,ok,0.3926605504587156,1.3926605504587157,760,545.0,0.0654434250764526,stop,False,15.70196881191805
longbench_v2_qwen3,spec_casc_opt,alpha0.05,case_053,0,ok,0.611597374179431,1.6115973741794312,1473,914.0,0.10193289569657185,stop,False,20.2200447502546
longbench_v2_qwen3,spec_casc_opt,alpha0.05,case_054,0,ok,1.1793570219966159,2.1793570219966156,1289,591.0,0.19655950366610264,stop,False,13.837154212873429
longbench_v2_qwen3,spec_casc_opt,alpha0.05,case_055,0,ok,0.6966764829617165,1.6966764829617165,8067,4754.0,0.11611274716028608,stop,False,100.45806021708995
longbench_v2_qwen3,spec_casc_opt,alpha0.05,case_056,0,ok,1.5734265734265733,2.5734265734265733,737,286.0,0.26223776223776224,stop,False,7.133569349069148
longbench_v2_qwen3,spec_casc_opt,alpha0.05,case_057,0,ok,0.7152777777777778,1.7152777777777777,2471,1440.0,0.11921296296296297,stop,False,31.182727311737835
longbench_v2_qwen3,spec_casc_opt,alpha0.05,case_058,0,ok,3.798594847775176,4.798594847775176,8192,1708.0,0.6330991412958626,length,False,50.07173183793202
longbench_v2_qwen3,spec_casc_opt,alpha0.05,case_059,0,ok,0.775175644028103,1.775175644028103,757,427.0,0.1291959406713505,stop,False,9.883993829134852
longbench_v2_qwen3,spec_casc_opt,alpha0.05,case_060,0,ok,0.5797995373939862,1.5797995373939862,2050,1297.0,0.09663325623233102,stop,False,28.818221711087972
longbench_v2_qwen3,spec_casc_opt,alpha0.05,case_061,0,ok,1.68,2.6799999999999997,1004,375.0,0.28,stop,False,8.868322659749538
longbench_v2_qwen3,spec_casc_opt,alpha0.05,case_062,0,ok,0.7466266866566716,1.7466266866566715,1166,667.0,0.12443778110944528,stop,False,17.2010108102113
longbench_v2_qwen3,spec_casc_opt,alpha0.05,case_063,0,ok,1.0062565172054223,2.006256517205422,1925,959.0,0.16770941953423704,stop,False,20.680891456082463
longbench_v2_qwen3,spec_casc_opt,alpha0.05,case_064,0,ok,0.9470672389127325,1.9470672389127324,1360,699.0,0.15784453981878874,stop,False,15.468247559387237
longbench_v2_qwen3,spec_casc_opt,alpha0.05,case_065,0,ok,0.8573127229488704,1.8573127229488704,1561,841.0,0.14288545382481174,stop,False,17.95151422219351
longbench_v2_qwen3,spec_casc_opt,alpha0.05,case_066,0,ok,0.9723032069970845,1.9723032069970845,1351,686.0,0.1620505344995141,stop,False,14.74844181817025
longbench_v2_qwen3,spec_casc_opt,alpha0.05,case_067,0,ok,4.22640306122449,5.22640306122449,8192,1568.0,0.7044005102040817,length,False,49.065748082939535
longbench_v2_qwen3,spec_casc_opt,alpha0.05,case_068,0,ok,0.9761549925484352,1.9761549925484352,2652,1342.0,0.16269249875807254,stop,False,30.351993364747614
longbench_v2_qwen3,spec_casc_opt,alpha0.05,case_069,0,ok,0.5394144144144144,1.5394144144144144,2735,1776.0,0.08990240240240241,stop,False,40.43589411722496
longbench_v2_qwen3,spec_casc_opt,alpha0.05,case_070,0,ok,0.9234567901234568,1.9234567901234567,2338,1215.0,0.15390946502057612,stop,False,26.23007726436481
longbench_v2_qwen3,spec_casc_opt,alpha0.05,case_071,0,ok,0.6957142857142857,1.6957142857142857,2375,1400.0,0.11595238095238095,stop,False,30.767692590132356
longbench_v2_qwen3,spec_casc_opt,alpha0.05,case_072,0,ok,4.919797687861272,5.919797687861272,8192,1384.0,0.819966281310212,length,False,46.55751862376928
longbench_v2_qwen3,spec_casc_opt,alpha0.05,case_073,0,ok,0.48169014084507045,1.4816901408450704,2631,1775.0,0.08028169014084507,stop,False,39.64485145593062
longbench_v2_qwen3,spec_casc_opt,alpha0.05,case_074,0,ok,4.431411530815109,5.431411530815109,8192,1509.0,0.7385685884691849,length,False,52.2953807474114
longbench_v2_qwen3,spec_casc_opt,alpha0.05,case_075,0,ok,0.4893867924528302,1.4893867924528301,1262,848.0,0.08156446540880503,stop,False,21.012933623977005
longbench_v2_qwen3,spec_casc_opt,alpha0.05,case_076,0,ok,0.9805352798053528,1.9805352798053528,1629,822.0,0.16342254663422548,stop,False,18.25560973305255
longbench_v2_qwen3,spec_casc_opt,alpha0.05,case_077,0,ok,0.4163907284768212,1.4163907284768211,1712,1208.0,0.06939845474613686,stop,False,29.052110119257122
longbench_v2_qwen3,spec_casc_opt,alpha0.05,case_078,0,ok,0.3832658569500675,1.3832658569500675,1026,741.0,0.06387764282501125,stop,False,17.97327032405883
longbench_v2_qwen3,spec_casc_opt,alpha0.05,case_079,0,ok,0.41960183767228176,1.4196018376722819,928,653.0,0.06993363961204696,stop,False,15.390696963761002
longbench_v2_qwen3,spec_casc_opt,alpha0.05,case_080,0,ok,0.7697431018078021,1.7697431018078023,1861,1051.0,0.128290516967967,stop,False,23.58686939580366
longbench_v2_qwen3,spec_casc_opt,alpha0.05,case_081,0,ok,0.869031377899045,1.869031377899045,1371,733.0,0.14483856298317416,stop,False,16.330042746849358
longbench_v2_qwen3,spec_casc_opt,alpha0.05,case_082,0,ok,0.5307017543859649,1.530701754385965,697,456.0,0.08845029239766082,stop,False,11.252751138992608
longbench_v2_qwen3,spec_casc_opt,alpha0.05,case_083,0,ok,1.791293977340489,2.791293977340489,4682,1677.0,0.29854899622341485,stop,False,38.752719287760556
longbench_v2_qwen3,spec_casc_opt,alpha0.05,case_084,0,ok,0.8520559559135227,1.8520559559135226,4368,2359.0,0.1420093259855871,stop,False,51.68555910512805
longbench_v2_qwen3,spec_casc_opt,alpha0.05,case_085,0,ok,0.7780373831775701,1.77803738317757,1523,856.0,0.12967289719626168,stop,False,18.67565055191517
longbench_v2_qwen3,spec_casc_opt,alpha0.05,case_086,0,ok,0.6666666666666666,1.6666666666666665,856,513.0,0.1111111111111111,stop,False,12.175615882966667
longbench_v2_qwen3,spec_casc_opt,alpha0.05,case_087,0,ok,3.476502732240437,4.476502732240437,8192,1830.0,0.5794171220400729,length,False,50.664074616041034
longbench_v2_qwen3,spec_casc_opt,alpha0.05,case_088,0,ok,3.601685393258427,4.6016853932584265,8192,1780.0,0.6002808988764045,length,False,54.14163741283119
longbench_v2_qwen3,spec_casc_opt,alpha0.05,case_089,0,ok,1.459727841118058,2.459727841118058,6685,2719.0,0.24328797351967635,stop,False,61.434306629002094
longbench_v2_qwen3,spec_casc_opt,alpha0.05,case_090,0,ok,0.5408496732026143,1.5408496732026142,944,612.0,0.09014161220043573,stop,False,14.744364288635552
longbench_v2_qwen3,spec_casc_opt,alpha0.05,case_091,0,ok,4.073065015479876,5.073065015479876,8192,1615.0,0.678844169246646,length,False,49.128444970119745
longbench_v2_qwen3,spec_casc_opt,alpha0.05,case_092,0,ok,0.4266770670826833,1.4266770670826834,1830,1282.0,0.07111284451378055,stop,False,28.66815236909315
longbench_v2_qwen3,spec_casc_opt,alpha0.05,case_093,0,ok,0.7931392931392931,1.793139293139293,1724,962.0,0.1321898821898822,stop,False,21.13315541483462
longbench_v2_qwen3,spec_casc_opt,alpha0.05,case_094,0,ok,0.2774018944519621,1.277401894451962,945,739.0,0.04623364907532702,stop,False,19.387243539094925
longbench_v2_qwen3,spec_casc_opt,alpha0.05,case_095,0,ok,0.48509485094850946,1.4850948509485096,1097,738.0,0.08084914182475159,stop,False,19.119960058946162
longbench_v2_qwen3,spec_casc_opt,alpha0.05,case_096,0,ok,2.2799325463743676,3.2799325463743676,1943,593.0,0.37998875772906127,stop,False,15.465667237062007
longbench_v2_qwen3,spec_casc_opt,alpha0.05,case_097,0,ok,0.8494188984335523,1.8494188984335524,3661,1979.0,0.14156981640559205,stop,False,42.56891827844083
longbench_v2_qwen3,spec_casc_opt,alpha0.05,case_098,0,ok,0.6893580353295993,1.6893580353295992,3922,2321.0,0.11489300588826655,stop,False,50.73991222074255
longbench_v2_qwen3,spec_casc_opt,alpha0.05,case_099,0,ok,0.7833876221498371,1.7833876221498373,2191,1228.0,0.13056460369163952,stop,False,27.165264905896038
longbench_v2_qwen3,spec_casc_opt,alpha0.05,case_100,0,ok,4.148962916404777,5.148962916404777,8192,1591.0,0.6914938194007961,length,False,49.39451657934114
longbench_v2_qwen3,spec_casc_opt,alpha0.05,case_101,0,ok,1.0262181548355183,2.0262181548355183,8192,4043.0,0.17103635913925302,length,False,90.65436829207465
longbench_v2_qwen3,spec_casc_opt,alpha0.05,case_102,0,ok,1.125448028673835,2.1254480286738353,593,279.0,0.1875746714456392,stop,False,6.840128942858428
longbench_v2_qwen3,spec_casc_opt,alpha0.05,case_103,0,ok,0.8688172043010752,1.8688172043010751,1737,930.0,0.14480286738351256,stop,False,19.732139518950135
longbench_v2_qwen3,spec_casc_opt,alpha0.05,case_104,0,ok,0.8413379073756432,1.8413379073756433,2148,1166.0,0.1402229845626072,stop,False,25.046464009210467
longbench_v2_qwen3,spec_casc_opt,alpha0.05,case_105,0,ok,1.1354510038957146,2.1354510038957146,7127,3337.0,0.18924183398261912,stop,False,72.74189587123692
longbench_v2_qwen3,spec_casc_opt,alpha0.05,case_106,0,ok,1.0444111776447105,2.0444111776447107,8192,4008.0,0.17406852960745176,length,False,89.00858181715012
longbench_v2_qwen3,spec_casc_opt,alpha0.05,case_107,0,ok,0.6556701030927835,1.6556701030927834,1607,970.0,0.10927835051546392,stop,False,22.993153884075582
longbench_v2_qwen3,spec_casc_opt,alpha0.05,case_108,0,ok,1.388101983002833,2.3881019830028327,843,353.0,0.23135033050047216,stop,False,12.897098924964666
longbench_v2_qwen3,spec_casc_opt,alpha0.05,case_109,0,ok,3.9492447129909367,4.949244712990937,8192,1655.0,0.6582074521651561,length,False,53.666523397900164
longbench_v2_qwen3,spec_casc_opt,alpha0.05,case_110,0,ok,0.8910761154855643,1.8910761154855642,5765,3048.0,0.14851268591426073,stop,False,66.99150676606223
longbench_v2_qwen3,spec_casc_opt,alpha0.05,case_111,0,ok,1.7230718085106382,2.723071808510638,8192,3008.0,0.2871786347517731,length,False,75.78300697123632
longbench_v2_qwen3,spec_casc_opt,alpha0.05,case_112,0,ok,0.5482926829268293,1.5482926829268293,1588,1025.0,0.09138211382113821,stop,False,22.856303791049868
longbench_v2_qwen3,spec_casc_opt,alpha0.05,case_113,0,ok,0.7035881435257411,1.703588143525741,1092,641.0,0.11726469058762351,stop,False,13.778768804855645
longbench_v2_qwen3,spec_casc_opt,alpha0.05,case_114,0,ok,0.7069271758436945,1.7069271758436946,960,563.0,0.11782119597394908,stop,False,13.417302057147026
longbench_v2_qwen3,spec_casc_opt,alpha0.05,case_115,0,ok,0.6810035842293907,1.6810035842293907,939,558.0,0.1135005973715651,stop,False,12.60733154322952
longbench_v2_qwen3,spec_casc_opt,alpha0.05,case_116,0,ok,1.2097345132743362,2.209734513274336,7489,3390.0,0.20162241887905605,stop,False,72.11120111076161
longbench_v2_qwen3,spec_casc_opt,alpha0.05,case_117,0,ok,0.5163120567375886,1.5163120567375885,1068,705.0,0.08605200945626477,stop,False,17.294202148914337
longbench_v2_qwen3,spec_casc_opt,alpha0.05,case_118,0,ok,1.9552957359009628,2.955295735900963,4298,1454.0,0.3258826226501605,stop,False,33.73785792058334
longbench_v2_qwen3,spec_casc_opt,alpha0.05,case_119,0,ok,0.6341948310139165,1.6341948310139165,823,503.0,0.10569913850231942,stop,False,11.703735681250691
longbench_v2_qwen3,spec_casc_opt,alpha0.05,case_120,0,ok,0.46319365798414497,1.463193657984145,1293,883.0,0.0771989429973575,stop,False,22.240355452988297
longbench_v2_qwen3,spec_casc_opt,alpha0.05,case_121,0,ok,0.7598371777476255,1.7598371777476256,2595,1474.0,0.12663952962460426,stop,False,32.6786386910826
longbench_v2_qwen3,spec_casc_opt,alpha0.05,case_122,0,ok,0.4236453201970443,1.4236453201970443,2891,2030.0,0.07060755336617405,stop,False,47.73374449601397
longbench_v2_qwen3,spec_casc_opt,alpha0.05,case_123,0,ok,1.0161054172767203,2.0161054172767203,1375,683.0,0.1693509028794534,stop,False,15.1290451628156
longbench_v2_qwen3,spec_casc_opt,alpha0.05,case_124,0,ok,1.1674774148714384,2.1674774148714384,3120,1439.0,0.19457956914523974,stop,False,31.201119020115584
longbench_v2_qwen3,spec_casc_opt,alpha0.05,case_125,0,ok,0.7121478873239436,1.7121478873239435,1944,1136.0,0.11869131455399061,stop,False,25.406779374927282
longbench_v2_qwen3,spec_casc_opt,alpha0.05,case_126,0,ok,0.9021739130434783,1.9021739130434783,1576,828.0,0.1503623188405797,stop,False,19.852388535626233
longbench_v2_qwen3,spec_casc_opt,alpha0.05,case_127,0,ok,0.6848281642917016,1.6848281642917016,2011,1193.0,0.11413802738195027,stop,False,27.416949174832553
longbench_v2_qwen3,spec_casc_opt,alpha0.05,case_128,0,ok,0.5455399061032864,1.5455399061032864,1644,1065.0,0.09092331768388107,stop,False,26.019530668854713
longbench_v2_qwen3,spec_casc_opt,alpha0.05,case_129,0,ok,0.5215336134453782,1.5215336134453783,5794,3808.0,0.08692226890756302,stop,False,82.62248983606696
longbench_v2_qwen3,spec_casc_opt,alpha0.05,case_130,0,ok,0.8482051282051282,1.8482051282051282,1803,975.0,0.14136752136752137,stop,False,21.205598413012922
longbench_v2_qwen3,spec_casc_opt,alpha0.05,case_131,0,ok,4.702157272094642,5.702157272094642,8192,1437.0,0.7836928786824403,length,False,45.84806240303442
longbench_v2_qwen3,spec_casc_opt,alpha0.05,case_132,0,ok,0.5328185328185329,1.5328185328185329,397,259.0,0.0888030888030888,stop,False,8.133110750932246
longbench_v2_qwen3,spec_casc_opt,alpha0.05,case_133,0,ok,0.5531739488870568,1.5531739488870568,1882,1213.0,0.09219565814784281,stop,False,27.17606222908944
longbench_v2_qwen3,spec_casc_opt,alpha0.05,case_134,0,ok,1.2333994053518336,2.2333994053518333,4508,2018.0,0.20556656755863892,stop,False,42.92095611989498
longbench_v2_qwen3,spec_casc_opt,alpha0.05,case_135,0,ok,1.0383179895496393,2.0383179895496393,8192,4019.0,0.1730529982582732,length,False,87.0708847399801
longbench_v2_qwen3,spec_casc_opt,alpha0.05,case_136,0,ok,0.5275288092189501,1.52752880921895,3580,2343.0,0.08792146820315834,stop,False,55.75695200217888
longbench_v2_qwen3,spec_casc_opt,alpha0.05,case_137,0,ok,0.7540342298288508,1.754034229828851,3588,2045.0,0.12567237163814182,stop,False,43.96609699586406
longbench_v2_qwen3,spec_casc_opt,alpha0.05,case_138,0,ok,0.5880733944954128,1.5880733944954128,1732,1090.0,0.09801223241590214,stop,False,25.675995574798435
longbench_v2_qwen3,spec_casc_opt,alpha0.05,case_139,0,ok,0.6011056772273017,1.6011056772273018,7531,4703.0,0.10018427953788361,stop,False,109.54465083032846
longbench_v2_qwen3,spec_casc_opt,alpha0.05,case_140,0,ok,1.021087680355161,2.021087680355161,3641,1802.0,0.1701812800591935,stop,False,39.98305644933134
longbench_v2_qwen3,spec_casc_opt,alpha0.05,case_141,0,ok,1.1500465983224604,2.1500465983224606,2308,1073.0,0.1916744330537434,stop,False,23.679202934727073
longbench_v2_qwen3,spec_casc_opt,alpha0.05,case_142,0,ok,0.5127627627627628,1.5127627627627627,2014,1332.0,0.08546046046046046,stop,False,29.153103747870773
longbench_v2_qwen3,spec_casc_opt,alpha0.05,case_143,0,ok,5.449606299212598,6.449606299212598,8192,1270.0,0.908267716535433,length,False,47.080132559873164
longbench_v2_qwen3,spec_casc_opt,alpha0.05,case_144,0,ok,1.7054161162483488,2.7054161162483488,8192,3028.0,0.2842360193747248,length,False,69.32459302991629
longbench_v2_qwen3,spec_casc_opt,alpha0.05,case_145,0,ok,1.0941811637672465,2.0941811637672467,3492,1667.0,0.18236352729454108,stop,False,35.09137388272211
longbench_v2_qwen3,spec_casc_opt,alpha0.05,case_146,0,ok,0.6713286713286714,1.6713286713286712,240,143.0,0.11188811188811189,stop,False,3.7047885260544717
longbench_v2_qwen3,spec_casc_opt,alpha0.05,case_147,0,ok,0.7656090071647902,1.76560900716479,1724,977.0,0.1276015011941317,stop,False,21.064416028093547
longbench_v2_qwen3,spec_casc_opt,alpha0.05,case_148,0,ok,0.5798969072164949,1.579896907216495,614,388.0,0.09664948453608248,stop,False,9.600854461081326
longbench_v2_qwen3,spec_casc_opt,alpha0.05,case_149,0,ok,0.8747228381374723,1.8747228381374723,3381,1804.0,0.1457871396895787,stop,False,39.788567575160414
longbench_v2_qwen3,spec_casc_opt,alpha0.05,case_150,0,ok,1.4439461883408071,2.4439461883408073,544,223.0,0.2406576980568012,stop,False,5.793470865115523
longbench_v2_qwen3,spec_casc_opt,alphaneg0.02,case_001,0,ok,0.4149286498353458,1.4149286498353457,1288,911.0,0.06915477497255763,stop,False,17.959374772850424
longbench_v2_qwen3,spec_casc_opt,alphaneg0.02,case_002,0,ok,0.4613259668508287,1.4613259668508287,1056,724.0,0.07688766114180479,stop,False,16.24256083369255
longbench_v2_qwen3,spec_casc_opt,alphaneg0.02,case_003,0,ok,0.3766025641025641,1.376602564102564,860,624.0,0.06276709401709402,stop,False,12.154394997283816
longbench_v2_qwen3,spec_casc_opt,alphaneg0.1,case_001,0,ok,0.3827930174563591,1.382793017456359,1110,802.0,0.06379883624272652,stop,False,16.090576304122806
longbench_v2_qwen3,spec_casc_opt,alphaneg0.1,case_002,0,ok,0.37727272727272726,1.3772727272727272,908,660.0,0.06287878787878788,stop,False,15.100995003245771
longbench_v2_qwen3,spec_casc_opt,alphaneg0.1,case_003,0,ok,0.3696763202725724,1.3696763202725724,804,587.0,0.06161272004542873,stop,False,11.551940775010735
longbench_v2_qwen3,spec_casc_opt,alphaneg0.3,case_001,0,ok,0.42658959537572255,1.4265895953757226,1235,865.0,0.07109826589595376,stop,False,17.171566694043577
longbench_v2_qwen3,spec_casc_opt,alphaneg0.3,case_002,0,ok,0.3812785388127854,1.3812785388127855,1209,876.0,0.06354642313546423,stop,False,18.900661119725555
longbench_v2_qwen3,spec_casc_opt,alphaneg0.3,case_003,0,ok,0.42112299465240643,1.4211229946524064,1064,748.0,0.07018716577540107,stop,False,14.173048273194581
longbench_v2_qwen3,spec_casc_opt,alphaneg0.3,case_004,0,ok,0.8275862068965517,1.8275862068965516,1589,870.0,0.13793103448275862,stop,False,14.25785717787221
longbench_v2_qwen3,spec_casc_opt,alphaneg0.3,case_005,0,ok,1.1137254901960785,2.1137254901960785,2155,1020.0,0.18562091503267975,stop,False,15.520965178031474
longbench_v2_qwen3,spec_casc_opt,alphaneg0.3,case_006,0,ok,0.5259100642398287,1.5259100642398287,3562,2335.0,0.08765167737330479,stop,False,38.57575459033251
longbench_v2_qwen3,spec_casc_opt,alphaneg0.3,case_007,0,ok,0.29265255292652553,1.2926525529265256,1036,803.0,0.04877542548775426,stop,False,16.773975775577128
longbench_v2_qwen3,spec_casc_opt,alphaneg0.3,case_008,0,ok,1.7980625931445604,2.7980625931445604,3756,1342.0,0.2996770988574267,stop,False,23.634042636025697
longbench_v2_qwen3,spec_casc_opt,alphaneg0.3,case_009,0,ok,1.5087289433384379,2.508728943338438,8192,3265.0,0.25145482388973966,length,False,53.841536002233624
longbench_v2_qwen3,spec_casc_opt,alphaneg0.3,case_010,0,ok,0.40609137055837563,1.4060913705583755,2217,1576.0,0.0676818950930626,stop,False,29.499278656207025
longbench_v2_qwen3,spec_casc_opt,alphaneg0.3,case_011,0,ok,0.6292798110979929,1.629279811097993,1381,847.0,0.10487996851633215,stop,False,14.183549131732434
longbench_v2_qwen3,spec_casc_opt,alphaneg0.3,case_012,0,ok,1.0865771812080538,2.086577181208054,3108,1490.0,0.18109619686800896,stop,False,23.04622173216194
longbench_v2_qwen3,spec_casc_opt,alphaneg0.3,case_013,0,ok,0.5189620758483033,1.5189620758483033,760,501.0,0.08649367930805056,stop,False,10.618029102217406
longbench_v2_qwen3,spec_casc_opt,alphaneg0.3,case_014,0,ok,0.8281341965862272,1.8281341965862272,3105,1699.0,0.13802236609770452,stop,False,35.874039920046926
longbench_v2_qwen3,spec_casc_opt,alphaneg0.3,case_015,0,ok,0.48500428449014565,1.4850042844901457,3467,2334.0,0.08083404741502428,stop,False,50.26099270582199
longbench_v2_qwen3,spec_casc_opt,alphaneg0.3,case_016,0,ok,0.8335278101905873,1.8335278101905872,4713,2571.0,0.13892130169843123,stop,False,53.52321291388944
longbench_v2_qwen3,spec_casc_opt,alphaneg0.3,case_017,0,ok,0.6770025839793282,1.6770025839793283,650,387.0,0.11283376399655469,stop,False,8.746220652014017
longbench_v2_qwen3,spec_casc_opt,alphaneg0.3,case_018,0,ok,0.8592274678111588,1.8592274678111589,6499,3495.0,0.14320457796852645,stop,False,73.99788100505248
longbench_v2_qwen3,spec_casc_opt,alphaneg0.3,case_019,0,ok,0.6112909025530385,1.6112909025530384,4482,2781.0,0.10188181709217307,stop,False,59.86517569422722
longbench_v2_qwen3,spec_casc_opt,alphaneg0.3,case_020,0,ok,0.3750860289057123,1.3750860289057123,1999,1453.0,0.06251433815095206,stop,False,35.254022324923426
longbench_v2_qwen3,spec_casc_opt,alphaneg0.3,case_021,0,ok,0.7197986577181208,1.7197986577181208,1024,596.0,0.11996644295302013,stop,False,12.670196454040706
longbench_v2_qwen3,spec_casc_opt,alphaneg0.3,case_022,0,ok,4.060531192093885,5.060531192093885,8192,1619.0,0.6767551986823142,length,False,46.603249032981694
longbench_v2_qwen3,spec_casc_opt,alphaneg0.3,case_023,0,ok,0.3890249877511024,1.3890249877511023,2836,2041.0,0.06483749795851707,stop,False,47.462708653882146
longbench_v2_qwen3,spec_casc_opt,alphaneg0.3,case_024,0,ok,0.8570066730219257,1.8570066730219257,3895,2098.0,0.14283444550365426,stop,False,44.46682552294806
longbench_v2_qwen3,spec_casc_opt,alphaneg0.3,case_025,0,ok,3.120663650075415,4.120663650075414,8192,1989.0,0.5201106083459025,length,False,60.55186884012073
longbench_v2_qwen3,spec_casc_opt,alphaneg0.3,case_026,0,ok,1.4669576059850373,2.466957605985037,3958,1604.0,0.24449293433083957,stop,False,38.123530336190015
longbench_v2_qwen3,spec_casc_opt,alphaneg0.3,case_027,0,ok,0.9668674698795181,1.966867469879518,1305,664.0,0.16114457831325302,stop,False,14.590500936843455
longbench_v2_qwen3,spec_casc_opt,alphaneg0.3,case_028,0,ok,1.710334788937409,2.710334788937409,3725,1374.0,0.28505579815623483,stop,False,33.445244749076664
longbench_v2_qwen3,spec_casc_opt,alphaneg0.3,case_029,0,ok,0.9206703910614525,1.9206703910614524,5158,2685.0,0.15344506517690876,stop,False,54.62705166172236
longbench_v2_qwen3,spec_casc_opt,alphaneg0.3,case_030,0,ok,1.5331838565022422,2.533183856502242,5650,2230.0,0.2555306427503737,stop,False,52.82660641800612
longbench_v2_qwen3,spec_casc_opt,alphaneg0.3,case_031,0,ok,0.30360205831903947,1.3036020583190395,3801,2915.0,0.05060034305317324,stop,False,65.11973545979708
longbench_v2_qwen3,spec_casc_opt,alphaneg0.3,case_032,0,ok,0.5647149460708782,1.5647149460708782,2032,1298.0,0.09411915767847971,stop,False,28.89452360989526
longbench_v2_qwen3,spec_casc_opt,alphaneg0.3,case_033,0,ok,1.5971534653465347,2.5971534653465347,4198,1616.0,0.26619224422442245,stop,False,40.49548950139433
longbench_v2_qwen3,spec_casc_opt,alphaneg0.3,case_034,0,ok,0.8554778554778555,1.8554778554778555,1591,858.0,0.1425796425796426,stop,False,18.93068009801209
longbench_v2_qwen3,spec_casc_opt,alphaneg0.3,case_035,0,ok,0.9044444444444445,1.9044444444444446,3427,1800.0,0.15074074074074073,stop,False,38.10907858796418
longbench_v2_qwen3,spec_casc_opt,alphaneg0.3,case_036,0,ok,1.3035087719298246,2.303508771929825,3940,1710.0,0.21725146198830408,stop,False,37.13345094118267
longbench_v2_qwen3,spec_casc_opt,alphaneg0.3,case_037,0,ok,0.943227899432279,1.9432278994322791,2397,1233.0,0.15720464990537983,stop,False,26.689047408290207
longbench_v2_qwen3,spec_casc_opt,alphaneg0.3,case_038,0,ok,0.7837837837837838,1.7837837837837838,2773,1554.0,0.13063063063063063,stop,False,32.98157662898302
longbench_v2_qwen3,spec_casc_opt,alphaneg0.3,case_039,0,ok,0.6677886233591384,1.6677886233591384,4954,2971.0,0.11129810389318973,stop,False,62.40089182695374
longbench_v2_qwen3,spec_casc_opt,alphaneg0.3,case_040,0,ok,0.6694214876033058,1.6694214876033058,1413,847.0,0.1115702479338843,stop,False,18.232039976399392
longbench_v2_qwen3,spec_casc_opt,alphaneg0.3,case_041,0,ok,0.527736131934033,1.527736131934033,2039,1334.0,0.0879560219890055,stop,False,31.351963764056563
longbench_v2_qwen3,spec_casc_opt,alphaneg0.3,case_042,0,ok,0.6268221574344023,1.6268221574344022,2233,1372.0,0.10447035957240039,stop,False,30.425766109954566
longbench_v2_qwen3,spec_casc_opt,alphaneg0.3,case_043,0,ok,1.1230832987981765,2.1230832987981767,5124,2413.0,0.1871805497996961,stop,False,51.21491034887731
longbench_v2_qwen3,spec_casc_opt,alphaneg0.3,case_044,0,ok,0.33629893238434166,1.3362989323843417,4507,3372.0,0.05604982206405694,stop,False,74.86024980992079
longbench_v2_qwen3,spec_casc_opt,alphaneg0.3,case_045,0,ok,0.9398531849396163,1.9398531849396163,8192,4223.0,0.15664219748993607,length,False,100.32795708067715
longbench_v2_qwen3,spec_casc_opt,alphaneg0.3,case_046,0,ok,0.24633431085043989,1.2463343108504399,1701,1364.0,0.04105571847507331,stop,False,32.41211122227833
longbench_v2_qwen3,spec_casc_opt,alphaneg0.3,case_047,0,ok,0.744945567651633,1.744945567651633,2245,1286.0,0.1241575946086055,stop,False,28.69299998693168
longbench_v2_qwen3,spec_casc_opt,alphaneg0.3,case_048,0,ok,0.47619047619047616,1.4761904761904763,1179,798.0,0.07936507936507936,stop,False,17.6443921928294
longbench_v2_qwen3,spec_casc_opt,alphaneg0.3,case_049,0,ok,0.5997150997150997,1.5997150997150997,2244,1404.0,0.09995251661918328,stop,False,32.326438951771706
longbench_v2_qwen3,spec_casc_opt,alphaneg0.3,case_050,0,ok,1.0602678571428572,2.060267857142857,6460,3136.0,0.17671130952380953,stop,False,67.232192883268
longbench_v2_qwen3,spec_casc_opt,alphaneg0.3,case_051,0,ok,1.081541218637993,2.0815412186379927,2324,1116.0,0.18025686977299882,stop,False,28.411393410060555
longbench_v2_qwen3,spec_casc_opt,alphaneg0.3,case_052,0,ok,0.33088235294117646,1.3308823529411764,1630,1224.0,0.05514705882352941,stop,False,30.601226405240595
longbench_v2_qwen3,spec_casc_opt,alphaneg0.3,case_053,0,ok,0.5288184438040345,1.5288184438040346,1062,694.0,0.08813640730067243,stop,False,15.635908362921327
longbench_v2_qwen3,spec_casc_opt,alphaneg0.3,case_054,0,ok,1.035593220338983,2.035593220338983,1199,590.0,0.17259887005649718,stop,False,13.836341065354645
longbench_v2_qwen3,spec_casc_opt,alphaneg0.3,case_055,0,ok,0.6644182124789207,1.6644182124789206,4934,2965.0,0.11073636874648679,stop,False,62.89523414708674
longbench_v2_qwen3,spec_casc_opt,alphaneg0.3,case_056,0,ok,0.8383720930232558,1.8383720930232559,1580,860.0,0.13972868217054263,stop,False,18.361295285634696
longbench_v2_qwen3,spec_casc_opt,alphaneg0.3,case_057,0,ok,0.7199367088607594,1.7199367088607596,1088,632.0,0.11998945147679325,stop,False,14.58672219561413
longbench_v2_qwen3,spec_casc_opt,alphaneg0.3,case_058,0,ok,1.6643646408839778,2.664364640883978,1930,724.0,0.27739410681399634,stop,False,18.497061076108366
longbench_v2_qwen3,spec_casc_opt,alphaneg0.3,case_059,0,ok,0.7800490596892886,1.7800490596892886,2178,1223.0,0.13000817661488143,stop,False,26.393568878993392
longbench_v2_qwen3,spec_casc_opt,alphaneg0.3,case_060,0,ok,0.5586049170954831,1.558604917095483,2727,1749.0,0.09310081951591385,stop,False,38.168787960894406
longbench_v2_qwen3,spec_casc_opt,alphaneg0.3,case_061,0,ok,0.9096477794793262,1.909647779479326,2495,1306.0,0.15160796324655437,stop,False,26.9909190768376
longbench_v2_qwen3,spec_casc_opt,alphaneg0.3,case_062,0,ok,0.7234782608695652,1.7234782608695651,992,575.0,0.12057971014492753,stop,False,15.279377625323832
longbench_v2_qwen3,spec_casc_opt,alphaneg0.3,case_063,0,ok,0.8287703016241299,1.82877030162413,7881,4310.0,0.13812838360402166,stop,False,89.99713487690315
longbench_v2_qwen3,spec_casc_opt,alphaneg0.3,case_064,0,ok,0.8247422680412371,1.824742268041237,884,485.0,0.13745704467353953,stop,False,10.957163013983518
longbench_v2_qwen3,spec_casc_opt,alphaneg0.3,case_065,0,ok,0.7606177606177607,1.7606177606177607,1825,1036.0,0.12676962676962678,stop,False,21.697077919263393
longbench_v2_qwen3,spec_casc_opt,alphaneg0.3,case_066,0,ok,0.753004005340454,1.753004005340454,1311,749.0,0.12550066755674233,stop,False,15.611703440081328
longbench_v2_qwen3,spec_casc_opt,alphaneg0.3,case_067,0,ok,1.4045929018789145,2.4045929018789147,5760,2395.0,0.23409881697981907,stop,False,56.607989905867726
longbench_v2_qwen3,spec_casc_opt,alphaneg0.3,case_068,0,ok,0.8622112211221122,1.8622112211221122,2258,1212.0,0.14370187018701872,stop,False,27.643250606022775
longbench_v2_qwen3,spec_casc_opt,alphaneg0.3,case_069,0,ok,0.43208828522920206,1.432088285229202,1688,1178.0,0.072014714204867,stop,False,26.213592319749296
longbench_v2_qwen3,spec_casc_opt,alphaneg0.3,case_070,0,ok,0.9206989247311828,1.9206989247311828,1428,744.0,0.15344982078853048,stop,False,16.507006325758994
longbench_v2_qwen3,spec_casc_opt,alphaneg0.3,case_071,0,ok,0.5890237733940313,1.5890237733940313,6282,3954.0,0.09817062889900523,stop,False,83.38729587011039
longbench_v2_qwen3,spec_casc_opt,alphaneg0.3,case_072,0,ok,1.5377508760751832,2.537750876075183,7967,3139.0,0.2562918126791972,stop,False,76.10570043092594
longbench_v2_qwen3,spec_casc_opt,alphaneg0.3,case_073,0,ok,0.35784313725490197,1.357843137254902,1938,1428.0,0.059640522875817,stop,False,31.822085132356733
longbench_v2_qwen3,spec_casc_opt,alphaneg0.3,case_074,0,ok,2.479202037351443,3.479202037351443,8192,2356.0,0.4132003395585739,length,False,67.04381957184523
longbench_v2_qwen3,spec_casc_opt,alphaneg0.3,case_075,0,ok,0.4198895027624309,1.419889502762431,1284,905.0,0.06998158379373849,stop,False,21.971461701206863
longbench_v2_qwen3,spec_casc_opt,alphaneg0.3,case_076,0,ok,0.7937853107344632,1.7937853107344632,1269,708.0,0.1322975517890772,stop,False,15.479427203070372
longbench_v2_qwen3,spec_casc_opt,alphaneg0.3,case_077,0,ok,0.33444940476190477,1.3344494047619047,3588,2688.0,0.055741567460317464,stop,False,60.48151493584737
longbench_v2_qwen3,spec_casc_opt,alphaneg0.3,case_078,0,ok,0.4031545741324921,1.403154574132492,2225,1585.0,0.06719242902208201,stop,False,35.76824849192053
longbench_v2_qwen3,spec_casc_opt,alphaneg0.3,case_079,0,ok,0.37518463810930575,1.3751846381093058,930,677.0,0.06253077301821763,stop,False,15.789896999951452
longbench_v2_qwen3,spec_casc_opt,alphaneg0.3,case_080,0,ok,0.6773187840997662,1.677318784099766,2153,1283.0,0.11288646401662769,stop,False,27.65475572599098
longbench_v2_qwen3,spec_casc_opt,alphaneg0.3,case_081,0,ok,0.7590361445783133,1.7590361445783134,1897,1079.0,0.12650602409638553,stop,False,23.122886436991394
longbench_v2_qwen3,spec_casc_opt,alphaneg0.3,case_082,0,ok,0.5476190476190477,1.5476190476190477,1041,672.0,0.09126984126984126,stop,False,15.696745350956917
longbench_v2_qwen3,spec_casc_opt,alphaneg0.3,case_083,0,ok,1.1004989308624376,2.1004989308624378,2948,1403.0,0.18341648847707293,stop,False,29.711077636573464
longbench_v2_qwen3,spec_casc_opt,alphaneg0.3,case_084,0,ok,0.7709179528838342,1.7709179528838344,2181,1231.0,0.12848632548063904,stop,False,27.29087246535346
longbench_v2_qwen3,spec_casc_opt,alphaneg0.3,case_085,0,ok,0.6566440349175557,1.6566440349175557,1709,1031.0,0.1094406724862593,stop,False,21.866205414757133
longbench_v2_qwen3,spec_casc_opt,alphaneg0.3,case_086,0,ok,0.6899563318777293,1.6899563318777293,1162,687.0,0.11499272197962154,stop,False,15.767283702269197
longbench_v2_qwen3,spec_casc_opt,alphaneg0.3,case_087,0,ok,0.8861209964412812,1.886120996441281,2121,1124.0,0.14768683274021352,stop,False,23.398575695231557
longbench_v2_qwen3,spec_casc_opt,alphaneg0.3,case_088,0,ok,0.9919653893695921,1.991965389369592,6447,3236.0,0.16532756489493203,stop,False,76.23534096218646
longbench_v2_qwen3,spec_casc_opt,alphaneg0.3,case_089,0,ok,1.2233163913595935,2.2233163913595932,6998,3148.0,0.2038860652265989,stop,False,69.52823768276721
longbench_v2_qwen3,spec_casc_opt,alphaneg0.3,case_090,0,ok,0.5812356979405034,1.5812356979405036,2765,1748.0,0.09687261632341723,stop,False,38.76600408228114
longbench_v2_qwen3,spec_casc_opt,alphaneg0.3,case_091,0,ok,1.3448769318832283,2.3448769318832285,8192,3494.0,0.2241461553138714,length,False,81.23818031605333
longbench_v2_qwen3,spec_casc_opt,alphaneg0.3,case_092,0,ok,0.4181438998957247,1.4181438998957248,2721,1918.0,0.06969064998262078,stop,False,41.737782129086554
longbench_v2_qwen3,spec_casc_opt,alphaneg0.3,case_093,0,ok,0.6632653061224489,1.663265306122449,2446,1470.0,0.11054421768707483,stop,False,31.10369941405952
longbench_v2_qwen3,spec_casc_opt,alphaneg0.3,case_094,0,ok,0.2640963855421687,1.2640963855421687,2624,2075.0,0.044016064257028115,stop,False,48.05340166063979
longbench_v2_qwen3,spec_casc_opt,alphaneg0.3,case_095,0,ok,0.4638728323699422,1.4638728323699421,2027,1384.0,0.0773121387283237,stop,False,32.819075318053365
longbench_v2_qwen3,spec_casc_opt,alphaneg0.3,case_096,0,ok,1.00335852225021,2.0033585222502097,2385,1191.0,0.167226420375035,stop,False,26.040920234750956
longbench_v2_qwen3,spec_casc_opt,alphaneg0.3,case_097,0,ok,0.7072147651006712,1.7072147651006713,2036,1192.0,0.11786912751677853,stop,False,25.4132473282516
longbench_v2_qwen3,spec_casc_opt,alphaneg0.3,case_098,0,ok,0.5142095914742452,1.5142095914742453,3411,2252.0,0.08570159857904085,stop,False,48.096504530869424
longbench_v2_qwen3,spec_casc_opt,alphaneg0.3,case_099,0,ok,0.7175547564563582,1.7175547564563582,5255,3059.0,0.11959245940939305,stop,False,65.80785208102316
longbench_v2_qwen3,spec_casc_opt,alphaneg0.3,case_100,0,ok,1.418565400843882,2.4185654008438817,5733,2370.0,0.23642756680731364,stop,False,57.2446770532988
longbench_v2_qwen3,spec_casc_opt,alphaneg0.3,case_101,0,ok,0.9816158684083213,1.9816158684083214,8192,4134.0,0.1636026447347202,length,False,92.16189059475437
longbench_v2_qwen3,spec_casc_opt,alphaneg0.3,case_102,0,ok,0.7614840989399293,1.7614840989399294,998,566.0,0.12691401648998824,stop,False,12.407688966952264
longbench_v2_qwen3,spec_casc_opt,alphaneg0.3,case_103,0,ok,0.8376753507014028,1.8376753507014028,1833,998.0,0.1396125584502338,stop,False,21.088996347039938
longbench_v2_qwen3,spec_casc_opt,alphaneg0.3,case_104,0,ok,0.7843833185448092,1.7843833185448092,2012,1127.0,0.13073055309080153,stop,False,24.04564622696489
longbench_v2_qwen3,spec_casc_opt,alphaneg0.3,case_105,0,ok,0.8307041169680647,1.8307041169680647,4757,2599.0,0.1384506861613441,stop,False,54.60759120620787
longbench_v2_qwen3,spec_casc_opt,alphaneg0.3,case_106,0,ok,0.6326489934223639,1.632648993422364,8192,5017.0,0.10544149890372732,length,False,106.35169469704852
longbench_v2_qwen3,spec_casc_opt,alphaneg0.3,case_107,0,ok,0.5025716385011021,1.502571638501102,4091,2722.0,0.08376193975018369,stop,False,59.83651969721541
longbench_v2_qwen3,spec_casc_opt,alphaneg0.3,case_108,0,ok,0.32536764705882354,1.3253676470588236,2164,1632.0,0.05422794117647059,stop,False,40.22612468712032
longbench_v2_qwen3,spec_casc_opt,alphaneg0.3,case_109,0,ok,2.3739703459637562,3.3739703459637562,8192,2428.0,0.3956617243272927,length,False,67.18288633506745
longbench_v2_qwen3,spec_casc_opt,alphaneg0.3,case_110,0,ok,0.7455621301775148,1.7455621301775148,1476,845.0,0.1242603550295858,stop,False,18.857730699237436
longbench_v2_qwen3,spec_casc_opt,alphaneg0.3,case_111,0,ok,0.5563082133784928,1.5563082133784927,1839,1181.0,0.09271803556308214,stop,False,27.567834646906704
longbench_v2_qwen3,spec_casc_opt,alphaneg0.3,case_112,0,ok,0.42237061769616024,1.4223706176961604,853,599.0,0.07039510294936005,stop,False,13.757102381903678
longbench_v2_qwen3,spec_casc_opt,alphaneg0.3,case_113,0,ok,0.6310599835661462,1.6310599835661463,1986,1217.0,0.10517666392769104,stop,False,25.16236006608233
longbench_v2_qwen3,spec_casc_opt,alphaneg0.3,case_114,0,ok,0.6039279869067103,1.6039279869067102,979,611.0,0.10065466448445172,stop,False,14.21030608471483
longbench_v2_qwen3,spec_casc_opt,alphaneg0.3,case_115,0,ok,0.6760330578512397,1.6760330578512397,1013,605.0,0.11267217630853994,stop,False,13.554644738789648
longbench_v2_qwen3,spec_casc_opt,alphaneg0.3,case_116,0,ok,1.0623395672900624,2.0623395672900626,5625,2727.0,0.17705659454834372,stop,False,56.74513183301315
longbench_v2_qwen3,spec_casc_opt,alphaneg0.3,case_117,0,ok,0.562464669304692,1.562464669304692,2765,1769.0,0.09374411155078198,stop,False,39.99646833911538
longbench_v2_qwen3,spec_casc_opt,alphaneg0.3,case_118,0,ok,1.348755832037325,2.348755832037325,6039,2572.0,0.2247926386728875,stop,False,55.741464083082974
longbench_v2_qwen3,spec_casc_opt,alphaneg0.3,case_119,0,ok,0.7254004576659039,1.7254004576659039,755,437.0,0.12090007627765065,stop,False,10.469013319350779
longbench_v2_qwen3,spec_casc_opt,alphaneg0.3,case_120,0,ok,0.3750985027580772,1.3750985027580773,3491,2538.0,0.0625164171263462,stop,False,57.51085573900491
longbench_v2_qwen3,spec_casc_opt,alphaneg0.3,case_121,0,ok,0.6598101265822784,1.6598101265822784,1050,632.0,0.10996835443037975,stop,False,14.584020294714719
longbench_v2_qwen3,spec_casc_opt,alphaneg0.3,case_122,0,ok,0.36196535878402264,1.3619653587840226,3854,2829.0,0.0603275597973371,stop,False,64.94248628336936
longbench_v2_qwen3,spec_casc_opt,alphaneg0.3,case_123,0,ok,0.8819561551433389,1.8819561551433388,1117,593.0,0.14699269252388983,stop,False,12.994709320832044
longbench_v2_qwen3,spec_casc_opt,alphaneg0.3,case_124,0,ok,0.9410681399631676,1.9410681399631677,3163,1629.0,0.15684468999386125,stop,False,34.3695653360337
longbench_v2_qwen3,spec_casc_opt,alphaneg0.3,case_125,0,ok,0.5615268709191361,1.5615268709191361,3110,1991.0,0.09358781181985602,stop,False,42.7482653176412
longbench_v2_qwen3,spec_casc_opt,alphaneg0.3,case_126,0,ok,0.5010309278350515,1.5010309278350515,727,485.0,0.08350515463917525,stop,False,11.92246623430401
longbench_v2_qwen3,spec_casc_opt,alphaneg0.3,case_127,0,ok,0.49808429118773945,1.4980842911877394,1565,1044.0,0.08301404853128991,stop,False,23.586002266965806
longbench_v2_qwen3,spec_casc_opt,alphaneg0.3,case_128,0,ok,0.46185064935064934,1.4618506493506493,1802,1232.0,0.07697510822510822,stop,False,29.241631428711116
longbench_v2_qwen3,spec_casc_opt,alphaneg0.3,case_129,0,ok,0.44669718770438194,1.446697187704382,6637,4587.0,0.07444953128406366,stop,False,97.76768508879468
longbench_v2_qwen3,spec_casc_opt,alphaneg0.3,case_130,0,ok,0.7094017094017094,1.7094017094017095,1799,1053.0,0.11823361823361823,stop,False,22.27141107339412
longbench_v2_qwen3,spec_casc_opt,alphaneg0.3,case_131,0,ok,1.2837235228539576,2.2837235228539576,8192,3588.0,0.21395392047565961,length,False,82.59606351796538
longbench_v2_qwen3,spec_casc_opt,alphaneg0.3,case_132,0,ok,0.4508611955420466,1.4508611955420467,1433,987.0,0.0751435325903411,stop,False,23.560246312059462
longbench_v2_qwen3,spec_casc_opt,alphaneg0.3,case_133,0,ok,0.5034246575342466,1.5034246575342465,2194,1460.0,0.0839041095890411,stop,False,32.27520383661613
longbench_v2_qwen3,spec_casc_opt,alphaneg0.3,case_134,0,ok,1.0594673476833272,2.059467347683327,5644,2741.0,0.17657789128055454,stop,False,57.24812104878947
longbench_v2_qwen3,spec_casc_opt,alphaneg0.3,case_135,0,ok,0.9045226130653267,1.9045226130653266,7200,3781.0,0.1507537688442211,stop,False,81.36471398593858
longbench_v2_qwen3,spec_casc_opt,alphaneg0.3,case_136,0,ok,0.4195464362850972,1.4195464362850971,5259,3704.0,0.0699244060475162,stop,False,85.2826201771386
longbench_v2_qwen3,spec_casc_opt,alphaneg0.3,case_137,0,ok,0.6169122357463165,1.6169122357463164,2525,1561.0,0.10281870595771941,stop,False,33.266598011832684
longbench_v2_qwen3,spec_casc_opt,alphaneg0.3,case_138,0,ok,0.3683241252302026,1.3683241252302025,1487,1086.0,0.061387354205033766,stop,False,24.908452374860644
longbench_v2_qwen3,spec_casc_opt,alphaneg0.3,case_139,0,ok,0.35585585585585583,1.3558558558558558,603,444.0,0.05930930930930931,stop,False,12.997376769315451
longbench_v2_qwen3,spec_casc_opt,alphaneg0.3,case_140,0,ok,0.797360248447205,1.7973602484472049,4631,2576.0,0.13289337474120083,stop,False,54.83163949800655
longbench_v2_qwen3,spec_casc_opt,alphaneg0.3,case_141,0,ok,1.0690184049079754,2.0690184049079754,1348,652.0,0.17816973415132925,stop,False,14.47778194770217
longbench_v2_qwen3,spec_casc_opt,alphaneg0.3,case_142,0,ok,0.4964426877470356,1.4964426877470356,1894,1265.0,0.08274044795783926,stop,False,27.59102472104132
longbench_v2_qwen3,spec_casc_opt,alphaneg0.3,case_143,0,ok,0.9212814645308924,1.9212814645308924,4199,2185.0,0.15354691075514873,stop,False,53.45236127311364
longbench_v2_qwen3,spec_casc_opt,alphaneg0.3,case_144,0,ok,1.6011432200698634,2.601143220069863,8192,3149.0,0.26685720334497726,length,False,70.9701896761544
longbench_v2_qwen3,spec_casc_opt,alphaneg0.3,case_145,0,ok,0.8893884892086331,1.889388489208633,2102,1112.0,0.1482314148681055,stop,False,22.641016180161387
longbench_v2_qwen3,spec_casc_opt,alphaneg0.3,case_146,0,ok,0.7445378151260504,1.7445378151260504,1037,595.0,0.12408963585434174,stop,False,12.763305922970176
longbench_v2_qwen3,spec_casc_opt,alphaneg0.3,case_147,0,ok,0.6893819334389857,1.6893819334389857,1065,631.0,0.11489698890649762,stop,False,13.607003588229418
longbench_v2_qwen3,spec_casc_opt,alphaneg0.3,case_148,0,ok,0.4781818181818182,1.4781818181818183,814,550.0,0.0796969696969697,stop,False,12.665385999716818
longbench_v2_qwen3,spec_casc_opt,alphaneg0.3,case_149,0,ok,0.7847317744154058,1.7847317744154059,2596,1454.0,0.1307886290692343,stop,False,31.772879431955516
longbench_v2_qwen3,spec_casc_opt,alphaneg0.3,case_150,0,ok,0.9709677419354839,1.9709677419354839,612,310.0,0.16182795698924732,stop,False,7.295730254147202
longbench_v2_qwen3,spec_casc_tok,alpha0.15,case_001,0,ok,0.35543478260869565,1.3554347826086957,1248,920.0,0.05923913043478261,stop,False,18.08385922573507
longbench_v2_qwen3,spec_casc_tok,alpha0.15,case_002,0,ok,0.38702928870292885,1.3870292887029287,1325,956.0,0.06450488145048815,stop,False,20.30234181508422
longbench_v2_qwen3,spec_casc_tok,alpha0.15,case_003,0,ok,0.3954887218045113,1.3954887218045113,929,665.0,0.06591478696741855,stop,False,12.82729222625494
longbench_v2_qwen3,spec_casc_tok,alpha0.15,case_004,0,ok,0.7755905511811023,1.7755905511811023,1352,762.0,0.12926509186351706,stop,False,12.602795308921486
longbench_v2_qwen3,spec_casc_tok,alpha0.15,case_005,0,ok,1.2104728012201322,2.2104728012201322,4348,1967.0,0.20174546687002204,stop,False,29.54297739593312
longbench_v2_qwen3,spec_casc_tok,alpha0.15,case_006,0,ok,0.5083155650319829,1.508315565031983,3536,2345.0,0.08471926083866382,stop,False,38.733296549879014
longbench_v2_qwen3,spec_casc_tok,alpha0.15,case_007,0,ok,0.31230610134436404,1.312306101344364,1270,967.0,0.05205101689072734,stop,False,19.60723222605884
longbench_v2_qwen3,spec_casc_tok,alpha0.15,case_008,0,ok,1.5098522167487685,2.5098522167487687,3058,1218.0,0.25164203612479474,stop,False,21.588483125902712
longbench_v2_qwen3,spec_casc_tok,alpha0.15,case_009,0,ok,1.2642343836373686,2.2642343836373686,8192,3618.0,0.21070573060622813,length,False,59.48388091195375
longbench_v2_qwen3,spec_casc_tok,alpha0.15,case_010,0,ok,0.3758561643835616,1.3758561643835616,1608,1168.0,0.06264269406392695,stop,False,22.58609724836424
longbench_v2_qwen3,spec_casc_tok,alpha0.15,case_011,0,ok,0.508869179600887,1.5088691796008868,1362,902.0,0.08481152993348115,stop,False,15.025975573807955
longbench_v2_qwen3,spec_casc_tok,alpha0.15,case_012,0,ok,1.0021186440677967,2.0021186440677967,1889,944.0,0.16701977401129944,stop,False,14.872923351824284
longbench_v2_qwen3,spec_casc_tok,alpha0.15,case_013,0,ok,0.5597147950089126,1.5597147950089125,876,561.0,0.0932857991681521,stop,False,11.828409333713353
longbench_v2_qwen3,spec_casc_tok,alpha0.15,case_014,0,ok,0.7871321013004792,1.7871321013004793,2612,1461.0,0.13118868355007984,stop,False,30.418289890978485
longbench_v2_qwen3,spec_casc_tok,alpha0.15,case_015,0,ok,0.4523239099185434,1.4523239099185434,3032,2087.0,0.07538731831975723,stop,False,44.950342456810176
longbench_v2_qwen3,spec_casc_tok,alpha0.15,case_016,0,ok,0.8254684247050659,1.8254684247050659,5262,2882.0,0.13757807078417766,stop,False,59.60962611855939
longbench_v2_qwen3,spec_casc_tok,alpha0.15,case_017,0,ok,0.6989795918367347,1.6989795918367347,667,392.0,0.11649659863945579,stop,False,8.825356841087341
longbench_v2_qwen3,spec_casc_tok,alpha0.15,case_018,0,ok,0.8429192846785887,1.8429192846785887,3814,2069.0,0.14048654744643144,stop,False,43.83616585936397
longbench_v2_qwen3,spec_casc_tok,alpha0.15,case_019,0,ok,0.6269560827864715,1.6269560827864715,3224,1981.0,0.10449268046441192,stop,False,43.077058490365744
longbench_v2_qwen3,spec_casc_tok,alpha0.15,case_020,0,ok,0.3286840509399636,1.3286840509399636,2192,1649.0,0.0547806751566606,stop,False,39.05281339213252
longbench_v2_qwen3,spec_casc_tok,alpha0.15,case_021,0,ok,0.6610486891385767,1.6610486891385767,888,534.0,0.11017478152309614,stop,False,11.376679635141045
longbench_v2_qwen3,spec_casc_tok,alpha0.15,case_022,0,ok,0.9233038348082596,1.9233038348082596,1303,678.0,0.15388397246804325,stop,False,14.164675939362496
longbench_v2_qwen3,spec_casc_tok,alpha0.15,case_023,0,ok,0.374189364461738,1.374189364461738,2120,1542.0,0.062364894076956334,stop,False,36.43243741709739
longbench_v2_qwen3,spec_casc_tok,alpha0.15,case_024,0,ok,0.8782983306408185,1.8782983306408185,3489,1857.0,0.14638305510680308,stop,False,39.48339001601562
longbench_v2_qwen3,spec_casc_tok,alpha0.15,case_025,0,ok,1.0788259958071278,2.0788259958071276,4959,2385.0,0.1798043326345213,stop,False,58.86474574264139
longbench_v2_qwen3,spec_casc_tok,alpha0.15,case_026,0,ok,1.1181794672873029,2.1181794672873027,8192,3867.0,0.1863632445478838,length,False,87.48198595130816
longbench_v2_qwen3,spec_casc_tok,alpha0.15,case_027,0,ok,0.8278688524590164,1.8278688524590163,1559,854.0,0.13797814207650272,stop,False,18.148492538370192
longbench_v2_qwen3,spec_casc_tok,alpha0.15,case_028,0,ok,1.7753891771682728,2.7753891771682726,3745,1349.0,0.29589819619471214,stop,False,33.28998253494501
longbench_v2_qwen3,spec_casc_tok,alpha0.15,case_029,0,ok,0.7971391417425228,1.7971391417425226,2765,1538.0,0.1328565236237538,stop,False,30.983698901254684
longbench_v2_qwen3,spec_casc_tok,alpha0.15,case_030,0,ok,1.3559977888336097,2.3559977888336094,4263,1809.0,0.2259996314722683,stop,False,42.4451984022744
longbench_v2_qwen3,spec_casc_tok,alpha0.15,case_031,0,ok,0.30007178750897345,1.3000717875089736,3623,2786.0,0.05001196458482891,stop,False,62.475173748098314
longbench_v2_qwen3,spec_casc_tok,alpha0.15,case_032,0,ok,0.4209138840070299,1.42091388400703,1618,1138.0,0.07015231400117164,stop,False,25.14305621664971
longbench_v2_qwen3,spec_casc_tok,alpha0.15,case_033,0,ok,1.2403655145013905,2.2403655145013905,5640,2517.0,0.20672758575023176,stop,False,60.17929749097675
longbench_v2_qwen3,spec_casc_tok,alpha0.15,case_034,0,ok,0.7700237906423474,1.7700237906423473,2233,1261.0,0.1283372984403912,stop,False,27.23778172954917
longbench_v2_qwen3,spec_casc_tok,alpha0.15,case_035,0,ok,0.867394270122783,1.867394270122783,6843,3665.0,0.1445657116871305,stop,False,77.21010435791686
longbench_v2_qwen3,spec_casc_tok,alpha0.15,case_036,0,ok,1.0977683315621678,2.097768331562168,1971,941.0,0.18296138859369465,stop,False,20.36211423901841
longbench_v2_qwen3,spec_casc_tok,alpha0.15,case_037,0,ok,0.9014925373134328,1.9014925373134328,2549,1340.0,0.15024875621890546,stop,False,29.010706142056733
longbench_v2_qwen3,spec_casc_tok,alpha0.15,case_038,0,ok,0.7360475754803294,1.7360475754803293,3794,2186.0,0.12267459591338822,stop,False,45.96999941486865
longbench_v2_qwen3,spec_casc_tok,alpha0.15,case_039,0,ok,0.579375,1.579375,2528,1600.0,0.0965625,stop,False,33.61095704976469
longbench_v2_qwen3,spec_casc_tok,alpha0.15,case_040,0,ok,0.5381026438569206,1.5381026438569205,1978,1286.0,0.08968377397615344,stop,False,26.652873740065843
longbench_v2_qwen3,spec_casc_tok,alpha0.15,case_041,0,ok,0.43029637760702527,1.4302963776070252,1302,911.0,0.07171606293450421,stop,False,21.989251801744103
longbench_v2_qwen3,spec_casc_tok,alpha0.15,case_042,0,ok,0.59375,1.59375,2194,1376.0,0.09895833333333333,stop,False,30.391323185060173
longbench_v2_qwen3,spec_casc_tok,alpha0.15,case_043,0,ok,0.933214920071048,1.933214920071048,5443,2815.0,0.15553582001184132,stop,False,58.15790197812021
longbench_v2_qwen3,spec_casc_tok,alpha0.15,case_044,0,ok,0.2988505747126437,1.2988505747126438,1018,783.0,0.04980842911877394,stop,False,19.37286511203274
longbench_v2_qwen3,spec_casc_tok,alpha0.15,case_045,0,ok,1.0284399832705982,2.028439983270598,4851,2391.0,0.171406663878433,stop,False,58.711682739667594
longbench_v2_qwen3,spec_casc_tok,alpha0.15,case_046,0,ok,0.2751060820367751,1.2751060820367752,1804,1414.0,0.04585101367279585,stop,False,33.606994225177914
longbench_v2_qwen3,spec_casc_tok,alpha0.15,case_047,0,ok,0.7290322580645161,1.729032258064516,2681,1550.0,0.12150537634408602,stop,False,34.10853291209787
longbench_v2_qwen3,spec_casc_tok,alpha0.15,case_048,0,ok,0.47276688453159044,1.4727668845315904,677,459.0,0.07879448075526507,stop,False,10.72713858820498
longbench_v2_qwen3,spec_casc_tok,alpha0.15,case_049,0,ok,0.4972397476340694,1.4972397476340693,3798,2536.0,0.0828732912723449,stop,False,55.946550716180354
longbench_v2_qwen3,spec_casc_tok,alpha0.15,case_050,0,ok,1.0502723083368244,2.050272308336824,4893,2387.0,0.17504538472280406,stop,False,51.31250845314935
longbench_v2_qwen3,spec_casc_tok,alpha0.15,case_051,0,ok,0.9602087410306588,1.9602087410306588,3006,1533.0,0.16003479017177646,stop,False,37.7219100818038
longbench_v2_qwen3,spec_casc_tok,alpha0.15,case_052,0,ok,0.3326195574589579,1.3326195574589579,1868,1401.0,0.05543659290982631,stop,False,34.38405840098858
longbench_v2_qwen3,spec_casc_tok,alpha0.15,case_053,0,ok,0.46454767726161367,1.4645476772616137,1196,818.0,0.07742461287693561,stop,False,18.040337739046663
longbench_v2_qwen3,spec_casc_tok,alpha0.15,case_054,0,ok,0.9532871972318339,1.953287197231834,1128,578.0,0.158881199538639,stop,False,13.23455054499209
longbench_v2_qwen3,spec_casc_tok,alpha0.15,case_055,0,ok,0.594706009980473,1.5947060099804728,7351,4609.0,0.09911766833007883,stop,False,96.04012900404632
longbench_v2_qwen3,spec_casc_tok,alpha0.15,case_056,0,ok,0.8746422438465942,1.8746422438465942,3276,1747.0,0.1457737073077657,stop,False,36.50356031721458
longbench_v2_qwen3,spec_casc_tok,alpha0.15,case_057,0,ok,0.658578856152513,1.658578856152513,955,577.0,0.1097631426920855,stop,False,13.24502656236291
longbench_v2_qwen3,spec_casc_tok,alpha0.15,case_058,0,ok,1.3302987197724039,2.330298719772404,8192,3515.0,0.22171645329540066,length,False,81.31383709097281
longbench_v2_qwen3,spec_casc_tok,alpha0.15,case_059,0,ok,0.6130742049469965,1.6130742049469964,914,566.0,0.10217903415783275,stop,False,12.554807625245303
longbench_v2_qwen3,spec_casc_tok,alpha0.15,case_060,0,ok,0.5647668393782384,1.5647668393782384,2115,1351.0,0.09412780656303972,stop,False,29.963878043927252
longbench_v2_qwen3,spec_casc_tok,alpha0.15,case_061,0,ok,0.9002590673575129,1.900259067357513,4400,2316.0,0.15004317789291882,stop,False,47.566686207894236
longbench_v2_qwen3,spec_casc_tok,alpha0.15,case_062,0,ok,0.756007393715342,1.756007393715342,949,541.0,0.12600123228589033,stop,False,14.86625080788508
longbench_v2_qwen3,spec_casc_tok,alpha0.15,case_063,0,ok,0.8642797668609492,1.8642797668609492,2238,1201.0,0.1440466278101582,stop,False,25.96008998621255
longbench_v2_qwen3,spec_casc_tok,alpha0.15,case_064,0,ok,0.9254185692541856,1.9254185692541856,1266,657.0,0.15423642820903094,stop,False,14.629997692070901
longbench_v2_qwen3,spec_casc_tok,alpha0.15,case_065,0,ok,0.7688053097345132,1.768805309734513,3198,1808.0,0.12813421828908556,stop,False,37.31204898189753
longbench_v2_qwen3,spec_casc_tok,alpha0.15,case_066,0,ok,0.5771276595744681,1.577127659574468,1184,752.0,0.09618794326241134,stop,False,15.363610106054693
longbench_v2_qwen3,spec_casc_tok,alpha0.15,case_067,0,ok,1.225487163625116,2.225487163625116,7196,3233.0,0.204247860604186,stop,False,74.2947945361957
longbench_v2_qwen3,spec_casc_tok,alpha0.15,case_068,0,ok,0.8226068144943213,1.8226068144943213,3371,1849.0,0.13710113574905355,stop,False,40.72007012087852
longbench_v2_qwen3,spec_casc_tok,alpha0.15,case_069,0,ok,0.4329608938547486,1.4329608938547487,1538,1074.0,0.07216014897579143,stop,False,24.082387856207788
longbench_v2_qwen3,spec_casc_tok,alpha0.15,case_070,0,ok,0.8227474150664698,1.8227474150664698,1233,677.0,0.13712456917774496,stop,False,14.756886315066367
longbench_v2_qwen3,spec_casc_tok,alpha0.15,case_071,0,ok,0.6236559139784946,1.6236559139784945,3474,2139.0,0.1039426523297491,stop,False,45.841792283114046
longbench_v2_qwen3,spec_casc_tok,alpha0.15,case_072,0,ok,1.2808651246620606,2.2808651246620606,7594,3329.0,0.21347752077701013,stop,False,78.91348936315626
longbench_v2_qwen3,spec_casc_tok,alpha0.15,case_073,0,ok,0.35533333333333333,1.3553333333333333,2034,1500.0,0.059222222222222225,stop,False,33.44067518180236
longbench_v2_qwen3,spec_casc_tok,alpha0.15,case_074,0,ok,0.8483699772554966,1.8483699772554965,2439,1319.0,0.14139499620924942,stop,False,33.105804917402565
longbench_v2_qwen3,spec_casc_tok,alpha0.15,case_075,0,ok,0.34647550776583036,1.3464755077658304,1126,837.0,0.05774591796097173,stop,False,20.411764250136912
longbench_v2_qwen3,spec_casc_tok,alpha0.15,case_076,0,ok,0.7777777777777778,1.7777777777777777,1201,675.0,0.12962962962962962,stop,False,14.802335883956403
longbench_v2_qwen3,spec_casc_tok,alpha0.15,case_077,0,ok,0.32700892857142855,1.3270089285714286,2379,1792.0,0.054501488095238096,stop,False,41.22746841004118
longbench_v2_qwen3,spec_casc_tok,alpha0.15,case_078,0,ok,0.3284671532846715,1.3284671532846715,1455,1096.0,0.05474452554744526,stop,False,25.38778065191582
longbench_v2_qwen3,spec_casc_tok,alpha0.15,case_079,0,ok,0.4175824175824176,1.4175824175824177,1420,1001.0,0.0695970695970696,stop,False,22.524103871081024
longbench_v2_qwen3,spec_casc_tok,alpha0.15,case_080,0,ok,0.5967623252391464,1.5967623252391463,2171,1359.0,0.09946038753985774,stop,False,28.995302605908364
longbench_v2_qwen3,spec_casc_tok,alpha0.15,case_081,0,ok,0.7619485294117647,1.7619485294117647,1918,1088.0,0.12699142156862744,stop,False,23.318576287012547
longbench_v2_qwen3,spec_casc_tok,alpha0.15,case_082,0,ok,0.5379146919431279,1.537914691943128,648,422.0,0.089652448657188,stop,False,10.517006855923682
longbench_v2_qwen3,spec_casc_tok,alpha0.15,case_083,0,ok,1.137741046831956,2.137741046831956,3105,1452.0,0.189623507805326,stop,False,30.966490323189646
longbench_v2_qwen3,spec_casc_tok,alpha0.15,case_084,0,ok,0.677320221266134,1.677320221266134,2729,1627.0,0.11288670354435566,stop,False,35.244753774721175
longbench_v2_qwen3,spec_casc_tok,alpha0.15,case_085,0,ok,0.7228571428571429,1.7228571428571429,4222,2450.0,0.12047619047619047,stop,False,51.337266099173576
longbench_v2_qwen3,spec_casc_tok,alpha0.15,case_086,0,ok,0.6343283582089553,1.6343283582089554,877,536.0,0.10572139303482588,stop,False,12.582289764657617
longbench_v2_qwen3,spec_casc_tok,alpha0.15,case_087,0,ok,0.8973214285714286,1.8973214285714286,1699,896.0,0.14955357142857142,stop,False,18.79500682419166
longbench_v2_qwen3,spec_casc_tok,alpha0.15,case_088,0,ok,1.0062380038387715,2.0062380038387717,4182,2084.0,0.1677063339731286,stop,False,49.79527286021039
longbench_v2_qwen3,spec_casc_tok,alpha0.15,case_089,0,ok,1.092563539378726,2.092563539378726,6666,3187.0,0.18209392322978768,stop,False,69.28883565077558
longbench_v2_qwen3,spec_casc_tok,alpha0.15,case_090,0,ok,0.5028735632183908,1.5028735632183907,1045,696.0,0.08381226053639847,stop,False,16.502528320997953
longbench_v2_qwen3,spec_casc_tok,alpha0.15,case_091,0,ok,1.5200793257312841,2.520079325731284,5084,2017.0,0.25334655428854735,stop,False,49.11140268994495
longbench_v2_qwen3,spec_casc_tok,alpha0.15,case_092,0,ok,0.410459587955626,1.4104595879556259,3561,2524.0,0.06840993132593766,stop,False,54.55871085030958
longbench_v2_qwen3,spec_casc_tok,alpha0.15,case_093,0,ok,0.5911716171617162,1.591171617161716,3858,2424.0,0.09852860286028603,stop,False,50.379907426889986
longbench_v2_qwen3,spec_casc_tok,alpha0.15,case_094,0,ok,0.2620050547598989,1.2620050547598989,1499,1187.0,0.043667509126649816,stop,False,29.032676654867828
longbench_v2_qwen3,spec_casc_tok,alpha0.15,case_095,0,ok,0.43966244725738396,1.439662447257384,1707,1185.0,0.07327707454289732,stop,False,28.60955185070634
longbench_v2_qwen3,spec_casc_tok,alpha0.15,case_096,0,ok,0.9421259842519685,1.9421259842519685,4932,2540.0,0.1570209973753281,stop,False,54.114541972987354
longbench_v2_qwen3,spec_casc_tok,alpha0.15,case_097,0,ok,0.6794294294294294,1.6794294294294294,2238,1332.0,0.11323823823823824,stop,False,28.27688501821831
longbench_v2_qwen3,spec_casc_tok,alpha0.15,case_098,0,ok,0.4985949417904456,1.4985949417904456,3734,2491.0,0.08309915696507426,stop,False,53.03043080121279
longbench_v2_qwen3,spec_casc_tok,alpha0.15,case_099,0,ok,0.7268470343392299,1.72684703433923,3320,1922.0,0.12114117238987167,stop,False,41.70592140033841
longbench_v2_qwen3,spec_casc_tok,alpha0.15,case_100,0,ok,1.4966601178781926,2.496660117878193,6355,2545.0,0.24944335297969875,stop,False,61.85042666178197
longbench_v2_qwen3,spec_casc_tok,alpha0.15,case_101,0,ok,0.7092605886575736,1.7092605886575736,4761,2786.0,0.1182100981095956,stop,False,61.39434482622892
longbench_v2_qwen3,spec_casc_tok,alpha0.15,case_102,0,ok,0.7875862068965517,1.7875862068965516,1297,725.0,0.13126436781609196,stop,False,17.119905897881836
longbench_v2_qwen3,spec_casc_tok,alpha0.15,case_103,0,ok,0.8211382113821138,1.821138211382114,1791,984.0,0.13685636856368563,stop,False,23.07612438686192
longbench_v2_qwen3,spec_casc_tok,alpha0.15,case_104,0,ok,0.7430779137153896,1.7430779137153896,2708,1553.0,0.12384631895256493,stop,False,38.3493423089385
longbench_v2_qwen3,spec_casc_tok,alpha0.15,case_105,0,ok,0.8740970072239422,1.8740970072239422,1817,969.0,0.1456828345373237,stop,False,22.456369496881962
longbench_v2_qwen3,spec_casc_tok,alpha0.15,case_106,0,ok,0.6357827476038339,1.6357827476038338,8192,5008.0,0.10596379126730564,length,False,106.22776400204748
longbench_v2_qwen3,spec_casc_tok,alpha0.15,case_107,0,ok,0.4740538431525556,1.4740538431525556,3779,2563.0,0.07900897385875927,stop,False,56.402894323226064
longbench_v2_qwen3,spec_casc_tok,alpha0.15,case_108,0,ok,0.2747918243754731,1.2747918243754732,1685,1321.0,0.04579863739591219,stop,False,33.085987790022045
longbench_v2_qwen3,spec_casc_tok,alpha0.15,case_109,0,ok,1.1302521008403361,2.130252100840336,2536,1190.0,0.18837535014005602,stop,False,30.94685670081526
longbench_v2_qwen3,spec_casc_tok,alpha0.15,case_110,0,ok,0.7400367872470877,1.7400367872470877,2839,1631.0,0.12333946454118128,stop,False,35.435475029982626
longbench_v2_qwen3,spec_casc_tok,alpha0.15,case_111,0,ok,0.46849942726231386,1.468499427262314,1283,873.0,0.0780832378770523,stop,False,20.812674395740032
longbench_v2_qwen3,spec_casc_tok,alpha0.15,case_112,0,ok,0.4602829162132753,1.4602829162132753,1343,919.0,0.07671381936887922,stop,False,20.37582775298506
longbench_v2_qwen3,spec_casc_tok,alpha0.15,case_113,0,ok,0.6007879185817465,1.6007879185817466,2437,1523.0,0.10013131976362442,stop,False,31.099915558006614
longbench_v2_qwen3,spec_casc_tok,alpha0.15,case_114,0,ok,0.5640326975476839,1.564032697547684,573,367.0,0.09400544959128065,stop,False,9.173381882719696
longbench_v2_qwen3,spec_casc_tok,alpha0.15,case_115,0,ok,0.6523668639053254,1.6523668639053253,1118,676.0,0.10872781065088757,stop,False,14.968372500035912
longbench_v2_qwen3,spec_casc_tok,alpha0.15,case_116,0,ok,0.9873046875,1.9873046875,4071,2048.0,0.16455078125,stop,False,42.20378287695348
longbench_v2_qwen3,spec_casc_tok,alpha0.15,case_117,0,ok,0.4966378482228626,1.4966378482228626,3117,2082.0,0.08277297470381044,stop,False,46.34005683520809
longbench_v2_qwen3,spec_casc_tok,alpha0.15,case_118,0,ok,1.1978926572275272,2.197892657227527,6674,3037.0,0.19964877620458787,stop,False,64.86020902404562
longbench_v2_qwen3,spec_casc_tok,alpha0.15,case_119,0,ok,0.8243843358901898,1.8243843358901897,4518,2477.0,0.13739738931503162,stop,False,54.218624799046665
longbench_v2_qwen3,spec_casc_tok,alpha0.15,case_120,0,ok,0.34749620637329287,1.347496206373293,3553,2636.0,0.057916034395548814,stop,False,59.582846922799945
longbench_v2_qwen3,spec_casc_tok,alpha0.15,case_121,0,ok,0.677858439201452,1.677858439201452,1850,1102.0,0.11297640653357532,stop,False,24.449335695244372
longbench_v2_qwen3,spec_casc_tok,alpha0.15,case_122,0,ok,0.3684895833333333,1.3684895833333333,2103,1536.0,0.06141493055555555,stop,False,36.733831104356796
longbench_v2_qwen3,spec_casc_tok,alpha0.15,case_123,0,ok,0.9160393746381007,1.9160393746381006,3308,1727.0,0.15267322910635012,stop,False,36.7828094502911
longbench_v2_qwen3,spec_casc_tok,alpha0.15,case_124,0,ok,0.905,1.905,2668,1400.0,0.15083333333333335,stop,False,29.83647865522653
longbench_v2_qwen3,spec_casc_tok,alpha0.15,case_125,0,ok,0.537598944591029,1.537598944591029,2332,1516.0,0.08959982409850484,stop,False,32.95691988617182
longbench_v2_qwen3,spec_casc_tok,alpha0.15,case_126,0,ok,0.4270367054610564,1.4270367054610564,1593,1117.0,0.0711727842435094,stop,False,24.899468371178955
longbench_v2_qwen3,spec_casc_tok,alpha0.15,case_127,0,ok,0.41818181818181815,1.4181818181818182,1090,770.0,0.0696969696969697,stop,False,17.752310316078365
longbench_v2_qwen3,spec_casc_tok,alpha0.15,case_128,0,ok,0.47205387205387206,1.472053872053872,2187,1485.0,0.07867564534231201,stop,False,34.74795418418944
longbench_v2_qwen3,spec_casc_tok,alpha0.15,case_129,0,ok,0.4488899167437558,1.448889916743756,6266,4324.0,0.0748149861239593,stop,False,92.20811573928222
longbench_v2_qwen3,spec_casc_tok,alpha0.15,case_130,0,ok,0.64140625,1.64140625,2102,1280.0,0.10690104166666667,stop,False,26.589459924027324
longbench_v2_qwen3,spec_casc_tok,alpha0.15,case_131,0,ok,1.2667404537908136,2.2667404537908133,8192,3614.0,0.2111234089651356,length,False,83.30593706201762
longbench_v2_qwen3,spec_casc_tok,alpha0.15,case_132,0,ok,0.4164364640883978,1.4164364640883977,4103,2896.0,0.0694060773480663,stop,False,64.50901621812955
longbench_v2_qwen3,spec_casc_tok,alpha0.15,case_133,0,ok,0.48068181818181815,1.4806818181818182,1304,880.0,0.08011363636363636,stop,False,20.196193067822605
longbench_v2_qwen3,spec_casc_tok,alpha0.15,case_134,0,ok,0.9548346055979644,1.9548346055979644,6147,3144.0,0.15913910093299408,stop,False,64.99168847687542
longbench_v2_qwen3,spec_casc_tok,alpha0.15,case_135,0,ok,0.826491646778043,1.826491646778043,7652,4190.0,0.1377486077963405,stop,False,89.2111277342774
longbench_v2_qwen3,spec_casc_tok,alpha0.15,case_136,0,ok,0.4434429923388914,1.4434429923388914,3204,2219.0,0.07390716538981523,stop,False,53.01630669366568
longbench_v2_qwen3,spec_casc_tok,alpha0.15,case_137,0,ok,0.6219458018658374,1.6219458018658375,7303,4502.0,0.10365763364430623,stop,False,94.9522617328912
longbench_v2_qwen3,spec_casc_tok,alpha0.15,case_138,0,ok,0.35321312991215903,1.353213129912159,2928,2163.0,0.05886885498535984,stop,False,48.04913220088929
longbench_v2_qwen3,spec_casc_tok,alpha0.15,case_139,0,ok,0.3379593934721151,1.337959393472115,5207,3891.0,0.05632656557868586,stop,False,88.57019357709214
longbench_v2_qwen3,spec_casc_tok,alpha0.15,case_140,0,ok,0.6783103168155971,1.678310316815597,4133,2462.0,0.11305171946926618,stop,False,51.9257582006976
longbench_v2_qwen3,spec_casc_tok,alpha0.15,case_141,0,ok,1.02330743618202,2.0233074361820202,1824,901.0,0.17055123936367,stop,False,19.862028836738318
longbench_v2_qwen3,spec_casc_tok,alpha0.15,case_142,0,ok,0.4067982456140351,1.406798245614035,2567,1824.0,0.06779970760233918,stop,False,38.77902396209538
longbench_v2_qwen3,spec_casc_tok,alpha0.15,case_143,0,ok,0.8770883054892601,1.8770883054892602,4720,2514.0,0.14618138424821003,stop,False,60.82880110805854
longbench_v2_qwen3,spec_casc_tok,alpha0.15,case_144,0,ok,1.3094701240135287,2.3094701240135285,8192,3548.0,0.21824502066892146,length,False,77.66941456357017
longbench_v2_qwen3,spec_casc_tok,alpha0.15,case_145,0,ok,0.8803724928366762,1.8803724928366763,2626,1396.0,0.1467287488061127,stop,False,28.45489858603105
longbench_v2_qwen3,spec_casc_tok,alpha0.15,case_146,0,ok,0.6565517241379311,1.656551724137931,1200,725.0,0.10942528735632184,stop,False,15.229474653024226
longbench_v2_qwen3,spec_casc_tok,alpha0.15,case_147,0,ok,0.6332046332046332,1.6332046332046333,1268,777.0,0.10553410553410554,stop,False,16.44873395888135
longbench_v2_qwen3,spec_casc_tok,alpha0.15,case_148,0,ok,0.4972972972972973,1.4972972972972973,832,555.0,0.08288288288288288,stop,False,12.78357903379947
longbench_v2_qwen3,spec_casc_tok,alpha0.15,case_149,0,ok,0.6931493815413892,1.6931493815413892,3560,2102.0,0.11552489692356487,stop,False,44.97155535593629
longbench_v2_qwen3,spec_casc_tok,alpha0.15,case_150,0,ok,0.9741379310344828,1.9741379310344827,688,348.0,0.16235632183908047,stop,False,8.091500595677644
longbench_v2_qwen3,spec_casc_tok,alpha0.3,case_001,0,ok,0.35543478260869565,1.3554347826086957,1248,920.0,0.05923913043478261,stop,False,21.090350351762027
longbench_v2_qwen3,spec_casc_tok,alpha0.3,case_002,0,ok,0.38702928870292885,1.3870292887029287,1325,956.0,0.06450488145048815,stop,False,23.496303469873965
longbench_v2_qwen3,spec_casc_tok,alpha0.3,case_003,0,ok,0.3954887218045113,1.3954887218045113,929,665.0,0.06591478696741855,stop,False,14.733485782984644
longbench_v2_qwen3,spec_casc_tok,alpha0.3,case_004,0,ok,0.7590799031476998,1.7590799031476998,1454,826.0,0.12651331719128328,stop,False,16.909643698949367
longbench_v2_qwen3,spec_casc_tok,alpha0.3,case_005,0,ok,1.1102449888641426,2.1102449888641424,3788,1796.0,0.1850408314773571,stop,False,37.04750376800075
longbench_v2_qwen3,spec_casc_tok,alpha0.3,case_006,0,ok,0.519036519036519,1.519036519036519,3911,2574.0,0.0865060865060865,stop,False,53.34119871631265
longbench_v2_qwen3,spec_casc_tok,alpha0.3,case_007,0,ok,0.31230610134436404,1.312306101344364,1270,967.0,0.05205101689072734,stop,False,22.565896349959075
longbench_v2_qwen3,spec_casc_tok,alpha0.3,case_008,0,ok,1.459607843137255,2.4596078431372552,3137,1275.0,0.24326797385620916,stop,False,30.61913743801415
longbench_v2_qwen3,spec_casc_tok,alpha0.3,case_009,0,ok,1.3652822151224706,2.3652822151224706,6664,2817.0,0.2275470358537451,stop,False,64.6189405429177
longbench_v2_qwen3,spec_casc_tok,alpha0.3,case_010,0,ok,0.35282651072124754,1.3528265107212476,1387,1026.0,0.05880441845354126,stop,False,23.498611866030842
longbench_v2_qwen3,spec_casc_tok,alpha0.3,case_011,0,ok,0.5485592315901814,1.5485592315901813,1450,937.0,0.09142653859836357,stop,False,19.02948164800182
longbench_v2_qwen3,spec_casc_tok,alpha0.3,case_012,0,ok,0.8718980549966465,1.8718980549966466,2792,1491.0,0.1453163424994411,stop,False,30.40773315075785
longbench_v2_qwen3,spec_casc_tok,alpha0.35,case_001,0,ok,0.35543478260869565,1.3554347826086957,1248,920.0,0.05923913043478261,stop,False,18.105194866191596
longbench_v2_qwen3,spec_casc_tok,alpha0.35,case_002,0,ok,0.38702928870292885,1.3870292887029287,1325,956.0,0.06450488145048815,stop,False,20.31798689905554
longbench_v2_qwen3,spec_casc_tok,alpha0.35,case_003,0,ok,0.3954887218045113,1.3954887218045113,929,665.0,0.06591478696741855,stop,False,12.823357901070267
longbench_v2_qwen3,spec_casc_tok,alpha0.55,case_001,0,ok,0.33858267716535434,1.3385826771653544,1019,762.0,0.05643044619422572,stop,False,15.445221608038992
longbench_v2_qwen3,spec_casc_tok,alpha0.55,case_002,0,ok,0.3610567514677104,1.3610567514677103,1390,1022.0,0.06017612524461839,stop,False,21.457193071953952
longbench_v2_qwen3,spec_casc_tok,alpha0.55,case_003,0,ok,0.3881578947368421,1.388157894736842,845,608.0,0.06469298245614036,stop,False,11.895428604912013
longbench_v2_qwen3,spec_casc_tok,alpha0.8,case_001,0,ok,0.3333333333333333,1.3333333333333333,1005,753.0,0.05555555555555555,stop,False,15.27752010570839
longbench_v2_qwen3,spec_casc_tok,alpha0.8,case_002,0,ok,0.3683409436834094,1.3683409436834095,898,657.0,0.061390157280568236,stop,False,15.083163909148425
longbench_v2_qwen3,spec_casc_tok,alpha0.8,case_003,0,ok,0.41001564945226915,1.410015649452269,902,639.0,0.0683359415753782,stop,False,12.395518929697573
longbench_v2_qwen3,spec_casc_tok,alpha0.8,case_004,0,ok,0.755771567436209,1.7557715674362089,1444,823.0,0.12596192790603483,stop,False,13.525577174965292
longbench_v2_qwen3,spec_casc_tok,alpha0.8,case_005,0,ok,1.19043321299639,2.19043321299639,2425,1108.0,0.19840553549939832,stop,False,16.834511152934283
longbench_v2_qwen3,spec_casc_tok,alpha0.8,case_006,0,ok,0.5405212424134238,1.5405212424134238,4316,2801.0,0.09008687373557063,stop,False,46.05010324111208
longbench_v2_qwen3,spec_casc_tok,alpha0.8,case_007,0,ok,0.36147757255936674,1.3614775725593669,1549,1137.0,0.060246262093227795,stop,False,22.51220189407468
longbench_v2_qwen3,spec_casc_tok,alpha0.8,case_008,0,ok,1.5575757575757576,2.5575757575757576,2955,1155.0,0.2595959595959596,stop,False,20.594083652831614
longbench_v2_qwen3,spec_casc_tok,alpha0.8,case_009,0,ok,1.5004878048780488,2.500487804878049,5125,2050.0,0.2500813008130081,stop,False,34.09198285266757
longbench_v2_qwen3,spec_casc_tok,alpha0.8,case_010,0,ok,0.3372365339578454,1.3372365339578454,1143,854.0,0.05620608899297424,stop,False,17.258169755805284
longbench_v2_qwen3,spec_casc_tok,alpha0.8,case_011,0,ok,0.5276995305164319,1.5276995305164318,1626,1065.0,0.08794992175273865,stop,False,17.52810110291466
longbench_v2_qwen3,spec_casc_tok,alpha0.8,case_012,0,ok,1.0128205128205128,2.0128205128205128,3298,1638.0,0.16880341880341881,stop,False,25.26755096996203
longbench_v2_qwen3,spec_casc_tok,alpha0.8,case_013,0,ok,0.4925053533190578,1.4925053533190578,698,467.0,0.08208422555317631,stop,False,9.8471878929995
longbench_v2_qwen3,spec_casc_tok,alpha0.8,case_014,0,ok,0.8458715596330275,1.8458715596330275,6037,3270.0,0.14097859327217124,stop,False,68.37350354436785
longbench_v2_qwen3,spec_casc_tok,alpha0.8,case_015,0,ok,0.4914207275223061,1.4914207275223061,2174,1457.0,0.08190345458705102,stop,False,32.123708746861666
longbench_v2_qwen3,spec_casc_tok,alpha0.8,case_016,0,ok,0.8622472966619652,1.8622472966619652,3960,2127.0,0.1437078827769942,stop,False,44.16443226439878
longbench_v2_qwen3,spec_casc_tok,alpha0.8,case_017,0,ok,0.6126126126126126,1.6126126126126126,538,333.0,0.1021021021021021,stop,False,7.545749941840768
longbench_v2_qwen3,spec_casc_tok,alpha0.8,case_018,0,ok,0.8667711598746082,1.8667711598746082,3574,1914.0,0.14446185997910135,stop,False,40.656479911878705
longbench_v2_qwen3,spec_casc_tok,alpha0.8,case_019,0,ok,0.6710065097646469,1.671006509764647,3336,1997.0,0.11183441829410783,stop,False,43.589317028876394
longbench_v2_qwen3,spec_casc_tok,alpha0.8,case_020,0,ok,0.3481270358306189,1.3481270358306188,3312,2456.0,0.05802117263843648,stop,False,56.717867243569344
longbench_v2_qwen3,spec_casc_tok,alpha0.8,case_021,0,ok,0.9944649446494465,1.9944649446494465,1080,542.0,0.16574415744157442,stop,False,11.984919442795217
longbench_v2_qwen3,spec_casc_tok,alpha0.8,case_022,0,ok,0.9233176838810642,1.9233176838810642,1227,639.0,0.15388628064684404,stop,False,13.338768892921507
longbench_v2_qwen3,spec_casc_tok,alpha0.8,case_023,0,ok,0.3800271125169453,1.3800271125169452,3055,2213.0,0.06333785208615755,stop,False,50.85959119303152
longbench_v2_qwen3,spec_casc_tok,alpha0.8,case_024,0,ok,0.8395976707252515,1.8395976707252515,3475,1889.0,0.13993294512087523,stop,False,39.85503409989178
longbench_v2_qwen3,spec_casc_tok,alpha0.8,case_025,0,ok,1.1083617747440273,2.1083617747440275,2472,1172.0,0.18472696245733788,stop,False,30.478152053896338
longbench_v2_qwen3,spec_casc_tok,alpha0.8,case_026,0,ok,1.1871829105473966,2.1871829105473966,8192,3745.0,0.1978638184245661,length,False,85.46740045072511
longbench_v2_qwen3,spec_casc_tok,alpha0.8,case_027,0,ok,0.9157232704402516,1.9157232704402516,1520,795.0,0.15262054507337527,stop,False,17.243811747059226
longbench_v2_qwen3,spec_casc_tok,alpha0.8,case_028,0,ok,1.702127659574468,2.702127659574468,1779,658.0,0.28368794326241137,stop,False,16.917324542067945
longbench_v2_qwen3,spec_casc_tok,alpha0.8,case_029,0,ok,0.859946949602122,1.8599469496021221,3507,1885.0,0.14332449160035368,stop,False,38.3647407758981
longbench_v2_qwen3,spec_casc_tok,alpha0.8,case_030,0,ok,1.4494623655913978,2.4494623655913976,4557,1860.0,0.24157706093189965,stop,False,44.46950199920684
longbench_v2_qwen3,spec_casc_tok,alpha0.8,case_031,0,ok,0.29416884247171454,1.2941688424717146,1487,1149.0,0.04902814041195242,stop,False,27.44767320016399
longbench_v2_qwen3,spec_casc_tok,alpha0.8,case_032,0,ok,0.5221707478491066,1.5221707478491067,2299,1511.0,0.08702845797485109,stop,False,33.20101985428482
longbench_v2_qwen3,spec_casc_tok,alpha0.8,case_033,0,ok,1.4868244752121482,2.4868244752121482,5569,2239.0,0.2478040792020247,stop,False,54.296194517053664
longbench_v2_qwen3,spec_casc_tok,alpha0.8,case_034,0,ok,0.8753148614609572,1.8753148614609572,2977,1588.0,0.14588581024349287,stop,False,34.34904819726944
longbench_v2_qwen3,spec_casc_tok,alpha0.8,case_035,0,ok,0.9402777777777778,1.9402777777777778,5587,2880.0,0.15671296296296297,stop,False,60.942848240956664
longbench_v2_qwen3,spec_casc_tok,alpha0.8,case_036,0,ok,1.0717230008244023,2.0717230008244023,2514,1213.0,0.17862050013740038,stop,False,25.757415554951876
longbench_v2_qwen3,spec_casc_tok,alpha0.8,case_037,0,ok,0.9287330316742082,1.9287330316742082,3411,1768.0,0.15478883861236803,stop,False,37.92686065658927
longbench_v2_qwen3,spec_casc_tok,alpha0.8,case_038,0,ok,0.631367292225201,1.631367292225201,1216,746.0,0.10522788203753351,stop,False,16.089238835964352
longbench_v2_qwen3,spec_casc_tok,alpha0.8,case_039,0,ok,0.6114790286975718,1.6114790286975718,2191,1359.0,0.10191317144959529,stop,False,28.824496425222605
longbench_v2_qwen3,spec_casc_tok,alpha0.8,case_040,0,ok,0.7641083521444695,1.7641083521444694,1562,886.0,0.12735139202407825,stop,False,19.11553039867431
longbench_v2_qwen3,spec_casc_tok,alpha0.8,case_041,0,ok,0.5179180887372014,1.5179180887372015,1780,1172.0,0.08631968145620023,stop,False,27.677296762354672
longbench_v2_qwen3,spec_casc_tok,alpha0.8,case_042,0,ok,0.6163886874546773,1.6163886874546773,2230,1379.0,0.10273144790911289,stop,False,30.471543239895254
longbench_v2_qwen3,spec_casc_tok,alpha0.8,case_043,0,ok,1.0994082840236687,2.099408284023669,5323,2535.0,0.18323471400394478,stop,False,53.292486992198974
longbench_v2_qwen3,spec_casc_tok,alpha0.8,case_044,0,ok,0.341248563768671,1.341248563768671,3503,2611.0,0.05687476062811184,stop,False,58.332067335024476
longbench_v2_qwen3,spec_casc_tok,alpha0.8,case_045,0,ok,0.7549271636675235,1.7549271636675234,8192,4668.0,0.12582119394458727,length,False,108.05094835208729
longbench_v2_qwen3,spec_casc_tok,alpha0.8,case_046,0,ok,0.2294936334024282,1.2294936334024282,4153,3377.0,0.0382489389004047,stop,False,75.34637789428234
longbench_v2_qwen3,spec_casc_tok,alpha0.8,case_047,0,ok,0.7536764705882353,1.7536764705882353,2386,1360.0,0.1256127450980392,stop,False,30.084642343688756
longbench_v2_qwen3,spec_casc_tok,alpha0.8,case_048,0,ok,0.47811993517017826,1.4781199351701781,913,617.0,0.07968665586169638,stop,False,13.888751385733485
longbench_v2_qwen3,spec_casc_tok,alpha0.8,case_049,0,ok,0.5279898218829516,1.5279898218829517,1202,786.0,0.0879983036471586,stop,False,18.8955774246715
longbench_v2_qwen3,spec_casc_tok,alpha0.8,case_050,0,ok,1.1498637602179838,2.1498637602179835,3157,1468.0,0.1916439600363306,stop,False,31.966170052066445
longbench_v2_qwen3,spec_casc_tok,alpha0.8,case_051,0,ok,0.9735191637630662,1.9735191637630662,2833,1435.0,0.16225319396051102,stop,False,35.384769971016794
longbench_v2_qwen3,spec_casc_tok,alpha0.8,case_052,0,ok,0.36287923854848303,1.3628792385484831,2292,1681.0,0.06047987309141384,stop,False,40.853468369692564
longbench_v2_qwen3,spec_casc_tok,alpha0.8,case_053,0,ok,0.49938650306748467,1.4993865030674847,1223,815.0,0.08323108384458078,stop,False,17.989930579904467
longbench_v2_qwen3,spec_casc_tok,alpha0.8,case_054,0,ok,0.9743589743589743,1.9743589743589745,1153,585.0,0.1623931623931624,stop,False,13.47189413709566
longbench_v2_qwen3,spec_casc_tok,alpha0.8,case_055,0,ok,0.6092070573920098,1.6092070573920099,7936,4931.0,0.10153450956533495,stop,False,103.19342071609572
longbench_v2_qwen3,spec_casc_tok,alpha0.8,case_056,0,ok,0.8840579710144928,1.8840579710144927,2861,1518.0,0.1473429951690821,stop,False,31.90242547588423
longbench_v2_qwen3,spec_casc_tok,alpha0.8,case_057,0,ok,0.6439114391143912,1.6439114391143912,892,542.0,0.10731857318573186,stop,False,12.572272460907698
longbench_v2_qwen3,spec_casc_tok,alpha0.8,case_058,0,ok,1.5657517410897173,2.5657517410897173,6264,2441.0,0.2609586235149529,stop,False,58.43166668666527
longbench_v2_qwen3,spec_casc_tok,alpha0.8,case_059,0,ok,0.7687400318979266,1.7687400318979267,3328,1881.0,0.12812333864965444,stop,False,40.33518085582182
longbench_v2_qwen3,spec_casc_tok,alpha0.8,case_060,0,ok,0.6161369193154034,1.6161369193154034,1323,818.0,0.10268948655256724,stop,False,18.81942336121574
longbench_v2_qwen3,spec_casc_tok,alpha0.8,case_061,0,ok,1.0546265328874025,2.0546265328874025,1842,897.0,0.17577108881456707,stop,False,18.981111271772534
longbench_v2_qwen3,spec_casc_tok,alpha0.8,case_062,0,ok,0.7151639344262295,1.7151639344262295,838,488.0,0.11919398907103824,stop,False,13.21504905121401
longbench_v2_qwen3,spec_casc_tok,alpha0.8,case_063,0,ok,0.9122137404580153,1.9122137404580153,2003,1048.0,0.15203562340966922,stop,False,22.359095079358667
longbench_v2_qwen3,spec_casc_tok,alpha0.8,case_064,0,ok,0.8046875,1.8046875,922,512.0,0.13411458333333334,stop,False,11.429859635420144
longbench_v2_qwen3,spec_casc_tok,alpha0.8,case_065,0,ok,0.6478679504814305,1.6478679504814306,1199,727.0,0.10797799174690509,stop,False,15.196974670048803
longbench_v2_qwen3,spec_casc_tok,alpha0.8,case_066,0,ok,0.7708609271523179,1.770860927152318,1335,755.0,0.12847682119205298,stop,False,15.776113952044398
longbench_v2_qwen3,spec_casc_tok,alpha0.8,case_067,0,ok,1.3326403326403327,2.3326403326403327,7855,3367.0,0.2221067221067221,stop,False,78.42623991379514
longbench_v2_qwen3,spec_casc_tok,alpha0.8,case_068,0,ok,0.8039473684210526,1.8039473684210527,1372,760.0,0.13399122807017544,stop,False,17.604183196090162
longbench_v2_qwen3,spec_casc_tok,alpha0.8,case_069,0,ok,0.43380614657210403,1.433806146572104,1214,846.0,0.072301024428684,stop,False,19.371447970159352
longbench_v2_qwen3,spec_casc_tok,alpha0.8,case_070,0,ok,0.7657657657657657,1.7657657657657657,2157,1221.0,0.12762762762762764,stop,False,25.74224420916289
longbench_v2_qwen3,spec_casc_tok,alpha0.8,case_071,0,ok,0.6429780033840947,1.6429780033840946,5827,3546.0,0.10716300056401579,stop,False,75.28276943275705
longbench_v2_qwen3,spec_casc_tok,alpha0.8,case_072,0,ok,1.5470327008477998,2.5470327008478,6310,2477.0,0.2578387834746333,stop,False,60.09693345287815
longbench_v2_qwen3,spec_casc_tok,alpha0.8,case_073,0,ok,0.3317941952506596,1.3317941952506596,2020,1516.0,0.05529903254177661,stop,False,33.75664811488241
longbench_v2_qwen3,spec_casc_tok,alpha0.8,case_074,0,ok,0.80970625798212,1.80970625798212,2835,1566.0,0.13495104299702002,stop,False,38.63541741995141
longbench_v2_qwen3,spec_casc_tok,alpha0.8,case_075,0,ok,0.3583959899749373,1.3583959899749374,1085,798.0,0.05973266499582289,stop,False,19.691918767988682
longbench_v2_qwen3,spec_casc_tok,alpha0.8,case_076,0,ok,0.827922077922078,1.827922077922078,1127,616.0,0.137987012987013,stop,False,13.653444643132389
longbench_v2_qwen3,spec_casc_tok,alpha0.8,case_077,0,ok,0.3550239234449761,1.3550239234449761,2833,2090.0,0.05917065390749601,stop,False,48.10751587012783
longbench_v2_qwen3,spec_casc_tok,alpha0.8,case_078,0,ok,0.4305694305694306,1.4305694305694305,1430,1001.0,0.07176157176157176,stop,False,23.767743785865605
longbench_v2_qwen3,spec_casc_tok,alpha0.8,case_079,0,ok,0.4503588516746411,1.450358851674641,2426,1672.0,0.07505980861244019,stop,False,36.67706124391407
longbench_v2_qwen3,spec_casc_tok,alpha0.8,case_080,0,ok,0.7258883248730964,1.7258883248730963,3061,1773.0,0.12098138747884941,stop,False,38.2625477607362
longbench_v2_qwen3,spec_casc_tok,alpha0.8,case_081,0,ok,1.0958730158730159,2.095873015873016,3302,1575.0,0.18264550264550264,stop,False,35.14262020587921
longbench_v2_qwen3,spec_casc_tok,alpha0.8,case_082,0,ok,0.5717213114754098,1.5717213114754098,766,488.0,0.09528688524590163,stop,False,12.05226122122258
longbench_v2_qwen3,spec_casc_tok,alpha0.8,case_083,0,ok,1.093681917211329,2.0936819172113292,1923,918.0,0.1822803195352215,stop,False,19.841187200974673
longbench_v2_qwen3,spec_casc_tok,alpha0.8,case_084,0,ok,0.7753721244925575,1.7753721244925575,1311,739.0,0.12922868741542626,stop,False,17.087030040100217
longbench_v2_qwen3,spec_casc_tok,alpha0.8,case_085,0,ok,0.746268656716418,1.7462686567164178,4564,2613.0,0.12437810945273632,stop,False,54.994762557093054
longbench_v2_qwen3,spec_casc_tok,alpha0.8,case_086,0,ok,0.6051188299817185,1.6051188299817185,879,547.0,0.1008531383302864,stop,False,12.845168432686478
longbench_v2_qwen3,spec_casc_tok,alpha0.8,case_087,0,ok,0.9335302806499262,1.9335302806499262,1310,677.0,0.15558838010832102,stop,False,14.49678467400372
longbench_v2_qwen3,spec_casc_tok,alpha0.8,case_088,0,ok,1.0667193051717332,2.066719305171733,5236,2533.0,0.17778655086195552,stop,False,60.721420702990144
longbench_v2_qwen3,spec_casc_tok,alpha0.8,case_089,0,ok,1.1789794364051789,2.1789794364051787,5721,2626.0,0.1964965727341965,stop,False,57.307704153005034
longbench_v2_qwen3,spec_casc_tok,alpha0.8,case_090,0,ok,0.5154320987654321,1.515432098765432,1965,1296.0,0.08590534979423868,stop,False,28.93969628913328
longbench_v2_qwen3,spec_casc_tok,alpha0.8,case_091,0,ok,1.3401885175664097,2.3401885175664097,8192,3501.0,0.22336475292773494,length,False,81.49250118015334
longbench_v2_qwen3,spec_casc_tok,alpha0.8,case_092,0,ok,0.4201769911504425,1.4201769911504425,4013,2825.0,0.07002949852507374,stop,False,60.79893485410139
longbench_v2_qwen3,spec_casc_tok,alpha0.8,case_093,0,ok,0.7131386861313869,1.7131386861313869,2348,1370.0,0.11885644768856447,stop,False,29.295761085115373
longbench_v2_qwen3,spec_casc_tok,alpha0.8,case_094,0,ok,0.3064118372379778,1.3064118372379778,2120,1622.0,0.051068639539662966,stop,False,38.5341861252673
longbench_v2_qwen3,spec_casc_tok,alpha0.8,case_095,0,ok,0.41920374707259955,1.4192037470725996,1819,1281.0,0.06986729117876658,stop,False,30.596802518703043
longbench_v2_qwen3,spec_casc_tok,alpha0.8,case_096,0,ok,1.008097165991903,2.008097165991903,4959,2470.0,0.1680161943319838,stop,False,52.727556937839836
longbench_v2_qwen3,spec_casc_tok,alpha0.8,case_097,0,ok,0.7212475633528265,1.7212475633528266,1767,1026.0,0.12020792722547108,stop,False,21.996138150803745
longbench_v2_qwen3,spec_casc_tok,alpha0.8,case_098,0,ok,0.5736994219653179,1.5736994219653178,2179,1384.0,0.09561657032755298,stop,False,30.257172541692853
longbench_v2_qwen3,spec_casc_tok,alpha0.8,case_099,0,ok,0.7214944201843765,1.7214944201843765,3547,2061.0,0.12024907003072942,stop,False,44.34797631809488
longbench_v2_qwen3,spec_casc_tok,alpha0.8,case_100,0,ok,1.4055555555555554,2.4055555555555554,4331,1800.0,0.23425925925925925,stop,False,43.47950992593542
longbench_v2_qwen3,spec_casc_tok,alpha0.8,case_101,0,ok,0.9046733317833062,1.9046733317833062,8192,4301.0,0.15077888863055103,length,False,94.99440770596266
longbench_v2_qwen3,spec_casc_tok,alpha0.8,case_102,0,ok,0.7584158415841584,1.7584158415841584,1777,1010.0,0.1264026402640264,stop,False,21.475256465841085
longbench_v2_qwen3,spec_casc_tok,alpha0.8,case_103,0,ok,0.8161375661375662,1.816137566137566,1371,756.0,0.13602292768959437,stop,False,16.043564789928496
longbench_v2_qwen3,spec_casc_tok,alpha0.8,case_104,0,ok,0.781706379707917,1.781706379707917,2319,1301.0,0.13028439661798616,stop,False,27.64575140690431
longbench_v2_qwen3,spec_casc_tok,alpha0.8,case_105,0,ok,0.8731707317073171,1.873170731707317,2305,1230.0,0.14552845528455285,stop,False,26.373675481881946
longbench_v2_qwen3,spec_casc_tok,alpha0.8,case_106,0,ok,0.5661567877629063,1.5661567877629063,8192,5230.0,0.09435946462715106,length,False,109.8799862889573
longbench_v2_qwen3,spec_casc_tok,alpha0.8,case_107,0,ok,0.5046696644759598,1.5046696644759598,4351,2891.0,0.08411161074599331,stop,False,63.50430046999827
longbench_v2_qwen3,spec_casc_tok,alpha0.8,case_108,0,ok,0.2804195804195804,1.2804195804195804,1832,1430.0,0.04673659673659673,stop,False,35.628285746555775
longbench_v2_qwen3,spec_casc_tok,alpha0.8,case_109,0,ok,1.1649705409748259,2.164970540974826,4043,1867.0,0.19416175682913767,stop,False,47.12699825083837
longbench_v2_qwen3,spec_casc_tok,alpha0.8,case_110,0,ok,0.7438330170777988,1.7438330170777987,2758,1581.0,0.12397216951296648,stop,False,34.32649427559227
longbench_v2_qwen3,spec_casc_tok,alpha0.8,case_111,0,ok,0.46855059252506837,1.4685505925250684,3223,2194.0,0.07809176542084473,stop,False,48.71963210590184
longbench_v2_qwen3,spec_casc_tok,alpha0.8,case_112,0,ok,0.4515778019586507,1.4515778019586507,1335,919.0,0.07526296699310846,stop,False,20.35072185890749
longbench_v2_qwen3,spec_casc_tok,alpha0.8,case_113,0,ok,0.6899408284023668,1.6899408284023667,1429,845.0,0.11499013806706114,stop,False,17.848374538123608
longbench_v2_qwen3,spec_casc_tok,alpha0.8,case_114,0,ok,0.554726368159204,1.554726368159204,626,402.0,0.09245439469320066,stop,False,9.88441937416792
longbench_v2_qwen3,spec_casc_tok,alpha0.8,case_115,0,ok,0.6218097447795824,1.6218097447795823,1397,862.0,0.10363495746326373,stop,False,18.669372155796736
longbench_v2_qwen3,spec_casc_tok,alpha0.8,case_116,0,ok,1.104389721627409,2.104389721627409,3930,1868.0,0.18406495360456818,stop,False,39.04067780356854
longbench_v2_qwen3,spec_casc_tok,alpha0.8,case_117,0,ok,0.5418863503222027,1.5418863503222027,2631,1707.0,0.09031439172036712,stop,False,38.75348453782499
longbench_v2_qwen3,spec_casc_tok,alpha0.8,case_118,0,ok,1.393266475644699,2.3932664756446993,6683,2792.0,0.23221107927411652,stop,False,61.17279069125652
longbench_v2_qwen3,spec_casc_tok,alpha0.8,case_119,0,ok,0.5670103092783505,1.5670103092783505,607,388.0,0.09450171821305842,stop,False,9.346011129207909
longbench_v2_qwen3,spec_casc_tok,alpha0.8,case_120,0,ok,0.330718954248366,1.330718954248366,3055,2295.0,0.055119825708061,stop,False,51.81343458592892
longbench_v2_qwen3,spec_casc_tok,alpha0.8,case_121,0,ok,0.633399209486166,1.633399209486166,1652,1012.0,0.10556653491436101,stop,False,22.35692868195474
longbench_v2_qwen3,spec_casc_tok,alpha0.8,case_122,0,ok,0.3269406392694064,1.3269406392694063,1454,1095.0,0.054490106544901065,stop,False,26.76925605768338
longbench_v2_qwen3,spec_casc_tok,alpha0.8,case_123,0,ok,0.9627618308766486,1.9627618308766486,2531,1289.0,0.1604603051461081,stop,False,27.606250203680247
longbench_v2_qwen3,spec_casc_tok,alpha0.8,case_124,0,ok,1.0239477503628447,2.0239477503628445,2790,1378.0,0.17065795839380746,stop,False,29.600626503117383
longbench_v2_qwen3,spec_casc_tok,alpha0.8,case_125,0,ok,0.5888568683957733,1.5888568683957733,1655,1041.0,0.09814281139929555,stop,False,23.14310702169314
longbench_v2_qwen3,spec_casc_tok,alpha0.8,case_126,0,ok,0.4775561097256858,1.4775561097256857,1186,802.0,0.07959268495428097,stop,False,18.500644329935312
longbench_v2_qwen3,spec_casc_tok,alpha0.8,case_127,0,ok,0.5098039215686274,1.5098039215686274,1618,1071.0,0.08496732026143791,stop,False,24.195841247215867
longbench_v2_qwen3,spec_casc_tok,alpha0.8,case_128,0,ok,0.5581134194272881,1.558113419427288,2776,1781.0,0.09301890323788134,stop,False,41.49954041885212
longbench_v2_qwen3,spec_casc_tok,alpha0.8,case_129,0,ok,0.4448297604035309,1.444829760403531,4582,3172.0,0.07413829340058849,stop,False,67.72218149201944
longbench_v2_qwen3,spec_casc_tok,alpha0.8,case_130,0,ok,0.7030516431924883,1.7030516431924883,1452,852.0,0.11717527386541471,stop,False,18.163075730670244
longbench_v2_qwen3,spec_casc_tok,alpha0.8,case_131,0,ok,1.490482233502538,2.4904822335025383,3926,1576.0,0.24841370558375633,stop,False,37.81892536999658
longbench_v2_qwen3,spec_casc_tok,alpha0.8,case_132,0,ok,0.4589473684210526,1.4589473684210525,2080,1425.0,0.07649122807017544,stop,False,32.950506845954806
longbench_v2_qwen3,spec_casc_tok,alpha0.8,case_133,0,ok,0.5134189031505251,1.5134189031505252,2595,1714.0,0.08556981719175417,stop,False,37.52802140219137
longbench_v2_qwen3,spec_casc_tok,alpha0.8,case_134,0,ok,1.053156146179402,2.053156146179402,3091,1505.0,0.17552602436323367,stop,False,31.4231799938716
longbench_v2_qwen3,spec_casc_tok,alpha0.8,case_135,0,ok,0.8903792784458835,1.8903792784458835,8175,4324.0,0.14839654640764724,stop,False,92.30565514508635
longbench_v2_qwen3,spec_casc_tok,alpha0.8,case_136,0,ok,0.4252517428350116,1.4252517428350115,1841,1291.0,0.07087529047250193,stop,False,31.854379316791892
longbench_v2_qwen3,spec_casc_tok,alpha0.8,case_137,0,ok,0.6365348399246704,1.6365348399246704,2608,1593.0,0.10608913998744507,stop,False,33.87706654006615
longbench_v2_qwen3,spec_casc_tok,alpha0.8,case_138,0,ok,0.38663171690694625,1.3866317169069462,2117,1526.0,0.06443861948449105,stop,False,34.17175563797355
longbench_v2_qwen3,spec_casc_tok,alpha0.8,case_139,0,ok,0.32823259372609026,1.3282325937260904,3473,2614.0,0.05470543228768172,stop,False,59.9667036770843
longbench_v2_qwen3,spec_casc_tok,alpha0.8,case_140,0,ok,0.7482151356496907,1.7482151356496907,3671,2101.0,0.12470252260828177,stop,False,44.63356070779264
longbench_v2_qwen3,spec_casc_tok,alpha0.8,case_141,0,ok,0.9316239316239316,1.9316239316239316,905,468.0,0.15527065527065528,stop,False,10.501758370082825
longbench_v2_qwen3,spec_casc_tok,alpha0.8,case_142,0,ok,0.4269340974212034,1.4269340974212035,1495,1047.0,0.07115568290353391,stop,False,23.133175261318684
longbench_v2_qwen3,spec_casc_tok,alpha0.8,case_143,0,ok,0.8817509948834565,1.8817509948834565,6621,3518.0,0.14695849914724274,stop,False,84.1277074702084
longbench_v2_qwen3,spec_casc_tok,alpha0.8,case_144,0,ok,1.5096477794793262,2.509647779479326,8192,3265.0,0.2516079632465544,length,False,72.95068514719605
longbench_v2_qwen3,spec_casc_tok,alpha0.8,case_145,0,ok,0.9701338825952626,1.9701338825952626,1914,971.0,0.16168898043254376,stop,False,20.058789134956896
longbench_v2_qwen3,spec_casc_tok,alpha0.8,case_146,0,ok,0.6944858420268256,1.6944858420268256,1136,671.0,0.11574764033780427,stop,False,14.209313875995576
longbench_v2_qwen3,spec_casc_tok,alpha0.8,case_147,0,ok,0.6931506849315069,1.6931506849315068,1235,730.0,0.11552511415525114,stop,False,15.635266955941916
longbench_v2_qwen3,spec_casc_tok,alpha0.8,case_148,0,ok,0.5069124423963134,1.5069124423963134,655,434.0,0.08448540706605223,stop,False,10.33785341726616
longbench_v2_qwen3,spec_casc_tok,alpha0.8,case_149,0,ok,0.7458696305196756,1.7458696305196755,5813,3329.0,0.1243116050866126,stop,False,71.24870038405061
longbench_v2_qwen3,spec_casc_tok,alpha0.8,case_150,0,ok,1.1174004192872118,2.117400419287212,1009,477.0,0.1862334032145353,stop,False,10.991099109873176
longbench_v2_qwen3,spec_casc_tok_hsr_guard,alpha0.3_budget10_pct99_k8,case_001,0,ok,0.3377425044091711,1.337742504409171,1516,1134.0,0.056290417401528514,stop,False,24.373931703157723
longbench_v2_qwen3,spec_casc_tok_hsr_guard,alpha0.3_budget10_pct99_k8,case_002,0,ok,0.34910277324632955,1.3491027732463294,826,613.0,0.05818379554105492,stop,False,15.522451180033386
longbench_v2_qwen3,spec_casc_tok_hsr_guard,alpha0.3_budget10_pct99_k8,case_003,0,ok,0.3954887218045113,1.3954887218045113,929,665.0,0.06591478696741855,stop,False,14.126403043977916
longbench_v2_qwen3,spec_casc_tok_hsr_guard,alpha0.3_budget10_pct99_k8,case_004,0,ok,0.7481108312342569,1.748110831234257,1387,794.0,0.12468513853904283,stop,False,15.030578615143895
longbench_v2_qwen3,spec_casc_tok_hsr_guard,alpha0.3_budget10_pct99_k8,case_005,0,ok,1.106548279689234,2.106548279689234,3797,1802.0,0.18442471328153903,stop,False,32.36683540092781
longbench_v2_qwen3,spec_casc_tok_hsr_guard,alpha0.3_budget10_pct99_k8,case_006,0,ok,0.5139708776072412,1.5139708776072411,3848,2541.0,0.08566181293454021,stop,False,48.18740368913859
longbench_v2_qwen3,spec_casc_tok_hsr_guard,alpha0.3_budget10_pct99_k8,case_007,0,ok,0.32552301255230126,1.3255230125523012,1585,1195.0,0.05425383542538354,stop,False,26.427083283197135
longbench_v2_qwen3,spec_casc_tok_hsr_guard,alpha0.3_budget10_pct99_k8,case_008,0,ok,1.2635294117647058,2.263529411764706,3849,1700.0,0.21058823529411766,stop,False,35.431756890844554
longbench_v2_qwen3,spec_casc_tok_hsr_guard,alpha0.3_budget10_pct99_k8,case_009,0,ok,1.316414244781007,2.316414244781007,5660,2443.0,0.21940237413016783,stop,False,48.95235089818016
longbench_v2_qwen3,spec_casc_tok_hsr_guard,alpha0.3_budget10_pct99_k8,case_010,0,ok,0.375366568914956,1.3753665689149561,1408,1023.0,0.06256109481915934,stop,False,22.608275248203427
longbench_v2_qwen3,spec_casc_tok_hsr_guard,alpha0.3_budget10_pct99_k8,case_011,0,ok,0.5594563986409966,1.5594563986409966,1378,883.0,0.09324273310683277,stop,False,16.80531577207148
longbench_v2_qwen3,spec_casc_tok_hsr_guard,alpha0.3_budget10_pct99_k8,case_012,0,ok,0.8694444444444445,1.8694444444444445,3364,1800.0,0.1449074074074074,stop,False,32.88042179401964
longbench_v2_qwen3,spec_casc_tok_hsr_guard,alpha0.3_budget25_pct99.9_k8,case_001,0,ok,0.35543478260869565,1.3554347826086957,1248,920.0,0.05923913043478261,stop,False,20.962046346627176
longbench_v2_qwen3,spec_casc_tok_hsr_guard,alpha0.3_budget25_pct99.9_k8,case_002,0,ok,0.38702928870292885,1.3870292887029287,1325,956.0,0.06450488145048815,stop,False,23.42672818992287
longbench_v2_qwen3,spec_casc_tok_hsr_guard,alpha0.3_budget25_pct99.9_k8,case_003,0,ok,0.3954887218045113,1.3954887218045113,929,665.0,0.06591478696741855,stop,False,14.698656467255205
longbench_v2_qwen3,spec_casc_tok_hsr_guard,alpha0.3_budget25_pct99.9_k8,case_004,0,ok,0.7590799031476998,1.7590799031476998,1454,826.0,0.12651331719128328,stop,False,16.943208097014576
longbench_v2_qwen3,spec_casc_tok_hsr_guard,alpha0.3_budget25_pct99.9_k8,case_005,0,ok,1.1102449888641426,2.1102449888641424,3788,1796.0,0.1850408314773571,stop,False,37.285967900883406
longbench_v2_qwen3,spec_casc_tok_hsr_guard,alpha0.3_budget25_pct99.9_k8,case_006,0,ok,0.519036519036519,1.519036519036519,3911,2574.0,0.0865060865060865,stop,False,53.26381481671706
longbench_v2_qwen3,spec_casc_tok_hsr_guard,alpha0.3_budget25_pct99.9_k8,case_007,0,ok,0.31230610134436404,1.312306101344364,1270,967.0,0.05205101689072734,stop,False,22.564212508965284
longbench_v2_qwen3,spec_casc_tok_hsr_guard,alpha0.3_budget25_pct99.9_k8,case_008,0,ok,1.459607843137255,2.4596078431372552,3137,1275.0,0.24326797385620916,stop,False,30.429786955937743
longbench_v2_qwen3,spec_casc_tok_hsr_guard,alpha0.3_budget25_pct99.9_k8,case_009,0,ok,1.3652822151224706,2.3652822151224706,6664,2817.0,0.2275470358537451,stop,False,65.41152748465538
longbench_v2_qwen3,spec_casc_tok_hsr_guard,alpha0.3_budget25_pct99.9_k8,case_010,0,ok,0.35282651072124754,1.3528265107212476,1387,1026.0,0.05880441845354126,stop,False,23.48864245507866
longbench_v2_qwen3,spec_casc_tok_hsr_guard,alpha0.3_budget25_pct99.9_k8,case_011,0,ok,0.5485592315901814,1.5485592315901813,1450,937.0,0.09142653859836357,stop,False,18.978331971913576
longbench_v2_qwen3,spec_casc_tok_hsr_guard,alpha0.3_budget25_pct99.9_k8,case_012,0,ok,0.8718980549966465,1.8718980549966466,2792,1491.0,0.1453163424994411,stop,False,30.458379737101495
longbench_v2_qwen3,strict,strict,case_001,0,ok,0.33740191804707936,1.3374019180470793,1535,1147.0,0.05623365300784656,stop,False,21.917827003169805
longbench_v2_qwen3,strict,strict,case_002,0,ok,0.3637702503681885,1.3637702503681886,925,679.0,0.06062837506136475,stop,False,15.446351089980453
longbench_v2_qwen3,strict,strict,case_003,0,ok,0.40540540540540543,1.4054054054054055,885,629.0,0.06756756756756757,stop,False,12.249948931857944
longbench_v2_qwen3,strict,strict,case_004,0,ok,0.7783203125,1.7783203125,1820,1024.0,0.12972005208333334,stop,False,16.577983546070755
longbench_v2_qwen3,strict,strict,case_005,0,ok,1.0996462264150944,2.0996462264150946,3560,1696.0,0.1832743710691824,stop,False,25.441674503032118
longbench_v2_qwen3,strict,strict,case_006,0,ok,0.5213615838832928,1.5213615838832928,4380,2879.0,0.08689359731388213,stop,False,47.24066520296037
longbench_v2_qwen3,strict,strict,case_007,0,ok,0.29265255292652553,1.2926525529265256,1036,803.0,0.04877542548775426,stop,False,16.77816854370758
longbench_v2_qwen3,strict,strict,case_008,0,ok,1.2416378316032295,2.2416378316032297,3888,1734.0,0.20693963860053827,stop,False,30.043846145737916
longbench_v2_qwen3,strict,strict,case_009,0,ok,1.2111344537815125,2.2111344537815123,4211,1904.0,0.20185574229691877,stop,False,31.731121493969113
longbench_v2_qwen3,strict,strict,case_010,0,ok,0.3460410557184751,1.3460410557184752,1378,1023.0,0.05767350928641251,stop,False,20.119921473320574
longbench_v2_qwen3,strict,strict,case_011,0,ok,0.5237580993520519,1.5237580993520519,1412,926.0,0.0872930165586753,stop,False,15.371194505132735
longbench_v2_qwen3,strict,strict,case_012,0,ok,0.9230769230769231,1.9230769230769231,2601,1352.0,0.15384615384615385,stop,False,20.950614016037434
longbench_v2_qwen3,strict,strict,case_013,0,ok,0.5711610486891385,1.5711610486891385,840,534.0,0.09519350811485643,stop,False,11.302345025818795
longbench_v2_qwen3,strict,strict,case_014,0,ok,0.7340267459138187,1.7340267459138188,3502,2019.0,0.12233779098563645,stop,False,41.60348809976131
longbench_v2_qwen3,strict,strict,case_015,0,ok,0.43049853372434016,1.43049853372434,2440,1705.0,0.07174975562072336,stop,False,36.832396660000086
longbench_v2_qwen3,strict,strict,case_016,0,ok,0.7795637198622273,1.7795637198622272,3101,1742.0,0.12992728664370456,stop,False,36.505374961998314
longbench_v2_qwen3,strict,strict,case_017,0,ok,0.699228791773779,1.699228791773779,662,389.0,0.11653813196229648,stop,False,8.754990349989384
longbench_v2_qwen3,strict,strict,case_018,0,ok,0.7917557251908397,1.7917557251908396,5869,3275.0,0.1319592875318066,stop,False,69.07860787026584
longbench_v2_qwen3,strict,strict,case_019,0,ok,0.5745983167559297,1.5745983167559297,2059,1307.0,0.09576638612598827,stop,False,28.706325334031135
longbench_v2_qwen3,strict,strict,case_020,0,ok,0.31913716814159293,1.3191371681415929,2386,1808.0,0.05318952802359882,stop,False,42.46041498798877
longbench_v2_qwen3,strict,strict,case_021,0,ok,0.7369758576874206,1.7369758576874206,1368,787.0,0.1228293096145701,stop,False,16.49089228408411
longbench_v2_qwen3,strict,strict,case_022,0,ok,0.7592592592592593,1.7592592592592593,1331,756.0,0.12654320987654322,stop,False,15.344963687937707
longbench_v2_qwen3,strict,strict,case_023,0,ok,0.35399551904406273,1.3539955190440627,3627,2678.0,0.05899925317401045,stop,False,60.8825574121438
longbench_v2_qwen3,strict,strict,case_024,0,ok,0.8131755018013381,1.813175501801338,3522,1943.0,0.13552925030022303,stop,False,41.13997145509347
longbench_v2_qwen3,strict,strict,case_025,0,ok,0.9736196319018405,1.9736196319018404,3218,1630.0,0.16226993865030676,stop,False,40.578192587941885
longbench_v2_qwen3,strict,strict,case_026,0,ok,0.8765719608756404,1.8765719608756404,8059,4294.0,0.14609532681260673,stop,False,93.7067378051579
longbench_v2_qwen3,strict,strict,case_027,0,ok,0.9392684610075914,1.9392684610075914,2809,1449.0,0.15654474350126524,stop,False,30.628706908784807
longbench_v2_qwen3,strict,strict,case_028,0,ok,1.6347992351816443,2.634799235181644,2757,1046.0,0.27246653919694075,stop,False,25.64515978982672
longbench_v2_qwen3,strict,strict,case_029,0,ok,0.8170509708737864,1.8170509708737863,5988,3296.0,0.13617516181229775,stop,False,66.08125047991052
longbench_v2_qwen3,strict,strict,case_030,0,ok,1.3634232121922627,2.363423212192263,4033,1706.0,0.22723720203204376,stop,False,39.67625947901979
longbench_v2_qwen3,strict,strict,case_031,0,ok,0.2694453560879554,1.2694453560879553,3869,3047.0,0.04490755934799256,stop,False,67.49006433226168
longbench_v2_qwen3,strict,strict,case_032,0,ok,0.4796116504854369,1.4796116504854369,2287,1545.0,0.07993527508090614,stop,False,33.58645607158542
longbench_v2_qwen3,strict,strict,case_033,0,ok,1.2562308701355487,2.256230870135549,5161,2287.0,0.2093718116892581,stop,False,53.95866915304214
longbench_v2_qwen3,strict,strict,case_034,0,ok,0.789544235924933,1.789544235924933,1336,746.0,0.13159070598748884,stop,False,16.458939901087433
longbench_v2_qwen3,strict,strict,case_035,0,ok,0.8495803744351195,1.8495803744351194,2864,1549.0,0.1415967290725199,stop,False,32.79273248370737
longbench_v2_qwen3,strict,strict,case_036,0,ok,1.0904411764705881,2.090441176470588,2840,1360.0,0.18174019607843137,stop,False,28.87377716926858
longbench_v2_qwen3,strict,strict,case_037,0,ok,0.8374443995147594,1.8374443995147594,4545,2473.0,0.13957406658579324,stop,False,52.03488471219316
longbench_v2_qwen3,strict,strict,case_038,0,ok,0.6683587140439933,1.6683587140439933,985,591.0,0.1113931190073322,stop,False,13.151121880859137
longbench_v2_qwen3,strict,strict,case_039,0,ok,0.5838218053927315,1.5838218053927315,2703,1706.0,0.09730363423212192,stop,False,35.66832864889875
longbench_v2_qwen3,strict,strict,case_040,0,ok,0.6865234375,1.6865234375,1726,1024.0,0.11442057291666667,stop,False,21.75920279370621
longbench_v2_qwen3,strict,strict,case_041,0,ok,0.4556840077071291,1.4556840077071291,1510,1038.0,0.07594733461785486,stop,False,24.733080139849335
longbench_v2_qwen3,strict,strict,case_042,0,ok,0.6180276662204373,1.6180276662204371,3627,2241.0,0.10300461103673955,stop,False,48.65719674387947
longbench_v2_qwen3,strict,strict,case_043,0,ok,0.9679144385026738,1.9679144385026737,3313,1683.0,0.16131907308377896,stop,False,35.10568728810176
longbench_v2_qwen3,strict,strict,case_044,0,ok,0.3019108280254777,1.3019108280254776,1023,785.0,0.05031847133757962,stop,False,19.376252768095583
longbench_v2_qwen3,strict,strict,case_045,0,ok,0.9897137745974955,1.9897137745974955,4450,2236.0,0.16495229576624926,stop,False,54.11604983732104
longbench_v2_qwen3,strict,strict,case_046,0,ok,0.23299632352941177,1.2329963235294117,2684,2176.0,0.038832720588235295,stop,False,49.59143993118778
longbench_v2_qwen3,strict,strict,case_047,0,ok,0.7340529931305201,1.7340529931305202,1768,1019.0,0.12234216552175335,stop,False,22.927077962085605
longbench_v2_qwen3,strict,strict,case_048,0,ok,0.4880668257756563,1.4880668257756562,1248,838.0,0.08134447096260938,stop,False,18.361357460729778
longbench_v2_qwen3,strict,strict,case_049,0,ok,0.5466019417475728,1.5466019417475727,1591,1030.0,0.09110032362459547,stop,False,24.110855707898736
longbench_v2_qwen3,strict,strict,case_050,0,ok,1.0039950829748003,2.0039950829748,6522,3254.0,0.16733251382913336,stop,False,69.25381323881447
longbench_v2_qwen3,strict,strict,case_051,0,ok,1.0043891733723482,2.0043891733723482,2741,1367.0,0.16739819556205804,stop,False,33.84811708563939
longbench_v2_qwen3,strict,strict,case_052,0,ok,0.3141914191419142,1.3141914191419142,1992,1515.0,0.05236523652365237,stop,False,36.821884816046804
longbench_v2_qwen3,strict,strict,case_053,0,ok,0.504950495049505,1.504950495049505,1521,1010.0,0.08415841584158416,stop,False,22.027978694997728
longbench_v2_qwen3,strict,strict,case_054,0,ok,0.9016817593790427,1.9016817593790427,1471,773.0,0.15028029322984046,stop,False,17.5585692897439
longbench_v2_qwen3,strict,strict,case_055,0,ok,0.6137617656604999,1.6137617656605,4971,3081.0,0.1022936276100833,stop,False,64.54143311502412
longbench_v2_qwen3,strict,strict,case_056,0,ok,0.8717770034843205,1.8717770034843206,2687,1435.0,0.14529616724738675,stop,False,30.229927096981555
longbench_v2_qwen3,strict,strict,case_057,0,ok,0.7015810276679841,1.7015810276679841,1721,1012.0,0.11693017127799736,stop,False,22.32715790066868
longbench_v2_qwen3,strict,strict,case_058,0,ok,1.4167278063096111,2.416727806309611,3295,1363.0,0.23612130105160187,stop,False,32.21299648610875
longbench_v2_qwen3,strict,strict,case_059,0,ok,0.7178294573643411,1.7178294573643411,1109,645.0,0.11963824289405685,stop,False,14.390224592760205
longbench_v2_qwen3,strict,strict,case_060,0,ok,0.543801652892562,1.543801652892562,1869,1210.0,0.090633608815427,stop,False,26.887756692245603
longbench_v2_qwen3,strict,strict,case_061,0,ok,0.8687534321801208,1.868753432180121,3402,1821.0,0.1447922386966868,stop,False,37.09158114809543
longbench_v2_qwen3,strict,strict,case_062,0,ok,0.714828897338403,1.714828897338403,901,526.0,0.11913814955640051,stop,False,14.030862108338624
longbench_v2_qwen3,strict,strict,case_063,0,ok,0.8515709642470206,1.8515709642470206,1710,923.0,0.1419284940411701,stop,False,19.7156562670134
longbench_v2_qwen3,strict,strict,case_064,0,ok,0.7825086306098964,1.7825086306098963,1548,869.0,0.13041810510164942,stop,False,18.63905710168183
longbench_v2_qwen3,strict,strict,case_065,0,ok,0.800755939524838,1.800755939524838,3336,1852.0,0.13345932325413967,stop,False,38.34004025021568
longbench_v2_qwen3,strict,strict,case_066,0,ok,0.6230769230769231,1.623076923076923,1056,650.0,0.10384615384615385,stop,False,13.40424953168258
longbench_v2_qwen3,strict,strict,case_067,0,ok,1.1270588235294117,2.1270588235294117,4521,2125.0,0.18784313725490195,stop,False,48.41740720998496
longbench_v2_qwen3,strict,strict,case_068,0,ok,0.8258903335217637,1.8258903335217638,3231,1769.0,0.13764838892029396,stop,False,38.995971056167036
longbench_v2_qwen3,strict,strict,case_069,0,ok,0.3860294117647059,1.3860294117647058,1132,816.0,0.06433823529411764,stop,False,18.618942499160767
longbench_v2_qwen3,strict,strict,case_070,0,ok,0.7838709677419354,1.7838709677419353,1658,930.0,0.13064516129032258,stop,False,19.888281399849802
longbench_v2_qwen3,strict,strict,case_071,0,ok,0.5973232470177481,1.597323247017748,5491,3437.0,0.09955387450295801,stop,False,72.58521395735443
longbench_v2_qwen3,strict,strict,case_072,0,ok,1.2979265187340852,2.2979265187340854,6318,2749.0,0.21632108645568085,stop,False,65.3276081290096
longbench_v2_qwen3,strict,strict,case_073,0,ok,0.3377212891511575,1.3377212891511574,2948,2203.0,0.05628688152519292,stop,False,48.140072664711624
longbench_v2_qwen3,strict,strict,case_074,0,ok,0.7988904299583911,1.7988904299583912,2595,1442.0,0.13314840499306518,stop,False,35.92468225909397
longbench_v2_qwen3,strict,strict,case_075,0,ok,0.35903337169159955,1.3590333716915994,1180,869.0,0.05983889528193326,stop,False,21.163693723268807
longbench_v2_qwen3,strict,strict,case_076,0,ok,0.8035714285714286,1.8035714285714286,1516,840.0,0.13392857142857142,stop,False,18.256638512015343
longbench_v2_qwen3,strict,strict,case_077,0,ok,0.3166144200626959,1.316614420062696,2101,1595.0,0.05276907001044932,stop,False,36.94741724524647
longbench_v2_qwen3,strict,strict,case_078,0,ok,0.3901098901098901,1.39010989010989,2278,1638.0,0.06501831501831502,stop,False,36.81370822293684
longbench_v2_qwen3,strict,strict,case_079,0,ok,0.4490161001788909,1.4490161001788908,1621,1118.0,0.07483601669648181,stop,False,24.99131507985294
longbench_v2_qwen3,strict,strict,case_080,0,ok,0.5829187396351575,1.5829187396351574,1910,1206.0,0.09715312327252626,stop,False,25.762669462244958
longbench_v2_qwen3,strict,strict,case_081,0,ok,0.639344262295082,1.639344262295082,1099,671.0,0.10655737704918032,stop,False,14.523080111015588
longbench_v2_qwen3,strict,strict,case_082,0,ok,0.54,1.54,694,450.0,0.09,stop,False,11.18745783995837
longbench_v2_qwen3,strict,strict,case_083,0,ok,1.0073891625615763,2.0073891625615765,2446,1218.0,0.16789819376026272,stop,False,25.904787940904498
longbench_v2_qwen3,strict,strict,case_084,0,ok,0.6889428918590522,1.6889428918590523,1389,823.0,0.11482381530984204,stop,False,18.619950970634818
longbench_v2_qwen3,strict,strict,case_085,0,ok,0.6659372720641867,1.6659372720641867,2285,1371.0,0.11098954534403112,stop,False,28.96455730078742
longbench_v2_qwen3,strict,strict,case_086,0,ok,0.5752212389380531,1.575221238938053,711,452.0,0.09587020648967552,stop,False,10.975565169006586
longbench_v2_qwen3,strict,strict,case_087,0,ok,0.9246231155778895,1.9246231155778895,1531,796.0,0.1541038525963149,stop,False,17.049410856794566
longbench_v2_qwen3,strict,strict,case_088,0,ok,0.9646017699115044,1.9646017699115044,5329,2712.0,0.1607669616519174,stop,False,64.115088225808
longbench_v2_qwen3,strict,strict,case_089,0,ok,1.093815149409312,2.093815149409312,6025,2878.0,0.182302524901552,stop,False,62.3392219520174
longbench_v2_qwen3,strict,strict,case_090,0,ok,0.5250227479526842,1.525022747952684,1677,1099.0,0.08750379132544737,stop,False,24.9560389877297
longbench_v2_qwen3,strict,strict,case_091,0,ok,1.3722782793414763,2.3722782793414763,4468,1883.0,0.22871304655691274,stop,False,44.758839044719934
longbench_v2_qwen3,strict,strict,case_092,0,ok,0.3856275303643725,1.3856275303643724,1370,988.0,0.06427125506072874,stop,False,22.489503373857588
longbench_v2_qwen3,strict,strict,case_093,0,ok,0.6462370437133844,1.6462370437133844,3652,2219.0,0.10770617395223074,stop,False,46.680214872118086
longbench_v2_qwen3,strict,strict,case_094,0,ok,0.26456542502387775,1.2645654250238778,1325,1047.0,0.04409423750397962,stop,False,26.049302695784718
longbench_v2_qwen3,strict,strict,case_095,0,ok,0.38601532567049807,1.3860153256704981,1448,1044.0,0.06433588761174969,stop,False,25.396292579825968
longbench_v2_qwen3,strict,strict,case_096,0,ok,0.8931234465617233,1.8931234465617233,4568,2414.0,0.1488539077602872,stop,False,51.08016605535522
longbench_v2_qwen3,strict,strict,case_097,0,ok,0.722969023962595,1.722969023962595,2949,1711.0,0.12049483732709916,stop,False,36.18374814186245
longbench_v2_qwen3,strict,strict,case_098,0,ok,0.5053147996729354,1.5053147996729352,1842,1223.0,0.08421913327882256,stop,False,26.854862973093987
longbench_v2_qwen3,strict,strict,case_099,0,ok,0.6624907885040531,1.6624907885040532,2257,1357.0,0.11041513141734217,stop,False,29.5544584649615
longbench_v2_qwen3,strict,strict,case_100,0,ok,1.3805522208883554,2.3805522208883554,5950,2499.0,0.2300920368147259,stop,False,60.31854250608012
longbench_v2_qwen3,strict,strict,case_101,0,ok,0.9122315592903828,1.9122315592903827,8192,4284.0,0.1520385932150638,length,False,95.13260629586875
longbench_v2_qwen3,strict,strict,case_102,0,ok,0.7289617486338797,1.7289617486338797,1583,915.0,0.12149362477231329,stop,False,19.560226754751056
longbench_v2_qwen3,strict,strict,case_103,0,ok,0.7632027257240205,1.7632027257240206,2071,1174.0,0.12720045428733673,stop,False,24.696193910669535
longbench_v2_qwen3,strict,strict,case_104,0,ok,0.6624068157614483,1.6624068157614484,1562,939.0,0.1104011359602414,stop,False,20.00170390261337
longbench_v2_qwen3,strict,strict,case_105,0,ok,0.8002117896223085,1.8002117896223084,5101,2833.0,0.1333686316037181,stop,False,59.334937412291765
longbench_v2_qwen3,strict,strict,case_106,0,ok,0.5673555300420972,1.5673555300420972,8192,5226.0,0.0945592550070162,length,False,110.52039833087474
longbench_v2_qwen3,strict,strict,case_107,0,ok,0.4318971507991661,1.431897150799166,4122,2878.0,0.07198285846652767,stop,False,62.68343717418611
longbench_v2_qwen3,strict,strict,case_108,0,ok,0.2637909581086686,1.2637909581086686,3048,2411.0,0.0439651596847781,stop,False,57.36777107929811
longbench_v2_qwen3,strict,strict,case_109,0,ok,1.11440329218107,2.11440329218107,2570,1215.0,0.18573388203017832,stop,False,31.646768727339804
longbench_v2_qwen3,strict,strict,case_110,0,ok,0.7729988052568698,1.77299880525687,2967,1674.0,0.12883313420947828,stop,False,36.517701394390315
longbench_v2_qwen3,strict,strict,case_111,0,ok,0.40537848605577687,1.4053784860557768,4234,3012.0,0.06756308100929614,stop,False,66.0346476607956
longbench_v2_qwen3,strict,strict,case_112,0,ok,0.45867768595041325,1.4586776859504131,1060,726.0,0.07644628099173553,stop,False,16.501015668734908
longbench_v2_qwen3,strict,strict,case_113,0,ok,0.6455059710873664,1.6455059710873665,2619,1591.0,0.10758432851456107,stop,False,32.73985013505444
longbench_v2_qwen3,strict,strict,case_114,0,ok,0.5714285714285714,1.5714285714285714,648,413.0,0.09523809523809523,stop,False,10.122553857974708
longbench_v2_qwen3,strict,strict,case_115,0,ok,0.6367816091954023,1.6367816091954022,713,435.0,0.10613026819923371,stop,False,10.044272397179157
longbench_v2_qwen3,strict,strict,case_116,0,ok,0.9739363740896896,1.9739363740896896,5149,2609.0,0.16232272901494826,stop,False,53.91889771819115
longbench_v2_qwen3,strict,strict,case_117,0,ok,0.5006180469715699,1.50061804697157,4854,3236.0,0.0834363411619283,stop,False,71.6236634128727
longbench_v2_qwen3,strict,strict,case_118,0,ok,1.134401114206128,2.134401114206128,6131,2872.0,0.18906685236768803,stop,False,60.748332056216896
longbench_v2_qwen3,strict,strict,case_119,0,ok,0.607565011820331,1.607565011820331,681,423.0,0.10126083530338849,stop,False,10.092153207864612
longbench_v2_qwen3,strict,strict,case_120,0,ok,0.33133533133533133,1.3313353313353313,3999,3003.0,0.055222555222555224,stop,False,67.14716641185805
longbench_v2_qwen3,strict,strict,case_121,0,ok,0.6265697290152016,1.6265697290152015,2462,1513.0,0.10442828816920026,stop,False,32.9466942967847
longbench_v2_qwen3,strict,strict,case_122,0,ok,0.3440046565774156,1.3440046565774155,2310,1718.0,0.05733410942956926,stop,False,40.38858263194561
longbench_v2_qwen3,strict,strict,case_123,0,ok,0.8763102725366876,1.8763102725366876,2684,1431.0,0.14605171208944795,stop,False,30.403240689076483
longbench_v2_qwen3,strict,strict,case_124,0,ok,0.9198645598194131,1.919864559819413,1702,886.0,0.15331075996990218,stop,False,18.978029245045036
longbench_v2_qwen3,strict,strict,case_125,0,ok,0.5551470588235294,1.5551470588235294,2962,1904.0,0.09252450980392157,stop,False,40.984056514222175
longbench_v2_qwen3,strict,strict,case_126,0,ok,0.42393736017897093,1.4239373601789709,1274,894.0,0.07065622669649516,stop,False,20.203905787784606
longbench_v2_qwen3,strict,strict,case_127,0,ok,0.45251857968620973,1.4525185796862097,1760,1211.0,0.07541976328103496,stop,False,26.905249846167862
longbench_v2_qwen3,strict,strict,case_128,0,ok,0.5022222222222222,1.5022222222222221,2026,1350.0,0.0837037037037037,stop,False,31.95998867508024
longbench_v2_qwen3,strict,strict,case_129,0,ok,0.42070484581497797,1.420704845814978,5161,3632.0,0.07011747430249633,stop,False,77.14805046282709
longbench_v2_qwen3,strict,strict,case_130,0,ok,0.6410009624639076,1.6410009624639077,1704,1039.0,0.1068334937439846,stop,False,21.85134483501315
longbench_v2_qwen3,strict,strict,case_131,0,ok,1.2182507446520443,2.2182507446520443,8192,3693.0,0.20304179077534074,length,False,85.22568618832156
longbench_v2_qwen3,strict,strict,case_132,0,ok,0.46059365404298874,1.4605936540429887,1428,977.0,0.0767656090071648,stop,False,23.506968583911657
longbench_v2_qwen3,strict,strict,case_133,0,ok,0.47557172557172556,1.4755717255717256,2840,1924.0,0.07926195426195426,stop,False,41.88728911289945
longbench_v2_qwen3,strict,strict,case_134,0,ok,0.7984251968503937,1.7984251968503937,1141,635.0,0.13307086614173227,stop,False,13.274486165959388
longbench_v2_qwen3,strict,strict,case_135,0,ok,0.8572101790763431,1.8572101790763431,7883,4244.0,0.1428683631793905,stop,False,90.17893109982833
longbench_v2_qwen3,strict,strict,case_136,0,ok,0.4233532934131736,1.4233532934131736,4755,3340.0,0.07055888223552895,stop,False,77.37238353630528
longbench_v2_qwen3,strict,strict,case_137,0,ok,0.6162753296880026,1.6162753296880026,5026,3109.0,0.10271255494800043,stop,False,65.27866133209318
longbench_v2_qwen3,strict,strict,case_138,0,ok,0.3650357339197361,1.365035733919736,2484,1819.0,0.060839288986622685,stop,False,40.2208396778442
longbench_v2_qwen3,strict,strict,case_139,0,ok,0.3226355458302942,1.3226355458302943,5441,4113.0,0.053772590971715696,stop,False,92.80240266537294
longbench_v2_qwen3,strict,strict,case_140,0,ok,0.7662337662337663,1.7662337662337664,2857,1617.0,0.1277056277056277,stop,False,34.70178847387433
longbench_v2_qwen3,strict,strict,case_141,0,ok,0.8886075949367088,1.8886075949367087,1491,790.0,0.14810126582278482,stop,False,17.10094318119809
longbench_v2_qwen3,strict,strict,case_142,0,ok,0.4398663697104677,1.4398663697104677,2587,1796.0,0.07331106161841129,stop,False,38.48602720210329
longbench_v2_qwen3,strict,strict,case_143,0,ok,0.837222870478413,1.837222870478413,3150,1714.0,0.13953714507973553,stop,False,42.18219163781032
longbench_v2_qwen3,strict,strict,case_144,0,ok,1.3601267646211466,2.3601267646211466,8192,3471.0,0.22668779410352444,length,False,76.34672557376325
longbench_v2_qwen3,strict,strict,case_145,0,ok,0.8038605230386052,1.8038605230386051,2898,1606.0,0.13397675383976754,stop,False,32.30602901428938
longbench_v2_qwen3,strict,strict,case_146,0,ok,0.6502890173410405,1.6502890173410405,1141,692.0,0.10838150289017341,stop,False,14.614092473406345
longbench_v2_qwen3,strict,strict,case_147,0,ok,0.5739769150052466,1.5739769150052467,1499,953.0,0.0956628191675411,stop,False,19.850818041712046
longbench_v2_qwen3,strict,strict,case_148,0,ok,0.49012567324955114,1.4901256732495511,831,557.0,0.08168761220825853,stop,False,12.83318165736273
longbench_v2_qwen3,strict,strict,case_149,0,ok,0.6603235014272122,1.6603235014272122,6981,4204.0,0.11005391690453536,stop,False,89.07147211860865
longbench_v2_qwen3,strict,strict,case_150,0,ok,0.9909638554216867,1.9909638554216866,662,332.0,0.16516064257028112,stop,False,7.786745963152498
