dataset,method,params,case,seed,status,l_bar,mean_accept_length,output_tokens,draft_rounds,draft_acceptance_rate,finish_reason,reached_final_channel,wall_time_seconds
mtbench,spec_casc_tok,alpha0.15,case_001,0,ok,1.6224489795918366,2.6224489795918364,2056,784.0,0.27040816326530615,stop,True,6.011354468995705
mtbench,spec_casc_tok,alpha0.15,case_001,1,ok,1.4769021739130435,2.4769021739130435,1822,736.0,0.24615036231884058,stop,True,5.652043432928622
mtbench,spec_casc_tok,alpha0.15,case_001,2,ok,1.3845428840716305,2.3845428840716307,2530,1061.0,0.23075714734527175,stop,True,8.188725214917213
mtbench,spec_casc_tok,alpha0.15,case_002,0,ok,1.948139797068771,2.9481397970687713,2614,887.0,0.3246899661781285,stop,True,6.313616850180551
mtbench,spec_casc_tok,alpha0.15,case_002,1,ok,1.9274406332453826,2.9274406332453826,2219,758.0,0.3212401055408971,stop,True,5.311157759977505
mtbench,spec_casc_tok,alpha0.15,case_002,2,ok,1.8498527968596663,2.8498527968596665,2905,1019.0,0.30830879947661105,stop,True,7.272300377953798
mtbench,spec_casc_tok,alpha0.15,case_003,0,ok,1.8254545454545454,2.825454545454545,1555,550.0,0.30424242424242426,stop,True,3.987432927824557
mtbench,spec_casc_tok,alpha0.15,case_003,1,ok,2.046816479400749,3.046816479400749,1627,534.0,0.34113607990012484,stop,True,3.78343496308662
mtbench,spec_casc_tok,alpha0.15,case_003,2,ok,1.8028169014084507,2.802816901408451,1393,497.0,0.3004694835680751,stop,True,3.6020764999557287
mtbench,spec_casc_tok,alpha0.15,case_004,0,ok,2.144475920679887,3.144475920679887,1110,353.0,0.3574126534466478,stop,True,2.601752649061382
mtbench,spec_casc_tok,alpha0.15,case_004,1,ok,2.4403669724770642,3.4403669724770642,375,109.0,0.40672782874617736,stop,True,0.8036099679302424
mtbench,spec_casc_tok,alpha0.15,case_004,2,ok,2.027972027972028,3.027972027972028,432,143.0,0.337995337995338,stop,True,1.0714073441922665
mtbench,spec_casc_tok,alpha0.15,case_005,0,ok,2.966666666666667,3.966666666666667,119,30.0,0.49444444444444446,stop,True,0.23803189699538052
mtbench,spec_casc_tok,alpha0.15,case_005,1,ok,2.7777777777777777,3.7777777777777777,102,27.0,0.46296296296296297,stop,True,0.2119816681370139
mtbench,spec_casc_tok,alpha0.15,case_005,2,ok,3.6956521739130435,4.695652173913043,107,23.0,0.6159420289855072,stop,True,0.18941708491183817
mtbench,spec_casc_tok,alpha0.15,case_006,0,ok,2.676470588235294,3.676470588235294,374,102.0,0.44607843137254904,stop,True,0.7670955178327858
mtbench,spec_casc_tok,alpha0.15,case_006,1,ok,2.6666666666666665,3.6666666666666665,396,108.0,0.4444444444444444,stop,True,0.7958496168721467
mtbench,spec_casc_tok,alpha0.15,case_006,2,ok,2.4719101123595504,3.4719101123595504,309,89.0,0.41198501872659177,stop,True,0.6765255050268024
mtbench,spec_casc_tok,alpha0.15,case_007,0,ok,2.7442922374429224,3.7442922374429224,1638,438.0,0.4573820395738204,stop,True,3.2653926089406013
mtbench,spec_casc_tok,alpha0.15,case_007,1,ok,2.5481927710843375,3.5481927710843375,1766,498.0,0.4246987951807229,stop,True,3.616344938054681
mtbench,spec_casc_tok,alpha0.15,case_007,2,ok,2.7154150197628457,3.7154150197628457,1878,506.0,0.4525691699604743,stop,True,3.7672126819379628
mtbench,spec_casc_tok,alpha0.15,case_008,0,ok,2.560846560846561,3.560846560846561,672,189.0,0.42680776014109345,stop,True,1.409731375053525
mtbench,spec_casc_tok,alpha0.15,case_008,1,ok,2.7861635220125787,3.7861635220125787,1204,318.0,0.4643605870020964,stop,True,2.3180146999657154
mtbench,spec_casc_tok,alpha0.15,case_008,2,ok,2.7,3.7,1073,290.0,0.45,stop,True,2.163635346107185
mtbench,spec_casc_tok,alpha0.15,case_009,0,ok,3.64,4.640000000000001,116,25.0,0.6066666666666667,stop,True,0.20660717296414077
mtbench,spec_casc_tok,alpha0.15,case_009,1,ok,3.3448275862068964,4.344827586206897,126,29.0,0.5574712643678161,stop,True,0.23161350400187075
mtbench,spec_casc_tok,alpha0.15,case_009,2,ok,3.75,4.75,134,28.0,0.625,stop,True,0.2304182848893106
mtbench,spec_casc_tok,alpha0.15,case_010,0,ok,2.1885714285714286,3.1885714285714286,1115,350.0,0.3647619047619048,stop,True,2.5663220298010856
mtbench,spec_casc_tok,alpha0.15,case_010,1,ok,2.3592057761732854,3.3592057761732854,1860,554.0,0.39320096269554755,stop,True,3.9756762981414795
mtbench,spec_casc_tok,alpha0.15,case_010,2,ok,2.0497237569060776,3.0497237569060776,1655,543.0,0.3416206261510129,stop,True,3.9998186510056257
mtbench,spec_casc_tok,alpha0.15,case_011,0,ok,1.6042735042735043,2.6042735042735043,3047,1170.0,0.2673789173789174,stop,True,8.518515164032578
mtbench,spec_casc_tok,alpha0.15,case_011,1,ok,1.7450980392156863,2.7450980392156863,2799,1020.0,0.2908496732026144,stop,True,7.278028779895976
mtbench,spec_casc_tok,alpha0.15,case_011,2,ok,1.7409783480352847,2.7409783480352847,3418,1247.0,0.29016305800588077,stop,True,9.14454244589433
mtbench,spec_casc_tok,alpha0.15,case_012,0,ok,1.7800212539851221,2.7800212539851223,2616,941.0,0.2966702089975204,stop,True,6.814788297051564
mtbench,spec_casc_tok,alpha0.15,case_012,1,ok,1.7283085013146362,2.728308501314636,3112,1141.0,0.28805141688577274,stop,True,8.091283242916688
mtbench,spec_casc_tok,alpha0.15,case_012,2,ok,1.771948608137045,2.771948608137045,2585,934.0,0.29532476802284086,stop,True,6.804015760077164
mtbench,spec_casc_tok,alpha0.15,case_013,0,ok,2.8117647058823527,3.8117647058823527,324,85.0,0.46862745098039216,stop,True,0.6329484798479825
mtbench,spec_casc_tok,alpha0.15,case_013,1,ok,2.336,3.336,417,125.0,0.3893333333333333,stop,True,0.8981394870206714
mtbench,spec_casc_tok,alpha0.15,case_013,2,ok,2.608695652173913,3.608695652173913,248,69.0,0.43478260869565216,stop,True,0.5181178750935942
mtbench,spec_casc_tok,alpha0.15,case_014,0,ok,1.7163120567375887,2.7163120567375887,382,141.0,0.2860520094562648,stop,True,1.0192687651142478
mtbench,spec_casc_tok,alpha0.15,case_014,1,ok,1.474074074074074,2.474074074074074,334,135.0,0.24567901234567902,stop,True,0.9552638351451606
mtbench,spec_casc_tok,alpha0.15,case_014,2,ok,1.5144508670520231,2.514450867052023,435,173.0,0.2524084778420039,stop,True,1.2489563920535147
mtbench,spec_casc_tok,alpha0.15,case_015,0,ok,3.189944134078212,4.189944134078212,750,179.0,0.5316573556797021,stop,True,1.3180302388500422
mtbench,spec_casc_tok,alpha0.15,case_015,1,ok,3.1448275862068966,4.144827586206897,597,145.0,0.5241379310344828,stop,True,1.0449428958818316
mtbench,spec_casc_tok,alpha0.15,case_015,2,ok,2.64,3.64,365,100.0,0.44,stop,True,0.7452201819978654
mtbench,spec_casc_tok,alpha0.15,case_016,0,ok,1.643835616438356,2.643835616438356,193,73.0,0.273972602739726,stop,True,0.5411118210759014
mtbench,spec_casc_tok,alpha0.15,case_016,1,ok,1.5135135135135136,2.5135135135135136,280,111.0,0.25225225225225223,stop,True,0.8046657729428262
mtbench,spec_casc_tok,alpha0.15,case_016,2,ok,1.989795918367347,2.989795918367347,290,98.0,0.33163265306122447,stop,True,0.7304845398757607
mtbench,spec_casc_tok,alpha0.15,case_017,0,ok,2.556423611111111,3.556423611111111,4096,1152.0,0.42607060185185186,length,False,8.6110276770778
mtbench,spec_casc_tok,alpha0.15,case_017,1,ok,2.777880184331797,3.777880184331797,4096,1085.0,0.4629800307219662,length,False,7.931639096001163
mtbench,spec_casc_tok,alpha0.15,case_017,2,ok,2.372043010752688,3.372043010752688,1567,465.0,0.3953405017921147,stop,True,3.4917054809629917
mtbench,spec_casc_tok,alpha0.15,case_018,0,ok,1.7135614702154627,2.7135614702154625,2141,789.0,0.28559357836924376,stop,True,5.689039150020108
mtbench,spec_casc_tok,alpha0.15,case_018,1,ok,1.9324009324009324,2.9324009324009324,2516,858.0,0.3220668220668221,stop,True,6.052125324960798
mtbench,spec_casc_tok,alpha0.15,case_018,2,ok,1.7447643979057592,2.744764397905759,2097,764.0,0.29079406631762655,stop,True,5.540825905976817
mtbench,spec_casc_tok,alpha0.15,case_019,0,ok,2.9607843137254903,3.9607843137254903,200,51.0,0.4934640522875817,stop,True,0.3877805839292705
mtbench,spec_casc_tok,alpha0.15,case_019,1,ok,2.2131147540983607,3.2131147540983607,197,61.0,0.36885245901639346,stop,True,0.44895554799586535
mtbench,spec_casc_tok,alpha0.15,case_019,2,ok,2.5384615384615383,3.5384615384615383,138,39.0,0.4230769230769231,stop,True,0.3015999610070139
mtbench,spec_casc_tok,alpha0.15,case_020,0,ok,4.4,5.4,162,30.0,0.7333333333333333,stop,True,0.24073625612072647
mtbench,spec_casc_tok,alpha0.15,case_020,1,ok,3.4375,4.4375,142,32.0,0.5729166666666666,stop,True,0.24973778100684285
mtbench,spec_casc_tok,alpha0.15,case_020,2,ok,3.081081081081081,4.081081081081081,151,37.0,0.5135135135135135,stop,True,0.29331953008659184
mtbench,spec_casc_tok,alpha0.15,case_021,0,ok,3.1704545454545454,4.170454545454545,365,88.0,0.5284090909090909,stop,True,0.6532589909620583
mtbench,spec_casc_tok,alpha0.15,case_021,1,ok,2.4134615384615383,3.4134615384615383,355,104.0,0.40224358974358976,stop,True,0.7540966519154608
mtbench,spec_casc_tok,alpha0.15,case_021,2,ok,2.9210526315789473,3.9210526315789473,446,114.0,0.4868421052631579,stop,True,0.8488827729597688
mtbench,spec_casc_tok,alpha0.15,case_022,0,ok,3.040268456375839,4.0402684563758395,601,149.0,0.5067114093959731,stop,True,1.1264280169270933
mtbench,spec_casc_tok,alpha0.15,case_022,1,ok,2.614678899082569,3.614678899082569,789,218.0,0.43577981651376146,stop,True,1.5967442409601063
mtbench,spec_casc_tok,alpha0.15,case_022,2,ok,2.6153846153846154,3.6153846153846154,608,169.0,0.4358974358974359,stop,True,1.277986346045509
mtbench,spec_casc_tok,alpha0.15,case_023,0,ok,2.282717282717283,3.282717282717283,3285,1001.0,0.38045288045288045,stop,True,7.37382140988484
mtbench,spec_casc_tok,alpha0.15,case_023,1,ok,2.393491124260355,3.393491124260355,2294,676.0,0.3989151873767258,stop,True,4.881100989179686
mtbench,spec_casc_tok,alpha0.15,case_023,2,ok,2.1378269617706236,3.1378269617706236,3118,994.0,0.3563044936284373,stop,True,7.364428734173998
mtbench,spec_casc_tok,alpha0.15,case_024,0,ok,2.5794392523364484,3.5794392523364484,1532,428.0,0.42990654205607476,stop,True,3.164018898969516
mtbench,spec_casc_tok,alpha0.15,case_024,1,ok,2.635869565217391,3.635869565217391,2006,552.0,0.43931159420289856,stop,True,3.995036725886166
mtbench,spec_casc_tok,alpha0.15,case_024,2,ok,2.0289156626506024,3.0289156626506024,1257,415.0,0.3381526104417671,stop,True,3.0824224438983947
mtbench,spec_casc_tok,alpha0.15,case_025,0,ok,3.381818181818182,4.381818181818182,483,110.0,0.5636363636363636,stop,True,0.8304949169978499
mtbench,spec_casc_tok,alpha0.15,case_025,1,ok,3.8666666666666667,4.866666666666667,439,90.0,0.6444444444444445,stop,True,0.6683148078154773
mtbench,spec_casc_tok,alpha0.15,case_025,2,ok,3.97196261682243,4.97196261682243,532,107.0,0.661993769470405,stop,True,0.8133245590142906
mtbench,spec_casc_tok,alpha0.15,case_026,0,ok,2.4115755627009645,3.4115755627009645,1061,311.0,0.40192926045016075,stop,True,2.3066615341231227
mtbench,spec_casc_tok,alpha0.15,case_026,1,ok,2.593103448275862,3.593103448275862,1040,290.0,0.432183908045977,stop,True,2.1098736540880054
mtbench,spec_casc_tok,alpha0.15,case_026,2,ok,2.825910931174089,3.825910931174089,943,247.0,0.4709851551956815,stop,True,1.8489676888566464
mtbench,spec_casc_tok,alpha0.15,case_027,0,ok,2.391509433962264,3.391509433962264,718,212.0,0.39858490566037735,stop,True,1.5677109381649643
mtbench,spec_casc_tok,alpha0.15,case_027,1,ok,2.4444444444444446,3.4444444444444446,371,108.0,0.4074074074074074,stop,True,0.7885116669349372
mtbench,spec_casc_tok,alpha0.15,case_027,2,ok,2.2907801418439715,3.2907801418439715,927,282.0,0.3817966903073286,stop,True,2.085921589983627
mtbench,spec_casc_tok,alpha0.15,case_028,0,ok,1.7431952662721895,2.7431952662721892,2318,845.0,0.29053254437869824,stop,True,6.197179581969976
mtbench,spec_casc_tok,alpha0.15,case_028,1,ok,1.9634285714285715,2.9634285714285715,2594,875.0,0.3272380952380952,stop,True,6.271433339919895
mtbench,spec_casc_tok,alpha0.15,case_028,2,ok,1.7934508816120907,2.793450881612091,2218,794.0,0.2989084802686818,stop,True,5.843558900989592
mtbench,spec_casc_tok,alpha0.15,case_029,0,ok,1.7533834586466166,2.7533834586466166,1831,665.0,0.29223057644110273,stop,True,4.786993463989347
mtbench,spec_casc_tok,alpha0.15,case_029,1,ok,1.772845953002611,2.7728459530026113,3185,1149.0,0.2954743255004352,stop,True,8.105643561808392
mtbench,spec_casc_tok,alpha0.15,case_029,2,ok,1.6324472960586618,2.632447296058662,2872,1091.0,0.2720745493431103,stop,True,7.858095142059028
mtbench,spec_casc_tok,alpha0.15,case_030,0,ok,2.3076923076923075,3.3076923076923075,1032,312.0,0.38461538461538464,stop,True,2.278563936939463
mtbench,spec_casc_tok,alpha0.15,case_030,1,ok,1.9517543859649122,2.9517543859649122,672,228.0,0.3252923976608187,stop,True,1.6265776657965034
mtbench,spec_casc_tok,alpha0.15,case_030,2,ok,1.88,2.88,1222,425.0,0.31333333333333335,stop,True,3.080975746968761
mtbench,spec_casc_tok,alpha0.15,case_031,0,ok,2.3509933774834435,3.3509933774834435,506,151.0,0.39183222958057395,stop,True,1.1226406120695174
mtbench,spec_casc_tok,alpha0.15,case_031,1,ok,1.8563218390804597,2.8563218390804597,497,174.0,0.30938697318007663,stop,True,1.2591823958791792
mtbench,spec_casc_tok,alpha0.15,case_031,2,ok,2.2339181286549707,3.2339181286549707,553,171.0,0.3723196881091618,stop,True,1.2823682120069861
mtbench,spec_casc_tok,alpha0.15,case_032,0,ok,1.5098039215686274,2.5098039215686274,384,153.0,0.25163398692810457,stop,True,1.0939056279603392
mtbench,spec_casc_tok,alpha0.15,case_032,1,ok,1.5191256830601092,2.519125683060109,460,183.0,0.25318761384335153,stop,True,1.281674126163125
mtbench,spec_casc_tok,alpha0.15,case_032,2,ok,1.2920353982300885,2.2920353982300883,259,113.0,0.2153392330383481,stop,True,0.8172505779657513
mtbench,spec_casc_tok,alpha0.15,case_033,0,ok,1.5,2.5,495,198.0,0.25,stop,True,1.421864473959431
mtbench,spec_casc_tok,alpha0.15,case_033,1,ok,1.7821350762527233,2.7821350762527235,1277,459.0,0.2970225127087872,stop,True,3.2212125801015645
mtbench,spec_casc_tok,alpha0.15,case_033,2,ok,1.569078947368421,2.5690789473684212,781,304.0,0.26151315789473684,stop,True,2.191245990106836
mtbench,spec_casc_tok,alpha0.15,case_034,0,ok,1.8999037536092396,2.8999037536092396,3013,1039.0,0.31665062560153995,stop,True,7.51816583215259
mtbench,spec_casc_tok,alpha0.15,case_034,1,ok,1.7725258493353029,2.772525849335303,1876,677.0,0.29542097488921715,stop,True,4.79881470114924
mtbench,spec_casc_tok,alpha0.15,case_034,2,ok,1.8440191387559808,2.844019138755981,2972,1045.0,0.3073365231259968,stop,True,7.588693497003987
mtbench,spec_casc_tok,alpha0.15,case_035,0,ok,1.373134328358209,2.373134328358209,319,134.0,0.22885572139303484,stop,True,0.9660519219469279
mtbench,spec_casc_tok,alpha0.15,case_035,1,ok,1.4329896907216495,2.4329896907216497,472,194.0,0.23883161512027493,stop,True,1.3623320469632745
mtbench,spec_casc_tok,alpha0.15,case_035,2,ok,1.5488721804511278,2.548872180451128,339,133.0,0.2581453634085213,stop,True,0.9652058468200266
mtbench,spec_casc_tok,alpha0.15,case_036,0,ok,2.067415730337079,3.067415730337079,4096,1335.0,0.3445692883895131,length,False,9.781511127017438
mtbench,spec_casc_tok,alpha0.15,case_036,1,ok,2.091078066914498,3.091078066914498,3327,1076.0,0.34851301115241634,stop,True,7.7036221800372005
mtbench,spec_casc_tok,alpha0.15,case_036,2,ok,2.199017199017199,3.199017199017199,2604,814.0,0.3665028665028665,stop,True,5.991573698120192
mtbench,spec_casc_tok,alpha0.15,case_037,0,ok,2.875,3.875,217,56.0,0.4791666666666667,stop,True,0.4330754950642586
mtbench,spec_casc_tok,alpha0.15,case_037,1,ok,2.5,3.5,278,80.0,0.4166666666666667,stop,True,0.5972096910700202
mtbench,spec_casc_tok,alpha0.15,case_037,2,ok,2.533333333333333,3.533333333333333,265,75.0,0.4222222222222222,stop,True,0.5757797211408615
mtbench,spec_casc_tok,alpha0.15,case_038,0,ok,2.188679245283019,3.188679245283019,336,106.0,0.36477987421383645,stop,True,0.7786943968385458
mtbench,spec_casc_tok,alpha0.15,case_038,1,ok,2.1117021276595747,3.1117021276595747,585,188.0,0.3519503546099291,stop,True,1.3370607900433242
mtbench,spec_casc_tok,alpha0.15,case_038,2,ok,2.3174603174603177,3.3174603174603177,209,63.0,0.3862433862433862,stop,True,0.4735510628670454
mtbench,spec_casc_tok,alpha0.15,case_039,0,ok,2.884816753926702,3.884816753926702,742,191.0,0.48080279232111695,stop,True,1.4377821360249072
mtbench,spec_casc_tok,alpha0.15,case_039,1,ok,3.1301369863013697,4.13013698630137,603,146.0,0.521689497716895,stop,True,1.0839912060182542
mtbench,spec_casc_tok,alpha0.15,case_039,2,ok,2.7435897435897436,3.7435897435897436,438,117.0,0.45726495726495725,stop,True,0.8919448738452047
mtbench,spec_casc_tok,alpha0.15,case_040,0,ok,3.127450980392157,4.127450980392156,421,102.0,0.5212418300653595,stop,True,0.768948090961203
mtbench,spec_casc_tok,alpha0.15,case_040,1,ok,2.7857142857142856,3.7857142857142856,477,126.0,0.4642857142857143,stop,True,0.9263040849473327
mtbench,spec_casc_tok,alpha0.15,case_040,2,ok,3.4166666666666665,4.416666666666666,477,108.0,0.5694444444444444,stop,True,0.8160977358929813
mtbench,spec_casc_tok,alpha0.15,case_041,0,ok,2.873134328358209,3.873134328358209,519,134.0,0.47885572139303484,stop,True,1.0032355501316488
mtbench,spec_casc_tok,alpha0.15,case_041,1,ok,3.0,4.0,721,180.0,0.5,stop,True,1.3140580779872835
mtbench,spec_casc_tok,alpha0.15,case_041,2,ok,3.031847133757962,4.031847133757962,631,157.0,0.505307855626327,stop,True,1.1758597339503467
mtbench,spec_casc_tok,alpha0.15,case_042,0,ok,2.6153846153846154,3.6153846153846154,1880,520.0,0.4358974358974359,stop,True,3.864560903981328
mtbench,spec_casc_tok,alpha0.15,case_042,1,ok,2.3578595317725752,3.3578595317725752,1003,299.0,0.39297658862876256,stop,True,2.1746297169011086
mtbench,spec_casc_tok,alpha0.15,case_042,2,ok,2.5566600397614314,3.5566600397614314,1785,503.0,0.42611000662690524,stop,True,3.7423380098771304
mtbench,spec_casc_tok,alpha0.15,case_043,0,ok,3.9411764705882355,4.9411764705882355,252,51.0,0.6568627450980392,stop,True,0.3983578879851848
mtbench,spec_casc_tok,alpha0.15,case_043,1,ok,2.372093023255814,3.372093023255814,145,43.0,0.3953488372093023,stop,True,0.3331227421294898
mtbench,spec_casc_tok,alpha0.15,case_043,2,ok,2.4722222222222223,3.4722222222222223,125,36.0,0.41203703703703703,stop,True,0.2890802810434252
mtbench,spec_casc_tok,alpha0.15,case_044,0,ok,2.9838709677419355,3.9838709677419355,248,62.0,0.49731182795698925,stop,True,0.474352021003142
mtbench,spec_casc_tok,alpha0.15,case_044,1,ok,3.6363636363636362,4.636363636363637,406,88.0,0.6060606060606061,stop,True,0.6561947190202773
mtbench,spec_casc_tok,alpha0.15,case_044,2,ok,3.6933333333333334,4.693333333333333,350,75.0,0.6155555555555555,stop,True,0.5784977870061994
mtbench,spec_casc_tok,alpha0.15,case_045,0,ok,2.0972222222222223,3.0972222222222223,446,144.0,0.34953703703703703,stop,True,1.0811557099223137
mtbench,spec_casc_tok,alpha0.15,case_045,1,ok,2.8105726872246697,3.8105726872246697,864,227.0,0.4684287812041116,stop,True,1.6578491239342839
mtbench,spec_casc_tok,alpha0.15,case_045,2,ok,2.5757575757575757,3.5757575757575757,707,198.0,0.4292929292929293,stop,True,1.4787239460274577
mtbench,spec_casc_tok,alpha0.15,case_046,0,ok,2.2354570637119116,3.2354570637119116,2336,722.0,0.37257617728531855,stop,True,5.259155066916719
mtbench,spec_casc_tok,alpha0.15,case_046,1,ok,2.0396270396270397,3.0396270396270397,3910,1287.0,0.33993783993783994,stop,True,9.156602528877556
mtbench,spec_casc_tok,alpha0.15,case_046,2,ok,1.9086206896551725,2.9086206896551725,1686,580.0,0.31810344827586207,stop,True,4.240455310791731
mtbench,spec_casc_tok,alpha0.15,case_047,0,ok,2.107456140350877,3.107456140350877,1416,456.0,0.3512426900584795,stop,True,3.3535798639059067
mtbench,spec_casc_tok,alpha0.15,case_047,1,ok,1.9601873536299765,2.9601873536299763,1261,427.0,0.32669789227166274,stop,True,3.070680944947526
mtbench,spec_casc_tok,alpha0.15,case_047,2,ok,1.9605809128630705,2.9605809128630707,1427,482.0,0.32676348547717843,stop,True,3.566109387902543
mtbench,spec_casc_tok,alpha0.15,case_048,0,ok,1.36986301369863,2.3698630136986303,518,219.0,0.228310502283105,stop,True,1.5838404151145369
mtbench,spec_casc_tok,alpha0.15,case_048,1,ok,1.5923566878980893,2.5923566878980893,812,314.0,0.2653927813163482,stop,True,2.209376638988033
mtbench,spec_casc_tok,alpha0.15,case_048,2,ok,1.4384615384615385,2.4384615384615387,631,260.0,0.23974358974358975,stop,True,1.8774368138983846
mtbench,spec_casc_tok,alpha0.15,case_049,0,ok,1.9862306368330465,2.9862306368330467,1736,581.0,0.33103843947217443,stop,True,4.233529699034989
mtbench,spec_casc_tok,alpha0.15,case_049,1,ok,1.7306201550387597,2.7306201550387597,1410,516.0,0.2884366925064599,stop,True,3.6518651209771633
mtbench,spec_casc_tok,alpha0.15,case_049,2,ok,1.7455012853470437,2.7455012853470437,1068,389.0,0.29091688089117396,stop,True,2.822179100010544
mtbench,spec_casc_tok,alpha0.15,case_050,0,ok,1.6093579978237214,2.6093579978237216,2398,919.0,0.26822633297062026,stop,True,6.535893057007343
mtbench,spec_casc_tok,alpha0.15,case_050,1,ok,1.718562874251497,2.718562874251497,2723,1002.0,0.28642714570858285,stop,True,7.024655633140355
mtbench,spec_casc_tok,alpha0.15,case_050,2,ok,1.8556933483652762,2.855693348365276,2530,887.0,0.309282224727546,stop,True,6.421308896970004
mtbench,spec_casc_tok,alpha0.15,case_051,0,ok,1.4934497816593886,2.493449781659389,570,229.0,0.24890829694323144,stop,True,1.6060859919525683
mtbench,spec_casc_tok,alpha0.15,case_051,1,ok,1.5588235294117647,2.5588235294117645,435,170.0,0.25980392156862747,stop,True,1.1962802400812507
mtbench,spec_casc_tok,alpha0.15,case_051,2,ok,1.8662613981762919,2.8662613981762917,943,329.0,0.3110435663627153,stop,True,2.3786669310647994
mtbench,spec_casc_tok,alpha0.15,case_052,0,ok,1.5987654320987654,2.5987654320987654,421,162.0,0.2664609053497942,stop,True,1.1362102159764618
mtbench,spec_casc_tok,alpha0.15,case_052,1,ok,1.5448028673835126,2.5448028673835124,2130,837.0,0.2574671445639188,stop,True,5.8416868560016155
mtbench,spec_casc_tok,alpha0.15,case_052,2,ok,1.7688113413304254,2.7688113413304256,2538,917.0,0.29480189022173753,stop,True,6.473127666162327
mtbench,spec_casc_tok,alpha0.15,case_053,0,ok,1.963302752293578,2.963302752293578,322,109.0,0.327217125382263,stop,True,0.7817990689072758
mtbench,spec_casc_tok,alpha0.15,case_053,1,ok,1.991701244813278,2.991701244813278,722,241.0,0.33195020746887965,stop,True,1.73007074999623
mtbench,spec_casc_tok,alpha0.15,case_053,2,ok,1.803125,2.803125,896,320.0,0.30052083333333335,stop,True,2.2889016391709447
mtbench,spec_casc_tok,alpha0.15,case_054,0,ok,1.4320388349514563,2.4320388349514563,1504,618.0,0.23867313915857605,stop,True,4.367601573001593
mtbench,spec_casc_tok,alpha0.15,case_054,1,ok,1.4791208791208792,2.479120879120879,1128,455.0,0.24652014652014653,stop,True,3.208399357041344
mtbench,spec_casc_tok,alpha0.15,case_054,2,ok,1.5711743772241993,2.5711743772241995,1446,562.0,0.26186239620403323,stop,True,3.968683341052383
mtbench,spec_casc_tok,alpha0.15,case_055,0,ok,1.634517766497462,2.6345177664974617,519,197.0,0.272419627749577,stop,True,1.4062592168338597
mtbench,spec_casc_tok,alpha0.15,case_055,1,ok,1.691891891891892,2.691891891891892,498,185.0,0.281981981981982,stop,True,1.3279866219963878
mtbench,spec_casc_tok,alpha0.15,case_055,2,ok,1.6084905660377358,2.6084905660377355,552,212.0,0.26808176100628933,stop,True,1.5177919620182365
mtbench,spec_casc_tok,alpha0.15,case_056,0,ok,1.982998454404946,2.982998454404946,1929,647.0,0.3304997424008243,stop,True,4.67114919796586
mtbench,spec_casc_tok,alpha0.15,case_056,1,ok,2.118320610687023,3.118320610687023,1634,524.0,0.3530534351145038,stop,True,3.798289697850123
mtbench,spec_casc_tok,alpha0.15,case_056,2,ok,2.1866485013623977,3.1866485013623977,2338,734.0,0.364441416893733,stop,True,5.325178497936577
mtbench,spec_casc_tok,alpha0.15,case_057,0,ok,1.6120689655172413,2.612068965517241,909,348.0,0.2686781609195402,stop,True,2.409890211187303
mtbench,spec_casc_tok,alpha0.15,case_057,1,ok,1.549792531120332,2.5497925311203318,1226,482.0,0.258298755186722,stop,True,3.336831689113751
mtbench,spec_casc_tok,alpha0.15,case_057,2,ok,1.5162337662337662,2.516233766233766,775,308.0,0.2527056277056277,stop,True,2.1472233100794256
mtbench,spec_casc_tok,alpha0.15,case_058,0,ok,2.584070796460177,3.584070796460177,404,113.0,0.4306784660766962,stop,True,0.8298507530707866
mtbench,spec_casc_tok,alpha0.15,case_058,1,ok,2.616279069767442,3.616279069767442,311,86.0,0.436046511627907,stop,True,0.6390908991452307
mtbench,spec_casc_tok,alpha0.15,case_058,2,ok,2.8518518518518516,3.8518518518518516,206,54.0,0.47530864197530864,stop,True,0.405854863114655
mtbench,spec_casc_tok,alpha0.15,case_059,0,ok,2.203883495145631,3.203883495145631,1650,515.0,0.3673139158576052,stop,True,3.746633289149031
mtbench,spec_casc_tok,alpha0.15,case_059,1,ok,2.4180522565320666,3.4180522565320666,1439,421.0,0.40300870942201106,stop,True,3.0869356670882553
mtbench,spec_casc_tok,alpha0.15,case_059,2,ok,2.324396782841823,3.324396782841823,1241,373.0,0.3873994638069705,stop,True,2.7329432719852775
mtbench,spec_casc_tok,alpha0.15,case_060,0,ok,2.408,3.408,852,250.0,0.4013333333333333,stop,True,1.811557335080579
mtbench,spec_casc_tok,alpha0.15,case_060,1,ok,2.336206896551724,3.336206896551724,774,232.0,0.38936781609195403,stop,True,1.683461524080485
mtbench,spec_casc_tok,alpha0.15,case_060,2,ok,2.4122137404580153,3.4122137404580153,893,262.0,0.4020356234096692,stop,True,1.8977761559654027
mtbench,spec_casc_tok,alpha0.15,case_061,0,ok,3.6422018348623855,4.6422018348623855,506,109.0,0.6070336391437309,stop,True,0.7841377139557153
mtbench,spec_casc_tok,alpha0.15,case_061,1,ok,3.5172413793103448,4.517241379310345,1180,261.0,0.5862068965517241,stop,True,1.8508374500088394
mtbench,spec_casc_tok,alpha0.15,case_061,2,ok,2.563953488372093,3.563953488372093,613,172.0,0.4273255813953488,stop,True,1.223962192190811
mtbench,spec_casc_tok,alpha0.15,case_062,0,ok,3.933333333333333,4.933333333333334,370,75.0,0.6555555555555556,stop,True,0.5592993020545691
mtbench,spec_casc_tok,alpha0.15,case_062,1,ok,3.0141843971631204,4.01418439716312,566,141.0,0.5023640661938534,stop,True,1.0436168131418526
mtbench,spec_casc_tok,alpha0.15,case_062,2,ok,3.1311475409836067,4.131147540983607,503,122.0,0.5218579234972678,stop,True,0.9042115639895201
mtbench,spec_casc_tok,alpha0.15,case_063,0,ok,3.391025641025641,4.3910256410256405,684,156.0,0.5651709401709402,stop,True,1.123011225135997
mtbench,spec_casc_tok,alpha0.15,case_063,1,ok,3.1311475409836067,4.131147540983607,504,122.0,0.5218579234972678,stop,True,0.8881448169704527
mtbench,spec_casc_tok,alpha0.15,case_063,2,ok,3.2650602409638556,4.265060240963855,355,83.0,0.5441767068273092,stop,True,0.6106320759281516
mtbench,spec_casc_tok,alpha0.15,case_064,0,ok,3.5555555555555554,4.555555555555555,163,36.0,0.5925925925925926,stop,True,0.2815861238632351
mtbench,spec_casc_tok,alpha0.15,case_064,1,ok,3.324324324324324,4.324324324324325,158,37.0,0.5540540540540541,stop,True,0.2881857450120151
mtbench,spec_casc_tok,alpha0.15,case_064,2,ok,3.2580645161290325,4.258064516129032,132,31.0,0.543010752688172,stop,True,0.24276454700157046
mtbench,spec_casc_tok,alpha0.15,case_065,0,ok,4.551724137931035,5.551724137931035,160,29.0,0.7586206896551724,stop,True,0.224372728029266
mtbench,spec_casc_tok,alpha0.15,case_065,1,ok,3.896551724137931,4.896551724137931,142,29.0,0.6494252873563219,stop,True,0.2214508829638362
mtbench,spec_casc_tok,alpha0.15,case_065,2,ok,4.428571428571429,5.428571428571429,152,28.0,0.7380952380952381,stop,True,0.21821918594650924
mtbench,spec_casc_tok,alpha0.15,case_066,0,ok,1.9515938606847698,2.9515938606847696,2500,847.0,0.3252656434474616,stop,True,6.090915197972208
mtbench,spec_casc_tok,alpha0.15,case_066,1,ok,2.015105740181269,3.015105740181269,1994,662.0,0.33585095669687814,stop,True,4.776292672846466
mtbench,spec_casc_tok,alpha0.15,case_066,2,ok,2.1925465838509317,3.1925465838509317,2569,805.0,0.36542443064182195,stop,True,5.818687153048813
mtbench,spec_casc_tok,alpha0.15,case_067,0,ok,2.5470852017937218,3.5470852017937218,1582,446.0,0.42451420029895365,stop,True,3.2499038910027593
mtbench,spec_casc_tok,alpha0.15,case_067,1,ok,2.8095238095238093,3.8095238095238093,1998,525.0,0.46825396825396826,stop,True,3.832113772863522
mtbench,spec_casc_tok,alpha0.15,case_067,2,ok,2.8551483420593367,3.8551483420593367,2208,573.0,0.4758580570098895,stop,True,4.183314416091889
mtbench,spec_casc_tok,alpha0.15,case_068,0,ok,2.34625322997416,3.34625322997416,1295,387.0,0.39104220499569337,stop,True,2.805578307947144
mtbench,spec_casc_tok,alpha0.15,case_068,1,ok,2.784841075794621,3.784841075794621,1548,409.0,0.4641401792991035,stop,True,2.9774452499113977
mtbench,spec_casc_tok,alpha0.15,case_068,2,ok,2.476,3.476,869,250.0,0.4126666666666667,stop,True,1.8298883789684623
mtbench,spec_casc_tok,alpha0.15,case_069,0,ok,2.0416666666666665,3.0416666666666665,145,48.0,0.3402777777777778,stop,True,0.36520237498916686
mtbench,spec_casc_tok,alpha0.15,case_069,1,ok,2.5,3.5,145,42.0,0.4166666666666667,stop,True,0.32364743179641664
mtbench,spec_casc_tok,alpha0.15,case_069,2,ok,3.090909090909091,4.090909090909091,180,44.0,0.5151515151515151,stop,True,0.3386725732125342
mtbench,spec_casc_tok,alpha0.15,case_070,0,ok,2.8050632911392404,3.8050632911392404,1500,395.0,0.4675105485232067,stop,True,2.870155845070258
mtbench,spec_casc_tok,alpha0.15,case_070,1,ok,2.682648401826484,3.682648401826484,1614,438.0,0.4471080669710807,stop,True,3.1892930031754076
mtbench,spec_casc_tok,alpha0.15,case_070,2,ok,2.676148796498906,3.676148796498906,1678,457.0,0.4460247994164843,stop,True,3.3224409359972924
mtbench,spec_casc_tok,alpha0.15,case_071,0,ok,2.4583333333333335,3.4583333333333335,330,96.0,0.4097222222222222,stop,True,0.7138857138343155
mtbench,spec_casc_tok,alpha0.15,case_071,1,ok,3.2231404958677685,4.223140495867769,509,121.0,0.5371900826446281,stop,True,0.8958923988975585
mtbench,spec_casc_tok,alpha0.15,case_071,2,ok,2.7454545454545456,3.7454545454545456,619,165.0,0.4575757575757576,stop,True,1.2162190130911767
mtbench,spec_casc_tok,alpha0.15,case_072,0,ok,3.1566265060240966,4.156626506024097,343,83.0,0.5261044176706827,stop,True,0.6222455408424139
mtbench,spec_casc_tok,alpha0.15,case_072,1,ok,2.6944444444444446,3.6944444444444446,263,72.0,0.44907407407407407,stop,True,0.5425789258442819
mtbench,spec_casc_tok,alpha0.15,case_072,2,ok,2.5113636363636362,3.5113636363636362,310,88.0,0.4185606060606061,stop,True,0.6603902350179851
mtbench,spec_casc_tok,alpha0.15,case_073,0,ok,2.2184615384615385,3.2184615384615385,1045,325.0,0.36974358974358973,stop,True,2.33510457794182
mtbench,spec_casc_tok,alpha0.15,case_073,1,ok,1.8837920489296636,2.8837920489296636,943,327.0,0.31396534148827726,stop,True,2.349383882014081
mtbench,spec_casc_tok,alpha0.15,case_073,2,ok,2.071599045346062,3.071599045346062,1285,419.0,0.345266507557677,stop,True,3.017530968878418
mtbench,spec_casc_tok,alpha0.15,case_074,0,ok,2.083743842364532,3.083743842364532,1250,406.0,0.3472906403940887,stop,True,2.8987154299393296
mtbench,spec_casc_tok,alpha0.15,case_074,1,ok,2.0885780885780885,3.0885780885780885,1324,429.0,0.3480963480963481,stop,True,3.0751946659293026
mtbench,spec_casc_tok,alpha0.15,case_074,2,ok,2.021505376344086,3.021505376344086,1406,465.0,0.33691756272401435,stop,True,3.3267411328852177
mtbench,spec_casc_tok,alpha0.15,case_075,0,ok,2.261637239165329,3.261637239165329,2031,623.0,0.3769395398608882,stop,True,4.492678642971441
mtbench,spec_casc_tok,alpha0.15,case_075,1,ok,2.183333333333333,3.183333333333333,2101,660.0,0.3638888888888889,stop,True,4.759059451986104
mtbench,spec_casc_tok,alpha0.15,case_075,2,ok,2.260296540362438,3.260296540362438,1980,607.0,0.37671609006040635,stop,True,4.386200631968677
mtbench,spec_casc_tok,alpha0.15,case_076,0,ok,1.8036053130929792,2.8036053130929792,2955,1054.0,0.3006008855154965,stop,True,7.533942901995033
mtbench,spec_casc_tok,alpha0.15,case_076,1,ok,1.796875,2.796875,3221,1152.0,0.2994791666666667,stop,True,8.253757284022868
mtbench,spec_casc_tok,alpha0.15,case_076,2,ok,1.844671201814059,2.8446712018140587,2509,882.0,0.3074452003023432,stop,True,6.316603234037757
mtbench,spec_casc_tok,alpha0.15,case_077,0,ok,1.7672064777327936,2.7672064777327936,4096,1482.0,0.29453441295546556,length,True,10.525480069918558
mtbench,spec_casc_tok,alpha0.15,case_077,1,ok,1.7668918918918919,2.766891891891892,4096,1480.0,0.294481981981982,length,True,10.562540018931031
mtbench,spec_casc_tok,alpha0.15,case_077,2,ok,1.8059925093632958,2.805992509363296,3745,1335.0,0.30099875156054934,stop,True,9.527689099078998
mtbench,spec_casc_tok,alpha0.15,case_078,0,ok,1.6285178236397748,2.6285178236397746,1401,533.0,0.2714196372732958,stop,True,3.7604978641029447
mtbench,spec_casc_tok,alpha0.15,case_078,1,ok,1.7527593818984548,2.752759381898455,1247,453.0,0.29212656364974243,stop,True,3.227341966005042
mtbench,spec_casc_tok,alpha0.15,case_078,2,ok,1.709812108559499,2.709812108559499,1298,479.0,0.2849686847599165,stop,True,3.386420074151829
mtbench,spec_casc_tok,alpha0.15,case_079,0,ok,1.7204301075268817,2.720430107526882,2025,744.0,0.2867383512544803,stop,True,5.2508139088749886
mtbench,spec_casc_tok,alpha0.15,case_079,1,ok,1.850642927794263,2.8506429277942633,2882,1011.0,0.3084404879657105,stop,True,7.164928138954565
mtbench,spec_casc_tok,alpha0.15,case_079,2,ok,1.8024691358024691,2.802469135802469,2042,729.0,0.3004115226337449,stop,True,5.151462571928278
mtbench,spec_casc_tok,alpha0.15,case_080,0,ok,1.856896551724138,2.8568965517241383,1656,580.0,0.30948275862068964,stop,True,4.097374625969678
mtbench,spec_casc_tok,alpha0.15,case_080,1,ok,1.705128205128205,2.7051282051282053,1054,390.0,0.2841880341880342,stop,True,2.757924781180918
mtbench,spec_casc_tok,alpha0.15,case_080,2,ok,1.6786296900489397,2.6786296900489397,1641,613.0,0.2797716150081566,stop,True,4.339883101172745
mtbench,spec_casc_tok,alpha0.2,case_001,0,ok,2.5297157622739017,3.5297157622739017,4096,1161.0,0.421619293712317,length,True,8.628706200048327
mtbench,spec_casc_tok,alpha0.2,case_001,1,ok,1.4769021739130435,2.4769021739130435,1822,736.0,0.24615036231884058,stop,True,5.629889940144494
mtbench,spec_casc_tok,alpha0.2,case_001,2,ok,1.5409383624655013,2.5409383624655013,2762,1087.0,0.2568230604109169,stop,True,8.21394303906709
mtbench,spec_casc_tok,alpha0.2,case_002,0,ok,1.6991643454038998,2.6991643454039,3877,1436.0,0.28319405756731664,stop,True,10.279293491970748
mtbench,spec_casc_tok,alpha0.2,case_002,1,ok,1.9197452229299363,2.9197452229299365,2293,785.0,0.31995753715498937,stop,True,5.604005921864882
mtbench,spec_casc_tok,alpha0.2,case_002,2,ok,1.9659420289855072,2.9659420289855074,4092,1380.0,0.32765700483091786,stop,True,9.842339074006304
mtbench,spec_casc_tok,alpha0.2,case_003,0,ok,2.045643153526971,3.045643153526971,1468,482.0,0.3409405255878285,stop,True,3.4880445210728794
mtbench,spec_casc_tok,alpha0.2,case_003,1,ok,2.1208406304728546,3.1208406304728546,1780,571.0,0.35347343841214246,stop,True,4.140106596983969
mtbench,spec_casc_tok,alpha0.2,case_003,2,ok,1.9440715883668904,2.9440715883668904,1316,447.0,0.32401193139448176,stop,True,3.249977733939886
mtbench,spec_casc_tok,alpha0.2,case_004,0,ok,2.3058252427184467,3.3058252427184467,681,206.0,0.3843042071197411,stop,True,1.5431550750508904
mtbench,spec_casc_tok,alpha0.2,case_004,1,ok,1.76,2.76,342,125.0,0.29333333333333333,stop,True,0.9379766951315105
mtbench,spec_casc_tok,alpha0.2,case_004,2,ok,2.644628099173554,3.644628099173554,440,121.0,0.44077134986225897,stop,True,0.9049773439764977
mtbench,spec_casc_tok,alpha0.2,case_005,0,ok,2.88,3.88,97,25.0,0.48,stop,True,0.20325428410433233
mtbench,spec_casc_tok,alpha0.2,case_005,1,ok,3.7037037037037037,4.703703703703704,128,27.0,0.6172839506172839,stop,True,0.21998608717694879
mtbench,spec_casc_tok,alpha0.2,case_005,2,ok,2.697674418604651,3.697674418604651,159,43.0,0.4496124031007752,stop,True,0.3358233370818198
mtbench,spec_casc_tok,alpha0.2,case_006,0,ok,2.6666666666666665,3.6666666666666665,418,114.0,0.4444444444444444,stop,True,0.8639384570997208
mtbench,spec_casc_tok,alpha0.2,case_006,1,ok,2.770642201834862,3.770642201834862,412,109.0,0.4617737003058104,stop,True,0.8240296919830143
mtbench,spec_casc_tok,alpha0.2,case_006,2,ok,2.5670103092783507,3.5670103092783507,345,97.0,0.42783505154639173,stop,True,0.7299547740258276
mtbench,spec_casc_tok,alpha0.2,case_007,0,ok,2.6894736842105265,3.6894736842105265,1401,380.0,0.4482456140350877,stop,True,2.84878770285286
mtbench,spec_casc_tok,alpha0.2,case_007,1,ok,2.55,3.55,1632,460.0,0.425,stop,True,3.4304130990058184
mtbench,spec_casc_tok,alpha0.2,case_007,2,ok,2.564814814814815,3.564814814814815,1536,432.0,0.42746913580246915,stop,True,3.2357643549330533
mtbench,spec_casc_tok,alpha0.2,case_008,0,ok,2.7864077669902914,3.7864077669902914,779,206.0,0.46440129449838186,stop,True,1.5433627241291106
mtbench,spec_casc_tok,alpha0.2,case_008,1,ok,2.823232323232323,3.823232323232323,756,198.0,0.47053872053872053,stop,True,1.4809630459640175
mtbench,spec_casc_tok,alpha0.2,case_008,2,ok,3.2748538011695905,4.2748538011695905,730,171.0,0.5458089668615984,stop,True,1.276337468996644
mtbench,spec_casc_tok,alpha0.2,case_009,0,ok,2.9285714285714284,3.9285714285714284,111,28.0,0.4880952380952381,stop,True,0.22909124102443457
mtbench,spec_casc_tok,alpha0.2,case_009,1,ok,3.1142857142857143,4.114285714285714,144,35.0,0.5190476190476191,stop,True,0.2820458279456943
mtbench,spec_casc_tok,alpha0.2,case_009,2,ok,3.1923076923076925,4.1923076923076925,110,26.0,0.532051282051282,stop,True,0.21272514201700687
mtbench,spec_casc_tok,alpha0.2,case_010,0,ok,2.1219512195121952,3.1219512195121952,2815,902.0,0.35365853658536583,stop,True,6.654689243994653
mtbench,spec_casc_tok,alpha0.2,case_010,1,ok,1.962910128388017,2.962910128388017,2078,701.0,0.32715168806466954,stop,True,5.157331460854039
mtbench,spec_casc_tok,alpha0.2,case_010,2,ok,2.160063391442155,3.160063391442155,1994,631.0,0.36001056524035924,stop,True,4.635054922895506
mtbench,spec_casc_tok,alpha0.2,case_011,0,ok,1.597902097902098,2.597902097902098,2972,1144.0,0.2663170163170163,stop,True,8.190983771113679
mtbench,spec_casc_tok,alpha0.2,case_011,1,ok,1.7718855218855218,2.7718855218855216,3293,1188.0,0.29531425364758696,stop,True,8.750453370856121
mtbench,spec_casc_tok,alpha0.2,case_011,2,ok,1.7027231467473525,2.7027231467473527,3572,1322.0,0.28378719112455875,stop,True,9.66661867313087
mtbench,spec_casc_tok,alpha0.2,case_012,0,ok,1.8822355289421158,2.8822355289421155,2887,1002.0,0.31370592149035265,stop,True,7.165061805862933
mtbench,spec_casc_tok,alpha0.2,case_012,1,ok,1.8457943925233644,2.8457943925233646,3045,1070.0,0.3076323987538941,stop,True,7.808942997129634
mtbench,spec_casc_tok,alpha0.2,case_012,2,ok,1.7946127946127945,2.7946127946127945,2490,891.0,0.2991021324354658,stop,True,6.481181188952178
mtbench,spec_casc_tok,alpha0.2,case_013,0,ok,2.828125,3.828125,246,64.0,0.4713541666666667,stop,True,0.47491402993910015
mtbench,spec_casc_tok,alpha0.2,case_013,1,ok,2.2542372881355934,3.2542372881355934,191,59.0,0.3757062146892655,stop,True,0.4452071408741176
mtbench,spec_casc_tok,alpha0.2,case_013,2,ok,2.3015873015873014,3.3015873015873014,208,63.0,0.3835978835978836,stop,True,0.47284804098308086
mtbench,spec_casc_tok,alpha0.2,case_014,0,ok,1.8396946564885497,2.8396946564885495,370,131.0,0.30661577608142493,stop,True,0.9346378329209983
mtbench,spec_casc_tok,alpha0.2,case_014,1,ok,1.4675925925925926,2.4675925925925926,531,216.0,0.24459876543209877,stop,True,1.5573266679421067
mtbench,spec_casc_tok,alpha0.2,case_014,2,ok,1.5217391304347827,2.5217391304347827,232,92.0,0.2536231884057971,stop,True,0.6689429038669914
mtbench,spec_casc_tok,alpha0.2,case_015,0,ok,3.1818181818181817,4.181818181818182,230,55.0,0.5303030303030303,stop,True,0.4078528869431466
mtbench,spec_casc_tok,alpha0.2,case_015,1,ok,2.8863636363636362,3.8863636363636362,513,132.0,0.4810606060606061,stop,True,0.9769340078346431
mtbench,spec_casc_tok,alpha0.2,case_015,2,ok,3.477272727272727,4.477272727272727,591,132.0,0.5795454545454546,stop,True,0.9767984978388995
mtbench,spec_casc_tok,alpha0.2,case_016,0,ok,1.6109324758842443,2.610932475884244,810,311.0,0.2684887459807074,stop,True,2.2226003410760313
mtbench,spec_casc_tok,alpha0.2,case_016,1,ok,1.1906542056074767,2.1906542056074767,2343,1070.0,0.19844236760124612,stop,True,7.8189709049183875
mtbench,spec_casc_tok,alpha0.2,case_016,2,ok,1.3703703703703705,2.3703703703703702,894,378.0,0.22839506172839505,stop,True,2.754988281056285
mtbench,spec_casc_tok,alpha0.2,case_017,0,ok,2.6024279210925645,3.6024279210925645,2374,659.0,0.43373798684876075,stop,True,4.829136631917208
mtbench,spec_casc_tok,alpha0.2,case_017,1,ok,2.5953947368421053,3.5953947368421053,3277,912.0,0.43256578947368424,stop,True,6.837118161842227
mtbench,spec_casc_tok,alpha0.2,case_017,2,ok,2.3463035019455254,3.3463035019455254,3441,1028.0,0.39105058365758755,stop,True,7.6705768092069775
mtbench,spec_casc_tok,alpha0.2,case_018,0,ok,1.7727272727272727,2.7727272727272725,2258,814.0,0.29545454545454547,stop,True,5.759806375019252
mtbench,spec_casc_tok,alpha0.2,case_018,1,ok,1.523872679045093,2.523872679045093,1901,754.0,0.2539787798408488,stop,True,5.4428837050218135
mtbench,spec_casc_tok,alpha0.2,case_018,2,ok,1.8970840480274442,2.8970840480274442,1688,583.0,0.3161806746712407,stop,True,4.232567948056385
mtbench,spec_casc_tok,alpha0.2,case_019,0,ok,2.168831168831169,3.168831168831169,242,77.0,0.36147186147186144,stop,True,0.5670530670322478
mtbench,spec_casc_tok,alpha0.2,case_019,1,ok,3.1176470588235294,4.117647058823529,140,34.0,0.5196078431372549,stop,True,0.2677201309707016
mtbench,spec_casc_tok,alpha0.2,case_019,2,ok,2.397727272727273,3.397727272727273,295,88.0,0.3996212121212121,stop,True,0.6556728568393737
mtbench,spec_casc_tok,alpha0.2,case_020,0,ok,3.310344827586207,4.310344827586206,125,29.0,0.5517241379310345,stop,True,0.22892572893761098
mtbench,spec_casc_tok,alpha0.2,case_020,1,ok,3.5675675675675675,4.5675675675675675,170,37.0,0.5945945945945946,stop,True,0.2937541608698666
mtbench,spec_casc_tok,alpha0.2,case_020,2,ok,3.7096774193548385,4.709677419354838,145,31.0,0.6182795698924731,stop,True,0.24823841592296958
mtbench,spec_casc_tok,alpha0.2,case_021,0,ok,2.923076923076923,3.923076923076923,408,104.0,0.48717948717948717,stop,True,0.7566166161559522
mtbench,spec_casc_tok,alpha0.2,case_021,1,ok,2.7981651376146788,3.7981651376146788,414,109.0,0.46636085626911317,stop,True,0.8125720471143723
mtbench,spec_casc_tok,alpha0.2,case_021,2,ok,2.7590361445783134,3.7590361445783134,311,83.0,0.4598393574297189,stop,True,0.6264390619471669
mtbench,spec_casc_tok,alpha0.2,case_022,0,ok,2.484581497797357,3.484581497797357,790,227.0,0.41409691629955947,stop,True,1.6758363749831915
mtbench,spec_casc_tok,alpha0.2,case_022,1,ok,2.7420494699646643,3.7420494699646643,1058,283.0,0.45700824499411075,stop,True,2.1243194630369544
mtbench,spec_casc_tok,alpha0.2,case_022,2,ok,2.9724770642201834,3.9724770642201834,865,218.0,0.4954128440366973,stop,True,1.6301832559984177
mtbench,spec_casc_tok,alpha0.2,case_023,0,ok,2.368728121353559,3.368728121353559,2887,857.0,0.3947880202255932,stop,True,6.225421654060483
mtbench,spec_casc_tok,alpha0.2,case_023,1,ok,2.3610149942329874,3.3610149942329874,2915,867.0,0.3935024990388312,stop,True,6.431203390005976
mtbench,spec_casc_tok,alpha0.2,case_023,2,ok,2.2636942675159237,3.2636942675159237,2561,785.0,0.3772823779193206,stop,True,5.806275775888935
mtbench,spec_casc_tok,alpha0.2,case_024,0,ok,2.4781085814360773,3.4781085814360773,1984,571.0,0.4130180969060128,stop,True,4.1315060360357165
mtbench,spec_casc_tok,alpha0.2,case_024,1,ok,2.3072289156626504,3.3072289156626504,1096,332.0,0.3845381526104418,stop,True,2.4665079079568386
mtbench,spec_casc_tok,alpha0.2,case_024,2,ok,2.418918918918919,3.418918918918919,1770,518.0,0.40315315315315314,stop,True,3.746545820031315
mtbench,spec_casc_tok,alpha0.2,case_025,0,ok,3.462686567164179,4.462686567164178,599,134.0,0.5771144278606966,stop,True,0.9932398959062994
mtbench,spec_casc_tok,alpha0.2,case_025,1,ok,2.736111111111111,3.736111111111111,267,72.0,0.45601851851851855,stop,True,0.5558504569344223
mtbench,spec_casc_tok,alpha0.2,case_025,2,ok,3.75,4.75,475,100.0,0.625,stop,True,0.7388988849706948
mtbench,spec_casc_tok,alpha0.2,case_026,0,ok,2.7408536585365852,3.7408536585365852,1225,328.0,0.4568089430894309,stop,True,2.3800799979362637
mtbench,spec_casc_tok,alpha0.2,case_026,1,ok,2.6638418079096047,3.6638418079096047,1296,354.0,0.4439736346516008,stop,True,2.6280191231053323
mtbench,spec_casc_tok,alpha0.2,case_026,2,ok,2.515,3.515,702,200.0,0.4191666666666667,stop,True,1.4534573880955577
mtbench,spec_casc_tok,alpha0.2,case_027,0,ok,2.4651162790697674,3.4651162790697674,594,172.0,0.4108527131782946,stop,True,1.2561865421012044
mtbench,spec_casc_tok,alpha0.2,case_027,1,ok,2.323809523809524,3.323809523809524,696,210.0,0.3873015873015873,stop,True,1.5550512520130724
mtbench,spec_casc_tok,alpha0.2,case_027,2,ok,2.4504504504504503,3.4504504504504503,764,222.0,0.4084084084084084,stop,True,1.6044864659197628
mtbench,spec_casc_tok,alpha0.2,case_028,0,ok,1.8071505958829903,2.80715059588299,2591,923.0,0.30119176598049835,stop,True,6.633494392968714
mtbench,spec_casc_tok,alpha0.2,case_028,1,ok,1.8066429418742587,2.8066429418742587,2366,843.0,0.3011071569790431,stop,True,6.189895986113697
mtbench,spec_casc_tok,alpha0.2,case_028,2,ok,1.761455525606469,2.7614555256064692,2049,742.0,0.2935759209344115,stop,True,5.314240611158311
mtbench,spec_casc_tok,alpha0.2,case_029,0,ok,1.7128205128205127,2.712820512820513,3174,1170.0,0.28547008547008546,stop,True,8.274955354165286
mtbench,spec_casc_tok,alpha0.2,case_029,1,ok,1.7827510917030567,2.782751091703057,2549,916.0,0.29712518195050946,stop,True,6.6128314239904284
mtbench,spec_casc_tok,alpha0.2,case_029,2,ok,1.6680672268907564,2.6680672268907566,2540,952.0,0.27801120448179273,stop,True,6.682679874822497
mtbench,spec_casc_tok,alpha0.2,case_030,0,ok,2.1434426229508197,3.1434426229508197,767,244.0,0.3572404371584699,stop,True,1.743829658953473
mtbench,spec_casc_tok,alpha0.2,case_030,1,ok,1.909433962264151,2.909433962264151,770,265.0,0.3182389937106918,stop,True,1.9432299060281366
mtbench,spec_casc_tok,alpha0.2,case_030,2,ok,2.0677966101694913,3.0677966101694913,723,236.0,0.3446327683615819,stop,True,1.6780502051115036
mtbench,spec_casc_tok,alpha0.2,case_031,0,ok,2.136904761904762,3.136904761904762,527,168.0,0.35615079365079366,stop,True,1.2195578899700195
mtbench,spec_casc_tok,alpha0.2,case_031,1,ok,2.1333333333333333,3.1333333333333333,893,285.0,0.35555555555555557,stop,True,2.1174577199853957
mtbench,spec_casc_tok,alpha0.2,case_031,2,ok,2.3691275167785233,3.3691275167785233,502,149.0,0.39485458612975394,stop,True,1.0755614750087261
mtbench,spec_casc_tok,alpha0.2,case_032,0,ok,1.460122699386503,2.460122699386503,399,163.0,0.24335378323108384,stop,True,1.144008892821148
mtbench,spec_casc_tok,alpha0.2,case_032,1,ok,1.3533834586466165,2.3533834586466167,313,133.0,0.22556390977443608,stop,True,0.9577297528740019
mtbench,spec_casc_tok,alpha0.2,case_032,2,ok,1.3805309734513274,2.3805309734513274,539,226.0,0.23008849557522124,stop,True,1.5778460430447012
mtbench,spec_casc_tok,alpha0.2,case_033,0,ok,1.4035476718403548,2.4035476718403546,1085,451.0,0.23392461197339245,stop,True,3.167172371177003
mtbench,spec_casc_tok,alpha0.2,case_033,1,ok,1.7223880597014924,2.7223880597014922,910,335.0,0.2870646766169154,stop,True,2.3798788441345096
mtbench,spec_casc_tok,alpha0.2,case_033,2,ok,1.9844357976653697,2.9844357976653697,767,257.0,0.33073929961089493,stop,True,1.8022067288402468
mtbench,spec_casc_tok,alpha0.2,case_034,0,ok,1.9989224137931034,2.998922413793103,2780,928.0,0.3331537356321839,stop,True,6.613925660029054
mtbench,spec_casc_tok,alpha0.2,case_034,1,ok,2.0483490566037736,3.0483490566037736,2585,848.0,0.34139150943396224,stop,True,6.0391330029815435
mtbench,spec_casc_tok,alpha0.2,case_034,2,ok,1.8092224231464737,2.8092224231464735,3107,1106.0,0.3015370705244123,stop,True,7.855995333986357
mtbench,spec_casc_tok,alpha0.2,case_035,0,ok,1.469298245614035,2.469298245614035,563,228.0,0.2448830409356725,stop,True,1.5997231390792876
mtbench,spec_casc_tok,alpha0.2,case_035,1,ok,1.7908496732026145,2.7908496732026142,428,153.0,0.2984749455337691,stop,True,1.0843768429476768
mtbench,spec_casc_tok,alpha0.2,case_035,2,ok,1.2078651685393258,2.2078651685393256,393,178.0,0.20131086142322097,stop,True,1.2489928910508752
mtbench,spec_casc_tok,alpha0.2,case_036,0,ok,2.0923694779116464,3.0923694779116464,3849,1245.0,0.34872824631860777,stop,True,8.924719604896381
mtbench,spec_casc_tok,alpha0.2,case_036,1,ok,2.3225283630470015,3.3225283630470015,4096,1234.0,0.3870880605078336,length,False,8.842056862078607
mtbench,spec_casc_tok,alpha0.2,case_036,2,ok,2.2524271844660193,3.2524271844660193,2344,721.0,0.37540453074433655,stop,True,5.141306436853483
mtbench,spec_casc_tok,alpha0.2,case_037,0,ok,2.7777777777777777,3.7777777777777777,476,126.0,0.46296296296296297,stop,True,0.9330436298623681
mtbench,spec_casc_tok,alpha0.2,case_037,1,ok,2.559055118110236,3.559055118110236,449,127.0,0.42650918635170604,stop,True,0.9351133671589196
mtbench,spec_casc_tok,alpha0.2,case_037,2,ok,2.630901287553648,3.630901287553648,846,233.0,0.438483547925608,stop,True,1.6874526590108871
mtbench,spec_casc_tok,alpha0.2,case_038,0,ok,2.1904761904761907,3.1904761904761907,267,84.0,0.36507936507936506,stop,True,0.6114547620527446
mtbench,spec_casc_tok,alpha0.2,case_038,1,ok,2.3684210526315788,3.3684210526315788,318,95.0,0.39473684210526316,stop,True,0.6880682748742402
mtbench,spec_casc_tok,alpha0.2,case_038,2,ok,2.1846153846153844,3.1846153846153844,205,65.0,0.3641025641025641,stop,True,0.4755764249712229
mtbench,spec_casc_tok,alpha0.2,case_039,0,ok,3.005714285714286,4.005714285714285,701,175.0,0.5009523809523809,stop,True,1.2990628080442548
mtbench,spec_casc_tok,alpha0.2,case_039,1,ok,3.044642857142857,4.044642857142858,453,112.0,0.5074404761904762,stop,True,0.8338761450722814
mtbench,spec_casc_tok,alpha0.2,case_039,2,ok,3.4915254237288136,4.491525423728813,530,118.0,0.5819209039548022,stop,True,0.8716524851042777
mtbench,spec_casc_tok,alpha0.2,case_040,0,ok,3.119565217391304,4.119565217391305,379,92.0,0.519927536231884,stop,True,0.6813305940013379
mtbench,spec_casc_tok,alpha0.2,case_040,1,ok,3.125,4.125,363,88.0,0.5208333333333334,stop,True,0.6528423430863768
mtbench,spec_casc_tok,alpha0.2,case_040,2,ok,2.988235294117647,3.988235294117647,338,85.0,0.4980392156862745,stop,True,0.6272156969644129
mtbench,spec_casc_tok,alpha0.2,case_041,0,ok,2.5542857142857143,3.5542857142857143,619,175.0,0.4257142857142857,stop,True,1.276347829028964
mtbench,spec_casc_tok,alpha0.2,case_041,1,ok,3.1636363636363636,4.163636363636364,914,220.0,0.5272727272727272,stop,True,1.602914443006739
mtbench,spec_casc_tok,alpha0.2,case_041,2,ok,2.953125,3.953125,758,192.0,0.4921875,stop,True,1.3930574061814696
mtbench,spec_casc_tok,alpha0.2,case_042,0,ok,2.607072691552063,3.607072691552063,1835,509.0,0.43451211525867717,stop,True,3.704997500870377
mtbench,spec_casc_tok,alpha0.2,case_042,1,ok,2.498771498771499,3.498771498771499,1424,407.0,0.41646191646191644,stop,True,2.97064254200086
mtbench,spec_casc_tok,alpha0.2,case_042,2,ok,2.5387096774193547,3.5387096774193547,2193,620.0,0.42311827956989245,stop,True,4.497879849048331
mtbench,spec_casc_tok,alpha0.2,case_043,0,ok,4.285714285714286,5.285714285714286,259,49.0,0.7142857142857143,stop,True,0.38014804595150054
mtbench,spec_casc_tok,alpha0.2,case_043,1,ok,3.5,4.5,248,56.0,0.5833333333333334,stop,True,0.429148618131876
mtbench,spec_casc_tok,alpha0.2,case_043,2,ok,3.8636363636363638,4.863636363636363,214,44.0,0.6439393939393939,stop,True,0.3390447208657861
mtbench,spec_casc_tok,alpha0.2,case_044,0,ok,3.1847826086956523,4.184782608695652,386,92.0,0.5307971014492754,stop,True,0.6864991281181574
mtbench,spec_casc_tok,alpha0.2,case_044,1,ok,3.5344827586206895,4.5344827586206895,262,58.0,0.5890804597701149,stop,True,0.43944412493146956
mtbench,spec_casc_tok,alpha0.2,case_044,2,ok,3.891891891891892,4.891891891891892,360,74.0,0.6486486486486487,stop,True,0.5523856352083385
mtbench,spec_casc_tok,alpha0.2,case_045,0,ok,2.404255319148936,3.404255319148936,480,141.0,0.40070921985815605,stop,True,1.0372108248993754
mtbench,spec_casc_tok,alpha0.2,case_045,1,ok,1.9880952380952381,2.988095238095238,502,168.0,0.33134920634920634,stop,True,1.2293026039842516
mtbench,spec_casc_tok,alpha0.2,case_045,2,ok,2.15625,3.15625,503,160.0,0.359375,stop,True,1.1712672128342092
mtbench,spec_casc_tok,alpha0.2,case_046,0,ok,1.9358669833729216,2.9358669833729216,2472,842.0,0.32264449722882027,stop,True,5.99675637902692
mtbench,spec_casc_tok,alpha0.2,case_046,1,ok,2.048689138576779,3.048689138576779,2441,801.0,0.3414481897627965,stop,True,5.701058748876676
mtbench,spec_casc_tok,alpha0.2,case_046,2,ok,1.9783737024221453,2.9783737024221453,3443,1156.0,0.3297289504036909,stop,True,8.171292098006234
mtbench,spec_casc_tok,alpha0.2,case_047,0,ok,2.241206030150754,3.241206030150754,1291,398.0,0.37353433835845895,stop,True,2.88464358006604
mtbench,spec_casc_tok,alpha0.2,case_047,1,ok,2.0765171503957784,3.0765171503957784,1166,379.0,0.3460861917326297,stop,True,2.7314748079515994
mtbench,spec_casc_tok,alpha0.2,case_047,2,ok,2.22,3.22,1125,350.0,0.37,stop,True,2.515628336928785
mtbench,spec_casc_tok,alpha0.2,case_048,0,ok,1.4813559322033898,2.48135593220339,730,295.0,0.24689265536723165,stop,True,2.086668438045308
mtbench,spec_casc_tok,alpha0.2,case_048,1,ok,1.5473145780051152,2.547314578005115,994,391.0,0.25788576300085253,stop,True,2.7593103090766817
mtbench,spec_casc_tok,alpha0.2,case_048,2,ok,1.4525862068965518,2.4525862068965516,567,232.0,0.24209770114942528,stop,True,1.6288535001222044
mtbench,spec_casc_tok,alpha0.2,case_049,0,ok,1.7411971830985915,2.7411971830985915,1556,568.0,0.29019953051643194,stop,True,4.038899335078895
mtbench,spec_casc_tok,alpha0.2,case_049,1,ok,1.7884615384615385,2.7884615384615383,1301,468.0,0.2980769230769231,stop,True,3.312466246075928
mtbench,spec_casc_tok,alpha0.2,case_049,2,ok,1.6040723981900453,2.6040723981900453,1150,442.0,0.26734539969834087,stop,True,3.1012728710193187
mtbench,spec_casc_tok,alpha0.2,case_050,0,ok,1.7027777777777777,2.7027777777777775,1947,720.0,0.28379629629629627,stop,True,5.063718656077981
mtbench,spec_casc_tok,alpha0.2,case_050,1,ok,1.8105625717566016,2.8105625717566016,2447,871.0,0.30176042862610025,stop,True,6.1427622360643
mtbench,spec_casc_tok,alpha0.2,case_050,2,ok,1.6897119341563787,2.689711934156379,3267,1215.0,0.28161865569272976,stop,True,8.481732239946723
mtbench,spec_casc_tok,alpha0.2,case_051,0,ok,1.6614173228346456,2.6614173228346454,676,254.0,0.2769028871391076,stop,True,1.7925240490585566
mtbench,spec_casc_tok,alpha0.2,case_051,1,ok,1.627659574468085,2.627659574468085,742,282.0,0.2712765957446808,stop,True,1.9826031259726733
mtbench,spec_casc_tok,alpha0.2,case_051,2,ok,1.5358490566037737,2.535849056603774,672,265.0,0.2559748427672956,stop,True,1.8544103689491749
mtbench,spec_casc_tok,alpha0.2,case_052,0,ok,1.7228714524207012,2.7228714524207014,1631,599.0,0.2871452420701169,stop,True,4.203078405931592
mtbench,spec_casc_tok,alpha0.2,case_052,1,ok,1.9339622641509433,2.933962264150943,310,106.0,0.3223270440251572,stop,True,0.7540622830856591
mtbench,spec_casc_tok,alpha0.2,case_052,2,ok,1.5,2.5,559,224.0,0.25,stop,True,1.5685368429403752
mtbench,spec_casc_tok,alpha0.2,case_053,0,ok,1.5950413223140496,2.5950413223140494,313,121.0,0.26584022038567495,stop,True,0.8749547298066318
mtbench,spec_casc_tok,alpha0.2,case_053,1,ok,1.5384615384615385,2.5384615384615383,592,234.0,0.2564102564102564,stop,True,1.6706018978729844
mtbench,spec_casc_tok,alpha0.2,case_053,2,ok,1.5890410958904109,2.589041095890411,188,73.0,0.2648401826484018,stop,True,0.5259866318665445
mtbench,spec_casc_tok,alpha0.2,case_054,0,ok,1.4940828402366864,2.494082840236686,841,338.0,0.2490138067061144,stop,True,2.3989554941654205
mtbench,spec_casc_tok,alpha0.2,case_054,1,ok,1.3857758620689655,2.3857758620689653,1104,464.0,0.2309626436781609,stop,True,3.281216199044138
mtbench,spec_casc_tok,alpha0.2,case_054,2,ok,1.5375,2.5375,810,320.0,0.25625,stop,True,2.2707572099752724
mtbench,spec_casc_tok,alpha0.2,case_055,0,ok,1.5674740484429066,2.5674740484429064,739,289.0,0.26124567474048443,stop,True,2.0699797950219363
mtbench,spec_casc_tok,alpha0.2,case_055,1,ok,1.5454545454545454,2.5454545454545454,532,209.0,0.25757575757575757,stop,True,1.487359720049426
mtbench,spec_casc_tok,alpha0.2,case_055,2,ok,1.7064846416382253,2.7064846416382253,792,293.0,0.2844141069397042,stop,True,2.0841368669644
mtbench,spec_casc_tok,alpha0.2,case_056,0,ok,2.3516260162601625,3.3516260162601625,1649,492.0,0.3919376693766938,stop,True,3.579017653129995
mtbench,spec_casc_tok,alpha0.2,case_056,1,ok,2.3273453093812377,3.3273453093812377,1667,501.0,0.3878908848968729,stop,True,3.638148974860087
mtbench,spec_casc_tok,alpha0.2,case_056,2,ok,1.9910112359550562,2.9910112359550562,1332,445.0,0.3318352059925094,stop,True,3.225749949924648
mtbench,spec_casc_tok,alpha0.2,case_057,0,ok,1.6235521235521235,2.6235521235521233,1358,518.0,0.2705920205920206,stop,True,3.608812923077494
mtbench,spec_casc_tok,alpha0.2,case_057,1,ok,1.5731225296442688,2.5731225296442686,650,253.0,0.2621870882740448,stop,True,1.768962207948789
mtbench,spec_casc_tok,alpha0.2,case_057,2,ok,1.7179487179487178,2.717948717948718,1165,429.0,0.2863247863247863,stop,True,2.968927799956873
mtbench,spec_casc_tok,alpha0.2,case_058,0,ok,2.7610619469026547,3.7610619469026547,425,113.0,0.46017699115044247,stop,True,0.8306280821561813
mtbench,spec_casc_tok,alpha0.2,case_058,1,ok,2.379396984924623,3.379396984924623,1343,398.0,0.39656616415410384,stop,True,2.8769348019268364
mtbench,spec_casc_tok,alpha0.2,case_058,2,ok,3.0,4.0,252,63.0,0.5,stop,True,0.4688807330094278
mtbench,spec_casc_tok,alpha0.2,case_059,0,ok,2.1135265700483092,3.1135265700483092,2579,828.0,0.3522544283413849,stop,True,6.040022443048656
mtbench,spec_casc_tok,alpha0.2,case_059,1,ok,2.4451754385964914,3.4451754385964914,1571,456.0,0.40752923976608185,stop,True,3.34863845189102
mtbench,spec_casc_tok,alpha0.2,case_059,2,ok,2.262422360248447,3.262422360248447,2100,644.0,0.3770703933747412,stop,True,4.691786498064175
mtbench,spec_casc_tok,alpha0.2,case_060,0,ok,2.5369318181818183,3.5369318181818183,1244,352.0,0.4228219696969697,stop,True,2.5449358930345625
mtbench,spec_casc_tok,alpha0.2,case_060,1,ok,2.228476821192053,3.228476821192053,975,302.0,0.37141280353200884,stop,True,2.1818846489768475
mtbench,spec_casc_tok,alpha0.2,case_060,2,ok,2.28698224852071,3.28698224852071,1111,338.0,0.381163708086785,stop,True,2.4288219888694584
mtbench,spec_casc_tok,alpha0.2,case_061,0,ok,3.3959731543624163,4.395973154362416,652,149.0,0.5659955257270693,stop,True,1.068121779942885
mtbench,spec_casc_tok,alpha0.2,case_061,1,ok,2.975609756097561,3.975609756097561,325,82.0,0.4959349593495935,stop,True,0.5919026781339198
mtbench,spec_casc_tok,alpha0.2,case_061,2,ok,3.272727272727273,4.272727272727273,611,143.0,0.5454545454545454,stop,True,1.0195289610419422
mtbench,spec_casc_tok,alpha0.2,case_062,0,ok,3.4603174603174605,4.4603174603174605,282,63.0,0.5767195767195767,stop,True,0.47818795102648437
mtbench,spec_casc_tok,alpha0.2,case_062,1,ok,3.382716049382716,4.382716049382716,355,81.0,0.5637860082304527,stop,True,0.6083602530416101
mtbench,spec_casc_tok,alpha0.2,case_062,2,ok,3.0597014925373136,4.059701492537314,543,134.0,0.5099502487562189,stop,True,0.9823288340121508
mtbench,spec_casc_tok,alpha0.2,case_063,0,ok,2.6776315789473686,3.6776315789473686,558,152.0,0.44627192982456143,stop,True,1.1031075790524483
mtbench,spec_casc_tok,alpha0.2,case_063,1,ok,3.1031746031746033,4.103174603174603,518,126.0,0.5171957671957672,stop,True,0.9171240460127592
mtbench,spec_casc_tok,alpha0.2,case_063,2,ok,2.504854368932039,3.504854368932039,359,103.0,0.4174757281553398,stop,True,0.7494107119273394
mtbench,spec_casc_tok,alpha0.2,case_064,0,ok,3.676470588235294,4.6764705882352935,159,34.0,0.6127450980392157,stop,True,0.2675803150050342
mtbench,spec_casc_tok,alpha0.2,case_064,1,ok,3.59375,4.59375,148,32.0,0.5989583333333334,stop,True,0.25267163501121104
mtbench,spec_casc_tok,alpha0.2,case_064,2,ok,2.735294117647059,3.735294117647059,126,34.0,0.45588235294117646,stop,True,0.26315560517832637
mtbench,spec_casc_tok,alpha0.2,case_065,0,ok,4.375,5.375,215,40.0,0.7291666666666666,stop,True,0.30250155087560415
mtbench,spec_casc_tok,alpha0.2,case_065,1,ok,3.372093023255814,4.372093023255815,188,43.0,0.562015503875969,stop,True,0.32616172498092055
mtbench,spec_casc_tok,alpha0.2,case_065,2,ok,3.7291666666666665,4.729166666666666,227,48.0,0.6215277777777778,stop,True,0.35708559793420136
mtbench,spec_casc_tok,alpha0.2,case_066,0,ok,1.8333333333333333,2.833333333333333,1085,384.0,0.3055555555555556,stop,True,2.7746116281487048
mtbench,spec_casc_tok,alpha0.2,case_066,1,ok,2.135294117647059,3.135294117647059,2665,850.0,0.3558823529411765,stop,True,6.1344502789434046
mtbench,spec_casc_tok,alpha0.2,case_066,2,ok,2.351882160392799,3.351882160392799,4096,1222.0,0.39198036006546644,length,False,8.777499578893185
mtbench,spec_casc_tok,alpha0.2,case_067,0,ok,2.648994515539305,3.648994515539305,1996,547.0,0.44149908592321757,stop,True,4.006081322906539
mtbench,spec_casc_tok,alpha0.2,case_067,1,ok,2.701252236135957,3.701252236135957,2068,559.0,0.4502087060226595,stop,True,4.07392408605665
mtbench,spec_casc_tok,alpha0.2,case_067,2,ok,2.8823529411764706,3.8823529411764706,2178,561.0,0.4803921568627451,stop,True,4.083572031930089
mtbench,spec_casc_tok,alpha0.2,case_068,0,ok,2.5623529411764707,3.5623529411764707,1513,425.0,0.42705882352941177,stop,True,3.1000680059660226
mtbench,spec_casc_tok,alpha0.2,case_068,1,ok,2.726063829787234,3.726063829787234,1402,376.0,0.45434397163120566,stop,True,2.7339958890806884
mtbench,spec_casc_tok,alpha0.2,case_068,2,ok,2.4932614555256065,3.4932614555256065,1295,371.0,0.41554357592093444,stop,True,2.682682127924636
mtbench,spec_casc_tok,alpha0.2,case_069,0,ok,3.586206896551724,4.586206896551724,264,58.0,0.5977011494252874,stop,True,0.44054049416445196
mtbench,spec_casc_tok,alpha0.2,case_069,1,ok,2.869565217391304,3.869565217391304,86,23.0,0.4782608695652174,stop,True,0.18642564886249602
mtbench,spec_casc_tok,alpha0.2,case_069,2,ok,2.883720930232558,3.883720930232558,166,43.0,0.4806201550387597,stop,True,0.3295201228465885
mtbench,spec_casc_tok,alpha0.2,case_070,0,ok,2.931603773584906,3.931603773584906,1664,424.0,0.4886006289308176,stop,True,3.104809496086091
mtbench,spec_casc_tok,alpha0.2,case_070,1,ok,2.706896551724138,3.706896551724138,861,232.0,0.4511494252873563,stop,True,1.7006868768949062
mtbench,spec_casc_tok,alpha0.2,case_070,2,ok,2.678861788617886,3.678861788617886,1810,492.0,0.4464769647696477,stop,True,3.5675231378991157
mtbench,spec_casc_tok,alpha0.2,case_071,0,ok,2.45,3.45,412,120.0,0.4083333333333333,stop,True,0.8889522159006447
mtbench,spec_casc_tok,alpha0.2,case_071,1,ok,2.2990654205607477,3.2990654205607477,353,107.0,0.38317757009345793,stop,True,0.792775368085131
mtbench,spec_casc_tok,alpha0.2,case_071,2,ok,2.647727272727273,3.647727272727273,641,176.0,0.4412878787878788,stop,True,1.2944739530794322
mtbench,spec_casc_tok,alpha0.2,case_072,0,ok,3.2650602409638556,4.265060240963855,352,83.0,0.5441767068273092,stop,True,0.6250470608938485
mtbench,spec_casc_tok,alpha0.2,case_072,1,ok,3.0617283950617282,4.061728395061728,327,81.0,0.5102880658436214,stop,True,0.6074636438861489
mtbench,spec_casc_tok,alpha0.2,case_072,2,ok,3.3469387755102042,4.346938775510204,424,98.0,0.5578231292517006,stop,True,0.734530087094754
mtbench,spec_casc_tok,alpha0.2,case_073,0,ok,2.0987654320987654,3.0987654320987654,1002,324.0,0.3497942386831276,stop,True,2.342656607972458
mtbench,spec_casc_tok,alpha0.2,case_073,1,ok,2.37109375,3.37109375,860,256.0,0.3951822916666667,stop,True,1.853949286043644
mtbench,spec_casc_tok,alpha0.2,case_073,2,ok,1.8554913294797688,2.8554913294797686,989,346.0,0.3092485549132948,stop,True,2.480759452097118
mtbench,spec_casc_tok,alpha0.2,case_074,0,ok,2.036184210526316,3.036184210526316,922,304.0,0.3393640350877193,stop,True,2.193077296949923
mtbench,spec_casc_tok,alpha0.2,case_074,1,ok,2.1884057971014492,3.1884057971014492,1319,414.0,0.3647342995169082,stop,True,2.966348292073235
mtbench,spec_casc_tok,alpha0.2,case_074,2,ok,2.1201413427561837,3.1201413427561837,879,283.0,0.35335689045936397,stop,True,2.023383571067825
mtbench,spec_casc_tok,alpha0.2,case_075,0,ok,2.145645645645646,3.145645645645646,2095,666.0,0.3576076076076076,stop,True,4.8220898900181055
mtbench,spec_casc_tok,alpha0.2,case_075,1,ok,2.2,3.2,2240,700.0,0.36666666666666664,stop,True,5.062003487022594
mtbench,spec_casc_tok,alpha0.2,case_075,2,ok,2.0459110473457676,3.0459110473457676,2122,697.0,0.34098517455762795,stop,True,5.020831411937252
mtbench,spec_casc_tok,alpha0.2,case_076,0,ok,1.7349896480331264,2.7349896480331264,2642,966.0,0.2891649413388544,stop,True,6.946796308038756
mtbench,spec_casc_tok,alpha0.2,case_076,1,ok,1.7758945386064031,2.775894538606403,2947,1062.0,0.29598242310106715,stop,True,7.6198978731408715
mtbench,spec_casc_tok,alpha0.2,case_076,2,ok,1.8142250530785562,2.814225053078556,2650,942.0,0.3023708421797594,stop,True,6.717358162859455
mtbench,spec_casc_tok,alpha0.2,case_077,0,ok,1.8444444444444446,2.8444444444444446,4096,1440.0,0.3074074074074074,length,True,10.296008927980438
mtbench,spec_casc_tok,alpha0.2,case_077,1,ok,1.7442528735632183,2.7442528735632186,2865,1044.0,0.2907088122605364,stop,True,7.453312369063497
mtbench,spec_casc_tok,alpha0.2,case_077,2,ok,1.76289592760181,2.76289592760181,3053,1105.0,0.293815987933635,stop,True,7.820493663195521
mtbench,spec_casc_tok,alpha0.2,case_078,0,ok,1.7411167512690355,2.7411167512690353,1621,591.0,0.29018612521150594,stop,True,4.203557839849964
mtbench,spec_casc_tok,alpha0.2,case_078,1,ok,1.6454720616570329,2.645472061657033,1372,519.0,0.2742453436095055,stop,True,3.6828412760514766
mtbench,spec_casc_tok,alpha0.2,case_078,2,ok,1.5638506876227898,2.56385068762279,1306,509.0,0.26064178127046495,stop,True,3.587693946901709
mtbench,spec_casc_tok,alpha0.2,case_079,0,ok,1.7186788154897494,2.718678815489749,2387,878.0,0.2864464692482916,stop,True,6.222556302091107
mtbench,spec_casc_tok,alpha0.2,case_079,1,ok,1.92,2.92,1971,675.0,0.32,stop,True,4.800111636053771
mtbench,spec_casc_tok,alpha0.2,case_079,2,ok,1.8125,2.8125,1844,656.0,0.3020833333333333,stop,True,4.645012807101011
mtbench,spec_casc_tok,alpha0.2,case_080,0,ok,1.7795992714025501,2.7795992714025504,1523,549.0,0.2965998785670917,stop,True,3.8983242521062493
mtbench,spec_casc_tok,alpha0.2,case_080,1,ok,1.8408376963350785,2.8408376963350785,2714,955.0,0.3068062827225131,stop,True,6.800992720993236
mtbench,spec_casc_tok,alpha0.2,case_080,2,ok,1.6054545454545455,2.6054545454545455,1433,550.0,0.2675757575757576,stop,True,3.8844477280508727
mtbench,spec_casc_tok,alpha0.25,case_001,0,ok,1.3741648106904232,2.374164810690423,2132,898.0,0.22902746844840385,stop,True,7.243299036985263
mtbench,spec_casc_tok,alpha0.25,case_001,1,ok,1.480440097799511,2.480440097799511,2028,818.0,0.2467400162999185,stop,True,6.198583670891821
mtbench,spec_casc_tok,alpha0.25,case_001,2,ok,1.5476744186046512,2.547674418604651,2191,860.0,0.2579457364341085,stop,True,6.580601096153259
mtbench,spec_casc_tok,alpha0.25,case_002,0,ok,1.7601078167115902,2.7601078167115904,4096,1484.0,0.29335130278526506,length,True,10.545754943042994
mtbench,spec_casc_tok,alpha0.25,case_002,1,ok,1.8032094594594594,2.8032094594594597,3319,1184.0,0.3005349099099099,stop,True,8.477898715995252
mtbench,spec_casc_tok,alpha0.25,case_002,2,ok,1.7796610169491525,2.7796610169491522,4096,1475.0,0.2966101694915254,length,True,10.552469692891464
mtbench,spec_casc_tok,alpha0.25,case_003,0,ok,1.9954648526077097,2.99546485260771,1321,441.0,0.3325774754346183,stop,True,3.189519627019763
mtbench,spec_casc_tok,alpha0.25,case_003,1,ok,1.9831081081081081,2.983108108108108,1766,592.0,0.330518018018018,stop,True,4.282226447016001
mtbench,spec_casc_tok,alpha0.25,case_003,2,ok,2.1744186046511627,3.1744186046511627,1364,430.0,0.3624031007751938,stop,True,3.139218234922737
mtbench,spec_casc_tok,alpha0.25,case_004,0,ok,2.7170542635658914,3.7170542635658914,958,258.0,0.4528423772609819,stop,True,1.9067607061006129
mtbench,spec_casc_tok,alpha0.25,case_004,1,ok,2.3805970149253732,3.3805970149253732,454,134.0,0.39676616915422885,stop,True,1.0005127519834787
mtbench,spec_casc_tok,alpha0.25,case_004,2,ok,2.2612612612612613,3.2612612612612613,360,111.0,0.3768768768768769,stop,True,0.8348684629891068
mtbench,spec_casc_tok,alpha0.25,case_005,0,ok,2.966666666666667,3.966666666666667,119,30.0,0.49444444444444446,stop,True,0.23936644801869988
mtbench,spec_casc_tok,alpha0.25,case_005,1,ok,3.0625,4.0625,131,32.0,0.5104166666666666,stop,True,0.2536694100126624
mtbench,spec_casc_tok,alpha0.25,case_005,2,ok,3.0,4.0,87,22.0,0.5,stop,True,0.17976636602543294
mtbench,spec_casc_tok,alpha0.25,case_006,0,ok,2.6370967741935485,3.6370967741935485,451,124.0,0.43951612903225806,stop,True,0.9286534190177917
mtbench,spec_casc_tok,alpha0.25,case_006,1,ok,2.7868852459016393,3.7868852459016393,462,122.0,0.4644808743169399,stop,True,0.9209388019517064
mtbench,spec_casc_tok,alpha0.25,case_006,2,ok,3.0444444444444443,4.044444444444444,363,90.0,0.5074074074074074,stop,True,0.68406528304331
mtbench,spec_casc_tok,alpha0.25,case_007,0,ok,2.8013856812933025,3.8013856812933025,1646,433.0,0.46689761354888376,stop,True,3.218410017900169
mtbench,spec_casc_tok,alpha0.25,case_007,1,ok,2.4654088050314464,3.4654088050314464,1652,477.0,0.4109014675052411,stop,True,3.5547663120087236
mtbench,spec_casc_tok,alpha0.25,case_007,2,ok,2.7161572052401746,3.7161572052401746,1701,458.0,0.45269286754002913,stop,True,3.4249207959510386
mtbench,spec_casc_tok,alpha0.25,case_008,0,ok,2.613138686131387,3.613138686131387,989,274.0,0.43552311435523117,stop,True,2.0387401450425386
mtbench,spec_casc_tok,alpha0.25,case_008,1,ok,2.653631284916201,3.653631284916201,1306,358.0,0.44227188081936686,stop,True,2.656728337984532
mtbench,spec_casc_tok,alpha0.25,case_008,2,ok,2.3260869565217392,3.3260869565217392,765,230.0,0.38768115942028986,stop,True,1.7184852850623429
mtbench,spec_casc_tok,alpha0.25,case_009,0,ok,3.074074074074074,4.074074074074074,111,27.0,0.5123456790123457,stop,True,0.22045416594482958
mtbench,spec_casc_tok,alpha0.25,case_009,1,ok,3.7,4.7,141,30.0,0.6166666666666667,stop,True,0.24482237314805388
mtbench,spec_casc_tok,alpha0.25,case_009,2,ok,3.0714285714285716,4.071428571428571,115,28.0,0.5119047619047619,stop,True,0.22980598593130708
mtbench,spec_casc_tok,alpha0.25,case_010,0,ok,1.9606741573033708,2.960674157303371,1054,356.0,0.3267790262172285,stop,True,2.6114295539446175
mtbench,spec_casc_tok,alpha0.25,case_010,1,ok,2.130990415335463,3.130990415335463,1959,626.0,0.35516506922257723,stop,True,4.606286116875708
mtbench,spec_casc_tok,alpha0.25,case_010,2,ok,2.1197053406998156,3.1197053406998156,1693,543.0,0.3532842234499693,stop,True,3.9945540211629122
mtbench,spec_casc_tok,alpha0.25,case_011,0,ok,1.6458333333333333,2.645833333333333,2921,1104.0,0.2743055555555556,stop,True,8.075085061136633
mtbench,spec_casc_tok,alpha0.25,case_011,1,ok,1.6348717948717948,2.6348717948717946,2569,975.0,0.27247863247863247,stop,True,7.11837011994794
mtbench,spec_casc_tok,alpha0.25,case_011,2,ok,1.6511387163561078,2.6511387163561078,2561,966.0,0.2751897860593513,stop,True,7.099940109997988
mtbench,spec_casc_tok,alpha0.25,case_012,0,ok,1.6914660831509847,2.691466083150985,2460,914.0,0.28191101385849743,stop,True,6.624713846947998
mtbench,spec_casc_tok,alpha0.25,case_012,1,ok,1.783811475409836,2.783811475409836,2717,976.0,0.297301912568306,stop,True,7.104067635955289
mtbench,spec_casc_tok,alpha0.25,case_012,2,ok,1.883445945945946,2.883445945945946,3414,1184.0,0.31390765765765766,stop,True,8.659131343010813
mtbench,spec_casc_tok,alpha0.25,case_013,0,ok,2.803921568627451,3.803921568627451,193,51.0,0.4673202614379085,stop,True,0.38380657602101564
mtbench,spec_casc_tok,alpha0.25,case_013,1,ok,2.076923076923077,3.076923076923077,240,78.0,0.34615384615384615,stop,True,0.58163659600541
mtbench,spec_casc_tok,alpha0.25,case_013,2,ok,2.3676470588235294,3.3676470588235294,230,68.0,0.3946078431372549,stop,True,0.5109663459006697
mtbench,spec_casc_tok,alpha0.25,case_014,0,ok,1.9202898550724639,2.920289855072464,404,138.0,0.32004830917874394,stop,True,1.0001998390071094
mtbench,spec_casc_tok,alpha0.25,case_014,1,ok,1.6014492753623188,2.601449275362319,359,138.0,0.2669082125603865,stop,True,1.000077303033322
mtbench,spec_casc_tok,alpha0.25,case_014,2,ok,1.436046511627907,2.4360465116279073,418,172.0,0.23934108527131784,stop,True,1.2464661370031536
mtbench,spec_casc_tok,alpha0.25,case_015,0,ok,3.0166666666666666,4.016666666666667,241,60.0,0.5027777777777778,stop,True,0.4494206849485636
mtbench,spec_casc_tok,alpha0.25,case_015,1,ok,2.993710691823899,3.993710691823899,636,159.0,0.4989517819706499,stop,True,1.168749372009188
mtbench,spec_casc_tok,alpha0.25,case_015,2,ok,3.7045454545454546,4.704545454545455,415,88.0,0.6174242424242424,stop,True,0.6567000758368522
mtbench,spec_casc_tok,alpha0.25,case_016,0,ok,1.3209876543209877,2.3209876543209877,188,81.0,0.22016460905349794,stop,True,0.601983489934355
mtbench,spec_casc_tok,alpha0.25,case_016,1,ok,1.75,2.75,296,108.0,0.2916666666666667,stop,True,0.7976600890979171
mtbench,spec_casc_tok,alpha0.25,case_016,2,ok,1.0980392156862746,2.0980392156862746,107,51.0,0.1830065359477124,stop,True,0.3875571209937334
mtbench,spec_casc_tok,alpha0.25,case_017,0,ok,2.4740973312401886,3.4740973312401886,2212,637.0,0.4123495552066981,stop,True,4.74542086198926
mtbench,spec_casc_tok,alpha0.25,case_017,1,ok,2.910364145658263,3.910364145658263,1395,357.0,0.4850606909430439,stop,True,2.6863052130211145
mtbench,spec_casc_tok,alpha0.25,case_017,2,ok,2.832618025751073,3.832618025751073,892,233.0,0.4721030042918455,stop,True,1.75633210898377
mtbench,spec_casc_tok,alpha0.25,case_018,0,ok,1.7933398628795298,2.79333986287953,2852,1021.0,0.2988899771465883,stop,True,7.355617358116433
mtbench,spec_casc_tok,alpha0.25,case_018,1,ok,1.634567901234568,2.634567901234568,1066,405.0,0.27242798353909464,stop,True,2.92058047815226
mtbench,spec_casc_tok,alpha0.25,case_018,2,ok,1.6762048192771084,2.6762048192771086,1776,664.0,0.27936746987951805,stop,True,4.797179079148918
mtbench,spec_casc_tok,alpha0.25,case_019,0,ok,2.5254237288135593,3.5254237288135593,208,59.0,0.4209039548022599,stop,True,0.44442591187544167
mtbench,spec_casc_tok,alpha0.25,case_019,1,ok,1.7564102564102564,2.7564102564102564,215,78.0,0.29273504273504275,stop,True,0.5869386880658567
mtbench,spec_casc_tok,alpha0.25,case_019,2,ok,2.6129032258064515,3.6129032258064515,112,31.0,0.43548387096774194,stop,True,0.2449555480852723
mtbench,spec_casc_tok,alpha0.25,case_020,0,ok,4.333333333333333,5.333333333333333,177,33.0,0.7222222222222222,stop,True,0.2646799508947879
mtbench,spec_casc_tok,alpha0.25,case_020,1,ok,3.1142857142857143,4.114285714285714,144,35.0,0.5190476190476191,stop,True,0.27844375604763627
mtbench,spec_casc_tok,alpha0.25,case_020,2,ok,3.1219512195121952,4.121951219512195,169,41.0,0.5203252032520326,stop,True,0.32294546300545335
mtbench,spec_casc_tok,alpha0.25,case_021,0,ok,2.979381443298969,3.979381443298969,385,97.0,0.4965635738831615,stop,True,0.7262709578499198
mtbench,spec_casc_tok,alpha0.25,case_021,1,ok,2.8907563025210083,3.8907563025210083,461,119.0,0.48179271708683474,stop,True,0.8859534941148013
mtbench,spec_casc_tok,alpha0.25,case_021,2,ok,3.4,4.4,352,80.0,0.5666666666666667,stop,True,0.5996051749680191
mtbench,spec_casc_tok,alpha0.25,case_022,0,ok,2.866279069767442,3.866279069767442,665,172.0,0.47771317829457366,stop,True,1.2988797251600772
mtbench,spec_casc_tok,alpha0.25,case_022,1,ok,2.6682242990654204,3.6682242990654204,784,214.0,0.4447040498442368,stop,True,1.598945208126679
mtbench,spec_casc_tok,alpha0.25,case_022,2,ok,2.504424778761062,3.504424778761062,792,226.0,0.4174041297935103,stop,True,1.7039260531309992
mtbench,spec_casc_tok,alpha0.25,case_023,0,ok,2.407949790794979,3.407949790794979,3255,956.0,0.4013249651324965,stop,True,7.029706466011703
mtbench,spec_casc_tok,alpha0.25,case_023,1,ok,2.369186046511628,3.369186046511628,3476,1032.0,0.3948643410852713,stop,True,7.655712977051735
mtbench,spec_casc_tok,alpha0.25,case_023,2,ok,2.2397151898734178,3.2397151898734178,4096,1264.0,0.3732858649789029,length,True,9.374716580146924
mtbench,spec_casc_tok,alpha0.25,case_024,0,ok,2.5115089514066495,3.5115089514066495,1373,391.0,0.4185848252344416,stop,True,2.8879422850441188
mtbench,spec_casc_tok,alpha0.25,case_024,1,ok,2.152993348115299,3.152993348115299,1422,451.0,0.3588322246858832,stop,True,3.341430458938703
mtbench,spec_casc_tok,alpha0.25,case_024,2,ok,2.5702005730659025,3.5702005730659025,1245,349.0,0.4283667621776504,stop,True,2.5945024928078055
mtbench,spec_casc_tok,alpha0.25,case_025,0,ok,3.604651162790698,4.604651162790698,595,129.0,0.6007751937984496,stop,True,0.9718699278309941
mtbench,spec_casc_tok,alpha0.25,case_025,1,ok,3.2448979591836733,4.244897959183673,622,147.0,0.5408163265306123,stop,True,1.113073191139847
mtbench,spec_casc_tok,alpha0.25,case_025,2,ok,3.3525641025641026,4.352564102564102,680,156.0,0.5587606837606838,stop,True,1.1728180220816284
mtbench,spec_casc_tok,alpha0.25,case_026,0,ok,2.414383561643836,3.414383561643836,997,292.0,0.4023972602739726,stop,True,2.1714774689171463
mtbench,spec_casc_tok,alpha0.25,case_026,1,ok,2.477777777777778,3.477777777777778,626,180.0,0.412962962962963,stop,True,1.3481631269678473
mtbench,spec_casc_tok,alpha0.25,case_026,2,ok,2.7710843373493974,3.7710843373493974,939,249.0,0.46184738955823296,stop,True,1.862242152215913
mtbench,spec_casc_tok,alpha0.25,case_027,0,ok,2.4166666666666665,3.4166666666666665,777,228.0,0.4027777777777778,stop,True,1.6814613710157573
mtbench,spec_casc_tok,alpha0.25,case_027,1,ok,2.277511961722488,3.277511961722488,683,209.0,0.379585326953748,stop,True,1.5579286529682577
mtbench,spec_casc_tok,alpha0.25,case_027,2,ok,2.5175879396984926,3.5175879396984926,700,199.0,0.41959798994974873,stop,True,1.4827017600182444
mtbench,spec_casc_tok,alpha0.25,case_028,0,ok,1.7547846889952152,2.7547846889952154,2303,836.0,0.29246411483253587,stop,True,6.110450085019693
mtbench,spec_casc_tok,alpha0.25,case_028,1,ok,1.7509778357235983,2.7509778357235986,2110,767.0,0.2918296392872664,stop,True,5.63039407110773
mtbench,spec_casc_tok,alpha0.25,case_028,2,ok,1.7383561643835617,2.7383561643835614,1999,730.0,0.2897260273972603,stop,True,5.38671392807737
mtbench,spec_casc_tok,alpha0.25,case_029,0,ok,1.943952802359882,2.943952802359882,1996,678.0,0.323992133726647,stop,True,4.876210365910083
mtbench,spec_casc_tok,alpha0.25,case_029,1,ok,1.6511156186612577,2.6511156186612577,2613,986.0,0.27518593644354294,stop,True,7.108434924157336
mtbench,spec_casc_tok,alpha0.25,case_029,2,ok,1.80773606370876,2.8077360637087603,2465,879.0,0.30128934395146,stop,True,6.365137748187408
mtbench,spec_casc_tok,alpha0.25,case_030,0,ok,2.013574660633484,3.013574660633484,665,221.0,0.33559577677224733,stop,True,1.605405486188829
mtbench,spec_casc_tok,alpha0.25,case_030,1,ok,1.845959595959596,2.845959595959596,1127,396.0,0.30765993265993263,stop,True,2.884784910129383
mtbench,spec_casc_tok,alpha0.25,case_030,2,ok,1.8509090909090908,2.8509090909090906,782,275.0,0.3084848484848485,stop,True,2.0042812649626285
mtbench,spec_casc_tok,alpha0.25,case_031,0,ok,2.179856115107914,3.179856115107914,440,139.0,0.36330935251798563,stop,True,1.037800663849339
mtbench,spec_casc_tok,alpha0.25,case_031,1,ok,2.164705882352941,3.164705882352941,538,170.0,0.3607843137254902,stop,True,1.2610899389255792
mtbench,spec_casc_tok,alpha0.25,case_031,2,ok,2.287769784172662,3.287769784172662,458,139.0,0.381294964028777,stop,True,1.0380619149655104
mtbench,spec_casc_tok,alpha0.25,case_032,0,ok,1.7027027027027026,2.7027027027027026,300,111.0,0.28378378378378377,stop,True,0.8005651531275362
mtbench,spec_casc_tok,alpha0.25,case_032,1,ok,1.4316546762589928,2.431654676258993,337,139.0,0.23860911270983212,stop,True,0.9986811671406031
mtbench,spec_casc_tok,alpha0.25,case_032,2,ok,1.49,2.49,249,100.0,0.24833333333333332,stop,True,0.7238096168730408
mtbench,spec_casc_tok,alpha0.25,case_033,0,ok,1.7006369426751593,2.7006369426751595,849,314.0,0.28343949044585987,stop,True,2.2563161810394377
mtbench,spec_casc_tok,alpha0.25,case_033,1,ok,1.7443946188340806,2.7443946188340806,1225,446.0,0.2907324364723468,stop,True,3.209071499062702
mtbench,spec_casc_tok,alpha0.25,case_033,2,ok,1.4323308270676691,2.432330827067669,647,266.0,0.2387218045112782,stop,True,1.9212985020130873
mtbench,spec_casc_tok,alpha0.25,case_034,0,ok,2.041136141038198,3.041136141038198,3105,1021.0,0.34018935683969964,stop,True,7.402432119939476
mtbench,spec_casc_tok,alpha0.25,case_034,1,ok,1.9886363636363635,2.9886363636363633,2631,880.0,0.3314393939393939,stop,True,6.401268024928868
mtbench,spec_casc_tok,alpha0.25,case_034,2,ok,1.9237918215613383,2.9237918215613385,3146,1076.0,0.32063197026022305,stop,True,7.868447983171791
mtbench,spec_casc_tok,alpha0.25,case_035,0,ok,1.5289256198347108,2.5289256198347108,306,121.0,0.2548209366391185,stop,True,0.8723919768817723
mtbench,spec_casc_tok,alpha0.25,case_035,1,ok,1.8324022346368716,2.832402234636872,507,179.0,0.3054003724394786,stop,True,1.2951737591065466
mtbench,spec_casc_tok,alpha0.25,case_035,2,ok,1.2173913043478262,2.217391304347826,408,184.0,0.2028985507246377,stop,True,1.3257625179830939
mtbench,spec_casc_tok,alpha0.25,case_036,0,ok,2.2531847133757963,3.2531847133757963,2041,628.0,0.3755307855626327,stop,True,4.6017911368981
mtbench,spec_casc_tok,alpha0.25,case_036,1,ok,2.256140350877193,3.256140350877193,1856,570.0,0.3760233918128655,stop,True,4.1940513390582055
mtbench,spec_casc_tok,alpha0.25,case_036,2,ok,2.429553264604811,3.429553264604811,1997,582.0,0.40492554410080184,stop,True,4.297701871953905
mtbench,spec_casc_tok,alpha0.25,case_037,0,ok,3.0579710144927534,4.057971014492754,280,69.0,0.5096618357487923,stop,True,0.5296716920565814
mtbench,spec_casc_tok,alpha0.25,case_037,1,ok,2.7777777777777777,3.7777777777777777,341,90.0,0.46296296296296297,stop,True,0.678805795032531
mtbench,spec_casc_tok,alpha0.25,case_037,2,ok,2.8157894736842106,3.8157894736842106,289,76.0,0.4692982456140351,stop,True,0.5819177010562271
mtbench,spec_casc_tok,alpha0.25,case_038,0,ok,2.1884057971014492,3.1884057971014492,218,69.0,0.3647342995169082,stop,True,0.5165948730427772
mtbench,spec_casc_tok,alpha0.25,case_038,1,ok,1.6714285714285715,2.6714285714285717,374,140.0,0.2785714285714286,stop,True,1.027635620906949
mtbench,spec_casc_tok,alpha0.25,case_038,2,ok,2.54,3.54,176,50.0,0.42333333333333334,stop,True,0.38065355480648577
mtbench,spec_casc_tok,alpha0.25,case_039,0,ok,3.154639175257732,4.154639175257731,403,97.0,0.5257731958762887,stop,True,0.7422830830328166
mtbench,spec_casc_tok,alpha0.25,case_039,1,ok,2.707317073170732,3.707317073170732,760,205.0,0.45121951219512196,stop,True,1.5450151860713959
mtbench,spec_casc_tok,alpha0.25,case_039,2,ok,2.788235294117647,3.788235294117647,644,170.0,0.4647058823529412,stop,True,1.2900497009977698
mtbench,spec_casc_tok,alpha0.25,case_040,0,ok,3.1779661016949152,4.177966101694915,493,118.0,0.5296610169491526,stop,True,0.8882463409099728
mtbench,spec_casc_tok,alpha0.25,case_040,1,ok,3.0088495575221237,4.008849557522124,453,113.0,0.5014749262536873,stop,True,0.8454418110195547
mtbench,spec_casc_tok,alpha0.25,case_040,2,ok,2.84,3.84,672,175.0,0.47333333333333333,stop,True,1.3123577400110662
mtbench,spec_casc_tok,alpha0.25,case_041,0,ok,2.8222222222222224,3.8222222222222224,687,180.0,0.4703703703703704,stop,True,1.3491896151099354
mtbench,spec_casc_tok,alpha0.25,case_041,1,ok,2.783132530120482,3.783132530120482,627,166.0,0.463855421686747,stop,True,1.2342884980607778
mtbench,spec_casc_tok,alpha0.25,case_041,2,ok,2.8135593220338984,3.8135593220338984,899,236.0,0.4689265536723164,stop,True,1.76276796287857
mtbench,spec_casc_tok,alpha0.25,case_042,0,ok,2.748006379585327,3.748006379585327,2350,627.0,0.4580010632642212,stop,True,4.64389118202962
mtbench,spec_casc_tok,alpha0.25,case_042,1,ok,2.4536082474226806,3.4536082474226806,1340,388.0,0.40893470790378006,stop,True,2.8901141579262912
mtbench,spec_casc_tok,alpha0.25,case_042,2,ok,2.538622129436326,3.538622129436326,1694,479.0,0.4231036882393876,stop,True,3.57507314090617
mtbench,spec_casc_tok,alpha0.25,case_043,0,ok,2.7333333333333334,3.7333333333333334,165,45.0,0.45555555555555555,stop,True,0.35171240381896496
mtbench,spec_casc_tok,alpha0.25,case_043,1,ok,3.375,4.375,244,56.0,0.5625,stop,True,0.43611473497003317
mtbench,spec_casc_tok,alpha0.25,case_043,2,ok,3.40625,4.40625,280,64.0,0.5677083333333334,stop,True,0.49790833494625986
mtbench,spec_casc_tok,alpha0.25,case_044,0,ok,3.37,4.37,437,100.0,0.5616666666666666,stop,True,0.7564575090073049
mtbench,spec_casc_tok,alpha0.25,case_044,1,ok,3.5,4.5,323,72.0,0.5833333333333334,stop,True,0.5525002668146044
mtbench,spec_casc_tok,alpha0.25,case_044,2,ok,3.914285714285714,4.914285714285715,344,70.0,0.6523809523809524,stop,True,0.5401850771158934
mtbench,spec_casc_tok,alpha0.25,case_045,0,ok,2.239130434782609,3.239130434782609,296,92.0,0.37318840579710144,stop,True,0.6961206970736384
mtbench,spec_casc_tok,alpha0.25,case_045,1,ok,2.6754966887417218,3.6754966887417218,555,151.0,0.445916114790287,stop,True,1.1414078602101654
mtbench,spec_casc_tok,alpha0.25,case_045,2,ok,2.746913580246914,3.746913580246914,605,162.0,0.45781893004115226,stop,True,1.220273971091956
mtbench,spec_casc_tok,alpha0.25,case_046,0,ok,1.989156626506024,2.9891566265060243,2481,830.0,0.33152610441767066,stop,True,6.009467619005591
mtbench,spec_casc_tok,alpha0.25,case_046,1,ok,1.9300595238095237,2.9300595238095237,1967,672.0,0.3216765873015873,stop,True,4.887190895155072
mtbench,spec_casc_tok,alpha0.25,case_046,2,ok,2.149532710280374,3.149532710280374,2695,856.0,0.3582554517133956,stop,True,6.237613614182919
mtbench,spec_casc_tok,alpha0.25,case_047,0,ok,1.9600840336134453,2.9600840336134455,1405,476.0,0.32668067226890757,stop,True,3.4845590689219534
mtbench,spec_casc_tok,alpha0.25,case_047,1,ok,1.9612068965517242,2.961206896551724,1373,464.0,0.32686781609195403,stop,True,3.422650323016569
mtbench,spec_casc_tok,alpha0.25,case_047,2,ok,1.9407894736842106,2.9407894736842106,892,304.0,0.32346491228070173,stop,True,2.2571231410838664
mtbench,spec_casc_tok,alpha0.25,case_048,0,ok,1.53515625,2.53515625,648,256.0,0.255859375,stop,True,1.850243086926639
mtbench,spec_casc_tok,alpha0.25,case_048,1,ok,1.5248380129589634,2.5248380129589636,1167,463.0,0.25413966882649386,stop,True,3.339502466842532
mtbench,spec_casc_tok,alpha0.25,case_048,2,ok,1.4691780821917808,2.469178082191781,719,292.0,0.24486301369863014,stop,True,2.117648081853986
mtbench,spec_casc_tok,alpha0.25,case_049,0,ok,1.8176020408163265,2.8176020408163263,2208,784.0,0.30293367346938777,stop,True,5.691635355120525
mtbench,spec_casc_tok,alpha0.25,case_049,1,ok,1.8463576158940398,2.84635761589404,2148,755.0,0.30772626931567326,stop,True,5.474848486948758
mtbench,spec_casc_tok,alpha0.25,case_049,2,ok,1.9152542372881356,2.915254237288136,1548,531.0,0.3192090395480226,stop,True,3.8710940789896995
mtbench,spec_casc_tok,alpha0.25,case_050,0,ok,1.683090705487122,2.683090705487122,2395,893.0,0.280515117581187,stop,True,6.388364600017667
mtbench,spec_casc_tok,alpha0.25,case_050,1,ok,1.5060827250608273,2.5060827250608275,2058,822.0,0.25101378751013786,stop,True,5.912183705018833
mtbench,spec_casc_tok,alpha0.25,case_050,2,ok,1.7259528130671506,2.725952813067151,3004,1102.0,0.28765880217785844,stop,True,7.949884084053338
mtbench,spec_casc_tok,alpha0.25,case_051,0,ok,1.4022556390977443,2.4022556390977443,639,266.0,0.2337092731829574,stop,True,1.9010070550721139
mtbench,spec_casc_tok,alpha0.25,case_051,1,ok,1.5274725274725274,2.5274725274725274,918,364.0,0.25457875457875456,stop,True,2.6117569520138204
mtbench,spec_casc_tok,alpha0.25,case_051,2,ok,1.6214285714285714,2.6214285714285714,734,280.0,0.2702380952380952,stop,True,2.02389889000915
mtbench,spec_casc_tok,alpha0.25,case_052,0,ok,1.5257985257985258,2.5257985257985256,1028,407.0,0.2542997542997543,stop,True,2.894263810943812
mtbench,spec_casc_tok,alpha0.25,case_052,1,ok,1.7136929460580912,2.7136929460580914,1307,482.0,0.28561549100968187,stop,True,3.4589974880218506
mtbench,spec_casc_tok,alpha0.25,case_052,2,ok,1.6821192052980132,2.6821192052980134,809,302.0,0.2803532008830022,stop,True,2.183114178944379
mtbench,spec_casc_tok,alpha0.25,case_053,0,ok,1.9324894514767932,2.932489451476793,694,237.0,0.32208157524613223,stop,True,1.733883687062189
mtbench,spec_casc_tok,alpha0.25,case_053,1,ok,1.7592592592592593,2.7592592592592595,147,54.0,0.2932098765432099,stop,True,0.40750208706595004
mtbench,spec_casc_tok,alpha0.25,case_053,2,ok,1.4727272727272727,2.4727272727272727,678,275.0,0.24545454545454545,stop,True,2.020255688810721
mtbench,spec_casc_tok,alpha0.25,case_054,0,ok,1.5292207792207793,2.529220779220779,779,308.0,0.25487012987012986,stop,True,2.2252295799553394
mtbench,spec_casc_tok,alpha0.25,case_054,1,ok,1.4298245614035088,2.4298245614035086,831,342.0,0.23830409356725146,stop,True,2.474607678828761
mtbench,spec_casc_tok,alpha0.25,case_054,2,ok,1.5398981324278438,2.539898132427844,1496,589.0,0.25664968873797395,stop,True,4.2686991221271455
mtbench,spec_casc_tok,alpha0.25,case_055,0,ok,1.7819767441860466,2.7819767441860463,958,344.0,0.2969961240310077,stop,True,2.5106236881110817
mtbench,spec_casc_tok,alpha0.25,case_055,1,ok,1.7410071942446044,2.741007194244604,761,278.0,0.290167865707434,stop,True,2.0307270369958133
mtbench,spec_casc_tok,alpha0.25,case_055,2,ok,1.782918149466192,2.782918149466192,782,281.0,0.297153024911032,stop,True,2.0598648861050606
mtbench,spec_casc_tok,alpha0.25,case_056,0,ok,2.285031847133758,3.285031847133758,2062,628.0,0.38083864118895966,stop,True,4.662943559000269
mtbench,spec_casc_tok,alpha0.25,case_056,1,ok,2.3083989501312336,3.3083989501312336,2520,762.0,0.3847331583552056,stop,True,5.643130138982087
mtbench,spec_casc_tok,alpha0.25,case_056,2,ok,2.065743944636678,3.065743944636678,1772,578.0,0.34429065743944637,stop,True,4.294311125995591
mtbench,spec_casc_tok,alpha0.25,case_057,0,ok,1.5910543130990416,2.5910543130990416,809,313.0,0.26517571884984026,stop,True,2.2240633880719543
mtbench,spec_casc_tok,alpha0.25,case_057,1,ok,1.4794816414686824,2.4794816414686824,1146,463.0,0.24658027357811374,stop,True,3.303407843923196
mtbench,spec_casc_tok,alpha0.25,case_057,2,ok,1.3484848484848484,2.3484848484848486,774,330.0,0.22474747474747475,stop,True,2.3573657360393554
mtbench,spec_casc_tok,alpha0.25,case_058,0,ok,3.085714285714286,4.085714285714285,143,35.0,0.5142857142857142,stop,True,0.2739264399278909
mtbench,spec_casc_tok,alpha0.25,case_058,1,ok,2.707865168539326,3.707865168539326,330,89.0,0.45131086142322097,stop,True,0.6708664989564568
mtbench,spec_casc_tok,alpha0.25,case_058,2,ok,2.927710843373494,3.927710843373494,325,83.0,0.4879518072289157,stop,True,0.6285595609806478
mtbench,spec_casc_tok,alpha0.25,case_059,0,ok,2.3205417607223477,3.3205417607223477,1470,443.0,0.3867569601203913,stop,True,3.309179306961596
mtbench,spec_casc_tok,alpha0.25,case_059,1,ok,2.165170556552962,3.165170556552962,1763,557.0,0.3608617594254937,stop,True,4.159738157875836
mtbench,spec_casc_tok,alpha0.25,case_059,2,ok,2.3410852713178296,3.3410852713178296,1722,516.0,0.39018087855297157,stop,True,3.869851025985554
mtbench,spec_casc_tok,alpha0.25,case_060,0,ok,2.212534059945504,3.212534059945504,1178,367.0,0.368755676657584,stop,True,2.699049671879038
mtbench,spec_casc_tok,alpha0.25,case_060,1,ok,2.193877551020408,3.193877551020408,1253,392.0,0.3656462585034014,stop,True,2.896477014059201
mtbench,spec_casc_tok,alpha0.25,case_060,2,ok,2.186936936936937,3.186936936936937,1415,444.0,0.3644894894894895,stop,True,3.2832163139246404
mtbench,spec_casc_tok,alpha0.25,case_061,0,ok,3.391304347826087,4.391304347826087,404,92.0,0.5652173913043478,stop,True,0.6752282669767737
mtbench,spec_casc_tok,alpha0.25,case_061,1,ok,2.4791666666666665,3.4791666666666665,335,96.0,0.4131944444444444,stop,True,0.7153001849073917
mtbench,spec_casc_tok,alpha0.25,case_061,2,ok,4.0,5.0,474,95.0,0.6666666666666666,stop,True,0.7085046598222107
mtbench,spec_casc_tok,alpha0.25,case_062,0,ok,3.5492957746478875,4.549295774647888,323,71.0,0.5915492957746479,stop,True,0.5452253320254385
mtbench,spec_casc_tok,alpha0.25,case_062,1,ok,3.2,4.2,399,95.0,0.5333333333333333,stop,True,0.7259445099625736
mtbench,spec_casc_tok,alpha0.25,case_062,2,ok,3.6222222222222222,4.622222222222222,415,90.0,0.6037037037037037,stop,True,0.6881784668657929
mtbench,spec_casc_tok,alpha0.25,case_063,0,ok,3.559055118110236,4.559055118110236,579,127.0,0.5931758530183727,stop,True,0.9390107630752027
mtbench,spec_casc_tok,alpha0.25,case_063,1,ok,3.2266666666666666,4.226666666666667,633,150.0,0.5377777777777778,stop,True,1.113316564122215
mtbench,spec_casc_tok,alpha0.25,case_063,2,ok,2.8550724637681157,3.8550724637681157,532,138.0,0.4758454106280193,stop,True,1.0287122279405594
mtbench,spec_casc_tok,alpha0.25,case_064,0,ok,4.0,5.0,165,33.0,0.6666666666666666,stop,True,0.2641050820238888
mtbench,spec_casc_tok,alpha0.25,case_064,1,ok,3.1333333333333333,4.133333333333333,125,30.0,0.5222222222222223,stop,True,0.2420333728659898
mtbench,spec_casc_tok,alpha0.25,case_064,2,ok,2.3333333333333335,3.3333333333333335,69,21.0,0.3888888888888889,stop,True,0.17461299104616046
mtbench,spec_casc_tok,alpha0.25,case_065,0,ok,3.119047619047619,4.119047619047619,173,42.0,0.5198412698412699,stop,True,0.3246443551033735
mtbench,spec_casc_tok,alpha0.25,case_065,1,ok,3.5675675675675675,4.5675675675675675,169,37.0,0.5945945945945946,stop,True,0.2840012270025909
mtbench,spec_casc_tok,alpha0.25,case_065,2,ok,3.641025641025641,4.6410256410256405,181,39.0,0.6068376068376068,stop,True,0.3007432040758431
mtbench,spec_casc_tok,alpha0.25,case_066,0,ok,2.252283105022831,3.252283105022831,2848,876.0,0.3753805175038052,stop,True,6.444897595094517
mtbench,spec_casc_tok,alpha0.25,case_066,1,ok,2.32360097323601,3.32360097323601,4096,1233.0,0.3872668288726683,length,False,9.127487786812708
mtbench,spec_casc_tok,alpha0.25,case_066,2,ok,2.293383270911361,3.293383270911361,2635,801.0,0.3822305451518935,stop,True,5.950877710944042
mtbench,spec_casc_tok,alpha0.25,case_067,0,ok,2.642126789366053,3.642126789366053,1780,489.0,0.4403544648943422,stop,True,3.6443542989436537
mtbench,spec_casc_tok,alpha0.25,case_067,1,ok,2.5217391304347827,3.5217391304347827,1621,460.0,0.42028985507246375,stop,True,3.426770218880847
mtbench,spec_casc_tok,alpha0.25,case_067,2,ok,2.7125890736342044,3.7125890736342044,1563,421.0,0.45209817893903403,stop,True,3.1518697650171816
mtbench,spec_casc_tok,alpha0.25,case_068,0,ok,2.5357142857142856,3.5357142857142856,1682,476.0,0.4226190476190476,stop,True,3.537469319999218
mtbench,spec_casc_tok,alpha0.25,case_068,1,ok,2.5171428571428573,3.5171428571428573,1231,350.0,0.4195238095238095,stop,True,2.6141071037855
mtbench,spec_casc_tok,alpha0.25,case_068,2,ok,2.8165829145728645,3.8165829145728645,1518,398.0,0.4694304857621441,stop,True,2.976398986997083
mtbench,spec_casc_tok,alpha0.25,case_069,0,ok,2.6122448979591835,3.6122448979591835,175,49.0,0.43537414965986393,stop,True,0.38308329903520644
mtbench,spec_casc_tok,alpha0.25,case_069,1,ok,2.638888888888889,3.638888888888889,129,36.0,0.4398148148148148,stop,True,0.28680195892229676
mtbench,spec_casc_tok,alpha0.25,case_069,2,ok,4.363636363636363,5.363636363636363,293,55.0,0.7272727272727273,stop,True,0.42624146002344787
mtbench,spec_casc_tok,alpha0.25,case_070,0,ok,2.6334991708126037,3.6334991708126037,2192,603.0,0.4389165284687673,stop,True,4.484699601773173
mtbench,spec_casc_tok,alpha0.25,case_070,1,ok,2.6207627118644066,3.6207627118644066,1706,472.0,0.4367937853107345,stop,True,3.5257832198403776
mtbench,spec_casc_tok,alpha0.25,case_070,2,ok,2.8150943396226413,3.8150943396226413,2023,530.0,0.4691823899371069,stop,True,3.951194853056222
mtbench,spec_casc_tok,alpha0.25,case_071,0,ok,2.484126984126984,3.484126984126984,436,126.0,0.414021164021164,stop,True,0.9492167320568115
mtbench,spec_casc_tok,alpha0.25,case_071,1,ok,3.029850746268657,4.029850746268657,271,67.0,0.5049751243781094,stop,True,0.5162927061319351
mtbench,spec_casc_tok,alpha0.25,case_071,2,ok,2.7903225806451615,3.7903225806451615,470,124.0,0.4650537634408602,stop,True,0.9422596949152648
mtbench,spec_casc_tok,alpha0.25,case_072,0,ok,3.140845070422535,4.140845070422535,291,71.0,0.5234741784037559,stop,True,0.5478533268906176
mtbench,spec_casc_tok,alpha0.25,case_072,1,ok,2.8421052631578947,3.8421052631578947,290,76.0,0.47368421052631576,stop,True,0.5894682190846652
mtbench,spec_casc_tok,alpha0.25,case_072,2,ok,2.984375,3.984375,255,64.0,0.4973958333333333,stop,True,0.4987173080444336
mtbench,spec_casc_tok,alpha0.25,case_073,0,ok,1.8620689655172413,2.862068965517241,496,174.0,0.3103448275862069,stop,True,1.2859288027975708
mtbench,spec_casc_tok,alpha0.25,case_073,1,ok,2.2216494845360826,3.2216494845360826,1248,388.0,0.3702749140893471,stop,True,2.8652711699251086
mtbench,spec_casc_tok,alpha0.25,case_073,2,ok,2.254166666666667,3.254166666666667,779,240.0,0.37569444444444444,stop,True,1.7740285471081734
mtbench,spec_casc_tok,alpha0.25,case_074,0,ok,2.0861678004535147,3.0861678004535147,1359,441.0,0.3476946334089191,stop,True,3.218943841988221
mtbench,spec_casc_tok,alpha0.25,case_074,1,ok,2.1557894736842105,3.1557894736842105,1497,475.0,0.35929824561403506,stop,True,3.483764671953395
mtbench,spec_casc_tok,alpha0.25,case_074,2,ok,1.95850622406639,2.95850622406639,2139,723.0,0.326417704011065,stop,True,5.304405790986493
mtbench,spec_casc_tok,alpha0.25,case_075,0,ok,2.0618556701030926,3.0618556701030926,2079,679.0,0.3436426116838488,stop,True,5.008961032144725
mtbench,spec_casc_tok,alpha0.25,case_075,1,ok,2.1862745098039214,3.1862745098039214,2275,714.0,0.36437908496732024,stop,True,5.288642965024337
mtbench,spec_casc_tok,alpha0.25,case_075,2,ok,2.207792207792208,3.207792207792208,2470,770.0,0.36796536796536794,stop,True,5.698961976915598
mtbench,spec_casc_tok,alpha0.25,case_076,0,ok,1.8856416772554003,2.8856416772554003,2271,787.0,0.31427361287590005,stop,True,5.732638098997995
mtbench,spec_casc_tok,alpha0.25,case_076,1,ok,1.8950892857142858,2.8950892857142856,2594,896.0,0.3158482142857143,stop,True,6.564994325861335
mtbench,spec_casc_tok,alpha0.25,case_076,2,ok,2.0803673938002296,3.0803673938002296,2683,871.0,0.3467278989667049,stop,True,6.4212851179763675
mtbench,spec_casc_tok,alpha0.25,case_077,0,ok,1.7750177430801988,2.7750177430801988,3909,1409.0,0.29583629051336646,stop,True,10.239590001059696
mtbench,spec_casc_tok,alpha0.25,case_077,1,ok,1.7746891002194587,2.774689100219459,3793,1367.0,0.2957815167032431,stop,True,9.969036997063085
mtbench,spec_casc_tok,alpha0.25,case_077,2,ok,1.9369627507163323,2.936962750716332,4096,1396.0,0.3228271251193887,length,True,10.197729144943878
mtbench,spec_casc_tok,alpha0.25,case_078,0,ok,1.533213644524237,2.533213644524237,1410,557.0,0.2555356074207062,stop,True,4.0191503539681435
mtbench,spec_casc_tok,alpha0.25,case_078,1,ok,1.6140888208269526,2.614088820826953,1707,653.0,0.26901480347115875,stop,True,4.7337266460526735
mtbench,spec_casc_tok,alpha0.25,case_078,2,ok,1.6905882352941177,2.6905882352941175,2286,850.0,0.2817647058823529,stop,True,6.171225452097133
mtbench,spec_casc_tok,alpha0.25,case_079,0,ok,1.8002980625931446,2.8002980625931446,1879,671.0,0.30004967709885744,stop,True,4.858497268054634
mtbench,spec_casc_tok,alpha0.25,case_079,1,ok,1.7369007803790413,2.7369007803790413,2455,897.0,0.2894834633965069,stop,True,6.5224912809208035
mtbench,spec_casc_tok,alpha0.25,case_079,2,ok,1.867867867867868,2.8678678678678677,1909,666.0,0.3113113113113113,stop,True,4.850994747830555
mtbench,spec_casc_tok,alpha0.25,case_080,0,ok,1.819905213270142,2.8199052132701423,1189,422.0,0.3033175355450237,stop,True,3.049617842072621
mtbench,spec_casc_tok,alpha0.25,case_080,1,ok,1.7459677419354838,2.745967741935484,1363,496.0,0.290994623655914,stop,True,3.608983413083479
mtbench,spec_casc_tok,alpha0.25,case_080,2,ok,1.9204204204204205,2.9204204204204203,1944,666.0,0.32007007007007005,stop,True,4.855895370012149
mtbench,spec_casc_tok_lt,alpha0.15,case_001,0,ok,1.6503311258278146,2.6503311258278144,2001,755.0,0.2750551876379691,stop,True,6.165692831156775
mtbench,spec_casc_tok_lt,alpha0.15,case_001,1,ok,2.1881331403762663,3.1881331403762663,2204,691.0,0.36468885672937773,stop,True,5.332034544087946
mtbench,spec_casc_tok_lt,alpha0.15,case_001,2,ok,1.8053797468354431,2.805379746835443,1773,632.0,0.3008966244725738,stop,True,4.799377657007426
mtbench,spec_casc_tok_lt,alpha0.15,case_002,0,ok,2.2550335570469797,3.2550335570469797,1941,596.0,0.37583892617449666,stop,True,4.2256231009960175
mtbench,spec_casc_tok_lt,alpha0.15,case_002,1,ok,2.55702479338843,3.55702479338843,2150,605.0,0.42617079889807163,stop,True,4.314148848876357
mtbench,spec_casc_tok_lt,alpha0.15,case_002,2,ok,2.3063829787234043,3.3063829787234043,2330,705.0,0.3843971631205674,stop,True,5.004567315103486
mtbench,spec_casc_tok_lt,alpha0.15,case_003,0,ok,2.3241206030150754,3.3241206030150754,1322,398.0,0.3873534338358459,stop,True,2.8644207548350096
mtbench,spec_casc_tok_lt,alpha0.15,case_003,1,ok,2.313978494623656,3.313978494623656,1541,465.0,0.385663082437276,stop,True,3.3558316898997873
mtbench,spec_casc_tok_lt,alpha0.15,case_003,2,ok,2.1200631911532386,3.1200631911532386,1973,633.0,0.35334386519220645,stop,True,4.550739387050271
mtbench,spec_casc_tok_lt,alpha0.15,case_004,0,ok,2.267123287671233,3.267123287671233,477,146.0,0.3778538812785388,stop,True,1.0841791660059243
mtbench,spec_casc_tok_lt,alpha0.15,case_004,1,ok,2.296875,3.296875,633,192.0,0.3828125,stop,True,1.4296891440171748
mtbench,spec_casc_tok_lt,alpha0.15,case_004,2,ok,2.9166666666666665,3.9166666666666665,517,132.0,0.4861111111111111,stop,True,0.9832975978497416
mtbench,spec_casc_tok_lt,alpha0.15,case_005,0,ok,2.7857142857142856,3.7857142857142856,106,28.0,0.4642857142857143,stop,True,0.22500832891091704
mtbench,spec_casc_tok_lt,alpha0.15,case_005,1,ok,3.230769230769231,4.230769230769231,220,52.0,0.5384615384615384,stop,True,0.4038471090607345
mtbench,spec_casc_tok_lt,alpha0.15,case_005,2,ok,3.0,4.0,127,32.0,0.5,stop,True,0.253855274990201
mtbench,spec_casc_tok_lt,alpha0.15,case_006,0,ok,2.9770114942528734,3.9770114942528734,345,87.0,0.49616858237547895,stop,True,0.6555756439920515
mtbench,spec_casc_tok_lt,alpha0.15,case_006,1,ok,2.845528455284553,3.845528455284553,471,123.0,0.4742547425474255,stop,True,0.9295826279558241
mtbench,spec_casc_tok_lt,alpha0.15,case_006,2,ok,2.6476190476190475,3.6476190476190475,381,105.0,0.44126984126984126,stop,True,0.792740983190015
mtbench,spec_casc_tok_lt,alpha0.15,case_007,0,ok,2.7100840336134455,3.7100840336134455,1765,476.0,0.45168067226890757,stop,True,3.527213779045269
mtbench,spec_casc_tok_lt,alpha0.15,case_007,1,ok,2.8218029350104823,3.8218029350104823,1821,477.0,0.4703004891684137,stop,True,3.561720083002001
mtbench,spec_casc_tok_lt,alpha0.15,case_007,2,ok,2.93029490616622,3.93029490616622,1465,373.0,0.48838248436103665,stop,True,2.7784570560324937
mtbench,spec_casc_tok_lt,alpha0.15,case_008,0,ok,2.7370030581039755,3.7370030581039755,1221,327.0,0.45616717635066256,stop,True,2.415798411006108
mtbench,spec_casc_tok_lt,alpha0.15,case_008,1,ok,2.708542713567839,3.708542713567839,738,199.0,0.45142378559463986,stop,True,1.4850053789559752
mtbench,spec_casc_tok_lt,alpha0.15,case_008,2,ok,2.829145728643216,3.829145728643216,762,199.0,0.4715242881072027,stop,True,1.4796110189054161
mtbench,spec_casc_tok_lt,alpha0.15,case_009,0,ok,3.8518518518518516,4.851851851851851,132,27.0,0.6419753086419753,stop,True,0.22118040709756315
mtbench,spec_casc_tok_lt,alpha0.15,case_009,1,ok,4.904761904761905,5.904761904761905,125,21.0,0.8174603174603174,stop,True,0.1780031668022275
mtbench,spec_casc_tok_lt,alpha0.15,case_009,2,ok,3.391304347826087,4.391304347826087,102,23.0,0.5652173913043478,stop,True,0.1906609209254384
mtbench,spec_casc_tok_lt,alpha0.15,case_010,0,ok,2.294,3.294,1646,500.0,0.38233333333333336,stop,True,3.6498707549180835
mtbench,spec_casc_tok_lt,alpha0.15,case_010,1,ok,2.1823802163833075,3.1823802163833075,2060,647.0,0.3637300360638846,stop,True,4.736074081854895
mtbench,spec_casc_tok_lt,alpha0.15,case_010,2,ok,2.46286701208981,3.46286701208981,2005,579.0,0.4104778353483017,stop,True,4.236316258087754
mtbench,spec_casc_tok_lt,alpha0.15,case_011,0,ok,1.859985261606485,2.859985261606485,3881,1357.0,0.30999754360108084,stop,True,9.906494750874117
mtbench,spec_casc_tok_lt,alpha0.15,case_011,1,ok,1.7673425827107792,2.7673425827107794,2592,937.0,0.2945570971184632,stop,True,6.851611749036238
mtbench,spec_casc_tok_lt,alpha0.15,case_011,2,ok,1.8236686390532544,2.8236686390532544,2386,845.0,0.3039447731755424,stop,True,6.147365372860804
mtbench,spec_casc_tok_lt,alpha0.15,case_012,0,ok,2.036948748510131,3.036948748510131,2548,839.0,0.33949145808502185,stop,True,6.0779639889951795
mtbench,spec_casc_tok_lt,alpha0.15,case_012,1,ok,1.964386129334583,2.9643861293345832,3163,1067.0,0.3273976882224305,stop,True,7.7598578601609915
mtbench,spec_casc_tok_lt,alpha0.15,case_012,2,ok,2.0503672612801678,3.0503672612801678,2908,953.0,0.341727876880028,stop,True,6.915535370120779
mtbench,spec_casc_tok_lt,alpha0.15,case_013,0,ok,2.7966101694915255,3.7966101694915255,224,59.0,0.4661016949152542,stop,True,0.4414116879925132
mtbench,spec_casc_tok_lt,alpha0.15,case_013,1,ok,2.5344827586206895,3.5344827586206895,202,58.0,0.4224137931034483,stop,True,0.43716358207166195
mtbench,spec_casc_tok_lt,alpha0.15,case_013,2,ok,3.09375,4.09375,263,64.0,0.515625,stop,True,0.4774680929258466
mtbench,spec_casc_tok_lt,alpha0.15,case_014,0,ok,1.5615384615384615,2.5615384615384613,333,130.0,0.2602564102564103,stop,True,0.9332403361331671
mtbench,spec_casc_tok_lt,alpha0.15,case_014,1,ok,2.004854368932039,3.004854368932039,619,206.0,0.33414239482200647,stop,True,1.4906564771663398
mtbench,spec_casc_tok_lt,alpha0.15,case_014,2,ok,1.7282608695652173,2.7282608695652173,502,184.0,0.28804347826086957,stop,True,1.322969116969034
mtbench,spec_casc_tok_lt,alpha0.15,case_015,0,ok,2.589403973509934,3.589403973509934,539,151.0,0.4315673289183223,stop,True,1.1090968679636717
mtbench,spec_casc_tok_lt,alpha0.15,case_015,1,ok,3.6089965397923875,4.608996539792388,1332,289.0,0.6014994232987313,stop,True,2.1177083409857005
mtbench,spec_casc_tok_lt,alpha0.15,case_015,2,ok,3.185022026431718,4.185022026431718,947,227.0,0.5308370044052864,stop,True,1.6600980109069496
mtbench,spec_casc_tok_lt,alpha0.15,case_016,0,ok,2.023076923076923,3.023076923076923,393,130.0,0.3371794871794872,stop,True,0.9569389959797263
mtbench,spec_casc_tok_lt,alpha0.15,case_016,1,ok,1.351170568561873,2.351170568561873,704,299.0,0.22519509476031216,stop,True,2.1877832100726664
mtbench,spec_casc_tok_lt,alpha0.15,case_016,2,ok,2.3165829145728645,3.3165829145728645,657,199.0,0.3860971524288107,stop,True,1.456113435095176
mtbench,spec_casc_tok_lt,alpha0.15,case_017,0,ok,1.8823529411764706,2.8823529411764706,245,85.0,0.3137254901960784,stop,True,0.6413080110214651
mtbench,spec_casc_tok_lt,alpha0.15,case_017,1,ok,2.8216867469879516,3.8216867469879516,1586,415.0,0.470281124497992,stop,True,3.105399016989395
mtbench,spec_casc_tok_lt,alpha0.15,case_017,2,ok,2.667493796526055,3.667493796526055,1478,403.0,0.4445822994210091,stop,True,3.0090939020738006
mtbench,spec_casc_tok_lt,alpha0.15,case_018,0,ok,2.148375768217735,3.148375768217735,3584,1139.0,0.35806262803628913,stop,True,8.194448481081054
mtbench,spec_casc_tok_lt,alpha0.15,case_018,1,ok,2.0460526315789473,3.0460526315789473,2778,912.0,0.34100877192982454,stop,True,6.600000064820051
mtbench,spec_casc_tok_lt,alpha0.15,case_018,2,ok,2.2926587301587302,3.2926587301587302,3320,1008.0,0.38210978835978837,stop,True,7.270447633927688
mtbench,spec_casc_tok_lt,alpha0.15,case_019,0,ok,2.4696969696969697,3.4696969696969697,226,66.0,0.4116161616161616,stop,True,0.49915692093782127
mtbench,spec_casc_tok_lt,alpha0.15,case_019,1,ok,2.1333333333333333,3.1333333333333333,419,135.0,0.35555555555555557,stop,True,0.9998520829249173
mtbench,spec_casc_tok_lt,alpha0.15,case_019,2,ok,2.660377358490566,3.660377358490566,190,53.0,0.44339622641509435,stop,True,0.40247666114009917
mtbench,spec_casc_tok_lt,alpha0.15,case_020,0,ok,3.5526315789473686,4.552631578947368,171,38.0,0.5921052631578947,stop,True,0.3003000190947205
mtbench,spec_casc_tok_lt,alpha0.15,case_020,1,ok,3.5555555555555554,4.555555555555555,123,27.0,0.5925925925925926,stop,True,0.2195583488792181
mtbench,spec_casc_tok_lt,alpha0.15,case_020,2,ok,3.7872340425531914,4.787234042553191,225,47.0,0.6312056737588653,stop,True,0.36636790190823376
mtbench,spec_casc_tok_lt,alpha0.15,case_021,0,ok,3.7341772151898733,4.734177215189874,373,79.0,0.6223628691983122,stop,True,0.5863543539308012
mtbench,spec_casc_tok_lt,alpha0.15,case_021,1,ok,3.509433962264151,4.509433962264151,478,106.0,0.5849056603773585,stop,True,0.7899762829765677
mtbench,spec_casc_tok_lt,alpha0.15,case_021,2,ok,2.9740259740259742,3.9740259740259742,305,77.0,0.49567099567099565,stop,True,0.5796148059889674
mtbench,spec_casc_tok_lt,alpha0.15,case_022,0,ok,2.975,3.975,1111,280.0,0.49583333333333335,stop,True,2.0884106119628996
mtbench,spec_casc_tok_lt,alpha0.15,case_022,1,ok,2.6433823529411766,3.6433823529411766,988,272.0,0.44056372549019607,stop,True,2.0435669601429254
mtbench,spec_casc_tok_lt,alpha0.15,case_022,2,ok,2.769607843137255,3.769607843137255,767,204.0,0.4616013071895425,stop,True,1.5340706098359078
mtbench,spec_casc_tok_lt,alpha0.15,case_023,0,ok,2.404191616766467,3.404191616766467,2273,668.0,0.40069860279441116,stop,True,4.919121706159785
mtbench,spec_casc_tok_lt,alpha0.15,case_023,1,ok,2.446261682242991,3.446261682242991,2950,856.0,0.4077102803738318,stop,True,6.3330332490149885
mtbench,spec_casc_tok_lt,alpha0.15,case_023,2,ok,2.6436363636363636,3.6436363636363636,2003,550.0,0.4406060606060606,stop,True,4.0541796868201345
mtbench,spec_casc_tok_lt,alpha0.15,case_024,0,ok,2.506172839506173,3.506172839506173,1704,486.0,0.4176954732510288,stop,True,3.5866327029652894
mtbench,spec_casc_tok_lt,alpha0.15,case_024,1,ok,2.477578475336323,3.477578475336323,1550,446.0,0.41292974588938713,stop,True,3.312328577041626
mtbench,spec_casc_tok_lt,alpha0.15,case_024,2,ok,2.435064935064935,3.435064935064935,1587,462.0,0.40584415584415584,stop,True,3.406191108049825
mtbench,spec_casc_tok_lt,alpha0.15,case_025,0,ok,3.0784313725490198,4.078431372549019,417,102.0,0.5130718954248366,stop,True,0.7756882049143314
mtbench,spec_casc_tok_lt,alpha0.15,case_025,1,ok,2.9191176470588234,3.9191176470588234,531,136.0,0.48651960784313725,stop,True,1.031061118002981
mtbench,spec_casc_tok_lt,alpha0.15,case_025,2,ok,3.356687898089172,4.356687898089172,685,157.0,0.559447983014862,stop,True,1.1758878149557859
mtbench,spec_casc_tok_lt,alpha0.15,case_026,0,ok,2.926517571884984,3.926517571884984,1229,313.0,0.48775292864749736,stop,True,2.3231679981108755
mtbench,spec_casc_tok_lt,alpha0.15,case_026,1,ok,2.4267241379310347,3.4267241379310347,793,232.0,0.40445402298850575,stop,True,1.7332868129014969
mtbench,spec_casc_tok_lt,alpha0.15,case_026,2,ok,2.8883495145631066,3.8883495145631066,801,206.0,0.4813915857605178,stop,True,1.526420352049172
mtbench,spec_casc_tok_lt,alpha0.15,case_027,0,ok,2.8917197452229297,3.8917197452229297,608,157.0,0.4819532908704883,stop,True,1.1657477880362421
mtbench,spec_casc_tok_lt,alpha0.15,case_027,1,ok,2.4976525821596245,3.4976525821596245,742,213.0,0.4162754303599374,stop,True,1.5784948139917105
mtbench,spec_casc_tok_lt,alpha0.15,case_027,2,ok,2.671875,3.671875,705,192.0,0.4453125,stop,True,1.419826315017417
mtbench,spec_casc_tok_lt,alpha0.15,case_028,0,ok,1.911764705882353,2.9117647058823533,2871,986.0,0.31862745098039214,stop,True,7.212529226206243
mtbench,spec_casc_tok_lt,alpha0.15,case_028,1,ok,2.0093984962406015,3.0093984962406015,1601,532.0,0.3348997493734336,stop,True,3.9053519601002336
mtbench,spec_casc_tok_lt,alpha0.15,case_028,2,ok,2.0148026315789473,3.0148026315789473,1831,608.0,0.3358004385964912,stop,True,4.435521830804646
mtbench,spec_casc_tok_lt,alpha0.15,case_029,0,ok,1.8113207547169812,2.811320754716981,2234,795.0,0.3018867924528302,stop,True,5.690691280178726
mtbench,spec_casc_tok_lt,alpha0.15,case_029,1,ok,1.8357588357588357,2.8357588357588357,2727,962.0,0.305959805959806,stop,True,6.9450875679031014
mtbench,spec_casc_tok_lt,alpha0.15,case_029,2,ok,2.0911917098445594,3.0911917098445594,2982,965.0,0.34853195164075995,stop,True,6.93635346298106
mtbench,spec_casc_tok_lt,alpha0.15,case_030,0,ok,2.1298076923076925,3.1298076923076925,650,208.0,0.35496794871794873,stop,True,1.518184046028182
mtbench,spec_casc_tok_lt,alpha0.15,case_030,1,ok,2.307142857142857,3.307142857142857,923,280.0,0.38452380952380955,stop,True,2.0549408779479563
mtbench,spec_casc_tok_lt,alpha0.15,case_030,2,ok,2.066147859922179,3.066147859922179,786,257.0,0.3443579766536965,stop,True,1.8605428677983582
mtbench,spec_casc_tok_lt,alpha0.15,case_031,0,ok,2.8053691275167787,3.8053691275167787,567,149.0,0.46756152125279643,stop,True,1.1156729881186038
mtbench,spec_casc_tok_lt,alpha0.15,case_031,1,ok,2.154696132596685,3.154696132596685,571,181.0,0.35911602209944754,stop,True,1.3425426110625267
mtbench,spec_casc_tok_lt,alpha0.15,case_031,2,ok,1.9701492537313432,2.970149253731343,397,134.0,0.3283582089552239,stop,True,0.9968999638222158
mtbench,spec_casc_tok_lt,alpha0.15,case_032,0,ok,1.556701030927835,2.556701030927835,247,97.0,0.25945017182130586,stop,True,0.7006763420067728
mtbench,spec_casc_tok_lt,alpha0.15,case_032,1,ok,1.673758865248227,2.673758865248227,377,141.0,0.2789598108747045,stop,True,1.0193520081229508
mtbench,spec_casc_tok_lt,alpha0.15,case_032,2,ok,1.6687116564417177,2.668711656441718,434,163.0,0.278118609406953,stop,True,1.1623150368686765
mtbench,spec_casc_tok_lt,alpha0.15,case_033,0,ok,1.8448275862068966,2.844827586206897,825,290.0,0.3074712643678161,stop,True,2.084742915118113
mtbench,spec_casc_tok_lt,alpha0.15,case_033,1,ok,1.9361111111111111,2.936111111111111,1057,360.0,0.3226851851851852,stop,True,2.584386418107897
mtbench,spec_casc_tok_lt,alpha0.15,case_033,2,ok,1.9700854700854702,2.97008547008547,695,234.0,0.32834757834757833,stop,True,1.6795282708480954
mtbench,spec_casc_tok_lt,alpha0.15,case_034,0,ok,2.0061037639877926,3.0061037639877926,2954,983.0,0.3343506273312987,stop,True,7.106781493173912
mtbench,spec_casc_tok_lt,alpha0.15,case_034,1,ok,1.988213961922031,2.988213961922031,3294,1103.0,0.3313689936536718,stop,True,8.009068198967725
mtbench,spec_casc_tok_lt,alpha0.15,case_034,2,ok,2.0593325092707047,3.0593325092707047,2475,809.0,0.34322208487845074,stop,True,5.826811074977741
mtbench,spec_casc_tok_lt,alpha0.15,case_035,0,ok,1.8115942028985508,2.8115942028985508,194,69.0,0.30193236714975846,stop,True,0.5056286531034857
mtbench,spec_casc_tok_lt,alpha0.15,case_035,1,ok,1.4476190476190476,2.447619047619048,257,105.0,0.24126984126984127,stop,True,0.7637724119704217
mtbench,spec_casc_tok_lt,alpha0.15,case_035,2,ok,1.5389221556886228,2.538922155688623,424,167.0,0.2564870259481038,stop,True,1.1940659061074257
mtbench,spec_casc_tok_lt,alpha0.15,case_036,0,ok,2.1140684410646386,3.1140684410646386,4096,1315.0,0.3523447401774398,length,False,9.57558558206074
mtbench,spec_casc_tok_lt,alpha0.15,case_036,1,ok,2.611453744493392,3.611453744493392,4096,1135.0,0.4352422907488987,length,False,8.316837111022323
mtbench,spec_casc_tok_lt,alpha0.15,case_036,2,ok,2.4304857621440537,3.4304857621440537,4096,1194.0,0.40508096035734226,length,True,8.698651967104524
mtbench,spec_casc_tok_lt,alpha0.15,case_037,0,ok,3.2718446601941746,4.271844660194175,439,103.0,0.5453074433656958,stop,True,0.7739185090176761
mtbench,spec_casc_tok_lt,alpha0.15,case_037,1,ok,2.784090909090909,3.784090909090909,333,88.0,0.4640151515151515,stop,True,0.6704388258513063
mtbench,spec_casc_tok_lt,alpha0.15,case_037,2,ok,3.0555555555555554,4.055555555555555,292,72.0,0.5092592592592593,stop,True,0.5518862919416279
mtbench,spec_casc_tok_lt,alpha0.15,case_038,0,ok,2.9696969696969697,3.9696969696969697,259,66.0,0.494949494949495,stop,True,0.4953245169017464
mtbench,spec_casc_tok_lt,alpha0.15,case_038,1,ok,2.2857142857142856,3.2857142857142856,231,70.0,0.38095238095238093,stop,True,0.5259861929807812
mtbench,spec_casc_tok_lt,alpha0.15,case_038,2,ok,3.9272727272727272,4.927272727272728,271,55.0,0.6545454545454545,stop,True,0.41889345995150506
mtbench,spec_casc_tok_lt,alpha0.15,case_039,0,ok,3.4275862068965517,4.427586206896551,642,145.0,0.5712643678160919,stop,True,1.0989903039298952
mtbench,spec_casc_tok_lt,alpha0.15,case_039,1,ok,3.656934306569343,4.656934306569343,639,137.0,0.6094890510948905,stop,True,1.0414180730003864
mtbench,spec_casc_tok_lt,alpha0.15,case_039,2,ok,3.2049689440993787,4.204968944099379,677,161.0,0.5341614906832298,stop,True,1.2082747218664736
mtbench,spec_casc_tok_lt,alpha0.15,case_040,0,ok,3.0483870967741935,4.048387096774194,502,124.0,0.5080645161290323,stop,True,0.9282899280078709
mtbench,spec_casc_tok_lt,alpha0.15,case_040,1,ok,3.0602409638554215,4.0602409638554215,335,83.0,0.5100401606425703,stop,True,0.6271655191667378
mtbench,spec_casc_tok_lt,alpha0.15,case_040,2,ok,3.4148936170212765,4.414893617021276,415,94.0,0.5691489361702128,stop,True,0.7041406470816582
mtbench,spec_casc_tok_lt,alpha0.15,case_041,0,ok,2.771689497716895,3.771689497716895,826,219.0,0.4619482496194825,stop,True,1.6275295938830823
mtbench,spec_casc_tok_lt,alpha0.15,case_041,1,ok,3.5294117647058822,4.529411764705882,539,119.0,0.5882352941176471,stop,True,0.8918811490293592
mtbench,spec_casc_tok_lt,alpha0.15,case_041,2,ok,3.098445595854922,4.098445595854923,790,193.0,0.5164075993091537,stop,True,1.4281904690433294
mtbench,spec_casc_tok_lt,alpha0.15,case_042,0,ok,2.575107296137339,3.575107296137339,1665,466.0,0.4291845493562232,stop,True,3.442076199222356
mtbench,spec_casc_tok_lt,alpha0.15,case_042,1,ok,2.882183908045977,3.882183908045977,4053,1044.0,0.4803639846743295,stop,True,7.725451575126499
mtbench,spec_casc_tok_lt,alpha0.15,case_042,2,ok,2.7637271214642265,3.7637271214642265,2261,601.0,0.46062118691070436,stop,True,4.419840483926237
mtbench,spec_casc_tok_lt,alpha0.15,case_043,0,ok,4.5,5.5,231,42.0,0.75,stop,True,0.3341763641219586
mtbench,spec_casc_tok_lt,alpha0.15,case_043,1,ok,3.625,4.625,256,56.0,0.6041666666666666,stop,True,0.4362610001116991
mtbench,spec_casc_tok_lt,alpha0.15,case_043,2,ok,4.0212765957446805,5.0212765957446805,236,47.0,0.6702127659574468,stop,True,0.37067284691147506
mtbench,spec_casc_tok_lt,alpha0.15,case_044,0,ok,3.4054054054054053,4.405405405405405,490,111.0,0.5675675675675675,stop,True,0.840422801906243
mtbench,spec_casc_tok_lt,alpha0.15,case_044,1,ok,4.109375,5.109375,326,64.0,0.6848958333333334,stop,True,0.49644446792081
mtbench,spec_casc_tok_lt,alpha0.15,case_044,2,ok,4.037974683544304,5.037974683544304,398,79.0,0.6729957805907173,stop,True,0.6059782670345157
mtbench,spec_casc_tok_lt,alpha0.15,case_045,0,ok,2.1875,3.1875,459,144.0,0.3645833333333333,stop,True,1.0749099121894687
mtbench,spec_casc_tok_lt,alpha0.15,case_045,1,ok,1.911764705882353,2.9117647058823533,297,102.0,0.31862745098039214,stop,True,0.7752174590714276
mtbench,spec_casc_tok_lt,alpha0.15,case_045,2,ok,2.6818181818181817,3.6818181818181817,810,220.0,0.44696969696969696,stop,True,1.6406110220123082
mtbench,spec_casc_tok_lt,alpha0.15,case_046,0,ok,2.176470588235294,3.176470588235294,2538,799.0,0.3627450980392157,stop,True,5.763620535843074
mtbench,spec_casc_tok_lt,alpha0.15,case_046,1,ok,2.2870890136327184,3.2870890136327184,4096,1247.0,0.3811815022721198,length,True,9.071908748941496
mtbench,spec_casc_tok_lt,alpha0.15,case_046,2,ok,2.1722972972972974,3.1722972972972974,2815,888.0,0.36204954954954954,stop,True,6.426896397024393
mtbench,spec_casc_tok_lt,alpha0.15,case_047,0,ok,2.3194444444444446,3.3194444444444446,1672,504.0,0.38657407407407407,stop,True,3.705712547991425
mtbench,spec_casc_tok_lt,alpha0.15,case_047,1,ok,2.155813953488372,3.155813953488372,1356,430.0,0.35930232558139535,stop,True,3.167208530008793
mtbench,spec_casc_tok_lt,alpha0.15,case_047,2,ok,2.2413793103448274,3.2413793103448274,1407,435.0,0.3735632183908046,stop,True,3.1906981740612537
mtbench,spec_casc_tok_lt,alpha0.15,case_048,0,ok,1.6007604562737643,2.6007604562737643,684,263.0,0.26679340937896073,stop,True,1.8961798250675201
mtbench,spec_casc_tok_lt,alpha0.15,case_048,1,ok,1.8653061224489795,2.8653061224489793,702,245.0,0.3108843537414966,stop,True,1.781845796154812
mtbench,spec_casc_tok_lt,alpha0.15,case_048,2,ok,1.73125,2.73125,871,320.0,0.28854166666666664,stop,True,2.3037440709304065
mtbench,spec_casc_tok_lt,alpha0.15,case_049,0,ok,2.2056603773584906,3.2056603773584906,1699,530.0,0.36761006289308173,stop,True,3.8411255099345
mtbench,spec_casc_tok_lt,alpha0.15,case_049,1,ok,1.8456692913385826,2.8456692913385826,1808,635.0,0.30761154855643047,stop,True,4.5992260398343205
mtbench,spec_casc_tok_lt,alpha0.15,case_049,2,ok,1.8205574912891986,2.8205574912891986,1619,574.0,0.3034262485481998,stop,True,4.146043075015768
mtbench,spec_casc_tok_lt,alpha0.15,case_050,0,ok,2.009060022650057,3.009060022650057,2657,883.0,0.3348433371083428,stop,True,6.322974064853042
mtbench,spec_casc_tok_lt,alpha0.15,case_050,1,ok,1.8833865814696487,2.8833865814696487,1804,626.0,0.31389776357827476,stop,True,4.500023727072403
mtbench,spec_casc_tok_lt,alpha0.15,case_050,2,ok,1.9428571428571428,2.942857142857143,1442,490.0,0.3238095238095238,stop,True,3.5086948180105537
mtbench,spec_casc_tok_lt,alpha0.15,case_051,0,ok,1.7967914438502675,2.7967914438502675,523,187.0,0.2994652406417112,stop,True,1.3458721770439297
mtbench,spec_casc_tok_lt,alpha0.15,case_051,1,ok,1.7745098039215685,2.7745098039215685,566,204.0,0.2957516339869281,stop,True,1.4757328149862587
mtbench,spec_casc_tok_lt,alpha0.15,case_051,2,ok,2.0615384615384613,3.0615384615384613,995,325.0,0.3435897435897436,stop,True,2.3241865660529584
mtbench,spec_casc_tok_lt,alpha0.15,case_052,0,ok,1.820469798657718,2.820469798657718,3361,1192.0,0.30341163310961966,stop,True,8.482476979028434
mtbench,spec_casc_tok_lt,alpha0.15,case_052,1,ok,2.0838150289017343,3.0838150289017343,1067,346.0,0.3473025048169557,stop,True,2.4901698401663452
mtbench,spec_casc_tok_lt,alpha0.15,case_052,2,ok,1.8144927536231885,2.8144927536231883,971,345.0,0.30241545893719807,stop,True,2.4742951090447605
mtbench,spec_casc_tok_lt,alpha0.15,case_053,0,ok,1.6566037735849057,2.656603773584906,703,265.0,0.2761006289308176,stop,True,1.9269373761489987
mtbench,spec_casc_tok_lt,alpha0.15,case_053,1,ok,1.979328165374677,2.9793281653746773,1153,387.0,0.3298880275624462,stop,True,2.833402309799567
mtbench,spec_casc_tok_lt,alpha0.15,case_053,2,ok,1.8324324324324324,2.8324324324324324,1048,370.0,0.3054054054054054,stop,True,2.696813688846305
mtbench,spec_casc_tok_lt,alpha0.15,case_054,0,ok,1.784848484848485,2.784848484848485,918,330.0,0.29747474747474745,stop,True,2.341931215953082
mtbench,spec_casc_tok_lt,alpha0.15,case_054,1,ok,1.7427293064876956,2.7427293064876954,1225,447.0,0.290454884414616,stop,True,3.2357238340191543
mtbench,spec_casc_tok_lt,alpha0.15,case_054,2,ok,1.8733850129198966,2.8733850129198966,1112,387.0,0.3122308354866494,stop,True,2.7819898989982903
mtbench,spec_casc_tok_lt,alpha0.15,case_055,0,ok,1.9661654135338347,2.966165413533835,789,266.0,0.3276942355889724,stop,True,1.8858692818321288
mtbench,spec_casc_tok_lt,alpha0.15,case_055,1,ok,1.9696969696969697,2.9696969696969697,880,297.0,0.3282828282828283,stop,True,2.1754374969750643
mtbench,spec_casc_tok_lt,alpha0.15,case_055,2,ok,2.0082644628099175,3.0082644628099175,726,242.0,0.3347107438016529,stop,True,1.7720358821097761
mtbench,spec_casc_tok_lt,alpha0.15,case_056,0,ok,2.3878260869565215,3.3878260869565215,1947,575.0,0.3979710144927536,stop,True,4.150991429807618
mtbench,spec_casc_tok_lt,alpha0.15,case_056,1,ok,2.1313868613138687,3.1313868613138687,2145,685.0,0.35523114355231145,stop,True,5.081171895842999
mtbench,spec_casc_tok_lt,alpha0.15,case_056,2,ok,2.262425447316103,3.262425447316103,1641,503.0,0.3770709078860172,stop,True,3.710674670059234
mtbench,spec_casc_tok_lt,alpha0.15,case_057,0,ok,2.0647359454855194,3.0647359454855194,1795,587.0,0.3441226575809199,stop,True,4.057002264074981
mtbench,spec_casc_tok_lt,alpha0.15,case_057,1,ok,1.8596938775510203,2.8596938775510203,1122,392.0,0.30994897959183676,stop,True,2.7901258550118655
mtbench,spec_casc_tok_lt,alpha0.15,case_057,2,ok,1.9852507374631267,2.9852507374631267,1012,339.0,0.3308751229105211,stop,True,2.408442542888224
mtbench,spec_casc_tok_lt,alpha0.15,case_058,0,ok,3.0657894736842106,4.065789473684211,308,76.0,0.5109649122807017,stop,True,0.5603584300260991
mtbench,spec_casc_tok_lt,alpha0.15,case_058,1,ok,3.0,4.0,552,138.0,0.5,stop,True,1.0337890018709004
mtbench,spec_casc_tok_lt,alpha0.15,case_058,2,ok,3.64,4.640000000000001,233,50.0,0.6066666666666667,stop,True,0.3845566341187805
mtbench,spec_casc_tok_lt,alpha0.15,case_059,0,ok,2.408906882591093,3.408906882591093,1683,494.0,0.40148448043184887,stop,True,3.585760037880391
mtbench,spec_casc_tok_lt,alpha0.15,case_059,1,ok,2.543237250554324,3.543237250554324,1598,451.0,0.4238728750923873,stop,True,3.3744471829850227
mtbench,spec_casc_tok_lt,alpha0.15,case_059,2,ok,2.343621399176955,3.343621399176955,1625,486.0,0.39060356652949246,stop,True,3.6113201188854873
mtbench,spec_casc_tok_lt,alpha0.15,case_060,0,ok,2.15,3.15,945,300.0,0.35833333333333334,stop,True,2.148032740224153
mtbench,spec_casc_tok_lt,alpha0.15,case_060,1,ok,2.274193548387097,3.274193548387097,812,248.0,0.3790322580645161,stop,True,1.8411111522000283
mtbench,spec_casc_tok_lt,alpha0.15,case_060,2,ok,2.637037037037037,3.637037037037037,1963,540.0,0.43950617283950616,stop,True,3.958510430995375
mtbench,spec_casc_tok_lt,alpha0.15,case_061,0,ok,3.3516483516483517,4.351648351648352,791,182.0,0.5586080586080586,stop,True,1.30219566100277
mtbench,spec_casc_tok_lt,alpha0.15,case_061,1,ok,3.773109243697479,4.773109243697479,567,119.0,0.6288515406162465,stop,True,0.8839659979566932
mtbench,spec_casc_tok_lt,alpha0.15,case_061,2,ok,3.568345323741007,4.568345323741007,635,139.0,0.5947242206235012,stop,True,1.0132985739037395
mtbench,spec_casc_tok_lt,alpha0.15,case_062,0,ok,3.642857142857143,4.642857142857142,455,98.0,0.6071428571428571,stop,True,0.7227243511006236
mtbench,spec_casc_tok_lt,alpha0.15,case_062,1,ok,3.257575757575758,4.257575757575758,560,132.0,0.5429292929292929,stop,True,0.9975731719750911
mtbench,spec_casc_tok_lt,alpha0.15,case_062,2,ok,3.168421052631579,4.1684210526315795,396,95.0,0.5280701754385965,stop,True,0.7193300100043416
mtbench,spec_casc_tok_lt,alpha0.15,case_063,0,ok,3.6018518518518516,4.601851851851851,497,108.0,0.6003086419753086,stop,True,0.7864457161631435
mtbench,spec_casc_tok_lt,alpha0.15,case_063,1,ok,2.8503937007874014,3.8503937007874014,489,127.0,0.47506561679790027,stop,True,0.9468661600258201
mtbench,spec_casc_tok_lt,alpha0.15,case_063,2,ok,3.557377049180328,4.557377049180328,554,122.0,0.592896174863388,stop,True,0.9037005461286753
mtbench,spec_casc_tok_lt,alpha0.15,case_064,0,ok,4.296296296296297,5.296296296296297,143,27.0,0.7160493827160493,stop,True,0.2156624300405383
mtbench,spec_casc_tok_lt,alpha0.15,case_064,1,ok,3.6296296296296298,4.62962962962963,125,27.0,0.6049382716049383,stop,True,0.2186828728299588
mtbench,spec_casc_tok_lt,alpha0.15,case_064,2,ok,3.814814814814815,4.814814814814815,131,27.0,0.6358024691358025,stop,True,0.21930228895507753
mtbench,spec_casc_tok_lt,alpha0.15,case_065,0,ok,3.8333333333333335,4.833333333333334,203,42.0,0.6388888888888888,stop,True,0.3174481058958918
mtbench,spec_casc_tok_lt,alpha0.15,case_065,1,ok,4.371428571428571,5.371428571428571,186,35.0,0.7285714285714285,stop,True,0.2723231911659241
mtbench,spec_casc_tok_lt,alpha0.15,case_065,2,ok,4.166666666666667,5.166666666666667,217,42.0,0.6944444444444444,stop,True,0.32536259293556213
mtbench,spec_casc_tok_lt,alpha0.15,case_066,0,ok,2.3563218390804597,3.3563218390804597,2040,609.0,0.39272030651340994,stop,True,4.359803450992331
mtbench,spec_casc_tok_lt,alpha0.15,case_066,1,ok,2.075268817204301,3.075268817204301,571,186.0,0.34587813620071683,stop,True,1.3935179298277944
mtbench,spec_casc_tok_lt,alpha0.15,case_066,2,ok,2.4579945799457996,3.4579945799457996,1276,369.0,0.40966576332429994,stop,True,2.733084626030177
mtbench,spec_casc_tok_lt,alpha0.15,case_067,0,ok,2.8333333333333335,3.8333333333333335,1632,426.0,0.4722222222222222,stop,True,3.097256468841806
mtbench,spec_casc_tok_lt,alpha0.15,case_067,1,ok,2.7951807228915664,3.7951807228915664,1259,332.0,0.46586345381526106,stop,True,2.4917569179087877
mtbench,spec_casc_tok_lt,alpha0.15,case_067,2,ok,3.157112526539278,4.157112526539278,1957,471.0,0.5261854210898796,stop,True,3.4853821229189634
mtbench,spec_casc_tok_lt,alpha0.15,case_068,0,ok,2.8636363636363638,3.8636363636363638,1190,308.0,0.4772727272727273,stop,True,2.2334775999188423
mtbench,spec_casc_tok_lt,alpha0.15,case_068,1,ok,2.774487471526196,3.774487471526196,1658,439.0,0.4624145785876993,stop,True,3.2659479319117963
mtbench,spec_casc_tok_lt,alpha0.15,case_068,2,ok,3.0358974358974358,4.035897435897436,1573,390.0,0.505982905982906,stop,True,2.8874857660848647
mtbench,spec_casc_tok_lt,alpha0.15,case_069,0,ok,3.4375,4.4375,140,32.0,0.5729166666666666,stop,True,0.2487743019592017
mtbench,spec_casc_tok_lt,alpha0.15,case_069,1,ok,2.7241379310344827,3.7241379310344827,104,29.0,0.4540229885057471,stop,True,0.23326756805181503
mtbench,spec_casc_tok_lt,alpha0.15,case_069,2,ok,2.857142857142857,3.857142857142857,216,56.0,0.47619047619047616,stop,True,0.43049787008203566
mtbench,spec_casc_tok_lt,alpha0.15,case_070,0,ok,2.8549382716049383,3.8549382716049383,1250,324.0,0.4758230452674897,stop,True,2.355586132965982
mtbench,spec_casc_tok_lt,alpha0.15,case_070,1,ok,3.3826291079812205,4.38262910798122,1866,426.0,0.5637715179968701,stop,True,3.1674685899633914
mtbench,spec_casc_tok_lt,alpha0.15,case_070,2,ok,2.9805194805194803,3.9805194805194803,2453,616.0,0.4967532467532468,stop,True,4.560083571122959
mtbench,spec_casc_tok_lt,alpha0.15,case_071,0,ok,2.975,3.975,475,120.0,0.49583333333333335,stop,True,0.8913885911460966
mtbench,spec_casc_tok_lt,alpha0.15,case_071,1,ok,2.940119760479042,3.940119760479042,659,167.0,0.49001996007984033,stop,True,1.2598830019123852
mtbench,spec_casc_tok_lt,alpha0.15,case_071,2,ok,2.7313432835820897,3.7313432835820897,250,67.0,0.4552238805970149,stop,True,0.5119616568554193
mtbench,spec_casc_tok_lt,alpha0.15,case_072,0,ok,3.52,4.52,337,75.0,0.5866666666666667,stop,True,0.5605048120487481
mtbench,spec_casc_tok_lt,alpha0.15,case_072,1,ok,3.3488372093023258,4.348837209302326,373,86.0,0.5581395348837209,stop,True,0.6610947409644723
mtbench,spec_casc_tok_lt,alpha0.15,case_072,2,ok,3.3258426966292136,4.325842696629214,381,89.0,0.5543071161048689,stop,True,0.6802398150321096
mtbench,spec_casc_tok_lt,alpha0.15,case_073,0,ok,2.4051724137931036,3.4051724137931036,1185,348.0,0.40086206896551724,stop,True,2.4938526719342917
mtbench,spec_casc_tok_lt,alpha0.15,case_073,1,ok,2.2275574112734864,3.2275574112734864,1546,479.0,0.37125956854558106,stop,True,3.5211947709321976
mtbench,spec_casc_tok_lt,alpha0.15,case_073,2,ok,2.0588235294117645,3.0588235294117645,987,323.0,0.3431372549019608,stop,True,2.3614671900868416
mtbench,spec_casc_tok_lt,alpha0.15,case_074,0,ok,2.4145454545454546,3.4145454545454546,1878,550.0,0.4024242424242424,stop,True,3.921975282020867
mtbench,spec_casc_tok_lt,alpha0.15,case_074,1,ok,2.2061855670103094,3.2061855670103094,622,194.0,0.36769759450171824,stop,True,1.4277335789520293
mtbench,spec_casc_tok_lt,alpha0.15,case_074,2,ok,2.251322751322751,3.251322751322751,1230,378.0,0.3752204585537919,stop,True,2.7570482019800693
mtbench,spec_casc_tok_lt,alpha0.15,case_075,0,ok,2.1194690265486726,3.1194690265486726,1409,452.0,0.3532448377581121,stop,True,3.241468444932252
mtbench,spec_casc_tok_lt,alpha0.15,case_075,1,ok,2.2166123778501627,3.2166123778501627,1975,614.0,0.3694353963083605,stop,True,4.543311560060829
mtbench,spec_casc_tok_lt,alpha0.15,case_075,2,ok,2.0114942528735633,3.0114942528735633,2095,696.0,0.33524904214559387,stop,True,5.107444272842258
mtbench,spec_casc_tok_lt,alpha0.15,case_076,0,ok,1.9578833693304536,2.9578833693304536,2739,926.0,0.32631389488840895,stop,True,6.614325045142323
mtbench,spec_casc_tok_lt,alpha0.15,case_076,1,ok,2.0112244897959184,3.0112244897959184,2950,980.0,0.3352040816326531,stop,True,7.16514040902257
mtbench,spec_casc_tok_lt,alpha0.15,case_076,2,ok,1.982837528604119,2.982837528604119,2607,874.0,0.33047292143401985,stop,True,6.360617152880877
mtbench,spec_casc_tok_lt,alpha0.15,case_077,0,ok,1.9253731343283582,2.925373134328358,3529,1206.0,0.3208955223880597,stop,True,8.524590871995315
mtbench,spec_casc_tok_lt,alpha0.15,case_077,1,ok,1.9467625899280576,2.9467625899280576,4096,1390.0,0.32446043165467625,length,True,10.16262731491588
mtbench,spec_casc_tok_lt,alpha0.15,case_077,2,ok,1.9846897663174858,2.984689766317486,3705,1241.0,0.330781627719581,stop,True,8.98186033591628
mtbench,spec_casc_tok_lt,alpha0.15,case_078,0,ok,1.7685352622061483,2.7685352622061483,1530,553.0,0.29475587703435807,stop,True,3.8836078960448503
mtbench,spec_casc_tok_lt,alpha0.15,case_078,1,ok,2.0338983050847457,3.0338983050847457,1969,649.0,0.3389830508474576,stop,True,4.72504349402152
mtbench,spec_casc_tok_lt,alpha0.15,case_078,2,ok,1.8466819221967963,2.8466819221967965,1244,437.0,0.30778032036613273,stop,True,3.151992072816938
mtbench,spec_casc_tok_lt,alpha0.15,case_079,0,ok,1.902135231316726,2.902135231316726,1630,562.0,0.31702253855278767,stop,True,3.952815471915528
mtbench,spec_casc_tok_lt,alpha0.15,case_079,1,ok,2.057649667405765,3.057649667405765,2758,902.0,0.3429416112342942,stop,True,6.5631559828761965
mtbench,spec_casc_tok_lt,alpha0.15,case_079,2,ok,1.8057692307692308,2.805769230769231,1459,520.0,0.30096153846153845,stop,True,3.76068467204459
mtbench,spec_casc_tok_lt,alpha0.15,case_080,0,ok,1.9812925170068028,2.9812925170068025,1752,588.0,0.3302154195011338,stop,True,4.143073859857395
mtbench,spec_casc_tok_lt,alpha0.15,case_080,1,ok,2.1875,3.1875,1935,608.0,0.3645833333333333,stop,True,4.424108090111986
mtbench,spec_casc_tok_lt,alpha0.15,case_080,2,ok,1.7617391304347827,2.7617391304347825,1586,575.0,0.2936231884057971,stop,True,4.142817807849497
mtbench,spec_casc_tok_lt,alpha0.2,case_001,0,ok,2.0050675675675675,3.0050675675675675,1778,592.0,0.33417792792792794,stop,True,4.718990823952481
mtbench,spec_casc_tok_lt,alpha0.2,case_001,1,ok,2.303759398496241,3.303759398496241,2198,665.0,0.38395989974937345,stop,True,5.14456991199404
mtbench,spec_casc_tok_lt,alpha0.2,case_001,2,ok,1.7044198895027625,2.7044198895027627,1958,724.0,0.28406998158379376,stop,True,5.720609216950834
mtbench,spec_casc_tok_lt,alpha0.2,case_002,0,ok,2.243498817966903,3.243498817966903,2745,846.0,0.3739164696611505,stop,True,6.045762924011797
mtbench,spec_casc_tok_lt,alpha0.2,case_002,1,ok,2.19873417721519,3.19873417721519,2527,790.0,0.36645569620253166,stop,True,5.636457985965535
mtbench,spec_casc_tok_lt,alpha0.2,case_002,2,ok,2.103896103896104,3.103896103896104,2629,847.0,0.35064935064935066,stop,True,6.0149968969635665
mtbench,spec_casc_tok_lt,alpha0.2,case_003,0,ok,2.208133971291866,3.208133971291866,1341,418.0,0.36802232854864436,stop,True,3.0325026579666883
mtbench,spec_casc_tok_lt,alpha0.2,case_003,1,ok,2.3100436681222707,3.3100436681222707,1517,458.0,0.38500727802037843,stop,True,3.3240550439804792
mtbench,spec_casc_tok_lt,alpha0.2,case_003,2,ok,2.1241685144124167,3.1241685144124167,1409,451.0,0.3540280857354028,stop,True,3.2480660050641745
mtbench,spec_casc_tok_lt,alpha0.2,case_004,0,ok,2.3798882681564244,3.3798882681564244,604,179.0,0.39664804469273746,stop,True,1.3343205130659044
mtbench,spec_casc_tok_lt,alpha0.2,case_004,1,ok,2.403361344537815,3.403361344537815,808,238.0,0.4005602240896359,stop,True,1.761989651946351
mtbench,spec_casc_tok_lt,alpha0.2,case_004,2,ok,2.308988764044944,3.308988764044944,588,178.0,0.3848314606741573,stop,True,1.3187342251185328
mtbench,spec_casc_tok_lt,alpha0.2,case_005,0,ok,2.923076923076923,3.923076923076923,152,39.0,0.48717948717948717,stop,True,0.30860692099668086
mtbench,spec_casc_tok_lt,alpha0.2,case_005,1,ok,3.03125,4.03125,130,32.0,0.5052083333333334,stop,True,0.25503605511039495
mtbench,spec_casc_tok_lt,alpha0.2,case_005,2,ok,3.9047619047619047,4.904761904761905,103,21.0,0.6507936507936508,stop,True,0.1724167710635811
mtbench,spec_casc_tok_lt,alpha0.2,case_006,0,ok,2.7203389830508473,3.7203389830508473,439,118.0,0.4533898305084746,stop,True,0.8907246950548142
mtbench,spec_casc_tok_lt,alpha0.2,case_006,1,ok,2.875,3.875,372,96.0,0.4791666666666667,stop,True,0.7253899429924786
mtbench,spec_casc_tok_lt,alpha0.2,case_006,2,ok,2.8043478260869565,3.8043478260869565,524,138.0,0.4673913043478261,stop,True,1.0348482059780508
mtbench,spec_casc_tok_lt,alpha0.2,case_007,0,ok,3.134453781512605,4.134453781512605,1474,357.0,0.5224089635854342,stop,True,2.661751074017957
mtbench,spec_casc_tok_lt,alpha0.2,case_007,1,ok,2.7105882352941175,3.7105882352941175,1577,425.0,0.45176470588235296,stop,True,3.173897376982495
mtbench,spec_casc_tok_lt,alpha0.2,case_007,2,ok,2.9405940594059405,3.9405940594059405,1990,505.0,0.4900990099009901,stop,True,3.7505134060047567
mtbench,spec_casc_tok_lt,alpha0.2,case_008,0,ok,2.97972972972973,3.97972972972973,1178,296.0,0.4966216216216216,stop,True,2.2062104800716043
mtbench,spec_casc_tok_lt,alpha0.2,case_008,1,ok,2.924882629107981,3.924882629107981,834,213.0,0.4874804381846635,stop,True,1.5853510058950633
mtbench,spec_casc_tok_lt,alpha0.2,case_008,2,ok,2.8,3.8,893,235.0,0.4666666666666667,stop,True,1.7523024210240692
mtbench,spec_casc_tok_lt,alpha0.2,case_009,0,ok,3.6551724137931036,4.655172413793103,136,29.0,0.6091954022988506,stop,True,0.23659715498797596
mtbench,spec_casc_tok_lt,alpha0.2,case_009,1,ok,3.3333333333333335,4.333333333333334,143,33.0,0.5555555555555556,stop,True,0.2654562520328909
mtbench,spec_casc_tok_lt,alpha0.2,case_009,2,ok,3.289473684210526,4.289473684210526,164,38.0,0.5482456140350878,stop,True,0.3004262198228389
mtbench,spec_casc_tok_lt,alpha0.2,case_010,0,ok,2.3002754820936637,3.3002754820936637,1198,363.0,0.38337924701561066,stop,True,2.6695597278885543
mtbench,spec_casc_tok_lt,alpha0.2,case_010,1,ok,2.3834586466165413,3.3834586466165413,2247,665.0,0.39724310776942356,stop,True,4.8860615179874
mtbench,spec_casc_tok_lt,alpha0.2,case_010,2,ok,2.2580645161290325,3.2580645161290325,2424,744.0,0.3763440860215054,stop,True,5.4559186939150095
mtbench,spec_casc_tok_lt,alpha0.2,case_011,0,ok,1.8472850678733033,2.8472850678733033,2517,884.0,0.30788084464555054,stop,True,6.435921563068405
mtbench,spec_casc_tok_lt,alpha0.2,case_011,1,ok,2.0373588184187663,3.0373588184187663,3496,1151.0,0.3395598030697944,stop,True,8.400063233217224
mtbench,spec_casc_tok_lt,alpha0.2,case_011,2,ok,1.8955399061032865,2.8955399061032865,2467,852.0,0.31592331768388104,stop,True,6.197550002951175
mtbench,spec_casc_tok_lt,alpha0.2,case_012,0,ok,2.0962199312714778,3.0962199312714778,2703,873.0,0.34936998854524626,stop,True,6.338734625140205
mtbench,spec_casc_tok_lt,alpha0.2,case_012,1,ok,1.886178861788618,2.886178861788618,2484,861.0,0.3143631436314363,stop,True,6.235892066033557
mtbench,spec_casc_tok_lt,alpha0.2,case_012,2,ok,2.0135021097046413,3.0135021097046413,3571,1185.0,0.33558368495077356,stop,True,8.585685011930764
mtbench,spec_casc_tok_lt,alpha0.2,case_013,0,ok,2.716666666666667,3.716666666666667,223,60.0,0.4527777777777778,stop,True,0.45323811704292893
mtbench,spec_casc_tok_lt,alpha0.2,case_013,1,ok,2.8970588235294117,3.8970588235294117,266,68.0,0.48284313725490197,stop,True,0.5091094260569662
mtbench,spec_casc_tok_lt,alpha0.2,case_013,2,ok,2.754385964912281,3.754385964912281,212,57.0,0.4590643274853801,stop,True,0.42882777098566294
mtbench,spec_casc_tok_lt,alpha0.2,case_014,0,ok,1.9611650485436893,2.9611650485436893,305,103.0,0.3268608414239482,stop,True,0.7486143878195435
mtbench,spec_casc_tok_lt,alpha0.2,case_014,1,ok,1.9086021505376345,2.9086021505376345,540,186.0,0.31810035842293904,stop,True,1.3495600461028516
mtbench,spec_casc_tok_lt,alpha0.2,case_014,2,ok,2.0793650793650795,3.0793650793650795,388,126.0,0.34656084656084657,stop,True,0.9120110280346125
mtbench,spec_casc_tok_lt,alpha0.2,case_015,0,ok,3.0233918128654973,4.023391812865498,685,171.0,0.5038986354775828,stop,True,1.2572887130081654
mtbench,spec_casc_tok_lt,alpha0.2,case_015,1,ok,3.095505617977528,4.095505617977528,729,178.0,0.5159176029962547,stop,True,1.3111298740841448
mtbench,spec_casc_tok_lt,alpha0.2,case_015,2,ok,2.9171597633136095,3.9171597633136095,660,169.0,0.48619329388560156,stop,True,1.2319758620578796
mtbench,spec_casc_tok_lt,alpha0.2,case_016,0,ok,1.4155844155844155,2.4155844155844157,371,154.0,0.23593073593073594,stop,True,1.1357966028153896
mtbench,spec_casc_tok_lt,alpha0.2,case_016,1,ok,1.5172413793103448,2.5172413793103448,292,116.0,0.25287356321839083,stop,True,0.856776115950197
mtbench,spec_casc_tok_lt,alpha0.2,case_016,2,ok,2.2546296296296298,3.2546296296296298,703,216.0,0.3757716049382716,stop,True,1.5798280860763043
mtbench,spec_casc_tok_lt,alpha0.2,case_017,0,ok,2.7181008902077153,3.7181008902077153,2506,674.0,0.4530168150346192,stop,True,5.056432525161654
mtbench,spec_casc_tok_lt,alpha0.2,case_017,1,ok,2.6392045454545454,3.6392045454545454,1280,352.0,0.43986742424242425,stop,True,2.630819895071909
mtbench,spec_casc_tok_lt,alpha0.2,case_017,2,ok,2.3859649122807016,3.3859649122807016,772,228.0,0.39766081871345027,stop,True,1.7079149158671498
mtbench,spec_casc_tok_lt,alpha0.2,case_018,0,ok,2.149214659685864,3.149214659685864,2405,764.0,0.35820244328097733,stop,True,5.494516714010388
mtbench,spec_casc_tok_lt,alpha0.2,case_018,1,ok,2.308333333333333,3.308333333333333,3175,960.0,0.38472222222222224,stop,True,6.93602496618405
mtbench,spec_casc_tok_lt,alpha0.2,case_018,2,ok,2.029333333333333,3.029333333333333,2271,750.0,0.3382222222222222,stop,True,5.380188423907384
mtbench,spec_casc_tok_lt,alpha0.2,case_019,0,ok,2.274193548387097,3.274193548387097,204,62.0,0.3790322580645161,stop,True,0.4702011488843709
mtbench,spec_casc_tok_lt,alpha0.2,case_019,1,ok,2.6956521739130435,3.6956521739130435,253,69.0,0.4492753623188406,stop,True,0.5230349991470575
mtbench,spec_casc_tok_lt,alpha0.2,case_019,2,ok,2.292134831460674,3.292134831460674,294,89.0,0.38202247191011235,stop,True,0.6641527970787138
mtbench,spec_casc_tok_lt,alpha0.2,case_020,0,ok,3.1142857142857143,4.114285714285714,144,35.0,0.5190476190476191,stop,True,0.2815554609987885
mtbench,spec_casc_tok_lt,alpha0.2,case_020,1,ok,3.7241379310344827,4.724137931034482,137,29.0,0.6206896551724138,stop,True,0.23320548399351537
mtbench,spec_casc_tok_lt,alpha0.2,case_020,2,ok,3.657142857142857,4.657142857142857,161,35.0,0.6095238095238096,stop,True,0.2744899829849601
mtbench,spec_casc_tok_lt,alpha0.2,case_021,0,ok,3.3424657534246576,4.342465753424658,314,73.0,0.5570776255707762,stop,True,0.550173481926322
mtbench,spec_casc_tok_lt,alpha0.2,case_021,1,ok,2.7981651376146788,3.7981651376146788,413,109.0,0.46636085626911317,stop,True,0.8112732160370797
mtbench,spec_casc_tok_lt,alpha0.2,case_021,2,ok,3.956140350877193,4.9561403508771935,565,114.0,0.6593567251461988,stop,True,0.8510516930837184
mtbench,spec_casc_tok_lt,alpha0.2,case_022,0,ok,2.919732441471572,3.919732441471572,1171,299.0,0.4866220735785953,stop,True,2.2476493751164526
mtbench,spec_casc_tok_lt,alpha0.2,case_022,1,ok,2.8535353535353534,3.8535353535353534,763,198.0,0.47558922558922556,stop,True,1.4921091431751847
mtbench,spec_casc_tok_lt,alpha0.2,case_022,2,ok,3.3248407643312103,4.32484076433121,678,157.0,0.554140127388535,stop,True,1.1811421799939126
mtbench,spec_casc_tok_lt,alpha0.2,case_023,0,ok,2.580043859649123,3.580043859649123,3264,912.0,0.4300073099415205,stop,True,6.733065607957542
mtbench,spec_casc_tok_lt,alpha0.2,case_023,1,ok,2.6661991584852736,3.6661991584852736,2613,713.0,0.44436652641421226,stop,True,5.277659687912092
mtbench,spec_casc_tok_lt,alpha0.2,case_023,2,ok,2.656417112299465,3.656417112299465,2735,748.0,0.4427361853832442,stop,True,5.516173600917682
mtbench,spec_casc_tok_lt,alpha0.2,case_024,0,ok,2.888888888888889,3.888888888888889,1540,396.0,0.48148148148148145,stop,True,2.9232887029647827
mtbench,spec_casc_tok_lt,alpha0.2,case_024,1,ok,2.49002849002849,3.49002849002849,1224,351.0,0.41500474833808165,stop,True,2.5842314928304404
mtbench,spec_casc_tok_lt,alpha0.2,case_024,2,ok,2.4786324786324787,3.4786324786324787,1629,468.0,0.4131054131054131,stop,True,3.4566997969523072
mtbench,spec_casc_tok_lt,alpha0.2,case_025,0,ok,4.096385542168675,5.096385542168675,424,83.0,0.6827309236947792,stop,True,0.6333947139792144
mtbench,spec_casc_tok_lt,alpha0.2,case_025,1,ok,3.2525252525252526,4.252525252525253,422,99.0,0.5420875420875421,stop,True,0.7522847950458527
mtbench,spec_casc_tok_lt,alpha0.2,case_025,2,ok,2.7117117117117115,3.7117117117117115,413,111.0,0.4519519519519519,stop,True,0.8368448039982468
mtbench,spec_casc_tok_lt,alpha0.2,case_026,0,ok,2.7914438502673797,3.7914438502673797,1419,374.0,0.46524064171123,stop,True,2.7755251699127257
mtbench,spec_casc_tok_lt,alpha0.2,case_026,1,ok,2.575892857142857,3.575892857142857,800,224.0,0.42931547619047616,stop,True,1.6667398898862302
mtbench,spec_casc_tok_lt,alpha0.2,case_026,2,ok,2.907258064516129,3.907258064516129,966,248.0,0.4845430107526882,stop,True,1.8379414768423885
mtbench,spec_casc_tok_lt,alpha0.2,case_027,0,ok,2.5722543352601157,3.5722543352601157,616,173.0,0.42870905587668595,stop,True,1.2843534699641168
mtbench,spec_casc_tok_lt,alpha0.2,case_027,1,ok,2.885,3.885,774,200.0,0.48083333333333333,stop,True,1.478239205898717
mtbench,spec_casc_tok_lt,alpha0.2,case_027,2,ok,2.7346938775510203,3.7346938775510203,1098,294.0,0.4557823129251701,stop,True,2.1765301451087
mtbench,spec_casc_tok_lt,alpha0.2,case_028,0,ok,1.8388059701492536,2.8388059701492536,1903,670.0,0.30646766169154227,stop,True,4.917361757019535
mtbench,spec_casc_tok_lt,alpha0.2,case_028,1,ok,1.9968992248062016,2.9968992248062016,1932,645.0,0.33281653746770024,stop,True,4.739142563892528
mtbench,spec_casc_tok_lt,alpha0.2,case_028,2,ok,2.0077922077922077,3.0077922077922077,2315,770.0,0.3346320346320346,stop,True,5.635900384048
mtbench,spec_casc_tok_lt,alpha0.2,case_029,0,ok,1.8824101068999028,2.882410106899903,2965,1029.0,0.3137350178166505,stop,True,7.399962612893432
mtbench,spec_casc_tok_lt,alpha0.2,case_029,1,ok,1.95712954333644,2.95712954333644,3170,1073.0,0.32618825722274,stop,True,7.7225810589734465
mtbench,spec_casc_tok_lt,alpha0.2,case_029,2,ok,1.9972247918593895,2.9972247918593897,3239,1081.0,0.3328707986432316,stop,True,7.758625587215647
mtbench,spec_casc_tok_lt,alpha0.2,case_030,0,ok,2.241758241758242,3.241758241758242,882,273.0,0.37362637362637363,stop,True,1.9881123879458755
mtbench,spec_casc_tok_lt,alpha0.2,case_030,1,ok,2.3260869565217392,3.3260869565217392,1069,322.0,0.38768115942028986,stop,True,2.3471009938511997
mtbench,spec_casc_tok_lt,alpha0.2,case_030,2,ok,2.0135135135135136,3.0135135135135136,1113,370.0,0.3355855855855856,stop,True,2.6794755591545254
mtbench,spec_casc_tok_lt,alpha0.2,case_031,0,ok,2.284090909090909,3.284090909090909,576,176.0,0.3806818181818182,stop,True,1.3083990288432688
mtbench,spec_casc_tok_lt,alpha0.2,case_031,1,ok,2.588709677419355,3.588709677419355,445,124.0,0.4314516129032258,stop,True,0.9289043140597641
mtbench,spec_casc_tok_lt,alpha0.2,case_031,2,ok,2.2025316455696204,3.2025316455696204,506,158.0,0.3670886075949367,stop,True,1.1756277279928327
mtbench,spec_casc_tok_lt,alpha0.2,case_032,0,ok,1.587719298245614,2.587719298245614,294,114.0,0.2646198830409357,stop,True,0.818724568001926
mtbench,spec_casc_tok_lt,alpha0.2,case_032,1,ok,1.53125,2.53125,324,128.0,0.2552083333333333,stop,True,0.9209269220009446
mtbench,spec_casc_tok_lt,alpha0.2,case_032,2,ok,1.6956521739130435,2.6956521739130435,306,115.0,0.2826086956521739,stop,True,0.8280973709188402
mtbench,spec_casc_tok_lt,alpha0.2,case_033,0,ok,1.8417910447761194,2.8417910447761194,951,335.0,0.30696517412935326,stop,True,2.4029799308627844
mtbench,spec_casc_tok_lt,alpha0.2,case_033,1,ok,1.6830769230769231,2.683076923076923,873,325.0,0.2805128205128205,stop,True,2.339782473864034
mtbench,spec_casc_tok_lt,alpha0.2,case_033,2,ok,1.9039408866995073,2.903940886699507,1179,406.0,0.31732348111658454,stop,True,2.905603237915784
mtbench,spec_casc_tok_lt,alpha0.2,case_034,0,ok,2.043404255319149,3.043404255319149,3576,1175.0,0.3405673758865248,stop,True,8.529514137888327
mtbench,spec_casc_tok_lt,alpha0.2,case_034,1,ok,2.031782065834279,3.031782065834279,2671,881.0,0.3386303443057132,stop,True,6.382473326986656
mtbench,spec_casc_tok_lt,alpha0.2,case_034,2,ok,1.9971264367816093,2.9971264367816093,2086,696.0,0.3328544061302682,stop,True,5.011630397057161
mtbench,spec_casc_tok_lt,alpha0.2,case_035,0,ok,1.7430555555555556,2.7430555555555554,395,144.0,0.29050925925925924,stop,True,1.042028855998069
mtbench,spec_casc_tok_lt,alpha0.2,case_035,1,ok,1.6813186813186813,2.6813186813186816,243,91.0,0.2802197802197802,stop,True,0.6622257840353996
mtbench,spec_casc_tok_lt,alpha0.2,case_035,2,ok,1.6194690265486726,2.6194690265486726,297,113.0,0.26991150442477874,stop,True,0.8146608900278807
mtbench,spec_casc_tok_lt,alpha0.2,case_036,0,ok,2.596368715083799,3.596368715083799,2575,716.0,0.43272811918063314,stop,True,5.245523354038596
mtbench,spec_casc_tok_lt,alpha0.2,case_036,1,ok,2.5094178082191783,3.5094178082191783,4096,1168.0,0.418236301369863,length,False,8.565929156029597
mtbench,spec_casc_tok_lt,alpha0.2,case_036,2,ok,2.7062634989200864,3.7062634989200864,1714,463.0,0.4510439164866811,stop,True,3.387009917991236
mtbench,spec_casc_tok_lt,alpha0.2,case_037,0,ok,3.3597122302158273,4.359712230215827,606,139.0,0.5599520383693045,stop,True,1.0477681211195886
mtbench,spec_casc_tok_lt,alpha0.2,case_037,1,ok,3.033333333333333,4.033333333333333,484,120.0,0.5055555555555555,stop,True,0.9098047150764614
mtbench,spec_casc_tok_lt,alpha0.2,case_037,2,ok,3.08974358974359,4.089743589743589,319,78.0,0.5149572649572649,stop,True,0.5949626979418099
mtbench,spec_casc_tok_lt,alpha0.2,case_038,0,ok,2.1176470588235294,3.1176470588235294,159,51.0,0.35294117647058826,stop,True,0.3884567180648446
mtbench,spec_casc_tok_lt,alpha0.2,case_038,1,ok,2.255639097744361,3.255639097744361,429,133.0,0.37593984962406013,stop,True,0.9754105738829821
mtbench,spec_casc_tok_lt,alpha0.2,case_038,2,ok,2.3917525773195876,3.3917525773195876,327,97.0,0.39862542955326463,stop,True,0.7138789771124721
mtbench,spec_casc_tok_lt,alpha0.2,case_039,0,ok,2.919753086419753,3.919753086419753,633,162.0,0.48662551440329216,stop,True,1.2254714348819107
mtbench,spec_casc_tok_lt,alpha0.2,case_039,1,ok,3.1705426356589146,4.170542635658915,538,129.0,0.5284237726098191,stop,True,0.9789678191300482
mtbench,spec_casc_tok_lt,alpha0.2,case_039,2,ok,3.0483870967741935,4.048387096774194,500,124.0,0.5080645161290323,stop,True,0.9390140150208026
mtbench,spec_casc_tok_lt,alpha0.2,case_040,0,ok,3.7777777777777777,4.777777777777778,430,90.0,0.6296296296296297,stop,True,0.6798123440239578
mtbench,spec_casc_tok_lt,alpha0.2,case_040,1,ok,3.4144144144144146,4.414414414414415,490,111.0,0.5690690690690691,stop,True,0.8331214459612966
mtbench,spec_casc_tok_lt,alpha0.2,case_040,2,ok,3.1313131313131315,4.1313131313131315,409,99.0,0.5218855218855218,stop,True,0.7486881001386791
mtbench,spec_casc_tok_lt,alpha0.2,case_041,0,ok,3.1588785046728973,4.158878504672897,887,214.0,0.5264797507788161,stop,True,1.5961331350263208
mtbench,spec_casc_tok_lt,alpha0.2,case_041,1,ok,3.3181818181818183,4.318181818181818,948,220.0,0.553030303030303,stop,True,1.6245699559804052
mtbench,spec_casc_tok_lt,alpha0.2,case_041,2,ok,3.0,4.0,639,160.0,0.5,stop,True,1.1944343289360404
mtbench,spec_casc_tok_lt,alpha0.2,case_042,0,ok,2.7621509824198553,3.7621509824198553,3638,967.0,0.4603584970699759,stop,True,7.1623932318761945
mtbench,spec_casc_tok_lt,alpha0.2,case_042,1,ok,2.520408163265306,3.520408163265306,1378,392.0,0.4200680272108844,stop,True,2.833051862893626
mtbench,spec_casc_tok_lt,alpha0.2,case_042,2,ok,3.058568329718004,4.058568329718004,1870,461.0,0.5097613882863341,stop,True,3.3997680770698935
mtbench,spec_casc_tok_lt,alpha0.2,case_043,0,ok,4.232558139534884,5.232558139534884,225,43.0,0.7054263565891473,stop,True,0.34278169204480946
mtbench,spec_casc_tok_lt,alpha0.2,case_043,1,ok,3.88,4.88,245,50.0,0.6466666666666666,stop,True,0.3826498088892549
mtbench,spec_casc_tok_lt,alpha0.2,case_043,2,ok,2.923076923076923,3.923076923076923,101,26.0,0.48717948717948717,stop,True,0.21542741707526147
mtbench,spec_casc_tok_lt,alpha0.2,case_044,0,ok,3.5609756097560976,4.560975609756097,373,82.0,0.5934959349593496,stop,True,0.62674410501495
mtbench,spec_casc_tok_lt,alpha0.2,case_044,1,ok,3.5375,4.5375,362,80.0,0.5895833333333333,stop,True,0.5994422028306872
mtbench,spec_casc_tok_lt,alpha0.2,case_044,2,ok,4.045977011494253,5.045977011494253,440,87.0,0.6743295019157088,stop,True,0.662457960890606
mtbench,spec_casc_tok_lt,alpha0.2,case_045,0,ok,2.8015873015873014,3.8015873015873014,479,126.0,0.4669312169312169,stop,True,0.9558584510814399
mtbench,spec_casc_tok_lt,alpha0.2,case_045,1,ok,2.5207100591715976,3.5207100591715976,593,169.0,0.42011834319526625,stop,True,1.2413916611112654
mtbench,spec_casc_tok_lt,alpha0.2,case_045,2,ok,2.6559139784946235,3.6559139784946235,680,186.0,0.44265232974910396,stop,True,1.3884100911673158
mtbench,spec_casc_tok_lt,alpha0.2,case_046,0,ok,2.264761904761905,3.264761904761905,1713,525.0,0.37746031746031744,stop,True,3.824134276015684
mtbench,spec_casc_tok_lt,alpha0.2,case_046,1,ok,2.1257976298997265,3.1257976298997265,3430,1097.0,0.3542996049832878,stop,True,7.7805962020065635
mtbench,spec_casc_tok_lt,alpha0.2,case_046,2,ok,2.2115987460815045,3.2115987460815045,4096,1276.0,0.36859979101358414,length,True,9.241158270044252
mtbench,spec_casc_tok_lt,alpha0.2,case_047,0,ok,2.020044543429844,3.020044543429844,1356,449.0,0.33667409057164066,stop,True,3.3088875499088317
mtbench,spec_casc_tok_lt,alpha0.2,case_047,1,ok,2.318537859007833,3.318537859007833,1270,383.0,0.38642297650130547,stop,True,2.748676453018561
mtbench,spec_casc_tok_lt,alpha0.2,case_047,2,ok,2.2150776053215075,3.2150776053215075,1450,451.0,0.369179600886918,stop,True,3.3178888601250947
mtbench,spec_casc_tok_lt,alpha0.2,case_048,0,ok,1.481081081081081,2.481081081081081,457,185.0,0.24684684684684685,stop,True,1.3368481770157814
mtbench,spec_casc_tok_lt,alpha0.2,case_048,1,ok,1.7586206896551724,2.7586206896551726,477,174.0,0.29310344827586204,stop,True,1.2282797018997371
mtbench,spec_casc_tok_lt,alpha0.2,case_048,2,ok,1.6424242424242423,2.6424242424242426,869,330.0,0.2737373737373737,stop,True,2.373443547869101
mtbench,spec_casc_tok_lt,alpha0.2,case_049,0,ok,1.8825910931174088,2.8825910931174086,1423,494.0,0.31376518218623484,stop,True,3.6053556920960546
mtbench,spec_casc_tok_lt,alpha0.2,case_049,1,ok,2.0461254612546127,3.0461254612546127,1651,542.0,0.3410209102091021,stop,True,3.8282370888628066
mtbench,spec_casc_tok_lt,alpha0.2,case_049,2,ok,1.7739307535641549,2.773930753564155,1361,491.0,0.2956551255940258,stop,True,3.5340610998682678
mtbench,spec_casc_tok_lt,alpha0.2,case_050,0,ok,1.840682788051209,2.8406827880512093,1997,703.0,0.30678046467520154,stop,True,5.044497563969344
mtbench,spec_casc_tok_lt,alpha0.2,case_050,1,ok,1.9539347408829175,2.9539347408829175,3078,1042.0,0.3256557901471529,stop,True,7.2879698430188
mtbench,spec_casc_tok_lt,alpha0.2,case_050,2,ok,1.854632587859425,2.8546325878594248,1786,626.0,0.30910543130990414,stop,True,4.480823338963091
mtbench,spec_casc_tok_lt,alpha0.2,case_051,0,ok,1.9333333333333333,2.9333333333333336,484,165.0,0.32222222222222224,stop,True,1.1913934350013733
mtbench,spec_casc_tok_lt,alpha0.2,case_051,1,ok,1.968503937007874,2.968503937007874,754,254.0,0.32808398950131235,stop,True,1.7809634967707098
mtbench,spec_casc_tok_lt,alpha0.2,case_051,2,ok,1.7476635514018692,2.7476635514018692,589,214.0,0.29127725856697817,stop,True,1.5384442149661481
mtbench,spec_casc_tok_lt,alpha0.2,case_052,0,ok,1.9726027397260273,2.9726027397260273,434,146.0,0.3287671232876712,stop,True,1.0572437800001353
mtbench,spec_casc_tok_lt,alpha0.2,case_052,1,ok,1.9846449136276392,2.984644913627639,1555,521.0,0.3307741522712732,stop,True,3.625998642994091
mtbench,spec_casc_tok_lt,alpha0.2,case_052,2,ok,1.8,2.8,784,280.0,0.3,stop,True,2.0068548081908375
mtbench,spec_casc_tok_lt,alpha0.2,case_053,0,ok,1.9619289340101522,2.9619289340101522,1167,394.0,0.3269881556683587,stop,True,2.871521297842264
mtbench,spec_casc_tok_lt,alpha0.2,case_053,1,ok,2.020408163265306,3.020408163265306,593,196.0,0.336734693877551,stop,True,1.3995209198910743
mtbench,spec_casc_tok_lt,alpha0.2,case_053,2,ok,1.5,2.5,514,206.0,0.25,stop,True,1.5052052629180253
mtbench,spec_casc_tok_lt,alpha0.2,case_054,0,ok,1.6404833836858006,2.6404833836858006,874,331.0,0.27341389728096677,stop,True,2.4005602970719337
mtbench,spec_casc_tok_lt,alpha0.2,case_054,1,ok,1.7775628626692457,2.777562862669246,1437,517.0,0.29626047711154097,stop,True,3.6477467680815607
mtbench,spec_casc_tok_lt,alpha0.2,case_054,2,ok,2.0,3.0,1879,626.0,0.3333333333333333,stop,True,4.524082449963316
mtbench,spec_casc_tok_lt,alpha0.2,case_055,0,ok,1.8018292682926829,2.801829268292683,919,328.0,0.3003048780487805,stop,True,2.3974369710776955
mtbench,spec_casc_tok_lt,alpha0.2,case_055,1,ok,2.133587786259542,3.133587786259542,821,262.0,0.3555979643765903,stop,True,1.8750765169970691
mtbench,spec_casc_tok_lt,alpha0.2,case_055,2,ok,2.1296928327645053,3.1296928327645053,918,293.0,0.35494880546075086,stop,True,2.143809533910826
mtbench,spec_casc_tok_lt,alpha0.2,case_056,0,ok,2.1533742331288344,3.1533742331288344,2056,652.0,0.3588957055214724,stop,True,4.831314991926774
mtbench,spec_casc_tok_lt,alpha0.2,case_056,1,ok,2.358260869565217,3.358260869565217,1929,575.0,0.39304347826086955,stop,True,4.162472933065146
mtbench,spec_casc_tok_lt,alpha0.2,case_056,2,ok,2.4585858585858587,3.4585858585858587,1711,495.0,0.4097643097643098,stop,True,3.669011740013957
mtbench,spec_casc_tok_lt,alpha0.2,case_057,0,ok,1.5512367491166077,2.5512367491166077,722,283.0,0.2585394581861013,stop,True,2.013441147049889
mtbench,spec_casc_tok_lt,alpha0.2,case_057,1,ok,1.7872340425531914,2.7872340425531914,1178,423.0,0.2978723404255319,stop,True,2.9426041229162365
mtbench,spec_casc_tok_lt,alpha0.2,case_057,2,ok,1.9944954128440366,2.994495412844037,1631,545.0,0.3324159021406728,stop,True,3.874573411885649
mtbench,spec_casc_tok_lt,alpha0.2,case_058,0,ok,3.1056338028169015,4.105633802816902,583,142.0,0.5176056338028169,stop,True,1.05728496494703
mtbench,spec_casc_tok_lt,alpha0.2,case_058,1,ok,2.7118226600985222,3.7118226600985222,1507,406.0,0.45197044334975367,stop,True,2.922900123987347
mtbench,spec_casc_tok_lt,alpha0.2,case_058,2,ok,2.438423645320197,3.438423645320197,697,203.0,0.4064039408866995,stop,True,1.5015948929358274
mtbench,spec_casc_tok_lt,alpha0.2,case_059,0,ok,2.537037037037037,3.537037037037037,1529,432.0,0.4228395061728395,stop,True,3.2316001472063363
mtbench,spec_casc_tok_lt,alpha0.2,case_059,1,ok,2.3463569165786695,3.3463569165786695,3170,947.0,0.3910594860964449,stop,True,6.889292012201622
mtbench,spec_casc_tok_lt,alpha0.2,case_059,2,ok,2.5552147239263805,3.5552147239263805,2318,652.0,0.42586912065439675,stop,True,4.85803786595352
mtbench,spec_casc_tok_lt,alpha0.2,case_060,0,ok,2.501639344262295,3.501639344262295,1067,305.0,0.4169398907103825,stop,True,2.254203113960102
mtbench,spec_casc_tok_lt,alpha0.2,case_060,1,ok,2.566233766233766,3.566233766233766,1374,385.0,0.4277056277056277,stop,True,2.774852184811607
mtbench,spec_casc_tok_lt,alpha0.2,case_060,2,ok,2.568862275449102,3.568862275449102,1788,501.0,0.4281437125748503,stop,True,3.675817203009501
mtbench,spec_casc_tok_lt,alpha0.2,case_061,0,ok,2.9754098360655736,3.9754098360655736,485,122.0,0.4959016393442623,stop,True,0.8954437049105763
mtbench,spec_casc_tok_lt,alpha0.2,case_061,1,ok,3.8017241379310347,4.801724137931035,558,116.0,0.6336206896551724,stop,True,0.8318955050781369
mtbench,spec_casc_tok_lt,alpha0.2,case_061,2,ok,3.3448275862068964,4.344827586206897,379,87.0,0.5574712643678161,stop,True,0.6464820408727974
mtbench,spec_casc_tok_lt,alpha0.2,case_062,0,ok,3.598360655737705,4.5983606557377055,560,122.0,0.5997267759562842,stop,True,0.9262697701342404
mtbench,spec_casc_tok_lt,alpha0.2,case_062,1,ok,3.11340206185567,4.11340206185567,399,97.0,0.5189003436426117,stop,True,0.7192318250890821
mtbench,spec_casc_tok_lt,alpha0.2,case_062,2,ok,3.1145833333333335,4.114583333333334,395,96.0,0.5190972222222222,stop,True,0.7281902760732919
mtbench,spec_casc_tok_lt,alpha0.2,case_063,0,ok,3.5441176470588234,4.544117647058823,618,136.0,0.5906862745098039,stop,True,1.0022867859806865
mtbench,spec_casc_tok_lt,alpha0.2,case_063,1,ok,3.0089285714285716,4.008928571428571,449,112.0,0.5014880952380952,stop,True,0.8139305519871414
mtbench,spec_casc_tok_lt,alpha0.2,case_063,2,ok,3.111111111111111,4.111111111111111,629,153.0,0.5185185185185185,stop,True,1.129303450929001
mtbench,spec_casc_tok_lt,alpha0.2,case_064,0,ok,3.53125,4.53125,144,32.0,0.5885416666666666,stop,True,0.25831417995505035
mtbench,spec_casc_tok_lt,alpha0.2,case_064,1,ok,3.8333333333333335,4.833333333333334,145,30.0,0.6388888888888888,stop,True,0.23400784493423998
mtbench,spec_casc_tok_lt,alpha0.2,case_064,2,ok,3.6136363636363638,4.613636363636363,201,44.0,0.6022727272727273,stop,True,0.34523906488902867
mtbench,spec_casc_tok_lt,alpha0.2,case_065,0,ok,3.8181818181818183,4.818181818181818,212,44.0,0.6363636363636364,stop,True,0.3409666121006012
mtbench,spec_casc_tok_lt,alpha0.2,case_065,1,ok,3.951219512195122,4.951219512195122,203,41.0,0.6585365853658537,stop,True,0.3098930800333619
mtbench,spec_casc_tok_lt,alpha0.2,case_065,2,ok,4.4375,5.4375,171,32.0,0.7395833333333334,stop,True,0.24736143206246197
mtbench,spec_casc_tok_lt,alpha0.2,case_066,0,ok,2.102803738317757,3.102803738317757,994,321.0,0.35046728971962615,stop,True,2.3844109349884093
mtbench,spec_casc_tok_lt,alpha0.2,case_066,1,ok,2.507168458781362,3.507168458781362,1958,558.0,0.4178614097968937,stop,True,4.015092197107151
mtbench,spec_casc_tok_lt,alpha0.2,case_066,2,ok,2.2045454545454546,3.2045454545454546,1126,352.0,0.36742424242424243,stop,True,2.59591723815538
mtbench,spec_casc_tok_lt,alpha0.2,case_067,0,ok,3.14021164021164,4.14021164021164,1564,378.0,0.5233686067019401,stop,True,2.816820597043261
mtbench,spec_casc_tok_lt,alpha0.2,case_067,1,ok,2.7109144542772863,3.7109144542772863,1254,339.0,0.45181907571288105,stop,True,2.469952303916216
mtbench,spec_casc_tok_lt,alpha0.2,case_067,2,ok,2.947019867549669,3.947019867549669,1787,453.0,0.4911699779249448,stop,True,3.3634912210982293
mtbench,spec_casc_tok_lt,alpha0.2,case_068,0,ok,2.733490566037736,3.733490566037736,1582,424.0,0.45558176100628933,stop,True,3.152396935969591
mtbench,spec_casc_tok_lt,alpha0.2,case_068,1,ok,2.7493403693931397,3.7493403693931397,1420,379.0,0.45822339489885666,stop,True,2.753808081848547
mtbench,spec_casc_tok_lt,alpha0.2,case_068,2,ok,3.038659793814433,4.038659793814433,1566,388.0,0.5064432989690721,stop,True,2.877223446033895
mtbench,spec_casc_tok_lt,alpha0.2,case_069,0,ok,3.2777777777777777,4.277777777777778,229,54.0,0.5462962962962963,stop,True,0.4182762859854847
mtbench,spec_casc_tok_lt,alpha0.2,case_069,1,ok,2.717948717948718,3.717948717948718,145,39.0,0.452991452991453,stop,True,0.3004093701019883
mtbench,spec_casc_tok_lt,alpha0.2,case_069,2,ok,3.735294117647059,4.735294117647059,159,34.0,0.6225490196078431,stop,True,0.26904021785594523
mtbench,spec_casc_tok_lt,alpha0.2,case_070,0,ok,3.131720430107527,4.131720430107527,1538,372.0,0.5219534050179212,stop,True,2.7712739328853786
mtbench,spec_casc_tok_lt,alpha0.2,case_070,1,ok,3.094017094017094,4.094017094017094,2396,585.0,0.5156695156695157,stop,True,4.256111453054473
mtbench,spec_casc_tok_lt,alpha0.2,case_070,2,ok,3.0379008746355685,4.037900874635568,1383,343.0,0.5063168124392614,stop,True,2.5503136198967695
mtbench,spec_casc_tok_lt,alpha0.2,case_071,0,ok,3.125,4.125,396,96.0,0.5208333333333334,stop,True,0.7327599320560694
mtbench,spec_casc_tok_lt,alpha0.2,case_071,1,ok,2.875,3.875,215,56.0,0.4791666666666667,stop,True,0.42360937409102917
mtbench,spec_casc_tok_lt,alpha0.2,case_071,2,ok,3.0,4.0,391,98.0,0.5,stop,True,0.7470364889595658
mtbench,spec_casc_tok_lt,alpha0.2,case_072,0,ok,3.2738095238095237,4.273809523809524,357,84.0,0.5456349206349206,stop,True,0.6466135389637202
mtbench,spec_casc_tok_lt,alpha0.2,case_072,1,ok,3.0208333333333335,4.020833333333334,383,96.0,0.5034722222222222,stop,True,0.7157493170816451
mtbench,spec_casc_tok_lt,alpha0.2,case_072,2,ok,3.211267605633803,4.211267605633803,295,71.0,0.5352112676056338,stop,True,0.5433193319477141
mtbench,spec_casc_tok_lt,alpha0.2,case_073,0,ok,2.31924882629108,3.31924882629108,1414,426.0,0.3865414710485133,stop,True,3.1459326229523867
mtbench,spec_casc_tok_lt,alpha0.2,case_073,1,ok,2.467479674796748,3.467479674796748,853,246.0,0.41124661246612465,stop,True,1.7694915141910315
mtbench,spec_casc_tok_lt,alpha0.2,case_073,2,ok,2.3442622950819674,3.3442622950819674,612,183.0,0.3907103825136612,stop,True,1.3537330131512135
mtbench,spec_casc_tok_lt,alpha0.2,case_074,0,ok,2.4853195164075994,3.4853195164075994,2018,579.0,0.41421991940126657,stop,True,4.22692472115159
mtbench,spec_casc_tok_lt,alpha0.2,case_074,1,ok,2.3711340206185567,3.3711340206185567,981,291.0,0.3951890034364261,stop,True,2.083569494774565
mtbench,spec_casc_tok_lt,alpha0.2,case_074,2,ok,2.488721804511278,3.488721804511278,926,266.0,0.41478696741854637,stop,True,1.9482634428422898
mtbench,spec_casc_tok_lt,alpha0.2,case_075,0,ok,2.134003350083752,3.134003350083752,1871,597.0,0.3556672250139587,stop,True,4.4198051209095865
mtbench,spec_casc_tok_lt,alpha0.2,case_075,1,ok,2.349768875192604,3.349768875192604,2173,649.0,0.391628145865434,stop,True,4.689288910944015
mtbench,spec_casc_tok_lt,alpha0.2,case_075,2,ok,2.1865828092243187,3.1865828092243187,1519,477.0,0.3644304682040531,stop,True,3.5386268380098045
mtbench,spec_casc_tok_lt,alpha0.2,case_076,0,ok,1.879746835443038,2.879746835443038,4096,1422.0,0.31329113924050633,length,True,10.402815069071949
mtbench,spec_casc_tok_lt,alpha0.2,case_076,1,ok,1.9832285115303983,2.983228511530398,2845,954.0,0.3305380852550664,stop,True,6.8260968800168484
mtbench,spec_casc_tok_lt,alpha0.2,case_076,2,ok,1.9493927125506072,2.9493927125506074,2913,988.0,0.3248987854251012,stop,True,7.199575162958354
mtbench,spec_casc_tok_lt,alpha0.2,case_077,0,ok,1.9548335974643423,2.9548335974643423,3728,1262.0,0.32580559957739036,stop,True,9.190910937963054
mtbench,spec_casc_tok_lt,alpha0.2,case_077,1,ok,1.9531362653208364,2.953136265320836,4096,1387.0,0.32552271088680607,length,True,9.833566057030112
mtbench,spec_casc_tok_lt,alpha0.2,case_077,2,ok,2.135321100917431,3.135321100917431,4096,1308.0,0.3558868501529052,length,True,9.536262839101255
mtbench,spec_casc_tok_lt,alpha0.2,case_078,0,ok,1.8004866180048662,2.800486618004866,1150,411.0,0.30008110300081103,stop,True,2.978084914153442
mtbench,spec_casc_tok_lt,alpha0.2,case_078,1,ok,1.836697247706422,2.836697247706422,1545,545.0,0.30611620795107036,stop,True,3.8426276568789035
mtbench,spec_casc_tok_lt,alpha0.2,case_078,2,ok,1.9139579349904399,2.9139579349904396,1523,523.0,0.3189929891650733,stop,True,3.7819032240659
mtbench,spec_casc_tok_lt,alpha0.2,case_079,0,ok,1.801699716713881,2.8016997167138813,1977,706.0,0.3002832861189802,stop,True,5.10223357914947
mtbench,spec_casc_tok_lt,alpha0.2,case_079,1,ok,1.9720101781170483,2.9720101781170483,2336,786.0,0.3286683630195081,stop,True,5.551328663015738
mtbench,spec_casc_tok_lt,alpha0.2,case_079,2,ok,1.7613981762917934,2.7613981762917934,1817,658.0,0.2935663627152989,stop,True,4.7510302271693945
mtbench,spec_casc_tok_lt,alpha0.2,case_080,0,ok,1.9697406340057637,2.9697406340057637,2060,694.0,0.3282901056676273,stop,True,5.0499431600328535
mtbench,spec_casc_tok_lt,alpha0.2,case_080,1,ok,2.0022522522522523,3.0022522522522523,1330,444.0,0.3337087087087087,stop,True,3.1495775221846998
mtbench,spec_casc_tok_lt,alpha0.2,case_080,2,ok,1.9196581196581197,2.91965811965812,1708,585.0,0.31994301994301994,stop,True,4.223747977055609
mtbench,spec_casc_tok_lt,alpha0.25,case_001,0,ok,2.078231292517007,3.078231292517007,1809,588.0,0.3463718820861678,stop,True,4.524583860998973
mtbench,spec_casc_tok_lt,alpha0.25,case_001,1,ok,2.562396006655574,3.562396006655574,2142,601.0,0.42706600110926235,stop,True,4.6429016389884055
mtbench,spec_casc_tok_lt,alpha0.25,case_001,2,ok,1.7046004842615012,2.7046004842615012,2234,826.0,0.2841000807102502,stop,True,6.1327564949169755
mtbench,spec_casc_tok_lt,alpha0.25,case_002,0,ok,2.066361556064073,3.066361556064073,2679,874.0,0.34439359267734554,stop,True,6.17970396601595
mtbench,spec_casc_tok_lt,alpha0.25,case_002,1,ok,2.4036458333333335,3.4036458333333335,1302,384.0,0.4006076388888889,stop,True,2.7377850501798093
mtbench,spec_casc_tok_lt,alpha0.25,case_002,2,ok,2.331578947368421,3.331578947368421,1900,570.0,0.38859649122807016,stop,True,3.9377618599683046
mtbench,spec_casc_tok_lt,alpha0.25,case_003,0,ok,2.155294117647059,3.155294117647059,1339,425.0,0.3592156862745098,stop,True,3.0513942199759185
mtbench,spec_casc_tok_lt,alpha0.25,case_003,1,ok,2.2096317280453257,3.2096317280453257,1133,353.0,0.36827195467422097,stop,True,2.556296830996871
mtbench,spec_casc_tok_lt,alpha0.25,case_003,2,ok,2.3403805496828753,3.3403805496828753,1578,473.0,0.39006342494714585,stop,True,3.3170490260235965
mtbench,spec_casc_tok_lt,alpha0.25,case_004,0,ok,2.825503355704698,3.825503355704698,570,149.0,0.470917225950783,stop,True,1.108539572916925
mtbench,spec_casc_tok_lt,alpha0.25,case_004,1,ok,2.7876288659793813,3.7876288659793813,1836,485.0,0.4646048109965636,stop,True,3.576069958973676
mtbench,spec_casc_tok_lt,alpha0.25,case_004,2,ok,2.8414376321353068,3.8414376321353068,1816,473.0,0.47357293868921774,stop,True,3.384648011997342
mtbench,spec_casc_tok_lt,alpha0.25,case_005,0,ok,3.4634146341463414,4.463414634146341,184,41.0,0.5772357723577236,stop,True,0.31930144294165075
mtbench,spec_casc_tok_lt,alpha0.25,case_005,1,ok,3.3636363636363638,4.363636363636363,192,44.0,0.5606060606060606,stop,True,0.34207088593393564
mtbench,spec_casc_tok_lt,alpha0.25,case_005,2,ok,2.984126984126984,3.984126984126984,251,63.0,0.4973544973544973,stop,True,0.4728325749747455
mtbench,spec_casc_tok_lt,alpha0.25,case_006,0,ok,2.8645833333333335,3.8645833333333335,371,96.0,0.4774305555555556,stop,True,0.7232150060590357
mtbench,spec_casc_tok_lt,alpha0.25,case_006,1,ok,3.0714285714285716,4.071428571428571,456,112.0,0.5119047619047619,stop,True,0.845899939071387
mtbench,spec_casc_tok_lt,alpha0.25,case_006,2,ok,2.8105263157894735,3.8105263157894735,362,95.0,0.46842105263157896,stop,True,0.6989780140575022
mtbench,spec_casc_tok_lt,alpha0.25,case_007,0,ok,2.869565217391304,3.869565217391304,1692,437.0,0.4782608695652174,stop,True,3.2369253640063107
mtbench,spec_casc_tok_lt,alpha0.25,case_007,1,ok,2.8411214953271027,3.8411214953271027,1644,428.0,0.4735202492211838,stop,True,3.1851578599307686
mtbench,spec_casc_tok_lt,alpha0.25,case_007,2,ok,3.23546511627907,4.2354651162790695,1457,344.0,0.5392441860465116,stop,True,2.4945405358448625
mtbench,spec_casc_tok_lt,alpha0.25,case_008,0,ok,3.1818181818181817,4.181818181818182,781,187.0,0.5303030303030303,stop,True,1.3920514148194343
mtbench,spec_casc_tok_lt,alpha0.25,case_008,1,ok,2.631768953068592,3.631768953068592,1006,277.0,0.43862815884476536,stop,True,2.072501749964431
mtbench,spec_casc_tok_lt,alpha0.25,case_008,2,ok,2.796208530805687,3.796208530805687,1601,422.0,0.4660347551342812,stop,True,3.047959045972675
mtbench,spec_casc_tok_lt,alpha0.25,case_009,0,ok,3.6,4.6,113,25.0,0.6,stop,True,0.20473003899678588
mtbench,spec_casc_tok_lt,alpha0.25,case_009,1,ok,3.074074074074074,4.074074074074074,110,27.0,0.5123456790123457,stop,True,0.2214847388677299
mtbench,spec_casc_tok_lt,alpha0.25,case_009,2,ok,3.9130434782608696,4.913043478260869,113,23.0,0.6521739130434783,stop,True,0.18725165911018848
mtbench,spec_casc_tok_lt,alpha0.25,case_010,0,ok,2.3451568894952253,3.3451568894952253,2453,733.0,0.3908594815825375,stop,True,5.350004750071093
mtbench,spec_casc_tok_lt,alpha0.25,case_010,1,ok,2.2628865979381443,3.2628865979381443,1899,582.0,0.37714776632302405,stop,True,4.2758861859329045
mtbench,spec_casc_tok_lt,alpha0.25,case_010,2,ok,2.2539964476021312,3.2539964476021312,1832,563.0,0.3756660746003552,stop,True,4.01643438404426
mtbench,spec_casc_tok_lt,alpha0.25,case_011,0,ok,1.8561710398445093,2.8561710398445093,2938,1029.0,0.3093618399740849,stop,True,7.476738314842805
mtbench,spec_casc_tok_lt,alpha0.25,case_011,1,ok,1.679245283018868,2.6792452830188678,2130,795.0,0.279874213836478,stop,True,5.793928588973358
mtbench,spec_casc_tok_lt,alpha0.25,case_011,2,ok,1.8202054794520548,2.8202054794520546,3294,1168.0,0.3033675799086758,stop,True,8.26789022097364
mtbench,spec_casc_tok_lt,alpha0.25,case_012,0,ok,1.8729641693811074,2.8729641693811074,2646,921.0,0.3121606948968513,stop,True,6.64675121800974
mtbench,spec_casc_tok_lt,alpha0.25,case_012,1,ok,1.8949232585596223,2.894923258559622,2452,847.0,0.31582054309327035,stop,True,6.164980089990422
mtbench,spec_casc_tok_lt,alpha0.25,case_012,2,ok,1.919463087248322,2.919463087248322,2610,894.0,0.319910514541387,stop,True,6.30285760993138
mtbench,spec_casc_tok_lt,alpha0.25,case_013,0,ok,3.061224489795918,4.061224489795919,199,49.0,0.5102040816326531,stop,True,0.369556199060753
mtbench,spec_casc_tok_lt,alpha0.25,case_013,1,ok,2.4457831325301207,3.4457831325301207,286,83.0,0.40763052208835343,stop,True,0.6184647751506418
mtbench,spec_casc_tok_lt,alpha0.25,case_013,2,ok,2.5254237288135593,3.5254237288135593,209,59.0,0.4209039548022599,stop,True,0.4303645961917937
mtbench,spec_casc_tok_lt,alpha0.25,case_014,0,ok,2.2710280373831777,3.2710280373831777,350,107.0,0.37850467289719625,stop,True,0.7792432780843228
mtbench,spec_casc_tok_lt,alpha0.25,case_014,1,ok,2.074468085106383,3.074468085106383,2024,658.0,0.34574468085106386,stop,True,4.717811711132526
mtbench,spec_casc_tok_lt,alpha0.25,case_014,2,ok,1.7142857142857142,2.7142857142857144,550,203.0,0.2857142857142857,stop,True,1.4223894379101694
mtbench,spec_casc_tok_lt,alpha0.25,case_015,0,ok,3.226086956521739,4.226086956521739,484,115.0,0.5376811594202898,stop,True,0.8431503009051085
mtbench,spec_casc_tok_lt,alpha0.25,case_015,1,ok,3.7551020408163267,4.755102040816327,699,147.0,0.6258503401360545,stop,True,1.082989394897595
mtbench,spec_casc_tok_lt,alpha0.25,case_015,2,ok,3.248407643312102,4.2484076433121025,668,157.0,0.5414012738853503,stop,True,1.1250067939981818
mtbench,spec_casc_tok_lt,alpha0.25,case_016,0,ok,1.6436781609195403,2.6436781609195403,230,87.0,0.2739463601532567,stop,True,0.6427748361602426
mtbench,spec_casc_tok_lt,alpha0.25,case_016,1,ok,1.165289256198347,2.165289256198347,261,121.0,0.19421487603305784,stop,True,0.8921514879912138
mtbench,spec_casc_tok_lt,alpha0.25,case_016,2,ok,1.3148148148148149,2.314814814814815,250,108.0,0.2191358024691358,stop,True,0.7704213270917535
mtbench,spec_casc_tok_lt,alpha0.25,case_017,0,ok,3.0127326150832516,4.012732615083252,4096,1021.0,0.5021221025138752,length,True,7.605234734015539
mtbench,spec_casc_tok_lt,alpha0.25,case_017,1,ok,2.4390243902439024,3.4390243902439024,2114,615.0,0.4065040650406504,stop,True,4.582708368077874
mtbench,spec_casc_tok_lt,alpha0.25,case_017,2,ok,2.7588235294117647,3.7588235294117647,1917,510.0,0.4598039215686274,stop,True,3.6951618869788945
mtbench,spec_casc_tok_lt,alpha0.25,case_018,0,ok,2.05,3.05,1827,600.0,0.3416666666666667,stop,True,4.297528743976727
mtbench,spec_casc_tok_lt,alpha0.25,case_018,1,ok,1.7435064935064934,2.7435064935064934,1690,616.0,0.2905844155844156,stop,True,4.4329271339811385
mtbench,spec_casc_tok_lt,alpha0.25,case_018,2,ok,2.063008130081301,3.063008130081301,1508,492.0,0.34383468834688347,stop,True,3.4469031479675323
mtbench,spec_casc_tok_lt,alpha0.25,case_019,0,ok,2.6029411764705883,3.6029411764705883,245,68.0,0.4338235294117647,stop,True,0.5116575160063803
mtbench,spec_casc_tok_lt,alpha0.25,case_019,1,ok,2.62,3.62,181,50.0,0.43666666666666665,stop,True,0.3842243649996817
mtbench,spec_casc_tok_lt,alpha0.25,case_019,2,ok,3.048780487804878,4.048780487804878,165,41.0,0.508130081300813,stop,True,0.3070122159551829
mtbench,spec_casc_tok_lt,alpha0.25,case_020,0,ok,3.4634146341463414,4.463414634146341,183,41.0,0.5772357723577236,stop,True,0.3219171189703047
mtbench,spec_casc_tok_lt,alpha0.25,case_020,1,ok,3.875,4.875,117,24.0,0.6458333333333334,stop,True,0.19743885402567685
mtbench,spec_casc_tok_lt,alpha0.25,case_020,2,ok,3.4358974358974357,4.435897435897436,174,39.0,0.5726495726495726,stop,True,0.2991029620170593
mtbench,spec_casc_tok_lt,alpha0.25,case_021,0,ok,3.9054054054054053,4.905405405405405,362,74.0,0.6509009009009009,stop,True,0.5485742539167404
mtbench,spec_casc_tok_lt,alpha0.25,case_021,1,ok,2.9612403100775193,3.9612403100775193,511,129.0,0.4935400516795866,stop,True,0.9604264521040022
mtbench,spec_casc_tok_lt,alpha0.25,case_021,2,ok,3.404040404040404,4.404040404040404,436,99.0,0.5673400673400674,stop,True,0.716245471034199
mtbench,spec_casc_tok_lt,alpha0.25,case_022,0,ok,2.9904761904761905,3.9904761904761905,1254,315.0,0.4984126984126984,stop,True,2.3551448511425406
mtbench,spec_casc_tok_lt,alpha0.25,case_022,1,ok,2.798941798941799,3.798941798941799,717,189.0,0.46649029982363316,stop,True,1.4213698070961982
mtbench,spec_casc_tok_lt,alpha0.25,case_022,2,ok,2.948186528497409,3.948186528497409,761,193.0,0.4913644214162349,stop,True,1.4137549418956041
mtbench,spec_casc_tok_lt,alpha0.25,case_023,0,ok,2.3654545454545453,3.3654545454545453,3702,1100.0,0.3942424242424242,stop,True,8.077670902013779
mtbench,spec_casc_tok_lt,alpha0.25,case_023,1,ok,2.493606138107417,3.493606138107417,2731,782.0,0.4156010230179028,stop,True,5.786395791918039
mtbench,spec_casc_tok_lt,alpha0.25,case_023,2,ok,2.4927536231884058,3.4927536231884058,3132,897.0,0.41545893719806765,stop,True,6.448875380912796
mtbench,spec_casc_tok_lt,alpha0.25,case_024,0,ok,2.495798319327731,3.495798319327731,1248,357.0,0.41596638655462187,stop,True,2.6323988819494843
mtbench,spec_casc_tok_lt,alpha0.25,case_024,1,ok,2.84375,3.84375,1353,352.0,0.4739583333333333,stop,True,2.605093504069373
mtbench,spec_casc_tok_lt,alpha0.25,case_024,2,ok,2.824207492795389,3.824207492795389,1328,347.0,0.47070124879923153,stop,True,2.5057768300175667
mtbench,spec_casc_tok_lt,alpha0.25,case_025,0,ok,3.72992700729927,4.7299270072992705,649,137.0,0.621654501216545,stop,True,1.0310063061770052
mtbench,spec_casc_tok_lt,alpha0.25,case_025,1,ok,3.360655737704918,4.360655737704918,267,61.0,0.5601092896174863,stop,True,0.4713758169673383
mtbench,spec_casc_tok_lt,alpha0.25,case_025,2,ok,3.7422680412371134,4.742268041237113,456,97.0,0.6237113402061856,stop,True,0.7183692250400782
mtbench,spec_casc_tok_lt,alpha0.25,case_026,0,ok,3.2312925170068025,4.2312925170068025,1245,294.0,0.5385487528344671,stop,True,2.1757978489622474
mtbench,spec_casc_tok_lt,alpha0.25,case_026,1,ok,2.749034749034749,3.749034749034749,969,259.0,0.45817245817245816,stop,True,1.9235760408919305
mtbench,spec_casc_tok_lt,alpha0.25,case_026,2,ok,2.7218543046357615,3.7218543046357615,1122,302.0,0.45364238410596025,stop,True,2.1842345350887626
mtbench,spec_casc_tok_lt,alpha0.25,case_027,0,ok,2.6836158192090394,3.6836158192090394,1302,354.0,0.4472693032015066,stop,True,2.597669248934835
mtbench,spec_casc_tok_lt,alpha0.25,case_027,1,ok,2.8736263736263736,3.8736263736263736,705,182.0,0.47893772893772896,stop,True,1.3531087168958038
mtbench,spec_casc_tok_lt,alpha0.25,case_027,2,ok,3.0440677966101695,4.04406779661017,1191,295.0,0.5073446327683616,stop,True,2.114396351855248
mtbench,spec_casc_tok_lt,alpha0.25,case_028,0,ok,2.0438066465256797,3.0438066465256797,2015,662.0,0.3406344410876133,stop,True,4.802639114903286
mtbench,spec_casc_tok_lt,alpha0.25,case_028,1,ok,1.977952755905512,2.9779527559055117,1891,635.0,0.32965879265091863,stop,True,4.660913283005357
mtbench,spec_casc_tok_lt,alpha0.25,case_028,2,ok,1.9313399778516058,2.931339977851606,2646,903.0,0.32188999630860093,stop,True,6.409175199922174
mtbench,spec_casc_tok_lt,alpha0.25,case_029,0,ok,1.8186003683241252,2.818600368324125,3061,1086.0,0.3031000613873542,stop,True,7.781722309999168
mtbench,spec_casc_tok_lt,alpha0.25,case_029,1,ok,2.035335689045936,3.035335689045936,2577,849.0,0.3392226148409894,stop,True,6.113896709866822
mtbench,spec_casc_tok_lt,alpha0.25,case_029,2,ok,1.9103982300884956,2.9103982300884956,2631,904.0,0.3183997050147493,stop,True,6.332879594992846
mtbench,spec_casc_tok_lt,alpha0.25,case_030,0,ok,2.0733333333333333,3.0733333333333333,922,300.0,0.34555555555555556,stop,True,2.1692181259859353
mtbench,spec_casc_tok_lt,alpha0.25,case_030,1,ok,2.340764331210191,3.340764331210191,1048,314.0,0.39012738853503187,stop,True,2.3001090039033443
mtbench,spec_casc_tok_lt,alpha0.25,case_030,2,ok,2.230088495575221,3.230088495575221,1459,452.0,0.37168141592920356,stop,True,3.1970363629516214
mtbench,spec_casc_tok_lt,alpha0.25,case_031,0,ok,1.7215189873417722,2.7215189873417724,431,158.0,0.2869198312236287,stop,True,1.1723392610438168
mtbench,spec_casc_tok_lt,alpha0.25,case_031,1,ok,2.150259067357513,3.150259067357513,608,193.0,0.35837651122625214,stop,True,1.430671611102298
mtbench,spec_casc_tok_lt,alpha0.25,case_031,2,ok,2.0689655172413794,3.0689655172413794,445,145.0,0.3448275862068966,stop,True,1.0446888250298798
mtbench,spec_casc_tok_lt,alpha0.25,case_032,0,ok,1.7241379310344827,2.7241379310344827,395,145.0,0.28735632183908044,stop,True,1.0368953198194504
mtbench,spec_casc_tok_lt,alpha0.25,case_032,1,ok,1.6229508196721312,2.6229508196721314,320,122.0,0.27049180327868855,stop,True,0.8776591310743243
mtbench,spec_casc_tok_lt,alpha0.25,case_032,2,ok,1.738255033557047,2.738255033557047,407,149.0,0.2897091722595078,stop,True,1.0419522419106215
mtbench,spec_casc_tok_lt,alpha0.25,case_033,0,ok,1.6885245901639345,2.6885245901639347,492,183.0,0.2814207650273224,stop,True,1.3147367238998413
mtbench,spec_casc_tok_lt,alpha0.25,case_033,1,ok,1.9683098591549295,2.9683098591549295,843,284.0,0.32805164319248825,stop,True,2.0422375961206853
mtbench,spec_casc_tok_lt,alpha0.25,case_033,2,ok,1.6384615384615384,2.6384615384615384,686,260.0,0.27307692307692305,stop,True,1.8117912048473954
mtbench,spec_casc_tok_lt,alpha0.25,case_034,0,ok,2.2540381791483113,3.2540381791483113,2214,681.0,0.3756730298580519,stop,True,4.908151263836771
mtbench,spec_casc_tok_lt,alpha0.25,case_034,1,ok,2.3264094955489614,3.3264094955489614,2242,674.0,0.3877349159248269,stop,True,4.887074997881427
mtbench,spec_casc_tok_lt,alpha0.25,case_034,2,ok,1.9027397260273973,2.9027397260273973,2119,730.0,0.3171232876712329,stop,True,5.146428365027532
mtbench,spec_casc_tok_lt,alpha0.25,case_035,0,ok,1.858695652173913,2.858695652173913,263,92.0,0.30978260869565216,stop,True,0.6667972409632057
mtbench,spec_casc_tok_lt,alpha0.25,case_035,1,ok,1.4491525423728813,2.4491525423728815,290,118.0,0.24152542372881355,stop,True,0.8574437960051
mtbench,spec_casc_tok_lt,alpha0.25,case_035,2,ok,1.6097560975609757,2.6097560975609757,428,164.0,0.2682926829268293,stop,True,1.1511055999435484
mtbench,spec_casc_tok_lt,alpha0.25,case_036,0,ok,2.592741935483871,3.592741935483871,1782,496.0,0.4321236559139785,stop,True,3.6175476738717407
mtbench,spec_casc_tok_lt,alpha0.25,case_036,1,ok,2.5340811044003453,3.5340811044003453,4096,1159.0,0.42234685073339084,length,False,8.49711481994018
mtbench,spec_casc_tok_lt,alpha0.25,case_036,2,ok,2.5342465753424657,3.5342465753424657,2580,730.0,0.4223744292237443,stop,True,5.186581058893353
mtbench,spec_casc_tok_lt,alpha0.25,case_037,0,ok,3.1298701298701297,4.129870129870129,319,77.0,0.5216450216450217,stop,True,0.5880012670531869
mtbench,spec_casc_tok_lt,alpha0.25,case_037,1,ok,3.161290322580645,4.161290322580645,386,93.0,0.5268817204301075,stop,True,0.7068597718607634
mtbench,spec_casc_tok_lt,alpha0.25,case_037,2,ok,3.4065934065934065,4.406593406593407,399,91.0,0.5677655677655677,stop,True,0.6749194909352809
mtbench,spec_casc_tok_lt,alpha0.25,case_038,0,ok,2.5128205128205128,3.5128205128205128,274,78.0,0.4188034188034188,stop,True,0.579310734057799
mtbench,spec_casc_tok_lt,alpha0.25,case_038,1,ok,2.606060606060606,3.606060606060606,357,99.0,0.43434343434343436,stop,True,0.7384845761116594
mtbench,spec_casc_tok_lt,alpha0.25,case_038,2,ok,2.0588235294117645,3.0588235294117645,312,102.0,0.3431372549019608,stop,True,0.728499524993822
mtbench,spec_casc_tok_lt,alpha0.25,case_039,0,ok,3.12,4.12,617,150.0,0.52,stop,True,1.1310003141406924
mtbench,spec_casc_tok_lt,alpha0.25,case_039,1,ok,3.1705426356589146,4.170542635658915,537,129.0,0.5284237726098191,stop,True,0.985807104036212
mtbench,spec_casc_tok_lt,alpha0.25,case_039,2,ok,2.951541850220264,3.951541850220264,897,227.0,0.4919236417033774,stop,True,1.650908550946042
mtbench,spec_casc_tok_lt,alpha0.25,case_040,0,ok,3.3582089552238807,4.358208955223881,583,134.0,0.5597014925373134,stop,True,0.9980169199407101
mtbench,spec_casc_tok_lt,alpha0.25,case_040,1,ok,2.784090909090909,3.784090909090909,333,88.0,0.4640151515151515,stop,True,0.6670448880176991
mtbench,spec_casc_tok_lt,alpha0.25,case_040,2,ok,3.49,4.49,449,100.0,0.5816666666666667,stop,True,0.7286263660062104
mtbench,spec_casc_tok_lt,alpha0.25,case_041,0,ok,2.6995884773662553,3.6995884773662553,897,243.0,0.4499314128943759,stop,True,1.8012486649677157
mtbench,spec_casc_tok_lt,alpha0.25,case_041,1,ok,2.640909090909091,3.640909090909091,801,220.0,0.4401515151515151,stop,True,1.64308702503331
mtbench,spec_casc_tok_lt,alpha0.25,case_041,2,ok,3.060109289617486,4.060109289617486,741,183.0,0.5100182149362478,stop,True,1.3281361528206617
mtbench,spec_casc_tok_lt,alpha0.25,case_042,0,ok,2.5700712589073635,3.5700712589073635,1502,421.0,0.4283452098178939,stop,True,3.118926168885082
mtbench,spec_casc_tok_lt,alpha0.25,case_042,1,ok,2.7504587155963303,3.7504587155963303,2042,545.0,0.4584097859327217,stop,True,4.049154205014929
mtbench,spec_casc_tok_lt,alpha0.25,case_042,2,ok,2.580332409972299,3.580332409972299,2586,722.0,0.43005540166204986,stop,True,5.190640265122056
mtbench,spec_casc_tok_lt,alpha0.25,case_043,0,ok,2.9565217391304346,3.9565217391304346,182,46.0,0.4927536231884058,stop,True,0.36008258489891887
mtbench,spec_casc_tok_lt,alpha0.25,case_043,1,ok,3.3043478260869565,4.304347826086957,297,69.0,0.5507246376811594,stop,True,0.5363305448554456
mtbench,spec_casc_tok_lt,alpha0.25,case_043,2,ok,3.15,4.15,83,20.0,0.525,stop,True,0.16483978694304824
mtbench,spec_casc_tok_lt,alpha0.25,case_044,0,ok,3.2048192771084336,4.204819277108434,698,166.0,0.5341365461847389,stop,True,1.2457589940167964
mtbench,spec_casc_tok_lt,alpha0.25,case_044,1,ok,3.658536585365854,4.658536585365853,381,82.0,0.6097560975609756,stop,True,0.6293510110117495
mtbench,spec_casc_tok_lt,alpha0.25,case_044,2,ok,3.4285714285714284,4.428571428571429,526,119.0,0.5714285714285714,stop,True,0.8699473021551967
mtbench,spec_casc_tok_lt,alpha0.25,case_045,0,ok,2.2988505747126435,3.2988505747126435,287,87.0,0.3831417624521073,stop,True,0.6583097979892045
mtbench,spec_casc_tok_lt,alpha0.25,case_045,1,ok,2.607594936708861,3.607594936708861,570,158.0,0.4345991561181435,stop,True,1.1854469350073487
mtbench,spec_casc_tok_lt,alpha0.25,case_045,2,ok,2.8322981366459627,3.8322981366459627,617,161.0,0.4720496894409938,stop,True,1.1859547409694642
mtbench,spec_casc_tok_lt,alpha0.25,case_046,0,ok,2.346590909090909,3.346590909090909,2356,704.0,0.39109848484848486,stop,True,5.082122441846877
mtbench,spec_casc_tok_lt,alpha0.25,case_046,1,ok,2.269162210338681,3.269162210338681,1834,561.0,0.3781937017231135,stop,True,4.075952102895826
mtbench,spec_casc_tok_lt,alpha0.25,case_046,2,ok,2.222047244094488,3.222047244094488,2045,635.0,0.3703412073490814,stop,True,4.471526389010251
mtbench,spec_casc_tok_lt,alpha0.25,case_047,0,ok,2.371278458844133,3.371278458844133,1924,571.0,0.3952130764740222,stop,True,4.198759443825111
mtbench,spec_casc_tok_lt,alpha0.25,case_047,1,ok,2.0053050397877983,3.0053050397877983,1132,377.0,0.33421750663129973,stop,True,2.779845628887415
mtbench,spec_casc_tok_lt,alpha0.25,case_047,2,ok,2.3537549407114624,3.3537549407114624,1697,506.0,0.3922924901185771,stop,True,3.613701008958742
mtbench,spec_casc_tok_lt,alpha0.25,case_048,0,ok,1.5380116959064327,2.538011695906433,434,171.0,0.25633528265107214,stop,True,1.2287721771281213
mtbench,spec_casc_tok_lt,alpha0.25,case_048,1,ok,1.6310344827586207,2.6310344827586207,762,290.0,0.2718390804597701,stop,True,2.0912064891308546
mtbench,spec_casc_tok_lt,alpha0.25,case_048,2,ok,1.6450617283950617,2.6450617283950617,855,324.0,0.2741769547325103,stop,True,2.265306663000956
mtbench,spec_casc_tok_lt,alpha0.25,case_049,0,ok,1.909710391822828,2.909710391822828,1708,587.0,0.3182850653038047,stop,True,4.2341694249771535
mtbench,spec_casc_tok_lt,alpha0.25,case_049,1,ok,2.0415704387990763,3.0415704387990763,1314,433.0,0.34026173979984603,stop,True,3.1451444369740784
mtbench,spec_casc_tok_lt,alpha0.25,case_049,2,ok,2.1275415896487986,3.1275415896487986,1692,541.0,0.3545902649414664,stop,True,3.8158852700144053
mtbench,spec_casc_tok_lt,alpha0.25,case_050,0,ok,1.9879518072289157,2.9879518072289155,1983,664.0,0.3313253012048193,stop,True,4.7461099359206855
mtbench,spec_casc_tok_lt,alpha0.25,case_050,1,ok,1.8606060606060606,2.8606060606060604,2359,825.0,0.3101010101010101,stop,True,5.938242911128327
mtbench,spec_casc_tok_lt,alpha0.25,case_050,2,ok,1.9363295880149813,2.9363295880149813,2351,801.0,0.3227215980024969,stop,True,5.573978001018986
mtbench,spec_casc_tok_lt,alpha0.25,case_051,0,ok,1.9227941176470589,2.922794117647059,795,272.0,0.32046568627450983,stop,True,1.9483113561291248
mtbench,spec_casc_tok_lt,alpha0.25,case_051,1,ok,1.7142857142857142,2.7142857142857144,779,287.0,0.2857142857142857,stop,True,2.051854468183592
mtbench,spec_casc_tok_lt,alpha0.25,case_051,2,ok,1.9753086419753085,2.9753086419753085,965,324.0,0.3292181069958848,stop,True,2.2548802411183715
mtbench,spec_casc_tok_lt,alpha0.25,case_052,0,ok,1.7701612903225807,2.770161290322581,2061,744.0,0.2950268817204301,stop,True,5.276286734966561
mtbench,spec_casc_tok_lt,alpha0.25,case_052,1,ok,1.5769230769230769,2.5769230769230766,402,156.0,0.26282051282051283,stop,True,1.1253365189768374
mtbench,spec_casc_tok_lt,alpha0.25,case_052,2,ok,1.8776978417266188,2.8776978417266186,400,139.0,0.3129496402877698,stop,True,0.9732309048995376
mtbench,spec_casc_tok_lt,alpha0.25,case_053,0,ok,1.8089171974522293,2.8089171974522293,438,157.0,0.30148619957537154,stop,True,1.1440053689293563
mtbench,spec_casc_tok_lt,alpha0.25,case_053,1,ok,1.4415584415584415,2.4415584415584415,564,231.0,0.24025974025974026,stop,True,1.686085530091077
mtbench,spec_casc_tok_lt,alpha0.25,case_053,2,ok,1.9567307692307692,2.956730769230769,1228,416.0,0.3261217948717949,stop,True,2.9551896068733186
mtbench,spec_casc_tok_lt,alpha0.25,case_054,0,ok,1.8552036199095023,2.8552036199095023,631,221.0,0.3092006033182504,stop,True,1.6015936739277095
mtbench,spec_casc_tok_lt,alpha0.25,case_054,1,ok,1.6311030741410488,2.631103074141049,1454,553.0,0.2718505123568415,stop,True,4.006824580021203
mtbench,spec_casc_tok_lt,alpha0.25,case_054,2,ok,1.6740331491712708,2.6740331491712706,969,362.0,0.27900552486187846,stop,True,2.5577517389319837
mtbench,spec_casc_tok_lt,alpha0.25,case_055,0,ok,2.0580204778157,3.0580204778157,896,293.0,0.3430034129692833,stop,True,2.128709770971909
mtbench,spec_casc_tok_lt,alpha0.25,case_055,1,ok,1.708133971291866,2.7081339712918657,565,209.0,0.284688995215311,stop,True,1.5302463739644736
mtbench,spec_casc_tok_lt,alpha0.25,case_055,2,ok,1.8603896103896105,2.8603896103896105,880,308.0,0.31006493506493504,stop,True,2.1950855371542275
mtbench,spec_casc_tok_lt,alpha0.25,case_056,0,ok,2.275,3.275,1834,560.0,0.37916666666666665,stop,True,4.125052975025028
mtbench,spec_casc_tok_lt,alpha0.25,case_056,1,ok,2.190251572327044,3.190251572327044,2025,636.0,0.365041928721174,stop,True,4.714436256093904
mtbench,spec_casc_tok_lt,alpha0.25,case_056,2,ok,2.407704654895666,3.407704654895666,2124,623.0,0.4012841091492777,stop,True,4.484913006192073
mtbench,spec_casc_tok_lt,alpha0.25,case_057,0,ok,1.9232209737827715,2.9232209737827715,1562,534.0,0.32053682896379526,stop,True,3.732768948888406
mtbench,spec_casc_tok_lt,alpha0.25,case_057,1,ok,1.691542288557214,2.691542288557214,539,201.0,0.28192371475953565,stop,True,1.4335197089239955
mtbench,spec_casc_tok_lt,alpha0.25,case_057,2,ok,1.7037861915367483,2.7037861915367483,1213,449.0,0.28396436525612473,stop,True,3.095650770002976
mtbench,spec_casc_tok_lt,alpha0.25,case_058,0,ok,3.5144927536231885,4.5144927536231885,620,138.0,0.5857487922705314,stop,True,1.0064404031727463
mtbench,spec_casc_tok_lt,alpha0.25,case_058,1,ok,2.7012987012987013,3.7012987012987013,285,77.0,0.45021645021645024,stop,True,0.583542695036158
mtbench,spec_casc_tok_lt,alpha0.25,case_058,2,ok,2.91,3.91,391,100.0,0.485,stop,True,0.7306626529898494
mtbench,spec_casc_tok_lt,alpha0.25,case_059,0,ok,2.4026622296173046,3.4026622296173046,2046,601.0,0.4004437049362174,stop,True,4.349837970919907
mtbench,spec_casc_tok_lt,alpha0.25,case_059,1,ok,2.3231017770597737,3.3231017770597737,2055,619.0,0.3871836295099623,stop,True,4.619482323061675
mtbench,spec_casc_tok_lt,alpha0.25,case_059,2,ok,2.519607843137255,3.519607843137255,2513,714.0,0.4199346405228758,stop,True,5.170218674931675
mtbench,spec_casc_tok_lt,alpha0.25,case_060,0,ok,2.3149606299212597,3.3149606299212597,1684,508.0,0.3858267716535433,stop,True,3.6330471471883357
mtbench,spec_casc_tok_lt,alpha0.25,case_060,1,ok,2.275618374558304,3.275618374558304,927,283.0,0.3792697290930506,stop,True,2.0923735711257905
mtbench,spec_casc_tok_lt,alpha0.25,case_060,2,ok,2.370820668693009,3.370820668693009,1107,329.0,0.3951367781155015,stop,True,2.355474292067811
mtbench,spec_casc_tok_lt,alpha0.25,case_061,0,ok,3.628787878787879,4.628787878787879,607,132.0,0.6047979797979798,stop,True,0.9432644399348646
mtbench,spec_casc_tok_lt,alpha0.25,case_061,1,ok,3.7589285714285716,4.758928571428571,530,112.0,0.6264880952380952,stop,True,0.8240407421253622
mtbench,spec_casc_tok_lt,alpha0.25,case_061,2,ok,3.4836065573770494,4.483606557377049,546,122.0,0.5806010928961749,stop,True,0.8697195868007839
mtbench,spec_casc_tok_lt,alpha0.25,case_062,0,ok,3.453333333333333,4.453333333333333,669,150.0,0.5755555555555556,stop,True,1.1001628839876503
mtbench,spec_casc_tok_lt,alpha0.25,case_062,1,ok,3.5481481481481483,4.548148148148148,611,135.0,0.591358024691358,stop,True,1.0250547830946743
mtbench,spec_casc_tok_lt,alpha0.25,case_062,2,ok,3.34,4.34,434,100.0,0.5566666666666666,stop,True,0.7362330730538815
mtbench,spec_casc_tok_lt,alpha0.25,case_063,0,ok,3.6288659793814433,4.628865979381443,449,97.0,0.6048109965635738,stop,True,0.7028696879278868
mtbench,spec_casc_tok_lt,alpha0.25,case_063,1,ok,3.1052631578947367,4.105263157894736,467,114.0,0.5175438596491229,stop,True,0.846746482886374
mtbench,spec_casc_tok_lt,alpha0.25,case_063,2,ok,3.2752293577981653,4.275229357798166,466,109.0,0.5458715596330275,stop,True,0.7916974110994488
mtbench,spec_casc_tok_lt,alpha0.25,case_064,0,ok,3.6333333333333333,4.633333333333333,139,30.0,0.6055555555555555,stop,True,0.23527255794033408
mtbench,spec_casc_tok_lt,alpha0.25,case_064,1,ok,3.8095238095238093,4.809523809523809,198,42.0,0.6349206349206349,stop,True,0.33221014006994665
mtbench,spec_casc_tok_lt,alpha0.25,case_064,2,ok,4.121951219512195,5.121951219512195,207,41.0,0.6869918699186992,stop,True,0.3148151459172368
mtbench,spec_casc_tok_lt,alpha0.25,case_065,0,ok,4.225,5.225,209,40.0,0.7041666666666667,stop,True,0.30196572886779904
mtbench,spec_casc_tok_lt,alpha0.25,case_065,1,ok,3.8444444444444446,4.844444444444445,218,45.0,0.6407407407407407,stop,True,0.34825214510783553
mtbench,spec_casc_tok_lt,alpha0.25,case_065,2,ok,3.8333333333333335,4.833333333333334,232,48.0,0.6388888888888888,stop,True,0.35706501407548785
mtbench,spec_casc_tok_lt,alpha0.25,case_066,0,ok,2.202816901408451,3.202816901408451,1135,355.0,0.3671361502347418,stop,True,2.5570256039500237
mtbench,spec_casc_tok_lt,alpha0.25,case_066,1,ok,2.5040983606557377,3.5040983606557377,1709,488.0,0.4173497267759563,stop,True,3.6206146820914
mtbench,spec_casc_tok_lt,alpha0.25,case_066,2,ok,2.2923976608187133,3.2923976608187133,1687,513.0,0.3820662768031189,stop,True,3.6758142120670527
mtbench,spec_casc_tok_lt,alpha0.25,case_067,0,ok,2.7950819672131146,3.7950819672131146,1388,366.0,0.46584699453551914,stop,True,2.651490137912333
mtbench,spec_casc_tok_lt,alpha0.25,case_067,1,ok,2.876595744680851,3.876595744680851,912,235.0,0.4794326241134752,stop,True,1.7571236889343709
mtbench,spec_casc_tok_lt,alpha0.25,case_067,2,ok,2.6883910386965377,3.6883910386965377,1810,491.0,0.4480651731160896,stop,True,3.5480737020261586
mtbench,spec_casc_tok_lt,alpha0.25,case_068,0,ok,2.945750452079566,3.945750452079566,2182,553.0,0.4909584086799277,stop,True,3.982229880988598
mtbench,spec_casc_tok_lt,alpha0.25,case_068,1,ok,2.6953846153846155,3.6953846153846155,1199,325.0,0.4492307692307692,stop,True,2.431204072898254
mtbench,spec_casc_tok_lt,alpha0.25,case_068,2,ok,2.8442211055276383,3.8442211055276383,1530,398.0,0.474036850921273,stop,True,2.8828240549191833
mtbench,spec_casc_tok_lt,alpha0.25,case_069,0,ok,3.1818181818181817,4.181818181818182,274,66.0,0.5303030303030303,stop,True,0.49419147009029984
mtbench,spec_casc_tok_lt,alpha0.25,case_069,1,ok,3.3157894736842106,4.315789473684211,328,76.0,0.5526315789473685,stop,True,0.5806426738854498
mtbench,spec_casc_tok_lt,alpha0.25,case_069,2,ok,3.5208333333333335,4.520833333333334,215,48.0,0.5868055555555556,stop,True,0.3629726159851998
mtbench,spec_casc_tok_lt,alpha0.25,case_070,0,ok,2.898823529411765,3.898823529411765,1656,425.0,0.4831372549019608,stop,True,3.0680174420122057
mtbench,spec_casc_tok_lt,alpha0.25,case_070,1,ok,3.2102189781021897,4.21021897810219,2885,685.0,0.535036496350365,stop,True,5.091827986994758
mtbench,spec_casc_tok_lt,alpha0.25,case_070,2,ok,3.088154269972452,4.088154269972452,1483,363.0,0.5146923783287419,stop,True,2.6259472121018916
mtbench,spec_casc_tok_lt,alpha0.25,case_071,0,ok,2.8863636363636362,3.8863636363636362,511,132.0,0.4810606060606061,stop,True,0.9705557371489704
mtbench,spec_casc_tok_lt,alpha0.25,case_071,1,ok,3.3115577889447234,4.311557788944723,856,199.0,0.551926298157454,stop,True,1.4980342539492995
mtbench,spec_casc_tok_lt,alpha0.25,case_071,2,ok,3.3615384615384616,4.361538461538462,563,130.0,0.5602564102564103,stop,True,0.9553974738810211
mtbench,spec_casc_tok_lt,alpha0.25,case_072,0,ok,3.710843373493976,4.710843373493976,389,83.0,0.6184738955823293,stop,True,0.621476141968742
mtbench,spec_casc_tok_lt,alpha0.25,case_072,1,ok,2.883116883116883,3.883116883116883,299,77.0,0.4805194805194805,stop,True,0.5912379971705377
mtbench,spec_casc_tok_lt,alpha0.25,case_072,2,ok,2.769230769230769,3.769230769230769,293,78.0,0.46153846153846156,stop,True,0.5830041980370879
mtbench,spec_casc_tok_lt,alpha0.25,case_073,0,ok,2.258974358974359,3.258974358974359,1271,390.0,0.3764957264957265,stop,True,2.7848329201806337
mtbench,spec_casc_tok_lt,alpha0.25,case_073,1,ok,2.185064935064935,3.185064935064935,980,308.0,0.36417748917748916,stop,True,2.2643988239578903
mtbench,spec_casc_tok_lt,alpha0.25,case_073,2,ok,2.2937853107344632,3.2937853107344632,1748,531.0,0.3822975517890772,stop,True,3.7916115219704807
mtbench,spec_casc_tok_lt,alpha0.25,case_074,0,ok,2.1964285714285716,3.1964285714285716,1073,336.0,0.36607142857142855,stop,True,2.391999239102006
mtbench,spec_casc_tok_lt,alpha0.25,case_074,1,ok,2.024024024024024,3.024024024024024,1007,333.0,0.33733733733733734,stop,True,2.435400828020647
mtbench,spec_casc_tok_lt,alpha0.25,case_074,2,ok,2.3209876543209877,3.3209876543209877,1612,486.0,0.3868312757201646,stop,True,3.4578295750543475
mtbench,spec_casc_tok_lt,alpha0.25,case_075,0,ok,2.3327615780445967,3.3327615780445967,1942,583.0,0.38879359634076616,stop,True,4.17454251809977
mtbench,spec_casc_tok_lt,alpha0.25,case_075,1,ok,2.453781512605042,3.453781512605042,1644,476.0,0.40896358543417366,stop,True,3.516135783167556
mtbench,spec_casc_tok_lt,alpha0.25,case_075,2,ok,2.2330827067669174,3.2330827067669174,2150,665.0,0.37218045112781956,stop,True,4.77470179903321
mtbench,spec_casc_tok_lt,alpha0.25,case_076,0,ok,2.001763668430335,3.001763668430335,3404,1134.0,0.33362727807172254,stop,True,8.070349752902985
mtbench,spec_casc_tok_lt,alpha0.25,case_076,1,ok,2.1203271028037385,3.1203271028037385,2671,856.0,0.3533878504672897,stop,True,6.268294855952263
mtbench,spec_casc_tok_lt,alpha0.25,case_076,2,ok,2.061822125813449,3.061822125813449,2822,922.0,0.3436370209689082,stop,True,6.544617349049076
mtbench,spec_casc_tok_lt,alpha0.25,case_077,0,ok,1.9772933696639419,2.9772933696639416,3277,1101.0,0.3295488949439903,stop,True,7.766659223008901
mtbench,spec_casc_tok_lt,alpha0.25,case_077,1,ok,1.893526405451448,2.893526405451448,3396,1174.0,0.315587734241908,stop,True,8.53315781103447
mtbench,spec_casc_tok_lt,alpha0.25,case_077,2,ok,1.7946428571428572,2.794642857142857,3756,1344.0,0.29910714285714285,stop,True,9.466921190964058
mtbench,spec_casc_tok_lt,alpha0.25,case_078,0,ok,1.9675625579240037,2.967562557924004,3201,1079.0,0.32792709298733397,stop,True,7.60689658112824
mtbench,spec_casc_tok_lt,alpha0.25,case_078,1,ok,1.9956663055254604,2.9956663055254604,2765,923.0,0.3326110509209101,stop,True,6.709432323928922
mtbench,spec_casc_tok_lt,alpha0.25,case_078,2,ok,1.7603960396039604,2.76039603960396,1395,505.0,0.2933993399339934,stop,True,3.5519944350235164
mtbench,spec_casc_tok_lt,alpha0.25,case_079,0,ok,1.9445255474452554,2.9445255474452554,2018,685.0,0.32408759124087594,stop,True,4.819889781996608
mtbench,spec_casc_tok_lt,alpha0.25,case_079,1,ok,1.9281663516068053,2.928166351606805,1549,529.0,0.32136105860113423,stop,True,3.848494968144223
mtbench,spec_casc_tok_lt,alpha0.25,case_079,2,ok,2.032722513089005,3.032722513089005,2317,764.0,0.3387870855148342,stop,True,5.382585959974676
mtbench,spec_casc_tok_lt,alpha0.25,case_080,0,ok,1.9428571428571428,2.942857142857143,1853,630.0,0.3238095238095238,stop,True,4.4260846169199795
mtbench,spec_casc_tok_lt,alpha0.25,case_080,1,ok,2.064516129032258,3.064516129032258,2088,682.0,0.34408602150537637,stop,True,4.961558409966528
mtbench,spec_casc_tok_lt,alpha0.25,case_080,2,ok,1.7714285714285714,2.7714285714285714,970,350.0,0.29523809523809524,stop,True,2.458379177842289
mtbench,strict,strict,case_001,0,ok,1.5235350624399615,2.5235350624399615,2627,1041.0,0.25392251040666025,stop,True,7.786747877020389
mtbench,strict,strict,case_001,1,ok,1.8948655256723717,2.8948655256723717,2365,818.0,0.31581092094539526,stop,True,6.124323610914871
mtbench,strict,strict,case_001,2,ok,1.5771144278606966,2.5771144278606966,1554,603.0,0.26285240464344944,stop,True,4.663803419098258
mtbench,strict,strict,case_002,0,ok,2.090909090909091,3.090909090909091,3261,1056.0,0.3484848484848485,stop,True,7.520744251087308
mtbench,strict,strict,case_002,1,ok,1.6861219195849546,2.686121919584955,2070,771.0,0.28102031993082577,stop,True,5.365656259935349
mtbench,strict,strict,case_002,2,ok,1.856330014224751,2.856330014224751,2009,703.0,0.30938833570412516,stop,True,5.040375604992732
mtbench,strict,strict,case_003,0,ok,2.2015113350125946,3.2015113350125946,1270,397.0,0.3669185558354324,stop,True,2.8721809608396143
mtbench,strict,strict,case_003,1,ok,1.8410714285714285,2.8410714285714285,1591,560.0,0.3068452380952381,stop,True,3.9612228111363947
mtbench,strict,strict,case_003,2,ok,2.101736972704715,3.101736972704715,1250,403.0,0.35028949545078575,stop,True,2.930613847915083
mtbench,strict,strict,case_004,0,ok,2.016216216216216,3.016216216216216,2232,740.0,0.33603603603603605,stop,True,5.464933821000159
mtbench,strict,strict,case_004,1,ok,2.6333333333333333,3.6333333333333333,871,240.0,0.4388888888888889,stop,True,1.7424817360006273
mtbench,strict,strict,case_004,2,ok,1.8243243243243243,2.8243243243243246,418,148.0,0.30405405405405406,stop,True,1.1117707348894328
mtbench,strict,strict,case_005,0,ok,2.3773584905660377,3.3773584905660377,179,53.0,0.39622641509433965,stop,True,0.4123192159458995
mtbench,strict,strict,case_005,1,ok,3.3333333333333335,4.333333333333334,116,27.0,0.5555555555555556,stop,True,0.21499069198034704
mtbench,strict,strict,case_005,2,ok,2.5319148936170213,3.5319148936170213,167,47.0,0.4219858156028369,stop,True,0.3669546330347657
mtbench,strict,strict,case_006,0,ok,2.663265306122449,3.663265306122449,359,98.0,0.44387755102040816,stop,True,0.7415393288247287
mtbench,strict,strict,case_006,1,ok,2.831578947368421,3.831578947368421,364,95.0,0.47192982456140353,stop,True,0.7054335200227797
mtbench,strict,strict,case_006,2,ok,2.607594936708861,3.607594936708861,285,79.0,0.4345991561181435,stop,True,0.6049638621043414
mtbench,strict,strict,case_007,0,ok,2.697732997481108,3.697732997481108,1466,397.0,0.44962216624685136,stop,True,2.9527975649107248
mtbench,strict,strict,case_007,1,ok,2.456439393939394,3.456439393939394,1824,528.0,0.40940656565656564,stop,True,3.8457371089607477
mtbench,strict,strict,case_007,2,ok,2.6352459016393444,3.6352459016393444,1774,488.0,0.43920765027322406,stop,True,3.6527593701612204
mtbench,strict,strict,case_008,0,ok,2.739247311827957,3.739247311827957,1392,372.0,0.45654121863799285,stop,True,2.761781730921939
mtbench,strict,strict,case_008,1,ok,2.610062893081761,3.610062893081761,1148,318.0,0.4350104821802935,stop,True,2.3234394318424165
mtbench,strict,strict,case_008,2,ok,2.3409961685823757,3.3409961685823757,872,261.0,0.3901660280970626,stop,True,1.9558788591530174
mtbench,strict,strict,case_009,0,ok,3.090909090909091,4.090909090909091,135,33.0,0.5151515151515151,stop,True,0.2676743359770626
mtbench,strict,strict,case_009,1,ok,2.6206896551724137,3.6206896551724137,103,29.0,0.4367816091954023,stop,True,0.23154293093830347
mtbench,strict,strict,case_009,2,ok,3.1785714285714284,4.178571428571429,117,28.0,0.5297619047619048,stop,True,0.23157176701352
mtbench,strict,strict,case_010,0,ok,2.261663286004057,3.261663286004057,1606,493.0,0.3769438810006761,stop,True,3.6103107759263366
mtbench,strict,strict,case_010,1,ok,2.0441640378548898,3.0441640378548898,1929,634.0,0.34069400630914826,stop,True,4.536082279169932
mtbench,strict,strict,case_010,2,ok,2.0658174097664546,3.0658174097664546,1444,471.0,0.3443029016277424,stop,True,3.471793537028134
mtbench,strict,strict,case_011,0,ok,1.5523404255319149,2.5523404255319146,2999,1175.0,0.25872340425531914,stop,True,8.59912725794129
mtbench,strict,strict,case_011,1,ok,1.6314893617021275,2.6314893617021275,3093,1175.0,0.27191489361702126,stop,True,8.408055790001526
mtbench,strict,strict,case_011,2,ok,1.6379984362783424,2.6379984362783424,3374,1279.0,0.2729997393797237,stop,True,9.404952957993373
mtbench,strict,strict,case_012,0,ok,1.6510757717492983,2.6510757717492983,2833,1069.0,0.2751792952915497,stop,True,7.7655824578832835
mtbench,strict,strict,case_012,1,ok,1.7955082742316786,2.7955082742316786,2365,846.0,0.2992513790386131,stop,True,6.019889259012416
mtbench,strict,strict,case_012,2,ok,1.822198275862069,2.822198275862069,2619,928.0,0.3036997126436782,stop,True,6.776545734144747
mtbench,strict,strict,case_013,0,ok,2.8405797101449277,3.8405797101449277,265,69.0,0.47342995169082125,stop,True,0.5168754348997027
mtbench,strict,strict,case_013,1,ok,2.5692307692307694,3.5692307692307694,231,65.0,0.4282051282051282,stop,True,0.4752137130126357
mtbench,strict,strict,case_013,2,ok,2.310810810810811,3.310810810810811,245,74.0,0.38513513513513514,stop,True,0.5552497610915452
mtbench,strict,strict,case_014,0,ok,1.792,2.792,349,125.0,0.2986666666666667,stop,True,0.9033717850688845
mtbench,strict,strict,case_014,1,ok,1.6428571428571428,2.642857142857143,294,112.0,0.27380952380952384,stop,True,0.7954685299191624
mtbench,strict,strict,case_014,2,ok,1.944927536231884,2.944927536231884,1016,345.0,0.32415458937198066,stop,True,2.4958216950763017
mtbench,strict,strict,case_015,0,ok,2.7142857142857144,3.7142857142857144,599,161.0,0.4523809523809524,stop,True,1.1792734500486404
mtbench,strict,strict,case_015,1,ok,2.36734693877551,3.36734693877551,329,98.0,0.3945578231292517,stop,True,0.710578914033249
mtbench,strict,strict,case_015,2,ok,3.433628318584071,4.433628318584071,501,113.0,0.5722713864306784,stop,True,0.8378173159435391
mtbench,strict,strict,case_016,0,ok,1.9014084507042253,2.901408450704225,412,142.0,0.31690140845070425,stop,True,1.0449782439973205
mtbench,strict,strict,case_016,1,ok,1.2,2.2,318,145.0,0.2,stop,True,1.0446895419154316
mtbench,strict,strict,case_016,2,ok,1.7798165137614679,2.779816513761468,301,109.0,0.2966360856269113,stop,True,0.8079951549880207
mtbench,strict,strict,case_017,0,ok,2.3197452229299365,3.3197452229299365,2605,785.0,0.3866242038216561,stop,True,5.868721330072731
mtbench,strict,strict,case_017,1,ok,2.427758816837315,3.427758816837315,3013,879.0,0.40462646947288583,stop,True,6.443835589801893
mtbench,strict,strict,case_017,2,ok,2.468864468864469,3.468864468864469,3787,1092.0,0.41147741147741146,stop,True,8.175424281973392
mtbench,strict,strict,case_018,0,ok,1.6925714285714286,2.6925714285714286,2356,875.0,0.2820952380952381,stop,True,6.31662244303152
mtbench,strict,strict,case_018,1,ok,1.8929032258064515,2.8929032258064513,2243,775.0,0.31548387096774194,stop,True,5.480599164031446
mtbench,strict,strict,case_018,2,ok,1.8371628371628372,2.837162837162837,2840,1001.0,0.3061938061938062,stop,True,7.269203897099942
mtbench,strict,strict,case_019,0,ok,2.627906976744186,3.627906976744186,312,86.0,0.437984496124031,stop,True,0.6472389318514615
mtbench,strict,strict,case_019,1,ok,1.835820895522388,2.835820895522388,189,67.0,0.30597014925373134,stop,True,0.49475933401845396
mtbench,strict,strict,case_019,2,ok,2.0373831775700935,3.0373831775700935,325,107.0,0.3395638629283489,stop,True,0.8028152859769762
mtbench,strict,strict,case_020,0,ok,3.0434782608695654,4.043478260869565,186,46.0,0.5072463768115942,stop,True,0.3587236530147493
mtbench,strict,strict,case_020,1,ok,3.261904761904762,4.261904761904762,178,42.0,0.5436507936507936,stop,True,0.3232800271362066
mtbench,strict,strict,case_020,2,ok,3.6551724137931036,4.655172413793103,136,29.0,0.6091954022988506,stop,True,0.23670831392519176
mtbench,strict,strict,case_021,0,ok,2.611111111111111,3.611111111111111,518,144.0,0.4351851851851852,stop,True,1.064148172037676
mtbench,strict,strict,case_021,1,ok,3.410958904109589,4.410958904109589,643,146.0,0.5684931506849316,stop,True,1.0626567471772432
mtbench,strict,strict,case_021,2,ok,3.323943661971831,4.323943661971831,305,71.0,0.5539906103286385,stop,True,0.5390533730387688
mtbench,strict,strict,case_022,0,ok,2.566137566137566,3.566137566137566,672,189.0,0.427689594356261,stop,True,1.4131142338737845
mtbench,strict,strict,case_022,1,ok,2.8313953488372094,3.8313953488372094,658,172.0,0.47189922480620156,stop,True,1.2723595548886806
mtbench,strict,strict,case_022,2,ok,2.9608938547486034,3.9608938547486034,709,179.0,0.4934823091247672,stop,True,1.3551876789424568
mtbench,strict,strict,case_023,0,ok,2.1686310063463283,3.1686310063463283,3495,1103.0,0.36143850105772135,stop,True,8.133096153149381
mtbench,strict,strict,case_023,1,ok,2.3014230271668823,3.3014230271668823,2551,773.0,0.3835705045278137,stop,True,5.597006421070546
mtbench,strict,strict,case_023,2,ok,2.190597204574333,3.190597204574333,2511,787.0,0.36509953409572216,stop,True,5.836767811095342
mtbench,strict,strict,case_024,0,ok,2.590909090909091,3.590909090909091,2606,726.0,0.4318181818181818,stop,True,5.3657650330569595
mtbench,strict,strict,case_024,1,ok,2.6841046277665996,3.6841046277665996,1831,497.0,0.4473507712944333,stop,True,3.5864874401595443
mtbench,strict,strict,case_024,2,ok,2.6459731543624163,3.6459731543624163,2172,596.0,0.44099552572706935,stop,True,4.432496085995808
mtbench,strict,strict,case_025,0,ok,2.872340425531915,3.872340425531915,362,94.0,0.4787234042553192,stop,True,0.7121182349510491
mtbench,strict,strict,case_025,1,ok,2.891891891891892,3.891891891891892,433,111.0,0.481981981981982,stop,True,0.8265238481108099
mtbench,strict,strict,case_025,2,ok,2.9655172413793105,3.9655172413793105,346,87.0,0.4942528735632184,stop,True,0.6729742630850524
mtbench,strict,strict,case_026,0,ok,2.4493927125506074,3.4493927125506074,852,247.0,0.40823211875843457,stop,True,1.829295740928501
mtbench,strict,strict,case_026,1,ok,2.55607476635514,3.55607476635514,760,214.0,0.42601246105919005,stop,True,1.5677887529600412
mtbench,strict,strict,case_026,2,ok,2.528169014084507,3.528169014084507,1001,284.0,0.4213615023474178,stop,True,2.121712251799181
mtbench,strict,strict,case_027,0,ok,2.5605095541401273,3.5605095541401273,1118,314.0,0.4267515923566879,stop,True,2.29712394811213
mtbench,strict,strict,case_027,1,ok,2.2568306010928962,3.2568306010928962,1191,366.0,0.3761384335154827,stop,True,2.6284473640844226
mtbench,strict,strict,case_027,2,ok,2.4219269102990033,3.4219269102990033,1029,301.0,0.40365448504983387,stop,True,2.2245639690663666
mtbench,strict,strict,case_028,0,ok,1.7949748743718592,2.794974874371859,2781,995.0,0.29916247906197657,stop,True,7.278222996974364
mtbench,strict,strict,case_028,1,ok,1.805764411027569,2.8057644110275692,2238,798.0,0.3009607351712615,stop,True,5.733619182836264
mtbench,strict,strict,case_028,2,ok,1.5893300248138957,2.5893300248138957,2085,806.0,0.2648883374689826,stop,True,5.9287713340017945
mtbench,strict,strict,case_029,0,ok,1.642688679245283,2.642688679245283,2240,848.0,0.2737814465408805,stop,True,6.106775088002905
mtbench,strict,strict,case_029,1,ok,1.903896103896104,2.9038961038961038,2235,770.0,0.31731601731601733,stop,True,5.430313805816695
mtbench,strict,strict,case_029,2,ok,1.6472545757071548,2.647254575707155,3181,1202.0,0.27454242928452577,stop,True,8.714532098034397
mtbench,strict,strict,case_030,0,ok,1.9604743083003953,2.9604743083003955,747,253.0,0.32674571805006586,stop,True,1.838497509015724
mtbench,strict,strict,case_030,1,ok,1.6910569105691058,2.691056910569106,663,246.0,0.28184281842818426,stop,True,1.7549467240460217
mtbench,strict,strict,case_030,2,ok,2.0113636363636362,3.0113636363636362,1060,352.0,0.3352272727272727,stop,True,2.5747225880622864
mtbench,strict,strict,case_031,0,ok,1.902097902097902,2.902097902097902,414,143.0,0.317016317016317,stop,True,1.0705370700452477
mtbench,strict,strict,case_031,1,ok,2.1231884057971016,3.1231884057971016,432,138.0,0.3538647342995169,stop,True,1.0057671449612826
mtbench,strict,strict,case_031,2,ok,1.986013986013986,2.986013986013986,427,143.0,0.331002331002331,stop,True,1.0776276350952685
mtbench,strict,strict,case_032,0,ok,1.721311475409836,2.721311475409836,332,122.0,0.28688524590163933,stop,True,0.8761769861448556
mtbench,strict,strict,case_032,1,ok,1.3839662447257384,2.3839662447257384,565,237.0,0.23066104078762306,stop,True,1.6634750999510288
mtbench,strict,strict,case_032,2,ok,1.4831460674157304,2.4831460674157304,441,178.0,0.24719101123595505,stop,True,1.2850580639205873
mtbench,strict,strict,case_033,0,ok,1.630718954248366,2.630718954248366,805,306.0,0.2717864923747277,stop,True,2.2014837809838355
mtbench,strict,strict,case_033,1,ok,1.4592391304347827,2.4592391304347827,904,368.0,0.24320652173913043,stop,True,2.5914738960564137
mtbench,strict,strict,case_033,2,ok,1.6265356265356266,2.6265356265356266,1068,407.0,0.2710892710892711,stop,True,2.931295962072909
mtbench,strict,strict,case_034,0,ok,1.736156351791531,2.7361563517915313,2520,921.0,0.2893593919652552,stop,True,6.686793782981113
mtbench,strict,strict,case_034,1,ok,1.8854262144821266,2.8854262144821266,3147,1091.0,0.31423770241368776,stop,True,7.745527927996591
mtbench,strict,strict,case_034,2,ok,1.9580838323353293,2.9580838323353293,2470,835.0,0.3263473053892216,stop,True,6.095237175002694
mtbench,strict,strict,case_035,0,ok,1.644859813084112,2.6448598130841123,283,107.0,0.27414330218068533,stop,True,0.775748796062544
mtbench,strict,strict,case_035,1,ok,1.5096153846153846,2.5096153846153846,522,208.0,0.2516025641025641,stop,True,1.4680719471070915
mtbench,strict,strict,case_035,2,ok,1.5714285714285714,2.571428571428571,703,273.0,0.2619047619047619,stop,True,1.9685582460369915
mtbench,strict,strict,case_036,0,ok,1.9649551752241239,2.964955175224124,3637,1227.0,0.32749252920402067,stop,True,8.976689160102978
mtbench,strict,strict,case_036,1,ok,2.046096654275093,3.046096654275093,4096,1345.0,0.34101610904584884,length,False,9.65935666905716
mtbench,strict,strict,case_036,2,ok,2.2171628721541157,3.2171628721541157,1835,571.0,0.36952714535901926,stop,True,4.211411149939522
mtbench,strict,strict,case_037,0,ok,2.8333333333333335,3.8333333333333335,367,96.0,0.4722222222222222,stop,True,0.7311530839651823
mtbench,strict,strict,case_037,1,ok,2.318681318681319,3.318681318681319,301,91.0,0.38644688644688646,stop,True,0.6789690251462162
mtbench,strict,strict,case_037,2,ok,2.664335664335664,3.664335664335664,523,143.0,0.44405594405594406,stop,True,1.0835602339357138
mtbench,strict,strict,case_038,0,ok,1.7547169811320755,2.7547169811320753,289,106.0,0.29245283018867924,stop,True,0.781299795024097
mtbench,strict,strict,case_038,1,ok,1.992,2.992,372,125.0,0.332,stop,True,0.8995150541886687
mtbench,strict,strict,case_038,2,ok,2.6082474226804124,3.6082474226804124,351,97.0,0.43470790378006874,stop,True,0.7279651260469109
mtbench,strict,strict,case_039,0,ok,2.4716981132075473,3.4716981132075473,735,212.0,0.4119496855345912,stop,True,1.5871317870914936
mtbench,strict,strict,case_039,1,ok,2.9444444444444446,3.9444444444444446,426,108.0,0.49074074074074076,stop,True,0.806847392115742
mtbench,strict,strict,case_039,2,ok,2.8597560975609757,3.8597560975609757,633,164.0,0.4766260162601626,stop,True,1.2437868090346456
mtbench,strict,strict,case_040,0,ok,3.0545454545454547,4.054545454545455,446,110.0,0.509090909090909,stop,True,0.8261340579483658
mtbench,strict,strict,case_040,1,ok,3.139784946236559,4.139784946236559,385,93.0,0.5232974910394266,stop,True,0.693883711937815
mtbench,strict,strict,case_040,2,ok,3.0324675324675323,4.032467532467532,621,154.0,0.5054112554112554,stop,True,1.1533679640851915
mtbench,strict,strict,case_041,0,ok,2.8514056224899598,3.8514056224899598,959,249.0,0.47523427041499333,stop,True,1.8375144361052662
mtbench,strict,strict,case_041,1,ok,2.5491329479768785,3.5491329479768785,613,173.0,0.42485549132947975,stop,True,1.2683538161218166
mtbench,strict,strict,case_041,2,ok,2.7542857142857144,3.7542857142857144,656,175.0,0.45904761904761904,stop,True,1.3106593450065702
mtbench,strict,strict,case_042,0,ok,2.5443645083932855,3.5443645083932855,1477,417.0,0.4240607513988809,stop,True,3.086174156051129
mtbench,strict,strict,case_042,1,ok,2.5481335952848725,3.5481335952848725,1802,509.0,0.4246889325474787,stop,True,3.6895875071641058
mtbench,strict,strict,case_042,2,ok,2.263157894736842,3.263157894736842,1301,399.0,0.37719298245614036,stop,True,2.986359439091757
mtbench,strict,strict,case_043,0,ok,2.95,3.95,79,20.0,0.49166666666666664,stop,True,0.1687026610597968
mtbench,strict,strict,case_043,1,ok,2.268292682926829,3.268292682926829,134,41.0,0.3780487804878049,stop,True,0.31842566188424826
mtbench,strict,strict,case_043,2,ok,3.793103448275862,4.793103448275862,277,58.0,0.632183908045977,stop,True,0.45565091096796095
mtbench,strict,strict,case_044,0,ok,3.1631205673758864,4.163120567375886,583,141.0,0.5271867612293144,stop,True,1.0600312720052898
mtbench,strict,strict,case_044,1,ok,3.4871794871794872,4.487179487179487,349,78.0,0.5811965811965812,stop,True,0.5870421337895095
mtbench,strict,strict,case_044,2,ok,3.3979591836734695,4.3979591836734695,430,98.0,0.5663265306122449,stop,True,0.7532021710649133
mtbench,strict,strict,case_045,0,ok,2.0972222222222223,3.0972222222222223,222,72.0,0.34953703703703703,stop,True,0.5495067210868001
mtbench,strict,strict,case_045,1,ok,2.511904761904762,3.511904761904762,295,84.0,0.41865079365079366,stop,True,0.6282444540411234
mtbench,strict,strict,case_045,2,ok,2.099099099099099,3.099099099099099,344,111.0,0.34984984984984985,stop,True,0.8473301359917969
mtbench,strict,strict,case_046,0,ok,1.858095238095238,2.8580952380952382,3001,1050.0,0.30968253968253967,stop,True,7.622778394026682
mtbench,strict,strict,case_046,1,ok,1.9768518518518519,2.976851851851852,1284,432.0,0.32947530864197533,stop,True,3.0717460268642753
mtbench,strict,strict,case_046,2,ok,1.8878676470588236,2.8878676470588234,1570,544.0,0.31464460784313725,stop,True,3.9852140319999307
mtbench,strict,strict,case_047,0,ok,2.056795131845842,3.056795131845842,1506,493.0,0.34279918864097364,stop,True,3.619111330015585
mtbench,strict,strict,case_047,1,ok,2.0240963855421685,3.0240963855421685,1756,581.0,0.3373493975903614,stop,True,4.190369475167245
mtbench,strict,strict,case_047,2,ok,2.139473684210526,3.139473684210526,1191,380.0,0.35657894736842105,stop,True,2.8162610409781337
mtbench,strict,strict,case_048,0,ok,1.5060975609756098,2.5060975609756095,822,328.0,0.25101626016260165,stop,True,2.3641201069112867
mtbench,strict,strict,case_048,1,ok,1.609271523178808,2.609271523178808,1181,453.0,0.2682119205298013,stop,True,3.19211793015711
mtbench,strict,strict,case_048,2,ok,1.3061224489795917,2.3061224489795915,450,196.0,0.21768707482993196,stop,True,1.4226349708624184
mtbench,strict,strict,case_049,0,ok,1.7655417406749556,2.765541740674956,1557,563.0,0.29425695677915925,stop,True,4.0876932290848345
mtbench,strict,strict,case_049,1,ok,1.9064976228209192,2.906497622820919,1834,631.0,0.31774960380348655,stop,True,4.482839865144342
mtbench,strict,strict,case_049,2,ok,1.7201210287443267,2.7201210287443267,1798,661.0,0.2866868381240545,stop,True,4.813622395973653
mtbench,strict,strict,case_050,0,ok,1.5847701149425288,2.584770114942529,1799,696.0,0.26412835249042144,stop,True,4.989264718955383
mtbench,strict,strict,case_050,1,ok,1.6351010101010102,2.6351010101010104,2086,792.0,0.272516835016835,stop,True,5.550182286882773
mtbench,strict,strict,case_050,2,ok,1.6423927178153446,2.6423927178153446,2032,769.0,0.2737321196358908,stop,True,5.558455120073631
mtbench,strict,strict,case_051,0,ok,1.5991735537190082,2.599173553719008,629,242.0,0.2665289256198347,stop,True,1.7418523849919438
mtbench,strict,strict,case_051,1,ok,1.6297872340425532,2.629787234042553,618,235.0,0.27163120567375887,stop,True,1.659517599036917
mtbench,strict,strict,case_051,2,ok,1.6591928251121075,2.6591928251121075,593,223.0,0.2765321375186846,stop,True,1.607753637013957
mtbench,strict,strict,case_052,0,ok,1.6292906178489703,2.6292906178489703,1149,437.0,0.2715484363081617,stop,True,3.1174991850275546
mtbench,strict,strict,case_052,1,ok,1.81,2.81,1686,600.0,0.3016666666666667,stop,True,4.1994190129917115
mtbench,strict,strict,case_052,2,ok,1.631578947368421,2.6315789473684212,300,114.0,0.2719298245614035,stop,True,0.8288711318746209
mtbench,strict,strict,case_053,0,ok,1.8148148148148149,2.814814814814815,608,216.0,0.30246913580246915,stop,True,1.577870441135019
mtbench,strict,strict,case_053,1,ok,1.6875,2.6875,686,256.0,0.28125,stop,True,1.8298736228607595
mtbench,strict,strict,case_053,2,ok,2.311320754716981,3.311320754716981,351,106.0,0.38522012578616355,stop,True,0.7885053949430585
mtbench,strict,strict,case_054,0,ok,1.5022222222222221,2.502222222222222,1126,450.0,0.25037037037037035,stop,True,3.2575552540365607
mtbench,strict,strict,case_054,1,ok,1.672811059907834,2.672811059907834,1161,434.0,0.27880184331797236,stop,True,3.0733699309639633
mtbench,strict,strict,case_054,2,ok,1.5683760683760684,2.568376068376068,1201,468.0,0.2613960113960114,stop,True,3.393632411956787
mtbench,strict,strict,case_055,0,ok,1.781758957654723,2.781758957654723,853,307.0,0.2969598262757872,stop,True,2.2467894030269235
mtbench,strict,strict,case_055,1,ok,1.5789473684210527,2.5789473684210527,930,361.0,0.2631578947368421,stop,True,2.574037502054125
mtbench,strict,strict,case_055,2,ok,1.6906474820143884,2.6906474820143886,748,278.0,0.28177458033573144,stop,True,2.0495927408337593
mtbench,strict,strict,case_056,0,ok,2.283916083916084,3.283916083916084,2349,715.0,0.38065268065268065,stop,True,5.280213773949072
mtbench,strict,strict,case_056,1,ok,2.137285491419657,3.137285491419657,2012,641.0,0.35621424856994277,stop,True,4.654221153818071
mtbench,strict,strict,case_056,2,ok,2.035322777101096,3.035322777101096,2492,821.0,0.3392204628501827,stop,True,6.118696541991085
mtbench,strict,strict,case_057,0,ok,1.911764705882353,2.9117647058823533,692,238.0,0.31862745098039214,stop,True,1.7054508081637323
mtbench,strict,strict,case_057,1,ok,1.6246056782334384,2.624605678233438,1664,634.0,0.2707676130389064,stop,True,4.418474111938849
mtbench,strict,strict,case_057,2,ok,1.5056497175141244,2.5056497175141246,885,354.0,0.2509416195856874,stop,True,2.52074208506383
mtbench,strict,strict,case_058,0,ok,2.515151515151515,3.515151515151515,461,132.0,0.41919191919191917,stop,True,0.9829370530787855
mtbench,strict,strict,case_058,1,ok,2.4130434782608696,3.4130434782608696,472,138.0,0.40217391304347827,stop,True,1.0118065769784153
mtbench,strict,strict,case_058,2,ok,2.7547169811320753,3.7547169811320753,596,159.0,0.4591194968553459,stop,True,1.193431138060987
mtbench,strict,strict,case_059,0,ok,2.2003257328990227,3.2003257328990227,1964,614.0,0.36672095548317046,stop,True,4.574512439081445
mtbench,strict,strict,case_059,1,ok,2.1709401709401708,3.1709401709401708,1853,585.0,0.36182336182336183,stop,True,4.286500070942566
mtbench,strict,strict,case_059,2,ok,2.1070063694267516,3.1070063694267516,2440,785.0,0.3511677282377919,stop,True,5.877785456134006
mtbench,strict,strict,case_060,0,ok,1.906,2.9059999999999997,2907,1000.0,0.31766666666666665,stop,True,7.3240834509488195
mtbench,strict,strict,case_060,1,ok,2.187935034802784,3.187935034802784,1372,431.0,0.36465583913379734,stop,True,3.117617219919339
mtbench,strict,strict,case_060,2,ok,2.0701754385964914,3.0701754385964914,1400,456.0,0.34502923976608185,stop,True,3.3702595378272235
mtbench,strict,strict,case_061,0,ok,3.4029850746268657,4.402985074626866,590,134.0,0.5671641791044776,stop,True,0.9812602968886495
mtbench,strict,strict,case_061,1,ok,3.2588235294117647,4.258823529411765,722,170.0,0.5431372549019607,stop,True,1.211942866910249
mtbench,strict,strict,case_061,2,ok,3.046511627906977,4.046511627906977,696,172.0,0.5077519379844961,stop,True,1.2527893439400941
mtbench,strict,strict,case_062,0,ok,2.8333333333333335,3.8333333333333335,528,138.0,0.4722222222222222,stop,True,1.0393698040861636
mtbench,strict,strict,case_062,1,ok,3.4536082474226806,4.453608247422681,432,97.0,0.5756013745704467,stop,True,0.7288591051474214
mtbench,strict,strict,case_062,2,ok,3.154639175257732,4.154639175257731,403,97.0,0.5257731958762887,stop,True,0.741787379141897
mtbench,strict,strict,case_063,0,ok,2.9594594594594597,3.9594594594594597,586,148.0,0.49324324324324326,stop,True,1.0900727580301464
mtbench,strict,strict,case_063,1,ok,2.93491124260355,3.93491124260355,665,169.0,0.4891518737672584,stop,True,1.2193603669293225
mtbench,strict,strict,case_063,2,ok,2.7,3.7,555,150.0,0.45,stop,True,1.1214496239554137
mtbench,strict,strict,case_064,0,ok,4.0,5.0,165,33.0,0.6666666666666666,stop,True,0.2629844229668379
mtbench,strict,strict,case_064,1,ok,3.236842105263158,4.2368421052631575,160,38.0,0.5394736842105263,stop,True,0.29716922296211123
mtbench,strict,strict,case_064,2,ok,4.46875,5.46875,176,32.0,0.7447916666666666,stop,True,0.25900175399146974
mtbench,strict,strict,case_065,0,ok,4.129032258064516,5.129032258064516,159,31.0,0.6881720430107527,stop,True,0.24441819894127548
mtbench,strict,strict,case_065,1,ok,3.475,4.475,178,40.0,0.5791666666666667,stop,True,0.3039588250685483
mtbench,strict,strict,case_065,2,ok,3.9069767441860463,4.906976744186046,211,43.0,0.6511627906976745,stop,True,0.3347557531669736
mtbench,strict,strict,case_066,0,ok,2.0989208633093526,3.0989208633093526,1722,556.0,0.3498201438848921,stop,True,4.100584690924734
mtbench,strict,strict,case_066,1,ok,2.1226415094339623,3.1226415094339623,1653,530.0,0.35377358490566035,stop,True,3.838385447161272
mtbench,strict,strict,case_066,2,ok,2.1404958677685952,3.1404958677685952,3037,968.0,0.35674931129476584,stop,True,7.185899938922375
mtbench,strict,strict,case_067,0,ok,2.700440528634361,3.700440528634361,1679,454.0,0.4500734214390602,stop,True,3.391052693128586
mtbench,strict,strict,case_067,1,ok,2.739514348785872,3.739514348785872,1694,453.0,0.4565857247976453,stop,True,3.3093278331216425
mtbench,strict,strict,case_067,2,ok,2.750537634408602,3.750537634408602,1744,465.0,0.45842293906810033,stop,True,3.4964992958121
mtbench,strict,strict,case_068,0,ok,2.9075,3.9075,1562,400.0,0.4845833333333333,stop,True,2.9687869329936802
mtbench,strict,strict,case_068,1,ok,2.4864864864864864,3.4864864864864864,1160,333.0,0.4144144144144144,stop,True,2.4324720760341734
mtbench,strict,strict,case_068,2,ok,2.2933673469387754,3.2933673469387754,1290,392.0,0.3822278911564626,stop,True,2.9445140277966857
mtbench,strict,strict,case_069,0,ok,3.161290322580645,4.161290322580645,127,31.0,0.5268817204301075,stop,True,0.24423180590383708
mtbench,strict,strict,case_069,1,ok,3.0588235294117645,4.0588235294117645,207,51.0,0.5098039215686274,stop,True,0.3899219420272857
mtbench,strict,strict,case_069,2,ok,2.4166666666666665,3.4166666666666665,205,60.0,0.4027777777777778,stop,True,0.4624140460509807
mtbench,strict,strict,case_070,0,ok,2.810304449648712,3.810304449648712,1626,427.0,0.468384074941452,stop,True,3.1753058549948037
mtbench,strict,strict,case_070,1,ok,2.617777777777778,3.617777777777778,1626,450.0,0.4362962962962963,stop,True,3.27887021494098
mtbench,strict,strict,case_070,2,ok,2.7104072398190047,3.7104072398190047,1639,442.0,0.4517345399698341,stop,True,3.2967119601089507
mtbench,strict,strict,case_071,0,ok,3.052941176470588,4.052941176470588,690,170.0,0.5088235294117647,stop,True,1.2798855751752853
mtbench,strict,strict,case_071,1,ok,3.0606060606060606,4.0606060606060606,266,66.0,0.51010101010101,stop,True,0.4970015159342438
mtbench,strict,strict,case_071,2,ok,2.9371069182389937,3.9371069182389937,625,159.0,0.48951781970649894,stop,True,1.2025837700348347
mtbench,strict,strict,case_072,0,ok,3.111111111111111,4.111111111111111,293,72.0,0.5185185185185185,stop,True,0.5577739451546222
mtbench,strict,strict,case_072,1,ok,3.5929203539823007,4.592920353982301,519,113.0,0.5988200589970502,stop,True,0.841955553041771
mtbench,strict,strict,case_072,2,ok,3.2427184466019416,4.242718446601941,434,103.0,0.540453074433657,stop,True,0.7940585620235652
mtbench,strict,strict,case_073,0,ok,2.0921985815602837,3.0921985815602837,872,282.0,0.3486997635933806,stop,True,2.07065501390025
mtbench,strict,strict,case_073,1,ok,1.8877005347593583,2.8877005347593583,1079,374.0,0.3146167557932264,stop,True,2.6923501330893487
mtbench,strict,strict,case_073,2,ok,2.1223776223776225,3.1223776223776225,893,286.0,0.3537296037296037,stop,True,2.121053074952215
mtbench,strict,strict,case_074,0,ok,2.3536585365853657,3.3536585365853657,824,246.0,0.39227642276422764,stop,True,1.8048166520893574
mtbench,strict,strict,case_074,1,ok,2.1666666666666665,3.1666666666666665,816,258.0,0.3611111111111111,stop,True,1.851828487124294
mtbench,strict,strict,case_074,2,ok,2.296774193548387,3.296774193548387,1022,310.0,0.3827956989247312,stop,True,2.284586084075272
mtbench,strict,strict,case_075,0,ok,1.975,2.975,2141,720.0,0.32916666666666666,stop,True,5.319824245059863
mtbench,strict,strict,case_075,1,ok,1.981447124304267,2.981447124304267,1607,539.0,0.3302411873840445,stop,True,3.8909562381450087
mtbench,strict,strict,case_075,2,ok,1.9788732394366197,2.97887323943662,1269,426.0,0.32981220657276994,stop,True,3.1702237769495696
mtbench,strict,strict,case_076,0,ok,1.7766179540709812,2.776617954070981,2660,958.0,0.2961029923451635,stop,True,7.023162906058133
mtbench,strict,strict,case_076,1,ok,1.6,2.6,3145,1210.0,0.26666666666666666,stop,True,8.681903591146693
mtbench,strict,strict,case_076,2,ok,1.5824446267432322,2.582444626743232,3147,1219.0,0.263740771123872,stop,True,8.965312442975119
mtbench,strict,strict,case_077,0,ok,1.8009575923392613,2.8009575923392616,4096,1462.0,0.30015959872321024,length,True,10.660423124907538
mtbench,strict,strict,case_077,1,ok,1.708994708994709,2.708994708994709,4096,1512.0,0.2848324514991182,length,True,10.75852352194488
mtbench,strict,strict,case_077,2,ok,1.5482265090230243,2.5482265090230243,4096,1607.0,0.2580377515038374,length,True,11.730907754972577
mtbench,strict,strict,case_078,0,ok,1.5761194029850747,2.576119402985075,1725,670.0,0.2626865671641791,stop,True,4.840984060894698
mtbench,strict,strict,case_078,1,ok,1.5761245674740485,2.5761245674740483,1488,578.0,0.2626874279123414,stop,True,4.1222048769705
mtbench,strict,strict,case_078,2,ok,1.5255813953488373,2.525581395348837,1086,430.0,0.25426356589147286,stop,True,3.1267123189754784
mtbench,strict,strict,case_079,0,ok,1.88379705400982,2.88379705400982,1761,611.0,0.3139661756683033,stop,True,4.429465699009597
mtbench,strict,strict,case_079,1,ok,1.6184834123222749,2.618483412322275,1105,422.0,0.2697472353870458,stop,True,2.987817341927439
mtbench,strict,strict,case_079,2,ok,1.7375621890547264,2.737562189054726,2201,804.0,0.28959369817578773,stop,True,5.8482785490341485
mtbench,strict,strict,case_080,0,ok,1.9468208092485548,2.946820809248555,2548,865.0,0.3244701348747592,stop,True,6.283480924088508
mtbench,strict,strict,case_080,1,ok,1.687719298245614,2.687719298245614,1532,570.0,0.28128654970760236,stop,True,4.0398514859844
mtbench,strict,strict,case_080,2,ok,1.8761682242990654,2.8761682242990654,1230,428.0,0.31269470404984423,stop,True,3.10858569922857
