dataset,method,params,case,seed,status,l_bar,mean_accept_length,output_tokens,draft_rounds,draft_acceptance_rate,finish_reason,reached_final_channel,wall_time_seconds
mtbench,cactus,alpha0.03,case_001,0,ok,4.787234042553192,5.787234042553192,1632,282.0,0.7978723404255319,stop,True,8.014455602038652
mtbench,cactus,alpha0.03,case_002,0,ok,4.544117647058823,5.544117647058823,755,136.0,0.7573529411764706,stop,True,3.4976229118183255
mtbench,cactus,alpha0.03,case_003,0,ok,3.4203389830508475,4.420338983050847,1300,295.0,0.5700564971751413,stop,True,7.047493088059127
mtbench,cactus,alpha0.03,case_004,0,ok,3.903485254691689,4.903485254691689,1828,373.0,0.6505808757819481,stop,True,9.554224506951869
mtbench,cactus,alpha0.03,case_005,0,ok,3.9384615384615387,4.938461538461539,322,65.0,0.6564102564102564,stop,True,1.4898505499586463
mtbench,cactus,alpha0.03,case_006,0,ok,2.793103448275862,3.793103448275862,329,87.0,0.46551724137931033,stop,True,1.7784589999355376
mtbench,cactus,alpha0.03,case_007,0,ok,3.1934065934065936,4.193406593406594,1907,455.0,0.5322344322344322,stop,True,10.860792754683644
mtbench,cactus,alpha0.03,case_008,0,ok,2.9488372093023254,3.9488372093023254,848,215.0,0.49147286821705427,stop,True,5.006097340025008
mtbench,cactus,alpha0.03,case_009,0,ok,3.5,4.5,116,26.0,0.5833333333333334,stop,True,0.8855044119991362
mtbench,cactus,alpha0.03,case_010,0,ok,3.378698224852071,4.378698224852071,2221,507.0,0.5631163708086785,stop,True,12.647775318939239
mtbench,cactus,alpha0.03,case_011,0,ok,4.198347107438017,5.198347107438017,3146,605.0,0.699724517906336,stop,True,16.093388366978616
mtbench,cactus,alpha0.03,case_012,0,ok,3.966666666666667,4.966666666666667,2976,600.0,0.6611111111111111,stop,True,15.878370134625584
mtbench,cactus,alpha0.03,case_013,0,ok,3.075,4.075,164,40.0,0.5125,stop,True,1.0113031156361103
mtbench,cactus,alpha0.03,case_014,0,ok,4.036363636363636,5.036363636363636,275,55.0,0.6727272727272727,stop,True,1.3021714109927416
mtbench,cactus,alpha0.03,case_015,0,ok,3.8247422680412373,4.824742268041238,1403,291.0,0.6374570446735395,stop,True,7.3021897207945585
mtbench,cactus,alpha0.03,case_016,0,ok,2.213675213675214,3.213675213675214,376,117.0,0.36894586894586895,stop,True,2.369311041198671
mtbench,cactus,alpha0.03,case_017,0,ok,3.6293785310734465,4.6293785310734465,4096,885.0,0.6048964218455744,length,False,22.869946473278105
mtbench,cactus,alpha0.03,case_018,0,ok,4.090243902439024,5.090243902439024,2086,410.0,0.6817073170731708,stop,True,10.735437587834895
mtbench,cactus,alpha0.03,case_019,0,ok,3.445859872611465,4.445859872611464,698,157.0,0.5743099787685775,stop,True,3.8489947766065598
mtbench,cactus,alpha0.03,case_020,0,ok,4.3478260869565215,5.3478260869565215,121,23.0,0.7246376811594203,stop,True,0.8490716419182718
mtbench,cactus,alpha0.03,case_021,0,ok,3.2195121951219514,4.219512195121951,345,82.0,0.5365853658536586,stop,True,1.7502502049319446
mtbench,cactus,alpha0.03,case_022,0,ok,3.6195121951219513,4.619512195121951,947,205.0,0.6032520325203252,stop,True,4.907011362258345
mtbench,cactus,alpha0.03,case_023,0,ok,3.384726224783862,4.384726224783861,3043,694.0,0.5641210374639769,stop,True,17.228995333891362
mtbench,cactus,alpha0.03,case_024,0,ok,3.24,4.24,2438,575.0,0.54,stop,True,14.385714264120907
mtbench,cactus,alpha0.03,case_025,0,ok,4.158536585365853,5.158536585365853,424,82.0,0.693089430894309,stop,True,2.394047241192311
mtbench,cactus,alpha0.03,case_026,0,ok,3.6166666666666667,4.616666666666667,830,180.0,0.6027777777777777,stop,True,4.635651791933924
mtbench,cactus,alpha0.03,case_027,0,ok,2.6954314720812182,3.6954314720812182,727,197.0,0.44923857868020306,stop,True,4.699140226002783
mtbench,cactus,alpha0.03,case_028,0,ok,4.2732673267326735,5.2732673267326735,2664,505.0,0.7122112211221122,stop,True,13.744869829155505
mtbench,cactus,alpha0.03,case_029,0,ok,4.446376811594203,5.446376811594203,1874,345.0,0.7410628019323672,stop,True,9.03692310815677
mtbench,cactus,alpha0.03,case_030,0,ok,3.4913151364764268,4.491315136476427,1809,403.0,0.5818858560794045,stop,True,10.109104523900896
mtbench,cactus,alpha0.03,case_031,0,ok,2.6422764227642275,3.6422764227642275,448,123.0,0.44037940379403795,stop,True,2.322118818294257
mtbench,cactus,alpha0.03,case_032,0,ok,2.8,3.8,324,85.0,0.4666666666666667,stop,True,2.1948384549468756
mtbench,cactus,alpha0.03,case_033,0,ok,4.476190476190476,5.476190476190476,921,168.0,0.746031746031746,stop,True,4.893966816365719
mtbench,cactus,alpha0.03,case_034,0,ok,3.8224582701062215,4.822458270106221,3177,659.0,0.6370763783510369,stop,True,17.401387583930045
mtbench,cactus,alpha0.03,case_035,0,ok,4.568,5.568,696,125.0,0.7613333333333333,stop,True,3.613257509190589
mtbench,cactus,alpha0.03,case_036,0,ok,4.112299465240642,5.112299465240642,2868,561.0,0.6853832442067737,stop,True,15.235089560039341
mtbench,cactus,alpha0.03,case_037,0,ok,3.22972972972973,4.22972972972973,311,74.0,0.5382882882882883,stop,True,2.1976972692646086
mtbench,cactus,alpha0.03,case_038,0,ok,3.0632911392405062,4.063291139240507,320,79.0,0.510548523206751,stop,True,2.4276548787020147
mtbench,cactus,alpha0.03,case_039,0,ok,3.722741433021807,4.722741433021807,1516,321.0,0.6204569055036345,stop,True,8.67135966103524
mtbench,cactus,alpha0.03,case_040,0,ok,3.7542372881355934,4.754237288135593,560,118.0,0.6257062146892656,stop,True,3.3295553931966424
mtbench,cactus,alpha0.03,case_041,0,ok,3.920245398773006,4.920245398773006,802,163.0,0.6533742331288344,stop,True,4.523817664012313
mtbench,cactus,alpha0.03,case_042,0,ok,3.249388753056235,4.249388753056235,1737,409.0,0.5415647921760391,stop,True,10.247247270774096
mtbench,cactus,alpha0.03,case_043,0,ok,4.617021276595745,5.617021276595745,264,47.0,0.7695035460992907,stop,True,1.9466254427097738
mtbench,cactus,alpha0.03,case_044,0,ok,3.7419354838709675,4.741935483870968,291,62.0,0.6236559139784946,stop,True,2.670622792094946
mtbench,cactus,alpha0.03,case_045,0,ok,3.2222222222222223,4.222222222222222,417,99.0,0.5370370370370371,stop,True,3.319005848839879
mtbench,cactus,alpha0.03,case_046,0,ok,3.1217303822937628,4.121730382293762,4096,994.0,0.5202883970489605,length,False,23.76850032294169
mtbench,cactus,alpha0.03,case_047,0,ok,3.505543237250554,4.505543237250555,2032,451.0,0.5842572062084257,stop,True,11.499548573978245
mtbench,cactus,alpha0.03,case_048,0,ok,2.6545454545454548,3.6545454545454548,601,165.0,0.44242424242424244,stop,True,3.9094326803460717
mtbench,cactus,alpha0.03,case_049,0,ok,3.934306569343066,4.934306569343066,1348,274.0,0.6557177615571776,stop,True,7.0435919696465135
mtbench,cactus,alpha0.03,case_050,0,ok,4.549450549450549,5.549450549450549,2021,364.0,0.7582417582417582,stop,True,9.738045670092106
mtbench,cactus,alpha0.03,case_051,0,ok,3.63,4.63,462,100.0,0.605,stop,True,1.9999708547256887
mtbench,cactus,alpha0.03,case_052,0,ok,4.205882352941177,5.205882352941177,2301,442.0,0.7009803921568627,stop,True,12.04269397770986
mtbench,cactus,alpha0.03,case_053,0,ok,3.3333333333333335,4.333333333333334,455,105.0,0.5555555555555556,stop,True,2.855976854916662
mtbench,cactus,alpha0.03,case_054,0,ok,4.423255813953489,5.423255813953489,1166,215.0,0.7372093023255814,stop,True,6.0800688727758825
mtbench,cactus,alpha0.03,case_055,0,ok,2.851063829787234,3.851063829787234,1086,282.0,0.475177304964539,stop,True,6.827758453786373
mtbench,cactus,alpha0.03,case_056,0,ok,3.4078341013824884,4.407834101382488,1912,434.0,0.5679723502304147,stop,True,11.02787360502407
mtbench,cactus,alpha0.03,case_057,0,ok,4.612359550561798,5.612359550561798,1000,178.0,0.7687265917602997,stop,True,5.113471370190382
mtbench,cactus,alpha0.03,case_058,0,ok,4.269230769230769,5.269230769230769,410,78.0,0.7115384615384616,stop,True,2.2851907704025507
mtbench,cactus,alpha0.03,case_059,0,ok,3.2101990049751246,4.210199004975125,3384,804.0,0.5350331674958541,stop,True,19.977253176737577
mtbench,cactus,alpha0.03,case_060,0,ok,3.2569444444444446,4.256944444444445,1838,432.0,0.5428240740740741,stop,True,10.514667799696326
mtbench,cactus,alpha0.03,case_061,0,ok,3.3304347826086955,4.3304347826086955,994,230.0,0.5550724637681159,stop,True,5.859058763366193
mtbench,cactus,alpha0.03,case_062,0,ok,3.8728813559322033,4.872881355932203,574,118.0,0.6454802259887006,stop,True,3.354898703750223
mtbench,cactus,alpha0.03,case_063,0,ok,3.529850746268657,4.529850746268657,605,134.0,0.5883084577114428,stop,True,3.489180169068277
mtbench,cactus,alpha0.03,case_064,0,ok,3.742857142857143,4.742857142857143,166,35.0,0.6238095238095238,stop,True,1.2273067911155522
mtbench,cactus,alpha0.03,case_065,0,ok,3.7058823529411766,4.705882352941177,77,17.0,0.6176470588235294,stop,True,0.6873128321021795
mtbench,cactus,alpha0.03,case_066,0,ok,3.408284023668639,4.408284023668639,742,169.0,0.5680473372781065,stop,True,4.851341620087624
mtbench,cactus,alpha0.03,case_067,0,ok,3.3326039387308533,4.332603938730854,1978,457.0,0.5554339897884756,stop,True,11.533507475163788
mtbench,cactus,alpha0.03,case_068,0,ok,3.354005167958656,4.354005167958656,1686,387.0,0.5590008613264428,stop,True,9.61118738912046
mtbench,cactus,alpha0.03,case_069,0,ok,4.414634146341464,5.414634146341464,222,41.0,0.7357723577235772,stop,True,1.77365099824965
mtbench,cactus,alpha0.03,case_070,0,ok,3.929411764705882,4.929411764705883,2096,425.0,0.6549019607843137,stop,True,11.720938812941313
mtbench,cactus,alpha0.03,case_071,0,ok,3.76056338028169,4.76056338028169,336,71.0,0.6267605633802817,stop,True,2.5100202108733356
mtbench,cactus,alpha0.03,case_072,0,ok,3.7948717948717947,4.794871794871795,372,78.0,0.6324786324786325,stop,True,2.7442521839402616
mtbench,cactus,alpha0.03,case_073,0,ok,3.6149253731343283,4.614925373134328,1546,335.0,0.6024875621890547,stop,True,8.596002387814224
mtbench,cactus,alpha0.03,case_074,0,ok,3.265984654731458,4.265984654731458,1667,391.0,0.5443307757885762,stop,True,9.623927754815668
mtbench,cactus,alpha0.03,case_075,0,ok,2.8086253369272236,3.8086253369272236,1413,371.0,0.46810422282120395,stop,True,8.535785014275461
mtbench,cactus,alpha0.03,case_076,0,ok,3.8439201451905625,4.8439201451905625,2670,551.0,0.6406533575317604,stop,True,13.83414240181446
mtbench,cactus,alpha0.03,case_077,0,ok,4.052631578947368,5.052631578947368,2590,513.0,0.6754385964912281,stop,True,13.160296109039336
mtbench,cactus,alpha0.03,case_078,0,ok,3.1977611940298507,4.197761194029851,1121,268.0,0.5329601990049752,stop,True,6.458200587891042
mtbench,cactus,alpha0.03,case_079,0,ok,4.0201149425287355,5.0201149425287355,1746,348.0,0.6700191570881227,stop,True,8.89579637767747
mtbench,cactus,alpha0.03,case_080,0,ok,3.7259953161592505,4.725995316159251,2019,427.0,0.6209992193598751,stop,True,10.59337095497176
mtbench,cactus,alpha0.08,case_001,0,ok,5.101769911504425,6.101769911504425,1375,226.0,0.8502949852507374,stop,True,6.344276745803654
mtbench,cactus,alpha0.08,case_002,0,ok,5.326599326599327,6.326599326599327,1879,297.0,0.8877665544332211,stop,True,8.801449734251946
mtbench,cactus,alpha0.08,case_003,0,ok,3.942622950819672,4.942622950819672,1204,244.0,0.657103825136612,stop,True,6.299777509178966
mtbench,cactus,alpha0.18,case_001,0,ok,5.324894514767933,6.324894514767933,1495,237.0,0.8874824191279888,stop,True,6.480014655739069
mtbench,cactus,alpha0.18,case_002,0,ok,5.467261904761905,6.467261904761905,2174,336.0,0.9112103174603174,stop,True,9.706026868894696
mtbench,cactus,alpha0.18,case_003,0,ok,5.021739130434782,6.021739130434782,1938,322.0,0.8369565217391305,stop,True,9.330154421273619
mtbench,cactus,alpha0.18,case_004,0,ok,4.7975460122699385,5.7975460122699385,1889,326.0,0.7995910020449898,stop,True,9.193997500929981
mtbench,cactus,alpha0.18,case_005,0,ok,4.676470588235294,5.676470588235294,386,68.0,0.7794117647058824,stop,True,1.660246703773737
mtbench,cactus,alpha0.18,case_006,0,ok,4.2592592592592595,5.2592592592592595,426,81.0,0.7098765432098766,stop,True,1.8797752829268575
mtbench,cactus,alpha0.18,case_007,0,ok,3.8098765432098767,4.809876543209876,1947,405.0,0.6349794238683127,stop,True,10.037761631887406
mtbench,cactus,alpha0.18,case_008,0,ok,3.69054441260745,4.69054441260745,1636,349.0,0.6150907354345749,stop,True,8.817538316827267
mtbench,cactus,alpha0.18,case_009,0,ok,3.3333333333333335,4.333333333333334,139,33.0,0.5555555555555556,stop,True,1.0731764240190387
mtbench,cactus,alpha0.18,case_010,0,ok,3.8993506493506493,4.89935064935065,1509,308.0,0.6498917748917749,stop,True,7.8189839562401175
mtbench,cactus,alpha0.18,case_011,0,ok,4.766203703703703,5.766203703703703,2490,432.0,0.7943672839506173,stop,True,12.672696294728667
mtbench,cactus,alpha0.18,case_012,0,ok,5.099848714069592,6.099848714069592,4027,661.0,0.8499747856782652,stop,True,19.343521140050143
mtbench,cactus,alpha0.18,case_013,0,ok,3.0833333333333335,4.083333333333334,197,48.0,0.5138888888888888,stop,True,1.1434072479605675
mtbench,cactus,alpha0.18,case_014,0,ok,5.1911764705882355,6.1911764705882355,421,68.0,0.8651960784313726,stop,True,1.6986952782608569
mtbench,cactus,alpha0.18,case_015,0,ok,4.360515021459228,5.360515021459228,1250,233.0,0.7267525035765379,stop,True,6.603215240873396
mtbench,cactus,alpha0.18,case_016,0,ok,4.282296650717703,5.282296650717703,2208,418.0,0.7137161084529505,stop,True,11.282714725937694
mtbench,cactus,alpha0.18,case_017,0,ok,3.8157894736842106,4.815789473684211,544,114.0,0.6359649122807017,stop,True,2.7569910483434796
mtbench,cactus,alpha0.18,case_018,0,ok,5.288409703504043,6.288409703504043,2328,371.0,0.8814016172506739,stop,True,10.34114386420697
mtbench,cactus,alpha0.18,case_019,0,ok,4.593406593406593,5.593406593406593,1016,182.0,0.7655677655677655,stop,True,4.740506880916655
mtbench,cactus,alpha0.18,case_020,0,ok,3.5714285714285716,4.571428571428571,128,28.0,0.5952380952380952,stop,True,0.8259076839312911
mtbench,cactus,alpha0.18,case_021,0,ok,3.875,4.875,503,104.0,0.6458333333333334,stop,True,2.455304268281907
mtbench,cactus,alpha0.18,case_022,0,ok,3.902097902097902,4.902097902097902,701,143.0,0.6503496503496503,stop,True,3.525090792682022
mtbench,cactus,alpha0.18,case_023,0,ok,3.835978835978836,4.835978835978835,1825,378.0,0.6393298059964727,stop,True,9.511343082878739
mtbench,cactus,alpha0.18,case_024,0,ok,3.9113475177304964,4.911347517730496,1382,282.0,0.6518912529550828,stop,True,6.9905718909576535
mtbench,cactus,alpha0.18,case_025,0,ok,4.445544554455446,5.445544554455446,548,101.0,0.740924092409241,stop,True,2.8886670218780637
mtbench,cactus,alpha0.18,case_026,0,ok,4.3841807909604515,5.3841807909604515,951,177.0,0.7306967984934086,stop,True,4.719088753219694
mtbench,cactus,alpha0.18,case_027,0,ok,3.548223350253807,4.5482233502538065,894,197.0,0.5913705583756346,stop,True,4.923623648937792
mtbench,cactus,alpha0.18,case_028,0,ok,4.81640625,5.81640625,1484,256.0,0.802734375,stop,True,6.877023098990321
mtbench,cactus,alpha0.18,case_029,0,ok,5.539170506912442,6.539170506912442,1414,217.0,0.9231950844854071,stop,True,6.279004808049649
mtbench,cactus,alpha0.18,case_030,0,ok,4.287292817679558,5.287292817679558,955,181.0,0.714548802946593,stop,True,4.52155333571136
mtbench,cactus,alpha0.18,case_031,0,ok,3.4505494505494507,4.450549450549451,404,91.0,0.575091575091575,stop,True,1.8762866482138634
mtbench,cactus,alpha0.18,case_032,0,ok,4.686274509803922,5.686274509803922,289,51.0,0.7810457516339869,stop,True,1.6815683031454682
mtbench,cactus,alpha0.18,case_033,0,ok,5.105960264900662,6.105960264900662,922,151.0,0.8509933774834437,stop,True,4.658706851769239
mtbench,cactus,alpha0.18,case_034,0,ok,4.722929936305732,5.722929936305732,1794,314.0,0.7871549893842887,stop,True,9.131286293268204
mtbench,cactus,alpha0.18,case_035,0,ok,4.53030303030303,5.53030303030303,362,66.0,0.7550505050505051,stop,True,2.1563301868736744
mtbench,cactus,alpha0.18,case_036,0,ok,5.01241134751773,6.01241134751773,3390,564.0,0.835401891252955,stop,True,16.464011264033616
mtbench,cactus,alpha0.18,case_037,0,ok,4.106796116504855,5.106796116504855,526,103.0,0.6844660194174758,stop,True,3.1273321020416915
mtbench,cactus,alpha0.18,case_038,0,ok,4.544303797468355,5.544303797468355,435,79.0,0.7573839662447257,stop,True,2.7159976600669324
mtbench,cactus,alpha0.18,case_039,0,ok,4.273809523809524,5.273809523809524,1329,252.0,0.7123015873015873,stop,True,7.157154997810721
mtbench,cactus,alpha0.18,case_040,0,ok,4.408,5.408,676,125.0,0.7346666666666667,stop,True,3.6253349650651217
mtbench,cactus,alpha0.18,case_041,0,ok,4.347305389221557,5.347305389221557,892,167.0,0.7245508982035929,stop,True,4.835236286278814
mtbench,cactus,alpha0.18,case_042,0,ok,3.9072847682119205,4.9072847682119205,2220,453.0,0.6512141280353201,stop,True,12.250779025722295
mtbench,cactus,alpha0.18,case_043,0,ok,3.7884615384615383,4.788461538461538,248,52.0,0.6314102564102564,stop,True,1.9987031389027834
mtbench,cactus,alpha0.18,case_044,0,ok,4.53125,5.53125,350,64.0,0.7552083333333334,stop,True,3.000148044899106
mtbench,cactus,alpha0.18,case_045,0,ok,4.4818181818181815,5.4818181818181815,602,110.0,0.746969696969697,stop,True,4.107834363821894
mtbench,cactus,alpha0.18,case_046,0,ok,4.119850187265918,5.119850187265918,4096,801.0,0.686641697877653,length,True,20.69629210885614
mtbench,cactus,alpha0.18,case_047,0,ok,4.174603174603175,5.174603174603175,979,189.0,0.6957671957671958,stop,True,5.1177562130615115
mtbench,cactus,alpha0.18,case_048,0,ok,4.855,5.855,1171,200.0,0.8091666666666667,stop,True,5.660742200911045
mtbench,cactus,alpha0.18,case_049,0,ok,4.847715736040609,5.847715736040609,1152,197.0,0.8079526226734348,stop,True,5.5673379939980805
mtbench,cactus,alpha0.18,case_050,0,ok,4.961956521739131,5.961956521739131,2195,368.0,0.8269927536231884,stop,True,10.222292734775692
mtbench,cactus,alpha0.18,case_051,0,ok,4.45045045045045,5.45045045045045,605,111.0,0.7417417417417418,stop,True,2.5737922228872776
mtbench,cactus,alpha0.18,case_052,0,ok,5.338485316846986,6.338485316846986,4096,647.0,0.889747552807831,length,False,18.982154795899987
mtbench,cactus,alpha0.18,case_053,0,ok,4.032388663967612,5.032388663967612,1243,247.0,0.6720647773279352,stop,True,6.630845830310136
mtbench,cactus,alpha0.18,case_054,0,ok,5.367647058823529,6.367647058823529,864,136.0,0.8946078431372549,stop,True,4.223980549257249
mtbench,cactus,alpha0.18,case_055,0,ok,3.684,4.684,1171,250.0,0.614,stop,True,6.549802477937192
mtbench,cactus,alpha0.18,case_056,0,ok,4.28923076923077,5.28923076923077,1715,325.0,0.7148717948717949,stop,True,9.014520542230457
mtbench,cactus,alpha0.18,case_057,0,ok,5.390243902439025,6.390243902439025,1310,205.0,0.8983739837398373,stop,True,6.652908663265407
mtbench,cactus,alpha0.18,case_058,0,ok,4.934426229508197,5.934426229508197,363,61.0,0.8224043715846995,stop,True,2.1234494149684906
mtbench,cactus,alpha0.18,case_059,0,ok,4.406332453825858,5.406332453825858,4096,758.0,0.7343887423043096,length,False,21.72312192991376
mtbench,cactus,alpha0.18,case_060,0,ok,4.531674208144796,5.531674208144796,2445,442.0,0.7552790346907994,stop,True,12.690313363913447
mtbench,cactus,alpha0.18,case_061,0,ok,4.2444444444444445,5.2444444444444445,470,90.0,0.7074074074074074,stop,True,2.748114809859544
mtbench,cactus,alpha0.18,case_062,0,ok,4.142857142857143,5.142857142857143,575,112.0,0.6904761904761905,stop,True,3.3977776523679495
mtbench,cactus,alpha0.18,case_063,0,ok,4.465116279069767,5.465116279069767,468,86.0,0.7441860465116279,stop,True,2.639925769995898
mtbench,cactus,alpha0.18,case_064,0,ok,3.8333333333333335,4.833333333333334,144,30.0,0.6388888888888888,stop,True,1.163075866177678
mtbench,cactus,alpha0.18,case_065,0,ok,4.03125,5.03125,161,32.0,0.671875,stop,True,1.1403097189031541
mtbench,cactus,alpha0.18,case_066,0,ok,4.224299065420561,5.224299065420561,1114,214.0,0.7040498442367601,stop,True,6.495843285694718
mtbench,cactus,alpha0.18,case_067,0,ok,3.965197215777262,4.965197215777263,2139,431.0,0.6608662026295437,stop,True,11.264237057883292
mtbench,cactus,alpha0.18,case_068,0,ok,3.974860335195531,4.974860335195531,1781,358.0,0.6624767225325885,stop,True,9.559700513724238
mtbench,cactus,alpha0.18,case_069,0,ok,5.108910891089109,6.108910891089109,616,101.0,0.8514851485148515,stop,True,3.613335580099374
mtbench,cactus,alpha0.18,case_070,0,ok,4.396875,5.396875,1728,320.0,0.7328125,stop,True,9.573741663713008
mtbench,cactus,alpha0.18,case_071,0,ok,4.572649572649572,5.572649572649572,652,117.0,0.7621082621082621,stop,True,4.029611743055284
mtbench,cactus,alpha0.18,case_072,0,ok,4.134969325153374,5.134969325153374,832,163.0,0.689161554192229,stop,True,5.15654937364161
mtbench,cactus,alpha0.18,case_073,0,ok,4.746113989637306,5.746113989637306,1106,193.0,0.7910189982728842,stop,True,5.814173239283264
mtbench,cactus,alpha0.18,case_074,0,ok,4.407673860911271,5.407673860911271,2254,417.0,0.7346123101518784,stop,True,11.348109156824648
mtbench,cactus,alpha0.18,case_075,0,ok,4.168618266978923,5.168618266978923,2206,427.0,0.6947697111631538,stop,True,11.379030469805002
mtbench,cactus,alpha0.18,case_076,0,ok,5.148760330578512,6.148760330578512,2973,484.0,0.8581267217630854,stop,True,14.371135485824198
mtbench,cactus,alpha0.18,case_077,0,ok,4.881818181818182,5.881818181818182,3235,550.0,0.8136363636363636,stop,True,15.49131029099226
mtbench,cactus,alpha0.18,case_078,0,ok,4.970674486803519,5.970674486803519,2036,341.0,0.8284457478005866,stop,True,9.49628578685224
mtbench,cactus,alpha0.18,case_079,0,ok,5.204633204633205,6.204633204633205,1605,259.0,0.8674388674388674,stop,True,7.417226607911289
mtbench,cactus,alpha0.18,case_080,0,ok,4.46749226006192,5.46749226006192,1766,323.0,0.7445820433436533,stop,True,8.856451944448054
mtbench,cactus,alpha0.35,case_001,0,ok,5.364341085271318,6.364341085271318,1638,258.0,0.8940568475452196,stop,True,7.333203959278762
mtbench,cactus,alpha0.35,case_002,0,ok,5.653465346534653,6.653465346534653,1340,202.0,0.9422442244224423,stop,True,5.946605760138482
mtbench,cactus,alpha0.35,case_003,0,ok,5.435643564356436,6.435643564356436,1950,303.0,0.905940594059406,stop,True,8.988412598147988
mtbench,cactus,alpha0.35,case_004,0,ok,4.653061224489796,5.653061224489796,554,98.0,0.7755102040816326,stop,False,2.4840362011455
mtbench,cactus,alpha0.35,case_005,0,ok,5.041666666666667,6.041666666666667,434,72.0,0.8402777777777778,stop,True,1.7748295860365033
mtbench,cactus,alpha0.35,case_006,0,ok,4.483870967741935,5.483870967741935,849,155.0,0.7473118279569892,stop,True,3.9592615668661892
mtbench,cactus,alpha0.35,case_007,0,ok,4.096899224806202,5.096899224806202,1311,258.0,0.6828165374677002,stop,True,6.6109643038362265
mtbench,cactus,alpha0.35,case_008,0,ok,3.9785407725321886,4.978540772532188,1160,233.0,0.6630901287553648,stop,True,5.938557127024978
mtbench,cactus,alpha0.35,case_009,0,ok,4.375,5.375,173,32.0,0.7291666666666666,stop,True,1.0739875361323357
mtbench,cactus,alpha0.35,case_010,0,ok,4.72258064516129,5.72258064516129,2659,465.0,0.7870967741935484,stop,True,13.080381504260004
mtbench,cactus,alpha0.35,case_011,0,ok,5.225181598062954,6.225181598062954,2571,413.0,0.870863599677159,stop,True,12.384181339293718
mtbench,cactus,alpha0.35,case_012,0,ok,5.308068459657702,6.308068459657702,2581,409.0,0.884678076609617,stop,True,12.179740035906434
mtbench,cactus,alpha0.35,case_013,0,ok,3.1914893617021276,4.191489361702128,196,47.0,0.5319148936170213,stop,True,1.153160223737359
mtbench,cactus,alpha0.35,case_014,0,ok,5.054545454545455,6.054545454545455,334,55.0,0.8424242424242424,stop,True,1.3691282821819186
mtbench,cactus,alpha0.35,case_015,0,ok,4.390243902439025,5.390243902439025,663,123.0,0.7317073170731707,stop,True,3.23164667468518
mtbench,cactus,alpha0.35,case_016,0,ok,3.7187017001545595,4.7187017001545595,3051,647.0,0.6197836166924265,stop,True,16.13732311083004
mtbench,cactus,alpha0.35,case_017,0,ok,5.38785046728972,6.38785046728972,4096,642.0,0.8979750778816199,length,False,19.525042976252735
mtbench,cactus,alpha0.35,case_018,0,ok,5.18075117370892,6.18075117370892,2633,426.0,0.8634585289514867,stop,True,11.886672660242766
mtbench,cactus,alpha0.35,case_019,0,ok,5.011764705882353,6.011764705882353,1019,170.0,0.8352941176470589,stop,True,4.8140500318259
mtbench,cactus,alpha0.35,case_020,0,ok,4.260869565217392,5.260869565217392,121,23.0,0.7101449275362319,stop,True,0.7204303918406367
mtbench,cactus,alpha0.35,case_021,0,ok,4.0256410256410255,5.0256410256410255,392,78.0,0.6709401709401709,stop,True,1.7446381920017302
mtbench,cactus,alpha0.35,case_022,0,ok,4.3478260869565215,5.3478260869565215,861,161.0,0.7246376811594203,stop,True,4.096436919178814
mtbench,cactus,alpha0.35,case_023,0,ok,4.626966292134831,5.626966292134831,2504,445.0,0.7711610486891386,stop,True,12.421166618354619
mtbench,cactus,alpha0.35,case_024,0,ok,4.344827586206897,5.344827586206897,1860,348.0,0.7241379310344828,stop,True,8.929958198685199
mtbench,cactus,alpha0.35,case_025,0,ok,4.892156862745098,5.892156862745098,599,102.0,0.815359477124183,stop,True,2.961743847001344
mtbench,cactus,alpha0.35,case_026,0,ok,4.662162162162162,5.662162162162162,2095,370.0,0.777027027027027,stop,True,10.717661450151354
mtbench,cactus,alpha0.35,case_027,0,ok,4.152263374485597,5.152263374485597,1249,243.0,0.6920438957475995,stop,True,6.2042027390562
mtbench,cactus,alpha0.35,case_028,0,ok,5.1808219178082195,6.1808219178082195,2255,365.0,0.8634703196347032,stop,True,10.867315526120365
mtbench,cactus,alpha0.35,case_029,0,ok,5.482857142857143,6.482857142857143,2269,350.0,0.9138095238095238,stop,True,9.926882000640035
mtbench,cactus,alpha0.35,case_030,0,ok,4.848484848484849,5.848484848484849,966,165.0,0.8080808080808081,stop,True,4.433224320877343
mtbench,cactus,alpha0.35,case_031,0,ok,3.7589285714285716,4.758928571428571,532,112.0,0.6264880952380952,stop,True,2.4544949969276786
mtbench,cactus,alpha0.35,case_032,0,ok,5.708333333333333,6.708333333333333,482,72.0,0.9513888888888888,stop,True,2.6239728247746825
mtbench,cactus,alpha0.35,case_033,0,ok,5.3559322033898304,6.3559322033898304,1124,177.0,0.8926553672316384,stop,True,5.788719767704606
mtbench,cactus,alpha0.35,case_034,0,ok,5.2817955112219455,6.2817955112219455,2515,401.0,0.8802992518703242,stop,True,12.478605247102678
mtbench,cactus,alpha0.35,case_035,0,ok,4.956140350877193,5.956140350877193,680,114.0,0.8260233918128655,stop,True,3.6415549078956246
mtbench,cactus,alpha0.35,case_036,0,ok,5.420930232558139,6.420930232558139,2760,430.0,0.9034883720930232,stop,True,13.4523187270388
mtbench,cactus,alpha0.35,case_037,0,ok,4.927884615384615,5.927884615384615,1230,208.0,0.8213141025641025,stop,True,6.202460020780563
mtbench,cactus,alpha0.35,case_038,0,ok,4.863636363636363,5.863636363636363,900,154.0,0.8106060606060606,stop,True,4.9010560740716755
mtbench,cactus,alpha0.35,case_039,0,ok,4.489583333333333,5.489583333333333,526,96.0,0.7482638888888888,stop,True,3.104441880248487
mtbench,cactus,alpha0.35,case_040,0,ok,4.253333333333333,5.253333333333333,788,150.0,0.7088888888888889,stop,True,4.452915214933455
mtbench,cactus,alpha0.35,case_041,0,ok,3.9925373134328357,4.992537313432836,664,134.0,0.6654228855721394,stop,True,3.728099140804261
mtbench,cactus,alpha0.35,case_042,0,ok,4.525606469002695,5.525606469002695,4096,742.0,0.7542677448337826,length,False,20.127676856704056
mtbench,cactus,alpha0.35,case_043,0,ok,4.888888888888889,5.888888888888889,265,45.0,0.8148148148148148,stop,True,1.8594199120998383
mtbench,cactus,alpha0.35,case_044,0,ok,5.067073170731708,6.067073170731708,991,164.0,0.8445121951219512,stop,True,5.683525835163891
mtbench,cactus,alpha0.35,case_045,0,ok,4.459016393442623,5.459016393442623,666,122.0,0.7431693989071039,stop,True,4.251050947699696
mtbench,cactus,alpha0.35,case_046,0,ok,4.2975420439844765,5.2975420439844765,4096,773.0,0.716257007330746,length,False,20.181855044793338
mtbench,cactus,alpha0.35,case_047,0,ok,4.9010989010989015,5.9010989010989015,1611,273.0,0.8168498168498168,stop,True,7.756442070938647
mtbench,cactus,alpha0.35,case_048,0,ok,4.640845070422535,5.640845070422535,796,142.0,0.7734741784037559,stop,True,4.0073466477915645
mtbench,cactus,alpha0.35,case_049,0,ok,4.95398773006135,5.95398773006135,1938,326.0,0.8256646216768916,stop,True,9.136032866314054
mtbench,cactus,alpha0.35,case_050,0,ok,5.507142857142857,6.507142857142857,1819,280.0,0.9178571428571428,stop,True,8.161447644233704
mtbench,cactus,alpha0.35,case_051,0,ok,4.626168224299065,5.626168224299065,601,107.0,0.7710280373831776,stop,True,2.3576345569454134
mtbench,cactus,alpha0.35,case_052,0,ok,5.648936170212766,6.648936170212766,2500,376.0,0.9414893617021277,stop,True,11.165875093080103
mtbench,cactus,alpha0.35,case_053,0,ok,3.9702970297029703,4.97029702970297,501,101.0,0.6617161716171617,stop,True,2.8479888322763145
mtbench,cactus,alpha0.35,case_054,0,ok,5.333333333333333,6.333333333333333,872,138.0,0.8888888888888888,stop,True,4.311052325647324
mtbench,cactus,alpha0.35,case_055,0,ok,4.279620853080568,5.279620853080568,1111,211.0,0.7132701421800948,stop,True,6.052427791059017
mtbench,cactus,alpha0.35,case_056,0,ok,5.26647564469914,6.26647564469914,2188,349.0,0.87774594078319,stop,True,10.890175342094153
mtbench,cactus,alpha0.35,case_057,0,ok,5.5227272727272725,6.5227272727272725,1722,264.0,0.9204545454545454,stop,True,8.363369232043624
mtbench,cactus,alpha0.35,case_058,0,ok,5.287671232876712,6.287671232876712,1376,219.0,0.8812785388127854,stop,True,6.848425639793277
mtbench,cactus,alpha0.35,case_059,0,ok,4.557666214382632,5.557666214382632,4096,737.0,0.7596110357304388,length,False,20.49590327590704
mtbench,cactus,alpha0.35,case_060,0,ok,4.6749435665914225,5.6749435665914225,2513,443.0,0.7791572610985703,stop,True,12.82735498296097
mtbench,cactus,alpha0.35,case_061,0,ok,4.122950819672131,5.122950819672131,626,122.0,0.6871584699453552,stop,True,3.5295378430746496
mtbench,cactus,alpha0.35,case_062,0,ok,4.571428571428571,5.571428571428571,390,70.0,0.7619047619047619,stop,True,2.260889507830143
mtbench,cactus,alpha0.35,case_063,0,ok,4.282608695652174,5.282608695652174,730,138.0,0.7137681159420289,stop,True,3.9087023101747036
mtbench,cactus,alpha0.35,case_064,0,ok,4.37037037037037,5.37037037037037,145,27.0,0.7283950617283951,stop,True,1.0886245206929743
mtbench,cactus,alpha0.35,case_065,0,ok,4.833333333333333,5.833333333333333,101,18.0,0.8055555555555556,stop,True,0.7749651223421097
mtbench,cactus,alpha0.35,case_066,0,ok,4.634228187919463,5.634228187919463,1675,298.0,0.7723713646532439,stop,True,8.593842962756753
mtbench,cactus,alpha0.35,case_067,0,ok,4.208556149732621,5.208556149732621,1949,374.0,0.7014260249554367,stop,True,9.910283491946757
mtbench,cactus,alpha0.35,case_068,0,ok,4.065326633165829,5.065326633165829,2015,398.0,0.6775544388609716,stop,True,10.429147875867784
mtbench,cactus,alpha0.35,case_069,0,ok,5.029411764705882,6.029411764705882,201,34.0,0.8382352941176471,stop,True,1.6420448157005012
mtbench,cactus,alpha0.35,case_070,0,ok,4.9868421052631575,5.9868421052631575,4096,684.0,0.831140350877193,length,False,19.728263557888567
mtbench,cactus,alpha0.35,case_071,0,ok,4.72093023255814,5.72093023255814,490,86.0,0.7868217054263565,stop,True,3.102178781758994
mtbench,cactus,alpha0.35,case_072,0,ok,5.035714285714286,6.035714285714286,505,84.0,0.8392857142857143,stop,True,3.0540442508645356
mtbench,cactus,alpha0.35,case_073,0,ok,4.842553191489362,5.842553191489362,1370,235.0,0.8070921985815603,stop,True,6.53740123193711
mtbench,cactus,alpha0.35,case_074,0,ok,4.876666666666667,5.876666666666667,1760,300.0,0.8127777777777778,stop,True,8.36058188881725
mtbench,cactus,alpha0.35,case_075,0,ok,4.4875,5.4875,1756,320.0,0.7479166666666667,stop,True,8.592136074788868
mtbench,cactus,alpha0.35,case_076,0,ok,5.1625,6.1625,2461,400.0,0.8604166666666667,stop,True,11.249559063930064
mtbench,cactus,alpha0.35,case_077,0,ok,5.1,6.1,2746,450.0,0.85,stop,True,12.532351506873965
mtbench,cactus,alpha0.35,case_078,0,ok,5.6464088397790055,6.6464088397790055,2407,362.0,0.9410681399631676,stop,True,10.560637841932476
mtbench,cactus,alpha0.35,case_079,0,ok,5.342105263157895,6.342105263157895,1444,228.0,0.8903508771929824,stop,True,6.578434149734676
mtbench,cactus,alpha0.35,case_080,0,ok,5.061757719714964,6.061757719714964,2552,421.0,0.8436262866191607,stop,True,11.732834440656006
mtbench,mentored_dec,alpha0.15,case_001,0,ok,2.2975679542203147,3.2975679542203147,2305,699.0,0.3829279923700525,stop,True,14.939263090025634
mtbench,mentored_dec,alpha0.15,case_002,0,ok,2.4089121887287024,3.4089121887287024,2601,763.0,0.4014853647881171,stop,True,17.36279673501849
mtbench,mentored_dec,alpha0.15,case_003,0,ok,2.156507413509061,3.156507413509061,1916,607.0,0.35941790225151016,stop,True,12.816762342117727
mtbench,mentored_dec,alpha0.15,case_004,0,ok,2.7206703910614527,3.7206703910614527,665,179.0,0.45344506517690875,stop,True,3.7733666002750397
mtbench,mentored_dec,alpha0.15,case_005,0,ok,3.0317460317460316,4.031746031746032,254,63.0,0.5052910052910053,stop,True,1.3954948289319873
mtbench,mentored_dec,alpha0.15,case_006,0,ok,2.9622641509433962,3.9622641509433962,419,106.0,0.4937106918238994,stop,True,2.218390333931893
mtbench,mentored_dec,alpha0.15,case_007,0,ok,2.602836879432624,3.602836879432624,1524,423.0,0.43380614657210403,stop,True,9.44766706507653
mtbench,mentored_dec,alpha0.15,case_008,0,ok,2.524886877828054,3.524886877828054,778,221.0,0.42081447963800905,stop,True,4.654067957773805
mtbench,mentored_dec,alpha0.15,case_009,0,ok,3.652173913043478,4.6521739130434785,108,23.0,0.6086956521739131,stop,True,0.8509282730519772
mtbench,mentored_dec,alpha0.15,case_010,0,ok,2.2934306569343064,3.2934306569343064,2255,685.0,0.38223844282238445,stop,True,14.949482712894678
mtbench,mentored_dec,alpha0.15,case_011,0,ok,1.7007042253521127,2.700704225352113,2300,852.0,0.2834507042253521,stop,True,17.631118651945144
mtbench,mentored_dec,alpha0.15,case_012,0,ok,2.0560669456066947,3.0560669456066947,3650,1195.0,0.3426778242677824,stop,True,25.518461915198714
mtbench,mentored_dec,alpha0.15,case_013,0,ok,2.8958333333333335,3.8958333333333335,188,48.0,0.4826388888888889,stop,True,1.126326336991042
mtbench,mentored_dec,alpha0.15,case_014,0,ok,1.7459459459459459,2.745945945945946,508,185.0,0.290990990990991,stop,True,3.5549743841402233
mtbench,mentored_dec,alpha0.15,case_015,0,ok,3.2626262626262625,4.262626262626263,421,99.0,0.5437710437710438,stop,True,2.33632630482316
mtbench,mentored_dec,alpha0.15,case_016,0,ok,1.4568527918781726,2.4568527918781724,484,197.0,0.2428087986463621,stop,True,3.940611680969596
mtbench,mentored_dec,alpha0.15,case_017,0,ok,2.5836501901140685,3.5836501901140685,1885,526.0,0.4306083650190114,stop,True,11.653628232888877
mtbench,mentored_dec,alpha0.15,case_018,0,ok,1.935483870967742,2.935483870967742,1912,651.0,0.3225806451612903,stop,True,13.347395852208138
mtbench,mentored_dec,alpha0.15,case_019,0,ok,2.3035714285714284,3.3035714285714284,185,56.0,0.38392857142857145,stop,True,1.2701926128938794
mtbench,mentored_dec,alpha0.15,case_020,0,ok,4.24,5.24,131,25.0,0.7066666666666667,stop,True,0.7997482512146235
mtbench,mentored_dec,alpha0.15,case_021,0,ok,2.776315789473684,3.776315789473684,574,152.0,0.46271929824561403,stop,True,3.310888492036611
mtbench,mentored_dec,alpha0.15,case_022,0,ok,2.9909090909090907,3.9909090909090907,877,220.0,0.4984848484848485,stop,True,4.933378876652569
mtbench,mentored_dec,alpha0.15,case_023,0,ok,2.4982905982905983,3.4982905982905983,4094,1170.0,0.4163817663817664,stop,True,26.832685868255794
mtbench,mentored_dec,alpha0.15,case_024,0,ok,2.4045226130653266,3.4045226130653266,1355,398.0,0.4007537688442211,stop,True,8.371755614876747
mtbench,mentored_dec,alpha0.15,case_025,0,ok,3.221105527638191,4.221105527638191,840,199.0,0.5368509212730318,stop,True,5.014762456994504
mtbench,mentored_dec,alpha0.15,case_026,0,ok,2.6825396825396823,3.6825396825396823,927,252.0,0.4470899470899471,stop,True,5.823393747210503
mtbench,mentored_dec,alpha0.15,case_027,0,ok,2.46875,3.46875,1332,384.0,0.4114583333333333,stop,True,8.54069396480918
mtbench,mentored_dec,alpha0.15,case_028,0,ok,2.1758087201125176,3.1758087201125176,2257,711.0,0.3626347866854196,stop,True,15.462593254167587
mtbench,mentored_dec,alpha0.15,case_029,0,ok,1.8992805755395683,2.899280575539568,2417,834.0,0.31654676258992803,stop,True,18.07471957569942
mtbench,mentored_dec,alpha0.15,case_030,0,ok,2.08,3.08,1540,500.0,0.3466666666666667,stop,True,10.68247468303889
mtbench,mentored_dec,alpha0.15,case_031,0,ok,2.5867768595041323,3.5867768595041323,434,121.0,0.43112947658402206,stop,True,2.2567341439425945
mtbench,mentored_dec,alpha0.15,case_032,0,ok,1.7197452229299364,2.7197452229299364,426,157.0,0.28662420382165604,stop,True,3.274676520843059
mtbench,mentored_dec,alpha0.15,case_033,0,ok,1.5658362989323844,2.5658362989323846,721,281.0,0.2609727164887307,stop,True,5.609631118830293
mtbench,mentored_dec,alpha0.15,case_034,0,ok,2.006300630063006,3.006300630063006,3339,1111.0,0.3343834383438344,stop,True,22.962584276217967
mtbench,mentored_dec,alpha0.15,case_035,0,ok,1.4097222222222223,2.4097222222222223,346,144.0,0.2349537037037037,stop,True,2.9826398361474276
mtbench,mentored_dec,alpha0.15,case_036,0,ok,2.4687045123726348,3.4687045123726348,2382,687.0,0.4114507520621058,stop,True,15.144731407053769
mtbench,mentored_dec,alpha0.15,case_037,0,ok,2.720379146919431,3.720379146919431,784,211.0,0.45339652448657186,stop,True,5.069231708068401
mtbench,mentored_dec,alpha0.15,case_038,0,ok,2.757575757575758,3.757575757575758,124,33.0,0.4595959595959596,stop,True,1.2752680405974388
mtbench,mentored_dec,alpha0.15,case_039,0,ok,2.9930555555555554,3.9930555555555554,576,144.0,0.4988425925925926,stop,True,3.7065747138112783
mtbench,mentored_dec,alpha0.15,case_040,0,ok,3.168067226890756,4.168067226890756,495,119.0,0.5280112044817927,stop,True,3.0877693071961403
mtbench,mentored_dec,alpha0.15,case_041,0,ok,2.7964071856287425,3.7964071856287425,634,167.0,0.4660678642714571,stop,True,4.089456278830767
mtbench,mentored_dec,alpha0.15,case_042,0,ok,2.631853785900783,3.631853785900783,1391,383.0,0.4386422976501306,stop,True,8.850098451133817
mtbench,mentored_dec,alpha0.15,case_043,0,ok,3.875,4.875,117,24.0,0.6458333333333334,stop,True,1.2360881636850536
mtbench,mentored_dec,alpha0.15,case_044,0,ok,3.71875,4.71875,605,128.0,0.6197916666666666,stop,True,4.262973436620086
mtbench,mentored_dec,alpha0.15,case_045,0,ok,2.6600790513833994,3.6600790513833994,926,253.0,0.44334650856389984,stop,True,6.579853420611471
mtbench,mentored_dec,alpha0.15,case_046,0,ok,2.218390804597701,3.218390804597701,1960,609.0,0.36973180076628354,stop,True,12.936740161851048
mtbench,mentored_dec,alpha0.15,case_047,0,ok,2.2857142857142856,3.2857142857142856,1312,399.0,0.38095238095238093,stop,True,8.663266527932137
mtbench,mentored_dec,alpha0.15,case_048,0,ok,1.6112759643916914,2.6112759643916914,880,337.0,0.2685459940652819,stop,True,6.658191635273397
mtbench,mentored_dec,alpha0.15,case_049,0,ok,1.9751552795031055,2.9751552795031055,1437,483.0,0.32919254658385094,stop,True,10.081685524899513
mtbench,mentored_dec,alpha0.15,case_050,0,ok,1.918097754293263,2.918097754293263,2210,757.0,0.31968295904887717,stop,True,15.353923697024584
mtbench,mentored_dec,alpha0.15,case_051,0,ok,1.765,2.7649999999999997,553,200.0,0.2941666666666667,stop,True,3.4861606867052615
mtbench,mentored_dec,alpha0.15,case_052,0,ok,1.877016129032258,2.877016129032258,1426,496.0,0.31283602150537637,stop,True,10.162170797586441
mtbench,mentored_dec,alpha0.15,case_053,0,ok,1.8408488063660478,2.840848806366048,1070,377.0,0.3068081343943413,stop,True,7.846385413315147
mtbench,mentored_dec,alpha0.15,case_054,0,ok,1.6997518610421836,2.6997518610421833,1087,403.0,0.28329197684036395,stop,True,8.154739684890956
mtbench,mentored_dec,alpha0.15,case_055,0,ok,2.032128514056225,3.032128514056225,754,249.0,0.3386880856760375,stop,True,5.432320240885019
mtbench,mentored_dec,alpha0.15,case_056,0,ok,2.236889692585895,3.236889692585895,1790,553.0,0.37281494876431587,stop,True,12.13942369678989
mtbench,mentored_dec,alpha0.15,case_057,0,ok,1.8095238095238095,2.8095238095238093,1474,525.0,0.30158730158730157,stop,True,10.609692411031574
mtbench,mentored_dec,alpha0.15,case_058,0,ok,3.5555555555555554,4.555555555555555,325,72.0,0.5925925925925926,stop,True,1.9926756019704044
mtbench,mentored_dec,alpha0.15,case_059,0,ok,2.3946428571428573,3.3946428571428573,1900,560.0,0.3991071428571429,stop,True,13.055265312083066
mtbench,mentored_dec,alpha0.15,case_060,0,ok,2.391691394658754,3.391691394658754,1143,337.0,0.39861523244312563,stop,True,7.653676106128842
mtbench,mentored_dec,alpha0.15,case_061,0,ok,3.2903225806451615,4.290322580645162,665,155.0,0.5483870967741935,stop,True,3.8943179273046553
mtbench,mentored_dec,alpha0.15,case_062,0,ok,3.2,4.2,421,100.0,0.5333333333333333,stop,True,2.704927397426218
mtbench,mentored_dec,alpha0.15,case_063,0,ok,3.348684210526316,4.348684210526316,662,152.0,0.5581140350877193,stop,True,3.8912510061636567
mtbench,mentored_dec,alpha0.15,case_064,0,ok,3.3823529411764706,4.382352941176471,149,34.0,0.5637254901960784,stop,True,1.3060171389952302
mtbench,mentored_dec,alpha0.15,case_065,0,ok,3.3157894736842106,4.315789473684211,164,38.0,0.5526315789473685,stop,True,1.1724726958200336
mtbench,mentored_dec,alpha0.15,case_066,0,ok,2.268774703557312,3.268774703557312,1654,506.0,0.37812911725955206,stop,True,11.305958871729672
mtbench,mentored_dec,alpha0.15,case_067,0,ok,2.631984585741811,3.631984585741811,1885,519.0,0.4386640976236352,stop,True,11.754131691064686
mtbench,mentored_dec,alpha0.15,case_068,0,ok,2.6466165413533833,3.6466165413533833,1455,399.0,0.44110275689223055,stop,True,9.024813090916723
mtbench,mentored_dec,alpha0.15,case_069,0,ok,3.6666666666666665,4.666666666666666,153,33.0,0.6111111111111112,stop,True,1.609592076856643
mtbench,mentored_dec,alpha0.15,case_070,0,ok,2.878656554712893,3.878656554712893,3579,923.0,0.4797760924521488,stop,True,22.1225089491345
mtbench,mentored_dec,alpha0.15,case_071,0,ok,3.0594594594594593,4.059459459459459,751,185.0,0.5099099099099099,stop,True,4.940575830172747
mtbench,mentored_dec,alpha0.15,case_072,0,ok,3.0784313725490198,4.078431372549019,414,102.0,0.5130718954248366,stop,True,3.0587432449683547
mtbench,mentored_dec,alpha0.15,case_073,0,ok,2.239130434782609,3.239130434782609,1042,322.0,0.37318840579710144,stop,True,6.944799551740289
mtbench,mentored_dec,alpha0.15,case_074,0,ok,2.635593220338983,3.635593220338983,857,236.0,0.4392655367231638,stop,True,5.455951946787536
mtbench,mentored_dec,alpha0.15,case_075,0,ok,2.2896341463414633,3.2896341463414633,2156,656.0,0.38160569105691056,stop,True,14.035718445200473
mtbench,mentored_dec,alpha0.15,case_076,0,ok,1.9005736137667304,2.9005736137667304,3034,1046.0,0.31676226896112175,stop,True,21.153250225819647
mtbench,mentored_dec,alpha0.15,case_077,0,ok,1.9960443037974684,2.9960443037974684,3786,1264.0,0.3326740506329114,stop,True,25.93743400508538
mtbench,mentored_dec,alpha0.15,case_078,0,ok,1.800469483568075,2.800469483568075,1192,426.0,0.30007824726134585,stop,True,8.59614014532417
mtbench,mentored_dec,alpha0.15,case_079,0,ok,2.0402384500745154,3.0402384500745154,2040,671.0,0.34003974167908596,stop,True,13.75923354877159
mtbench,mentored_dec,alpha0.15,case_080,0,ok,2.0376344086021505,3.0376344086021505,1694,558.0,0.3396057347670251,stop,True,11.59035165887326
mtbench,mentored_dec,alpha0.35,case_001,0,ok,2.433009708737864,3.433009708737864,1767,515.0,0.40550161812297736,stop,True,10.995861641131341
mtbench,mentored_dec,alpha0.35,case_002,0,ok,3.239160839160839,4.239160839160839,3030,715.0,0.5398601398601398,stop,True,16.8708728402853
mtbench,mentored_dec,alpha0.35,case_003,0,ok,2.5623529411764707,3.5623529411764707,1514,425.0,0.42705882352941177,stop,True,9.320539640262723
mtbench,mentored_dec,alpha0.55,case_001,0,ok,3.634228187919463,4.634228187919463,1380,298.0,0.6057046979865772,stop,True,7.415179970674217
mtbench,mentored_dec,alpha0.55,case_002,0,ok,3.9859154929577465,4.985915492957746,1414,284.0,0.6643192488262911,stop,True,7.001185245346278
mtbench,mentored_dec,alpha0.55,case_003,0,ok,2.7353878852284805,3.7353878852284805,3515,941.0,0.45589798087141337,stop,True,21.786902823019773
mtbench,mentored_dec,alpha0.55,case_004,0,ok,3.1448275862068966,4.144827586206897,1200,290.0,0.5241379310344828,stop,True,6.572342047933489
mtbench,mentored_dec,alpha0.55,case_005,0,ok,4.666666666666667,5.666666666666667,372,66.0,0.7777777777777778,stop,True,1.5576225989498198
mtbench,mentored_dec,alpha0.55,case_006,0,ok,3.232394366197183,4.232394366197183,601,142.0,0.5387323943661971,stop,True,3.125155119225383
mtbench,mentored_dec,alpha0.55,case_007,0,ok,3.171814671814672,4.171814671814672,2161,518.0,0.5286357786357786,stop,True,12.160765761043876
mtbench,mentored_dec,alpha0.55,case_008,0,ok,3.5350877192982457,4.535087719298246,1034,228.0,0.5891812865497076,stop,True,5.5940472120419145
mtbench,mentored_dec,alpha0.55,case_009,0,ok,3.782608695652174,4.782608695652174,110,23.0,0.6304347826086957,stop,True,0.8556411010213196
mtbench,mentored_dec,alpha0.55,case_010,0,ok,2.6808510638297873,3.6808510638297873,1557,423.0,0.44680851063829785,stop,True,9.497862062882632
mtbench,mentored_dec,alpha0.55,case_011,0,ok,2.671957671957672,3.671957671957672,3470,945.0,0.445326278659612,stop,True,22.346742536872625
mtbench,mentored_dec,alpha0.55,case_012,0,ok,2.6371681415929205,3.6371681415929205,2877,791.0,0.43952802359882004,stop,True,17.648877911735326
mtbench,mentored_dec,alpha0.55,case_013,0,ok,3.0625,4.0625,195,48.0,0.5104166666666666,stop,True,1.172377523034811
mtbench,mentored_dec,alpha0.55,case_014,0,ok,3.2613636363636362,4.261363636363637,375,88.0,0.5435606060606061,stop,True,1.9063702411949635
mtbench,mentored_dec,alpha0.55,case_015,0,ok,4.228070175438597,5.228070175438597,595,114.0,0.7046783625730995,stop,True,2.946125629823655
mtbench,mentored_dec,alpha0.55,case_016,0,ok,2.208588957055215,3.208588957055215,522,163.0,0.36809815950920244,stop,True,3.3770714420825243
mtbench,mentored_dec,alpha0.55,case_017,0,ok,2.6289592760180995,3.6289592760180995,801,221.0,0.4381598793363499,stop,True,4.740737399086356
mtbench,mentored_dec,alpha0.55,case_018,0,ok,2.947686116700201,3.947686116700201,1962,497.0,0.49128101945003355,stop,True,11.494975578039885
mtbench,mentored_dec,alpha0.55,case_019,0,ok,3.3768115942028984,4.3768115942028984,904,207.0,0.5628019323671497,stop,True,4.884170442819595
mtbench,mentored_dec,alpha0.55,case_020,0,ok,3.3469387755102042,4.346938775510204,214,49.0,0.5578231292517006,stop,True,1.2125497316010296
mtbench,mentored_dec,alpha0.55,case_021,0,ok,4.0875,5.0875,405,80.0,0.68125,stop,True,1.8308298289775848
mtbench,mentored_dec,alpha0.55,case_022,0,ok,3.479381443298969,4.479381443298969,869,194.0,0.5798969072164949,stop,True,4.603329670149833
mtbench,mentored_dec,alpha0.55,case_023,0,ok,3.2808510638297874,4.280851063829788,2012,470.0,0.5468085106382978,stop,True,11.048509560991079
mtbench,mentored_dec,alpha0.55,case_024,0,ok,2.9448160535117056,3.9448160535117056,2356,598.0,0.4908026755852843,stop,True,13.951058983337134
mtbench,mentored_dec,alpha0.55,case_025,0,ok,4.062111801242236,5.062111801242236,815,161.0,0.6770186335403726,stop,True,4.448616964742541
mtbench,mentored_dec,alpha0.55,case_026,0,ok,3.130952380952381,4.130952380952381,1039,252.0,0.5218253968253969,stop,True,5.966992557048798
mtbench,mentored_dec,alpha0.55,case_027,0,ok,2.8322368421052633,3.8322368421052633,1165,304.0,0.4720394736842105,stop,True,6.9411851251497865
mtbench,mentored_dec,alpha0.55,case_028,0,ok,2.4497991967871484,3.4497991967871484,1719,498.0,0.40829986613119146,stop,True,11.192372847814113
mtbench,mentored_dec,alpha0.55,case_029,0,ok,2.917105263157895,3.917105263157895,2977,760.0,0.4861842105263158,stop,True,17.666318052913994
mtbench,mentored_dec,alpha0.55,case_030,0,ok,2.6243093922651934,3.6243093922651934,1311,362.0,0.43738489871086556,stop,True,7.810504293069243
mtbench,mentored_dec,alpha0.55,case_031,0,ok,2.396694214876033,3.396694214876033,410,121.0,0.39944903581267216,stop,True,2.222864312119782
mtbench,mentored_dec,alpha0.55,case_032,0,ok,2.1682242990654204,3.1682242990654204,339,107.0,0.3613707165109034,stop,True,2.46405828371644
mtbench,mentored_dec,alpha0.55,case_033,0,ok,2.8786764705882355,3.8786764705882355,1056,272.0,0.4797794117647059,stop,True,6.510492614004761
mtbench,mentored_dec,alpha0.55,case_034,0,ok,2.524203069657615,3.524203069657615,2985,847.0,0.42070051160960253,stop,True,19.10603500297293
mtbench,mentored_dec,alpha0.55,case_035,0,ok,2.697802197802198,3.697802197802198,671,182.0,0.44963369963369965,stop,True,4.40337138902396
mtbench,mentored_dec,alpha0.55,case_036,0,ok,3.5309734513274336,4.530973451327434,4096,904.0,0.588495575221239,length,False,23.009104875382036
mtbench,mentored_dec,alpha0.55,case_037,0,ok,3.8529411764705883,4.852941176470589,328,68.0,0.6421568627450981,stop,True,2.099012172780931
mtbench,mentored_dec,alpha0.55,case_038,0,ok,3.4523809523809526,4.4523809523809526,188,42.0,0.5753968253968254,stop,True,1.55708801234141
mtbench,mentored_dec,alpha0.55,case_039,0,ok,3.6384615384615384,4.638461538461538,603,130.0,0.6064102564102564,stop,True,3.5707626212388277
mtbench,mentored_dec,alpha0.55,case_040,0,ok,3.539325842696629,4.539325842696629,404,89.0,0.5898876404494382,stop,True,2.428946441039443
mtbench,mentored_dec,alpha0.55,case_041,0,ok,3.5906040268456376,4.590604026845638,682,149.0,0.598434004474273,stop,True,3.8780241240747273
mtbench,mentored_dec,alpha0.55,case_042,0,ok,3.5066079295154187,4.506607929515418,2046,454.0,0.5844346549192364,stop,True,11.19364266982302
mtbench,mentored_dec,alpha0.55,case_043,0,ok,3.7096774193548385,4.709677419354838,145,31.0,0.6182795698924731,stop,True,1.4341956530697644
mtbench,mentored_dec,alpha0.55,case_044,0,ok,4.024390243902439,5.024390243902439,411,82.0,0.6707317073170732,stop,True,3.3593654548749328
mtbench,mentored_dec,alpha0.55,case_045,0,ok,3.0853658536585367,4.085365853658537,335,82.0,0.5142276422764228,stop,True,3.0105845630168915
mtbench,mentored_dec,alpha0.55,case_046,0,ok,2.8361423220973783,3.8361423220973783,4096,1068.0,0.47269038701622973,length,True,25.195390513166785
mtbench,mentored_dec,alpha0.55,case_047,0,ok,2.455801104972376,3.455801104972376,1251,362.0,0.4093001841620626,stop,True,8.134009548928589
mtbench,mentored_dec,alpha0.55,case_048,0,ok,2.2735849056603774,3.2735849056603774,345,106.0,0.3789308176100629,stop,True,2.4709041379392147
mtbench,mentored_dec,alpha0.55,case_049,0,ok,2.2429667519181584,3.2429667519181584,1268,391.0,0.37382779198635974,stop,True,8.528218265157193
mtbench,mentored_dec,alpha0.55,case_050,0,ok,2.963740458015267,3.963740458015267,2077,524.0,0.49395674300254455,stop,True,12.339118734002113
mtbench,mentored_dec,alpha0.55,case_051,0,ok,2.497737556561086,3.497737556561086,773,221.0,0.416289592760181,stop,True,4.265598644968122
mtbench,mentored_dec,alpha0.55,case_052,0,ok,2.4906542056074765,3.4906542056074765,746,214.0,0.4151090342679128,stop,True,4.965613876935095
mtbench,mentored_dec,alpha0.55,case_053,0,ok,1.9333333333333333,2.9333333333333336,219,75.0,0.32222222222222224,stop,True,1.8629151810891926
mtbench,mentored_dec,alpha0.55,case_054,0,ok,2.5633074935400515,3.5633074935400515,1379,387.0,0.4272179155900086,stop,True,9.01838865596801
mtbench,mentored_dec,alpha0.55,case_055,0,ok,2.533613445378151,3.533613445378151,840,238.0,0.4222689075630252,stop,True,5.694383144844323
mtbench,mentored_dec,alpha0.55,case_056,0,ok,2.670194003527337,3.670194003527337,2081,567.0,0.4450323339212228,stop,True,13.361561893951148
mtbench,mentored_dec,alpha0.55,case_057,0,ok,3.512455516014235,4.512455516014235,1266,281.0,0.5854092526690391,stop,True,7.2939715082757175
mtbench,mentored_dec,alpha0.55,case_058,0,ok,4.0979020979020975,5.0979020979020975,728,143.0,0.682983682983683,stop,True,3.921745202038437
mtbench,mentored_dec,alpha0.55,case_059,0,ok,3.021194605009634,4.021194605009634,2087,519.0,0.5035324341682723,stop,True,12.763094163965434
mtbench,mentored_dec,alpha0.55,case_060,0,ok,3.088724584103512,4.088724584103511,2212,541.0,0.5147874306839186,stop,True,13.258717817254364
mtbench,mentored_dec,alpha0.55,case_061,0,ok,4.1454545454545455,5.1454545454545455,567,110.0,0.6909090909090909,stop,True,3.3653184180147946
mtbench,mentored_dec,alpha0.55,case_062,0,ok,3.79,4.79,474,100.0,0.6316666666666667,stop,True,3.056205252185464
mtbench,mentored_dec,alpha0.55,case_063,0,ok,3.8739495798319328,4.873949579831933,580,119.0,0.6456582633053222,stop,True,3.40393021190539
mtbench,mentored_dec,alpha0.55,case_064,0,ok,4.181818181818182,5.181818181818182,228,44.0,0.696969696969697,stop,True,1.554349287878722
mtbench,mentored_dec,alpha0.55,case_065,0,ok,4.361111111111111,5.361111111111111,192,36.0,0.7268518518518519,stop,True,1.2549617998301983
mtbench,mentored_dec,alpha0.55,case_066,0,ok,2.863157894736842,3.863157894736842,1467,380.0,0.47719298245614034,stop,True,9.511731314938515
mtbench,mentored_dec,alpha0.55,case_067,0,ok,3.3657142857142857,4.365714285714286,1528,350.0,0.560952380952381,stop,True,8.924596165772527
mtbench,mentored_dec,alpha0.55,case_068,0,ok,3.0109649122807016,4.010964912280702,1827,456.0,0.501827485380117,stop,True,11.042016791179776
mtbench,mentored_dec,alpha0.55,case_069,0,ok,4.46875,5.46875,348,64.0,0.7447916666666666,stop,True,2.4243313390761614
mtbench,mentored_dec,alpha0.55,case_070,0,ok,3.5566666666666666,4.556666666666667,4096,900.0,0.5927777777777777,length,False,22.731809278950095
mtbench,mentored_dec,alpha0.55,case_071,0,ok,3.647887323943662,4.647887323943662,326,71.0,0.607981220657277,stop,True,2.4414054648950696
mtbench,mentored_dec,alpha0.55,case_072,0,ok,3.9775280898876404,4.97752808988764,439,89.0,0.6629213483146067,stop,True,3.0821459079161286
mtbench,mentored_dec,alpha0.55,case_073,0,ok,2.691823899371069,3.691823899371069,1761,477.0,0.44863731656184486,stop,True,11.00423478987068
mtbench,mentored_dec,alpha0.55,case_074,0,ok,2.72782874617737,3.72782874617737,1218,327.0,0.454638124362895,stop,True,7.597358575090766
mtbench,mentored_dec,alpha0.55,case_075,0,ok,2.901075268817204,3.901075268817204,1815,465.0,0.4835125448028674,stop,True,10.816053026821464
mtbench,mentored_dec,alpha0.55,case_076,0,ok,2.519176800748363,3.519176800748363,3761,1069.0,0.41986280012472715,stop,True,23.81865820288658
mtbench,mentored_dec,alpha0.55,case_077,0,ok,2.631010794896958,3.631010794896958,3700,1019.0,0.43850179914949294,stop,True,22.50813925266266
mtbench,mentored_dec,alpha0.55,case_078,0,ok,2.4014084507042255,3.4014084507042255,1931,568.0,0.40023474178403756,stop,True,12.248764174059033
mtbench,mentored_dec,alpha0.55,case_079,0,ok,2.4606481481481484,3.4606481481481484,1495,432.0,0.41010802469135804,stop,True,9.616589022334665
mtbench,mentored_dec,alpha0.55,case_080,0,ok,2.9651741293532337,3.9651741293532337,1593,402.0,0.494195688225539,stop,True,9.484629265032709
mtbench,mentored_dec,alpha0.75,case_001,0,ok,4.065625,5.065625,1621,320.0,0.6776041666666667,stop,True,8.037410764954984
mtbench,mentored_dec,alpha0.75,case_002,0,ok,5.235159817351598,6.235159817351598,2731,438.0,0.8725266362252664,stop,True,13.07201439095661
mtbench,mentored_dec,alpha0.75,case_003,0,ok,3.2650334075723833,4.265033407572384,1916,449.0,0.5441722345953972,stop,True,11.028079628013074
mtbench,mentored_dec,alpha0.75,case_004,0,ok,3.972361809045226,4.972361809045227,1978,398.0,0.6620603015075377,stop,True,10.286814674269408
mtbench,mentored_dec,alpha0.75,case_005,0,ok,4.491525423728813,5.491525423728813,324,59.0,0.748587570621469,stop,True,1.4477397301234305
mtbench,mentored_dec,alpha0.75,case_006,0,ok,4.118181818181818,5.118181818181818,562,110.0,0.6863636363636364,stop,True,2.514897068031132
mtbench,mentored_dec,alpha0.75,case_007,0,ok,3.518,4.518,2259,500.0,0.5863333333333334,stop,True,12.36791169224307
mtbench,mentored_dec,alpha0.75,case_008,0,ok,3.795774647887324,4.795774647887324,1362,284.0,0.6326291079812206,stop,True,7.251072824932635
mtbench,mentored_dec,alpha0.75,case_009,0,ok,3.869565217391304,4.869565217391305,112,23.0,0.644927536231884,stop,True,0.9452719269320369
mtbench,mentored_dec,alpha0.75,case_010,0,ok,3.0668257756563246,4.066825775656325,1704,419.0,0.5111376292760541,stop,True,9.810180037748069
mtbench,mentored_dec,alpha0.75,case_011,0,ok,3.4555035128805622,4.455503512880562,3806,854.0,0.5759172521467604,stop,True,21.70754653774202
mtbench,mentored_dec,alpha0.75,case_012,0,ok,3.4341279799247175,4.4341279799247175,3534,797.0,0.5723546633207863,stop,True,19.554700115229934
mtbench,mentored_dec,alpha0.75,case_013,0,ok,3.2653061224489797,4.26530612244898,204,49.0,0.54421768707483,stop,True,1.1815627687610686
mtbench,mentored_dec,alpha0.75,case_014,0,ok,3.464788732394366,4.464788732394366,317,71.0,0.5774647887323944,stop,True,1.5089407400228083
mtbench,mentored_dec,alpha0.75,case_015,0,ok,4.311320754716981,5.311320754716981,558,106.0,0.7185534591194969,stop,True,2.6649306658655405
mtbench,mentored_dec,alpha0.75,case_016,0,ok,2.38860103626943,3.38860103626943,653,193.0,0.39810017271157166,stop,True,4.035904468037188
mtbench,mentored_dec,alpha0.75,case_017,0,ok,3.828032979976443,4.828032979976443,4096,849.0,0.6380054966627405,length,False,21.92528190277517
mtbench,mentored_dec,alpha0.75,case_018,0,ok,3.254385964912281,4.254385964912281,1936,456.0,0.5423976608187134,stop,True,10.663809839170426
mtbench,mentored_dec,alpha0.75,case_019,0,ok,3.8787185354691074,4.878718535469107,2132,437.0,0.6464530892448512,stop,True,10.781945826020092
mtbench,mentored_dec,alpha0.75,case_020,0,ok,4.36,5.36,134,25.0,0.7266666666666667,stop,True,0.7515626158565283
mtbench,mentored_dec,alpha0.75,case_021,0,ok,3.9080459770114944,4.908045977011494,427,87.0,0.6513409961685823,stop,True,1.954876844305545
mtbench,mentored_dec,alpha0.75,case_022,0,ok,3.5934065934065935,4.593406593406593,835,182.0,0.5989010989010989,stop,True,4.178742116317153
mtbench,mentored_dec,alpha0.75,case_023,0,ok,3.9603729603729603,4.96037296037296,2128,429.0,0.66006216006216,stop,True,11.126142863184214
mtbench,mentored_dec,alpha0.75,case_024,0,ok,3.348051948051948,4.348051948051948,1672,385.0,0.558008658008658,stop,True,9.015133040957153
mtbench,mentored_dec,alpha0.75,case_025,0,ok,4.053030303030303,5.053030303030303,664,132.0,0.6755050505050505,stop,True,3.406645502895117
mtbench,mentored_dec,alpha0.75,case_026,0,ok,3.921810699588477,4.921810699588477,1196,243.0,0.6536351165980796,stop,True,6.192010610830039
mtbench,mentored_dec,alpha0.75,case_027,0,ok,3.2621621621621624,4.262162162162163,1573,370.0,0.5436936936936937,stop,True,8.593239103909582
mtbench,mentored_dec,alpha0.75,case_028,0,ok,2.823529411764706,3.823529411764706,2080,544.0,0.47058823529411764,stop,True,12.80619725259021
mtbench,mentored_dec,alpha0.75,case_029,0,ok,4.02092050209205,5.02092050209205,2400,478.0,0.6701534170153417,stop,True,12.427139950916171
mtbench,mentored_dec,alpha0.75,case_030,0,ok,3.122754491017964,4.1227544910179645,1375,334.0,0.5204590818363274,stop,True,7.819521160796285
mtbench,mentored_dec,alpha0.75,case_031,0,ok,2.723076923076923,3.723076923076923,484,130.0,0.45384615384615384,stop,True,2.5742945759557188
mtbench,mentored_dec,alpha0.75,case_032,0,ok,2.7906976744186047,3.7906976744186047,489,129.0,0.46511627906976744,stop,True,3.1956686354242265
mtbench,mentored_dec,alpha0.75,case_033,0,ok,3.1185185185185187,4.118518518518519,556,135.0,0.519753086419753,stop,True,3.5071172611787915
mtbench,mentored_dec,alpha0.75,case_034,0,ok,2.943894389438944,3.943894389438944,3584,909.0,0.49064906490649063,stop,True,21.863668822217733
mtbench,mentored_dec,alpha0.75,case_035,0,ok,3.5256410256410255,4.5256410256410255,353,78.0,0.5876068376068376,stop,True,2.1808923799544573
mtbench,mentored_dec,alpha0.75,case_036,0,ok,4.4145569620253164,5.4145569620253164,1711,316.0,0.7357594936708861,stop,True,8.645558381918818
mtbench,mentored_dec,alpha0.75,case_037,0,ok,4.065217391304348,5.065217391304348,467,92.0,0.677536231884058,stop,True,2.740165140014142
mtbench,mentored_dec,alpha0.75,case_038,0,ok,3.135135135135135,4.135135135135135,306,74.0,0.5225225225225225,stop,True,2.279815462883562
mtbench,mentored_dec,alpha0.75,case_039,0,ok,4.047337278106509,5.047337278106509,854,169.0,0.6745562130177515,stop,True,4.6872041411697865
mtbench,mentored_dec,alpha0.75,case_040,0,ok,4.054945054945055,5.054945054945055,458,91.0,0.6758241758241759,stop,True,2.726762675214559
mtbench,mentored_dec,alpha0.75,case_041,0,ok,3.6923076923076925,4.6923076923076925,610,130.0,0.6153846153846154,stop,True,3.6093168170191348
mtbench,mentored_dec,alpha0.75,case_042,0,ok,3.3123486682808716,4.312348668280872,1781,413.0,0.5520581113801453,stop,True,10.072947400156409
mtbench,mentored_dec,alpha0.75,case_043,0,ok,4.041666666666667,5.041666666666667,122,24.0,0.6736111111111112,stop,True,1.241426868364215
mtbench,mentored_dec,alpha0.75,case_044,0,ok,4.728571428571429,5.728571428571429,397,70.0,0.7880952380952381,stop,True,3.073649392928928
mtbench,mentored_dec,alpha0.75,case_045,0,ok,3.493827160493827,4.493827160493828,363,81.0,0.5823045267489712,stop,True,3.0557935889810324
mtbench,mentored_dec,alpha0.75,case_046,0,ok,3.3629441624365484,4.362944162436548,3436,788.0,0.5604906937394247,stop,True,19.203453738242388
mtbench,mentored_dec,alpha0.75,case_047,0,ok,3.1502145922746783,4.150214592274678,2899,699.0,0.525035765379113,stop,True,16.420555884949863
mtbench,mentored_dec,alpha0.75,case_048,0,ok,2.2672064777327936,3.2672064777327936,807,247.0,0.37786774628879893,stop,True,5.369465221185237
mtbench,mentored_dec,alpha0.75,case_049,0,ok,3.332506203473945,4.332506203473946,1745,403.0,0.5554177005789909,stop,True,9.621428969316185
mtbench,mentored_dec,alpha0.75,case_050,0,ok,3.740406320541761,4.74040632054176,2099,443.0,0.6234010534236268,stop,True,10.89419319992885
mtbench,mentored_dec,alpha0.75,case_051,0,ok,2.373205741626794,3.373205741626794,705,209.0,0.39553429027113235,stop,True,3.885143883060664
mtbench,mentored_dec,alpha0.75,case_052,0,ok,3.58273381294964,4.58273381294964,636,139.0,0.5971223021582733,stop,True,3.654648297931999
mtbench,mentored_dec,alpha0.75,case_053,0,ok,2.526984126984127,3.526984126984127,1111,315.0,0.4211640211640212,stop,True,7.11834716796875
mtbench,mentored_dec,alpha0.75,case_054,0,ok,3.6930232558139533,4.693023255813953,1009,215.0,0.6155038759689923,stop,True,5.609311296604574
mtbench,mentored_dec,alpha0.75,case_055,0,ok,2.736607142857143,3.736607142857143,837,224.0,0.45610119047619047,stop,True,5.335079317912459
mtbench,mentored_dec,alpha0.75,case_056,0,ok,2.8901960784313725,3.8901960784313725,1984,510.0,0.48169934640522877,stop,True,12.245010219980031
mtbench,mentored_dec,alpha0.75,case_057,0,ok,4.508417508417509,5.508417508417509,1636,297.0,0.7514029180695847,stop,True,8.565393540542573
mtbench,mentored_dec,alpha0.75,case_058,0,ok,5.041666666666667,6.041666666666667,289,48.0,0.8402777777777778,stop,True,1.6888874336145818
mtbench,mentored_dec,alpha0.75,case_059,0,ok,3.492063492063492,4.492063492063492,2830,630.0,0.582010582010582,stop,True,16.446532211266458
mtbench,mentored_dec,alpha0.75,case_060,0,ok,3.9375,4.9375,1107,224.0,0.65625,stop,True,6.282884298823774
mtbench,mentored_dec,alpha0.75,case_061,0,ok,4.1192660550458715,5.1192660550458715,555,109.0,0.6865443425076453,stop,True,3.1419707890599966
mtbench,mentored_dec,alpha0.75,case_062,0,ok,3.696969696969697,4.696969696969697,310,66.0,0.6161616161616161,stop,True,2.051527536008507
mtbench,mentored_dec,alpha0.75,case_063,0,ok,3.633587786259542,4.633587786259541,607,131.0,0.6055979643765903,stop,True,3.497871301136911
mtbench,mentored_dec,alpha0.75,case_064,0,ok,4.666666666666667,5.666666666666667,238,42.0,0.7777777777777778,stop,True,1.6114213750697672
mtbench,mentored_dec,alpha0.75,case_065,0,ok,4.702702702702703,5.702702702702703,209,37.0,0.7837837837837838,stop,True,1.2864932119846344
mtbench,mentored_dec,alpha0.75,case_066,0,ok,3.45,4.45,1422,320.0,0.575,stop,True,8.426568001043051
mtbench,mentored_dec,alpha0.75,case_067,0,ok,3.4562899786780386,4.456289978678038,2090,469.0,0.576048329779673,stop,True,11.884685210883617
mtbench,mentored_dec,alpha0.75,case_068,0,ok,3.3844621513944224,4.384462151394422,2202,502.0,0.5640770252324038,stop,True,12.699505044147372
mtbench,mentored_dec,alpha0.75,case_069,0,ok,3.823529411764706,4.8235294117647065,163,34.0,0.6372549019607843,stop,True,1.5764677277766168
mtbench,mentored_dec,alpha0.75,case_070,0,ok,4.3427672955974845,5.3427672955974845,3399,636.0,0.7237945492662474,stop,True,17.44969992293045
mtbench,mentored_dec,alpha0.75,case_071,0,ok,3.918032786885246,4.918032786885246,598,122.0,0.6530054644808743,stop,True,3.755709490273148
mtbench,mentored_dec,alpha0.75,case_072,0,ok,4.536231884057971,5.536231884057971,381,69.0,0.7560386473429952,stop,True,2.5902002472430468
mtbench,mentored_dec,alpha0.75,case_073,0,ok,3.5365168539325844,4.536516853932584,1610,356.0,0.5894194756554307,stop,True,8.728473538998514
mtbench,mentored_dec,alpha0.75,case_074,0,ok,2.870722433460076,3.870722433460076,1017,263.0,0.4784537389100127,stop,True,6.221183653455228
mtbench,mentored_dec,alpha0.75,case_075,0,ok,2.8446215139442232,3.8446215139442232,1930,502.0,0.47410358565737054,stop,True,11.534207655582577
mtbench,mentored_dec,alpha0.75,case_076,0,ok,2.9743918053777207,3.9743918053777207,3104,781.0,0.49573196756295346,stop,True,17.97682282794267
mtbench,mentored_dec,alpha0.75,case_077,0,ok,3.424807903402854,4.424807903402854,4032,911.0,0.570801317233809,stop,True,21.801411661785096
mtbench,mentored_dec,alpha0.75,case_078,0,ok,3.4200351493848857,4.420035149384885,2514,569.0,0.5700058582308143,stop,True,13.62501845229417
mtbench,mentored_dec,alpha0.75,case_079,0,ok,3.58,4.58,1602,350.0,0.5966666666666667,stop,True,8.596764734946191
mtbench,mentored_dec,alpha0.75,case_080,0,ok,2.679611650485437,3.679611650485437,1133,309.0,0.44660194174757284,stop,True,7.0738223204389215
mtbench,r_fuzzy,alpha0.03,case_001,0,ok,1.981859410430839,2.9818594104308387,2630,882.0,0.3303099017384732,stop,True,18.380498054903
mtbench,r_fuzzy,alpha0.03,case_002,0,ok,2.270186335403727,3.270186335403727,2102,644.0,0.37836438923395443,stop,True,13.642553898040205
mtbench,r_fuzzy,alpha0.03,case_003,0,ok,1.8973799126637554,2.897379912663755,1328,458.0,0.31622998544395925,stop,True,9.37235060101375
mtbench,r_fuzzy,alpha0.08,case_001,0,ok,2.3157894736842106,3.3157894736842106,1576,475.0,0.38596491228070173,stop,True,11.101661568973213
mtbench,r_fuzzy,alpha0.08,case_002,0,ok,2.5142428785607196,3.5142428785607196,2345,667.0,0.41904047976011993,stop,True,14.515937137883157
mtbench,r_fuzzy,alpha0.08,case_003,0,ok,1.9741219963031422,2.9741219963031424,1609,541.0,0.3290203327171904,stop,True,11.334033933002502
mtbench,r_fuzzy,alpha0.08,case_004,0,ok,2.803921568627451,3.803921568627451,968,255.0,0.4673202614379085,stop,True,5.878293883986771
mtbench,r_fuzzy,alpha0.08,case_005,0,ok,3.1714285714285713,4.171428571428571,146,35.0,0.5285714285714286,stop,True,0.9497138597071171
mtbench,r_fuzzy,alpha0.08,case_006,0,ok,3.49,4.49,448,100.0,0.5816666666666667,stop,True,2.234842056874186
mtbench,r_fuzzy,alpha0.08,case_007,0,ok,2.6545454545454548,3.6545454545454548,2011,550.0,0.44242424242424244,stop,True,12.284840861801058
mtbench,r_fuzzy,alpha0.08,case_008,0,ok,2.6336996336996337,3.6336996336996337,992,273.0,0.43894993894993894,stop,True,5.976143846753985
mtbench,r_fuzzy,alpha0.08,case_009,0,ok,3.652173913043478,4.6521739130434785,107,23.0,0.6086956521739131,stop,True,0.8493447359651327
mtbench,r_fuzzy,alpha0.08,case_010,0,ok,2.5417185554171855,3.5417185554171855,2844,803.0,0.4236197592361976,stop,True,18.367590107023716
mtbench,r_fuzzy,alpha0.08,case_011,0,ok,1.8675742574257426,2.8675742574257423,2317,808.0,0.31126237623762376,stop,True,16.992882873862982
mtbench,r_fuzzy,alpha0.08,case_012,0,ok,2.0412642669007903,3.0412642669007903,3463,1139.0,0.3402107111501317,stop,True,25.26561839878559
mtbench,r_fuzzy,alpha0.08,case_013,0,ok,3.125,4.125,166,40.0,0.5208333333333334,stop,True,0.9894746281206608
mtbench,r_fuzzy,alpha0.08,case_014,0,ok,1.9090909090909092,2.909090909090909,416,143.0,0.3181818181818182,stop,True,2.657656292896718
mtbench,r_fuzzy,alpha0.08,case_015,0,ok,3.4324324324324325,4.4324324324324325,492,111.0,0.5720720720720721,stop,True,2.5566443339921534
mtbench,r_fuzzy,alpha0.08,case_016,0,ok,1.8,2.8,350,125.0,0.3,stop,True,2.494484047871083
mtbench,r_fuzzy,alpha0.08,case_017,0,ok,2.8362956033676334,3.8362956033676334,4096,1069.0,0.47271593389460553,length,False,25.840068655088544
mtbench,r_fuzzy,alpha0.08,case_018,0,ok,2.2344740177439797,3.2344740177439797,2551,789.0,0.3724123362906633,stop,True,16.922128123231232
mtbench,r_fuzzy,alpha0.08,case_019,0,ok,2.4075723830734965,3.4075723830734965,1529,449.0,0.4012620638455828,stop,True,9.601346794050187
mtbench,r_fuzzy,alpha0.08,case_020,0,ok,3.6666666666666665,4.666666666666666,139,30.0,0.6111111111111112,stop,True,0.8780199186876416
mtbench,r_fuzzy,alpha0.08,case_021,0,ok,3.3333333333333335,4.333333333333334,506,117.0,0.5555555555555556,stop,True,2.573456327896565
mtbench,r_fuzzy,alpha0.08,case_022,0,ok,2.853080568720379,3.853080568720379,812,211.0,0.4755134281200632,stop,True,4.6526924087665975
mtbench,r_fuzzy,alpha0.08,case_023,0,ok,2.424063116370809,3.424063116370809,1735,507.0,0.40401051939513477,stop,True,11.365389170125127
mtbench,r_fuzzy,alpha0.08,case_024,0,ok,2.6551724137931036,3.6551724137931036,1695,464.0,0.4425287356321839,stop,True,10.771935902070254
mtbench,r_fuzzy,alpha0.08,case_025,0,ok,3.691588785046729,4.691588785046729,502,107.0,0.6152647975077882,stop,True,2.835060002747923
mtbench,r_fuzzy,alpha0.08,case_026,0,ok,2.7463414634146344,3.7463414634146344,769,205.0,0.45772357723577234,stop,True,4.901085646823049
mtbench,r_fuzzy,alpha0.08,case_027,0,ok,2.560260586319218,3.560260586319218,1092,307.0,0.42671009771986973,stop,True,6.80356790823862
mtbench,r_fuzzy,alpha0.08,case_028,0,ok,2.011904761904762,3.011904761904762,1769,588.0,0.3353174603174603,stop,True,12.76529228920117
mtbench,r_fuzzy,alpha0.08,case_029,0,ok,2.029585798816568,3.029585798816568,4096,1352.0,0.33826429980276135,length,True,29.071596392896026
mtbench,r_fuzzy,alpha0.08,case_030,0,ok,2.0215633423180592,3.0215633423180592,1121,371.0,0.33692722371967654,stop,True,7.883919673971832
mtbench,r_fuzzy,alpha0.08,case_031,0,ok,2.478448275862069,3.478448275862069,807,232.0,0.4130747126436782,stop,True,4.59390772273764
mtbench,r_fuzzy,alpha0.08,case_032,0,ok,1.6130952380952381,2.613095238095238,440,168.0,0.26884920634920634,stop,True,3.5224506738595665
mtbench,r_fuzzy,alpha0.08,case_033,0,ok,1.815426997245179,2.8154269972451793,1023,363.0,0.30257116620752983,stop,True,7.468009172938764
mtbench,r_fuzzy,alpha0.08,case_034,0,ok,2.095137420718816,3.095137420718816,2928,946.0,0.3491895701198027,stop,True,20.404678822029382
mtbench,r_fuzzy,alpha0.08,case_035,0,ok,2.1134751773049647,3.1134751773049647,439,141.0,0.35224586288416077,stop,True,3.285823262296617
mtbench,r_fuzzy,alpha0.08,case_036,0,ok,2.7211625794732064,3.7211625794732064,4096,1101.0,0.4535270965788677,length,False,24.91310798190534
mtbench,r_fuzzy,alpha0.08,case_037,0,ok,2.8587570621468927,3.8587570621468927,683,177.0,0.4764595103578154,stop,True,4.369207695592195
mtbench,r_fuzzy,alpha0.08,case_038,0,ok,3.016260162601626,4.016260162601625,494,123.0,0.502710027100271,stop,True,3.3539766231551766
mtbench,r_fuzzy,alpha0.08,case_039,0,ok,3.4071146245059287,4.407114624505929,1115,253.0,0.5678524374176548,stop,True,6.48905677581206
mtbench,r_fuzzy,alpha0.08,case_040,0,ok,3.642857142857143,4.642857142857142,455,98.0,0.6071428571428571,stop,True,2.705571668688208
mtbench,r_fuzzy,alpha0.08,case_041,0,ok,3.239795918367347,4.2397959183673475,830,196.0,0.5399659863945578,stop,True,4.915692009031773
mtbench,r_fuzzy,alpha0.08,case_042,0,ok,2.5384615384615383,3.5384615384615383,2115,598.0,0.4230769230769231,stop,True,13.284711060114205
mtbench,r_fuzzy,alpha0.08,case_043,0,ok,2.8205128205128207,3.8205128205128207,149,39.0,0.4700854700854701,stop,True,1.4975957577116787
mtbench,r_fuzzy,alpha0.08,case_044,0,ok,3.948051948051948,4.948051948051948,381,77.0,0.658008658008658,stop,True,3.009021866135299
mtbench,r_fuzzy,alpha0.08,case_045,0,ok,2.562130177514793,3.562130177514793,601,169.0,0.4270216962524655,stop,True,4.666902705095708
mtbench,r_fuzzy,alpha0.08,case_046,0,ok,2.2277372262773723,3.2277372262773723,2211,685.0,0.37128953771289536,stop,True,14.499463520012796
mtbench,r_fuzzy,alpha0.08,case_047,0,ok,2.300248138957816,3.300248138957816,1329,403.0,0.38337468982630274,stop,True,8.805159786716104
mtbench,r_fuzzy,alpha0.08,case_048,0,ok,1.6556016597510372,2.6556016597510372,639,241.0,0.27593360995850624,stop,True,4.886515577323735
mtbench,r_fuzzy,alpha0.08,case_049,0,ok,1.9460390355912744,2.9460390355912747,2566,871.0,0.3243398392652124,stop,True,17.748947183135897
mtbench,r_fuzzy,alpha0.08,case_050,0,ok,2.073345259391771,3.073345259391771,1718,559.0,0.34555754323196186,stop,True,11.523312873207033
mtbench,r_fuzzy,alpha0.08,case_051,0,ok,1.732,2.732,684,250.0,0.2886666666666667,stop,True,4.427857068832964
mtbench,r_fuzzy,alpha0.08,case_052,0,ok,1.890020366598778,2.890020366598778,1419,491.0,0.3150033944331297,stop,True,10.173756544943899
mtbench,r_fuzzy,alpha0.08,case_053,0,ok,1.8282828282828283,2.8282828282828283,840,297.0,0.3047138047138047,stop,True,6.2461616531945765
mtbench,r_fuzzy,alpha0.08,case_054,0,ok,2.1952054794520546,3.1952054794520546,934,292.0,0.3658675799086758,stop,True,6.672442480921745
mtbench,r_fuzzy,alpha0.08,case_055,0,ok,1.9390243902439024,2.9390243902439024,963,328.0,0.3231707317073171,stop,True,7.074459575116634
mtbench,r_fuzzy,alpha0.08,case_056,0,ok,2.4410339256865914,3.4410339256865914,2130,619.0,0.4068389876144319,stop,True,14.030918019358069
mtbench,r_fuzzy,alpha0.08,case_057,0,ok,2.0821596244131455,3.0821596244131455,1309,426.0,0.3470266040688576,stop,True,9.169551352970302
mtbench,r_fuzzy,alpha0.08,case_058,0,ok,3.1338582677165356,4.133858267716535,524,127.0,0.5223097112860893,stop,True,3.2758295089006424
mtbench,r_fuzzy,alpha0.08,case_059,0,ok,2.34070796460177,3.34070796460177,2265,678.0,0.39011799410029496,stop,True,15.436176122166216
mtbench,r_fuzzy,alpha0.08,case_060,0,ok,2.494071146245059,3.494071146245059,885,253.0,0.4156785243741766,stop,True,5.855942805297673
mtbench,r_fuzzy,alpha0.08,case_061,0,ok,3.3636363636363638,4.363636363636363,769,176.0,0.5606060606060606,stop,True,4.534351947251707
mtbench,r_fuzzy,alpha0.08,case_062,0,ok,3.6710526315789473,4.671052631578947,355,76.0,0.6118421052631579,stop,True,2.311964891385287
mtbench,r_fuzzy,alpha0.08,case_063,0,ok,3.2905405405405403,4.29054054054054,634,148.0,0.5484234234234234,stop,True,3.774926201906055
mtbench,r_fuzzy,alpha0.08,case_064,0,ok,3.9347826086956523,4.934782608695652,227,46.0,0.6557971014492754,stop,True,1.5347103131935
mtbench,r_fuzzy,alpha0.08,case_065,0,ok,3.9482758620689653,4.948275862068965,287,58.0,0.6580459770114943,stop,True,1.7325143138878047
mtbench,r_fuzzy,alpha0.08,case_066,0,ok,2.578754578754579,3.578754578754579,978,273.0,0.4297924297924298,stop,True,6.618627362884581
mtbench,r_fuzzy,alpha0.08,case_067,0,ok,2.9423076923076925,3.9423076923076925,2459,624.0,0.49038461538461536,stop,True,14.558164992835373
mtbench,r_fuzzy,alpha0.08,case_068,0,ok,2.7908653846153846,3.7908653846153846,1576,416.0,0.4651442307692308,stop,True,9.800007903017104
mtbench,r_fuzzy,alpha0.08,case_069,0,ok,3.372549019607843,4.372549019607844,220,51.0,0.5620915032679739,stop,True,1.9586419970728457
mtbench,r_fuzzy,alpha0.08,case_070,0,ok,2.825373134328358,3.825373134328358,2564,670.0,0.4708955223880597,stop,True,16.473846501205117
mtbench,r_fuzzy,alpha0.08,case_071,0,ok,3.292452830188679,4.2924528301886795,453,106.0,0.5487421383647799,stop,True,3.173111720941961
mtbench,r_fuzzy,alpha0.08,case_072,0,ok,3.0555555555555554,4.055555555555555,363,90.0,0.5092592592592593,stop,True,2.851161791011691
mtbench,r_fuzzy,alpha0.08,case_073,0,ok,2.2746478873239435,3.2746478873239435,929,284.0,0.37910798122065725,stop,True,6.343136690091342
mtbench,r_fuzzy,alpha0.08,case_074,0,ok,2.5409252669039146,3.5409252669039146,995,281.0,0.4234875444839858,stop,True,6.578859994187951
mtbench,r_fuzzy,alpha0.08,case_075,0,ok,2.3650075414781297,3.3650075414781297,2232,663.0,0.3941679235796883,stop,True,14.694503335282207
mtbench,r_fuzzy,alpha0.08,case_076,0,ok,1.931201550387597,2.931201550387597,3024,1032.0,0.32186692506459946,stop,True,21.361401569098234
mtbench,r_fuzzy,alpha0.08,case_077,0,ok,2.0445304937076476,3.0445304937076476,3144,1033.0,0.34075508228460794,stop,True,21.39408763870597
mtbench,r_fuzzy,alpha0.08,case_078,0,ok,1.8119469026548674,2.811946902654867,1271,452.0,0.3019911504424779,stop,True,9.291155387181789
mtbench,r_fuzzy,alpha0.08,case_079,0,ok,2.0304806565064477,3.0304806565064477,2586,853.0,0.33841344275107466,stop,True,17.76042816322297
mtbench,r_fuzzy,alpha0.08,case_080,0,ok,1.670846394984326,2.670846394984326,852,319.0,0.2784743991640543,stop,True,6.477715119719505
mtbench,r_fuzzy,alpha0.15,case_001,0,ok,3.3351063829787235,4.335106382978724,812,188.0,0.5558510638297872,stop,True,4.2817339659668505
mtbench,r_fuzzy,alpha0.15,case_002,0,ok,3.6433566433566433,4.643356643356643,1327,286.0,0.6072261072261073,stop,True,6.986524412874132
mtbench,r_fuzzy,alpha0.15,case_003,0,ok,2.712941176470588,3.712941176470588,1578,425.0,0.45215686274509803,stop,True,10.142040709964931
mtbench,r_fuzzy,alpha0.15,case_004,0,ok,3.449275362318841,4.449275362318841,1840,414.0,0.5748792270531401,stop,True,10.29196046711877
mtbench,r_fuzzy,alpha0.15,case_005,0,ok,3.7711864406779663,4.771186440677966,562,118.0,0.6285310734463276,stop,True,2.647174102719873
mtbench,r_fuzzy,alpha0.15,case_006,0,ok,3.336448598130841,4.336448598130842,464,107.0,0.5560747663551402,stop,True,2.329256831202656
mtbench,r_fuzzy,alpha0.15,case_007,0,ok,3.3355048859934855,4.335504885993485,1330,307.0,0.5559174809989142,stop,True,7.19487896328792
mtbench,r_fuzzy,alpha0.15,case_008,0,ok,3.2023809523809526,4.2023809523809526,1412,336.0,0.5337301587301587,stop,True,7.896981093101203
mtbench,r_fuzzy,alpha0.15,case_009,0,ok,3.652173913043478,4.6521739130434785,107,23.0,0.6086956521739131,stop,True,0.8588130190037191
mtbench,r_fuzzy,alpha0.15,case_010,0,ok,2.7455919395465993,3.7455919395465993,1488,397.0,0.45759865659109994,stop,True,8.974829817190766
mtbench,r_fuzzy,alpha0.15,case_011,0,ok,2.3273657289002556,3.3273657289002556,2602,782.0,0.3878942881500426,stop,True,16.920266415923834
mtbench,r_fuzzy,alpha0.15,case_012,0,ok,2.423963133640553,3.423963133640553,2229,651.0,0.4039938556067588,stop,True,14.639751228038222
mtbench,r_fuzzy,alpha0.15,case_013,0,ok,3.5,4.5,243,54.0,0.5833333333333334,stop,True,1.2752646002918482
mtbench,r_fuzzy,alpha0.15,case_014,0,ok,2.7439024390243905,3.7439024390243905,308,82.0,0.4573170731707317,stop,True,1.6830136878415942
mtbench,r_fuzzy,alpha0.15,case_015,0,ok,3.948356807511737,4.948356807511737,1053,213.0,0.6580594679186228,stop,True,5.550862192176282
mtbench,r_fuzzy,alpha0.15,case_016,0,ok,1.6396396396396395,2.6396396396396398,292,111.0,0.2732732732732733,stop,True,2.2088992297649384
mtbench,r_fuzzy,alpha0.15,case_017,0,ok,3.395498392282958,4.395498392282958,4096,933.0,0.5659163987138264,length,False,23.39056922029704
mtbench,r_fuzzy,alpha0.15,case_018,0,ok,2.902439024390244,3.902439024390244,2720,697.0,0.483739837398374,stop,True,16.956036953721195
mtbench,r_fuzzy,alpha0.15,case_019,0,ok,3.0515759312320916,4.051575931232092,1414,349.0,0.5085959885386819,stop,True,8.263694995082915
mtbench,r_fuzzy,alpha0.15,case_020,0,ok,3.8214285714285716,4.821428571428571,135,28.0,0.6369047619047619,stop,True,0.8365761511959136
mtbench,r_fuzzy,alpha0.15,case_021,0,ok,3.77,4.77,474,100.0,0.6283333333333333,stop,True,2.3003977173939347
mtbench,r_fuzzy,alpha0.15,case_022,0,ok,3.2599118942731278,4.259911894273127,967,227.0,0.5433186490455213,stop,True,5.291876304894686
mtbench,r_fuzzy,alpha0.15,case_023,0,ok,3.2585812356979407,4.258581235697941,1861,437.0,0.5430968726163234,stop,True,10.852177205961198
mtbench,r_fuzzy,alpha0.15,case_024,0,ok,3.197651663405088,4.197651663405088,2144,511.0,0.532941943900848,stop,True,12.617649704683572
mtbench,r_fuzzy,alpha0.15,case_025,0,ok,4.415300546448087,5.415300546448087,990,183.0,0.7358834244080146,stop,True,5.112846591044217
mtbench,r_fuzzy,alpha0.15,case_026,0,ok,3.0444444444444443,4.044444444444444,910,225.0,0.5074074074074074,stop,True,5.480177836958319
mtbench,r_fuzzy,alpha0.15,case_027,0,ok,2.6812339331619537,3.6812339331619537,1431,389.0,0.44687232219365897,stop,True,8.81805070489645
mtbench,r_fuzzy,alpha0.15,case_028,0,ok,2.239160839160839,3.239160839160839,2316,715.0,0.3731934731934732,stop,True,15.71809822274372
mtbench,r_fuzzy,alpha0.15,case_029,0,ok,2.4773936170212765,3.4773936170212765,2615,752.0,0.4128989361702128,stop,True,17.260800032876432
mtbench,r_fuzzy,alpha0.15,case_030,0,ok,2.5150501672240804,3.5150501672240804,1050,299.0,0.41917502787068006,stop,True,6.65180892823264
mtbench,r_fuzzy,alpha0.15,case_031,0,ok,2.6226415094339623,3.6226415094339623,576,159.0,0.4371069182389937,stop,True,3.1138361268676817
mtbench,r_fuzzy,alpha0.15,case_032,0,ok,2.0504201680672267,3.0504201680672267,362,119.0,0.34173669467787116,stop,True,2.667995323892683
mtbench,r_fuzzy,alpha0.15,case_033,0,ok,3.28,4.279999999999999,1819,425.0,0.5466666666666666,stop,True,10.203057270031422
mtbench,r_fuzzy,alpha0.15,case_034,0,ok,2.3577430972388957,3.3577430972388957,2798,833.0,0.39295718287314924,stop,True,18.040621141903102
mtbench,r_fuzzy,alpha0.15,case_035,0,ok,2.6354679802955663,3.6354679802955663,738,203.0,0.43924466338259444,stop,True,4.695610700175166
mtbench,r_fuzzy,alpha0.15,case_036,0,ok,3.789189189189189,4.789189189189189,1772,370.0,0.6315315315315315,stop,True,9.674108940642327
mtbench,r_fuzzy,alpha0.15,case_037,0,ok,3.453781512605042,4.453781512605042,531,119.0,0.5756302521008403,stop,True,3.3149143499322236
mtbench,r_fuzzy,alpha0.15,case_038,0,ok,3.0714285714285716,4.071428571428571,228,56.0,0.5119047619047619,stop,True,1.8666946850717068
mtbench,r_fuzzy,alpha0.15,case_039,0,ok,3.3692307692307693,4.36923076923077,852,195.0,0.5615384615384615,stop,True,5.1868636747822165
mtbench,r_fuzzy,alpha0.15,case_040,0,ok,3.3404255319148937,4.340425531914894,612,141.0,0.5567375886524822,stop,True,3.69970247708261
mtbench,r_fuzzy,alpha0.15,case_041,0,ok,3.367231638418079,4.36723163841808,769,177.0,0.5612052730696798,stop,True,4.454615213442594
mtbench,r_fuzzy,alpha0.15,case_042,0,ok,3.326043737574553,4.326043737574553,2175,503.0,0.5543406229290921,stop,True,12.361276904121041
mtbench,r_fuzzy,alpha0.15,case_043,0,ok,4.488888888888889,5.488888888888889,246,45.0,0.7481481481481481,stop,True,1.8260117657482624
mtbench,r_fuzzy,alpha0.15,case_044,0,ok,4.25,5.25,337,64.0,0.7083333333333334,stop,True,2.8318532248958945
mtbench,r_fuzzy,alpha0.15,case_045,0,ok,2.9,3.9,703,180.0,0.48333333333333334,stop,True,5.410397194325924
mtbench,r_fuzzy,alpha0.15,case_046,0,ok,2.4889267461669506,3.4889267461669506,4096,1174.0,0.4148211243611584,length,True,26.398113312199712
mtbench,r_fuzzy,alpha0.15,case_047,0,ok,2.395348837209302,3.395348837209302,1167,344.0,0.3992248062015504,stop,True,7.801770092919469
mtbench,r_fuzzy,alpha0.15,case_048,0,ok,1.9264305177111716,2.9264305177111716,1072,367.0,0.32107175295186197,stop,True,7.751997014973313
mtbench,r_fuzzy,alpha0.15,case_049,0,ok,2.577049180327869,3.577049180327869,2181,610.0,0.42950819672131146,stop,True,13.887656746897846
mtbench,r_fuzzy,alpha0.15,case_050,0,ok,2.45910780669145,3.45910780669145,1861,538.0,0.40985130111524165,stop,True,11.755157550331205
mtbench,r_fuzzy,alpha0.15,case_051,0,ok,1.984375,2.984375,382,128.0,0.3307291666666667,stop,True,2.1504712300375104
mtbench,r_fuzzy,alpha0.15,case_052,0,ok,1.9651741293532339,2.965174129353234,596,201.0,0.3275290215588723,stop,True,4.293170775286853
mtbench,r_fuzzy,alpha0.15,case_053,0,ok,2.3303964757709252,3.3303964757709252,755,227.0,0.38839941262848754,stop,True,5.104655133094639
mtbench,r_fuzzy,alpha0.15,case_054,0,ok,2.39527027027027,3.39527027027027,1006,296.0,0.3992117117117117,stop,True,6.630374307744205
mtbench,r_fuzzy,alpha0.15,case_055,0,ok,2.3669250645994833,3.3669250645994833,1303,387.0,0.3944875107665805,stop,True,8.815904999151826
mtbench,r_fuzzy,alpha0.15,case_056,0,ok,2.5707472178060415,3.5707472178060415,2246,629.0,0.42845786963434024,stop,True,14.27797948056832
mtbench,r_fuzzy,alpha0.15,case_057,0,ok,3.336842105263158,4.336842105263158,1235,285.0,0.5561403508771929,stop,True,7.015031744260341
mtbench,r_fuzzy,alpha0.15,case_058,0,ok,3.9720670391061454,4.972067039106145,888,179.0,0.6620111731843575,stop,True,4.801142295822501
mtbench,r_fuzzy,alpha0.15,case_059,0,ok,2.8945868945868947,3.8945868945868947,4096,1053.0,0.48243114909781576,length,True,24.660486302804202
mtbench,r_fuzzy,alpha0.15,case_060,0,ok,2.948235294117647,3.948235294117647,1678,425.0,0.49137254901960786,stop,True,9.959113982040435
mtbench,r_fuzzy,alpha0.15,case_061,0,ok,3.26056338028169,4.26056338028169,605,142.0,0.5434272300469484,stop,True,3.5810676496475935
mtbench,r_fuzzy,alpha0.15,case_062,0,ok,3.875912408759124,4.875912408759124,669,137.0,0.6459854014598541,stop,True,3.777483664918691
mtbench,r_fuzzy,alpha0.15,case_063,0,ok,3.576642335766423,4.576642335766423,626,137.0,0.5961070559610706,stop,True,3.5606997488066554
mtbench,r_fuzzy,alpha0.15,case_064,0,ok,4.178571428571429,5.178571428571429,145,28.0,0.6964285714285714,stop,True,1.0902431686408818
mtbench,r_fuzzy,alpha0.15,case_065,0,ok,3.9375,4.9375,156,32.0,0.65625,stop,True,1.0716555449180305
mtbench,r_fuzzy,alpha0.15,case_066,0,ok,2.7070422535211267,3.7070422535211267,1315,355.0,0.45117370892018777,stop,True,8.50566212227568
mtbench,r_fuzzy,alpha0.15,case_067,0,ok,3.075925925925926,4.075925925925926,2197,540.0,0.5126543209876543,stop,True,12.689777999185026
mtbench,r_fuzzy,alpha0.15,case_068,0,ok,2.7518115942028984,3.7518115942028984,2071,552.0,0.4586352657004831,stop,True,12.437000480946153
mtbench,r_fuzzy,alpha0.15,case_069,0,ok,4.486486486486487,5.486486486486487,404,74.0,0.7477477477477478,stop,True,2.627066091168672
mtbench,r_fuzzy,alpha0.15,case_070,0,ok,3.853080568720379,4.8530805687203795,4096,844.0,0.6421800947867299,length,False,21.629421371035278
mtbench,r_fuzzy,alpha0.15,case_071,0,ok,4.037974683544304,5.037974683544304,397,79.0,0.6729957805907173,stop,True,2.6979346675798297
mtbench,r_fuzzy,alpha0.15,case_072,0,ok,3.7698744769874475,4.7698744769874475,1139,239.0,0.6283124128312413,stop,True,6.61842888686806
mtbench,r_fuzzy,alpha0.15,case_073,0,ok,2.5586854460093895,3.5586854460093895,1516,426.0,0.42644757433489827,stop,True,9.412034871987998
mtbench,r_fuzzy,alpha0.15,case_074,0,ok,3.0681818181818183,4.068181818181818,714,176.0,0.5113636363636364,stop,True,4.347777815070003
mtbench,r_fuzzy,alpha0.15,case_075,0,ok,2.238193018480493,3.238193018480493,1577,487.0,0.3730321697467488,stop,True,10.482496551238
mtbench,r_fuzzy,alpha0.15,case_076,0,ok,2.2108667529107375,3.2108667529107375,2482,773.0,0.36847779215178955,stop,True,16.534543252084404
mtbench,r_fuzzy,alpha0.15,case_077,0,ok,2.7352657004830916,3.7352657004830916,3866,1035.0,0.45587761674718197,stop,True,23.24819694366306
mtbench,r_fuzzy,alpha0.15,case_078,0,ok,2.099264705882353,3.099264705882353,1685,544.0,0.34987745098039214,stop,True,11.350853756070137
mtbench,r_fuzzy,alpha0.15,case_079,0,ok,2.313846153846154,3.313846153846154,1077,325.0,0.38564102564102565,stop,True,6.9982042838819325
mtbench,r_fuzzy,alpha0.15,case_080,0,ok,2.3387888707037643,3.3387888707037643,2040,611.0,0.38979814511729405,stop,True,12.976476157084107
mtbench,r_fuzzy,alpha0.25,case_001,0,ok,4.897233201581027,5.897233201581027,1492,253.0,0.8162055335968379,stop,True,6.956687118858099
mtbench,r_fuzzy,alpha0.25,case_002,0,ok,5.3207236842105265,6.3207236842105265,3843,608.0,0.8867872807017544,stop,True,18.15465407492593
mtbench,r_fuzzy,alpha0.25,case_003,0,ok,3.8514851485148514,4.851485148514851,980,202.0,0.641914191419142,stop,True,5.114719789940864
mtbench,r_fuzzy,alpha0.25,case_004,0,ok,4.62406015037594,5.62406015037594,1496,266.0,0.7706766917293233,stop,True,6.942030016798526
mtbench,r_fuzzy,alpha0.25,case_005,0,ok,4.39344262295082,5.39344262295082,329,61.0,0.73224043715847,stop,True,1.4916492821648717
mtbench,r_fuzzy,alpha0.25,case_006,0,ok,3.823529411764706,4.8235294117647065,737,153.0,0.6372549019607843,stop,True,3.7131258891895413
mtbench,r_fuzzy,alpha0.25,case_007,0,ok,3.6381418092909534,4.638141809290953,1896,409.0,0.6063569682151589,stop,True,10.110212216619402
mtbench,r_fuzzy,alpha0.25,case_008,0,ok,3.9871794871794872,4.987179487179487,1167,234.0,0.6645299145299145,stop,True,5.949571494013071
mtbench,r_fuzzy,alpha0.25,case_009,0,ok,4.285714285714286,5.285714285714286,111,21.0,0.7142857142857143,stop,True,0.8056831662543118
mtbench,r_fuzzy,alpha0.25,case_010,0,ok,3.3002257336343117,4.300225733634312,1903,443.0,0.5500376222723853,stop,True,11.031356032006443
mtbench,r_fuzzy,alpha0.25,case_011,0,ok,3.4469135802469135,4.446913580246914,3602,810.0,0.574485596707819,stop,True,20.076518220826983
mtbench,r_fuzzy,alpha0.25,case_012,0,ok,3.5743589743589745,4.574358974358974,2677,585.0,0.5957264957264957,stop,True,15.12367225671187
mtbench,r_fuzzy,alpha0.25,case_013,0,ok,3.4727272727272727,4.472727272727273,247,55.0,0.5787878787878787,stop,True,1.292614168021828
mtbench,r_fuzzy,alpha0.25,case_014,0,ok,4.132352941176471,5.132352941176471,349,68.0,0.6887254901960784,stop,True,1.7367144217714667
mtbench,r_fuzzy,alpha0.25,case_015,0,ok,3.762376237623762,4.762376237623762,482,101.0,0.6270627062706271,stop,True,2.50069630285725
mtbench,r_fuzzy,alpha0.25,case_016,0,ok,2.3377926421404682,3.3377926421404682,997,299.0,0.3896321070234114,stop,True,6.79834845289588
mtbench,r_fuzzy,alpha0.25,case_017,0,ok,3.849933598937583,4.849933598937583,3651,753.0,0.6416555998229305,stop,True,19.653955821879208
mtbench,r_fuzzy,alpha0.25,case_018,0,ok,4.343971631205674,5.343971631205674,3014,564.0,0.7239952718676123,stop,True,15.628990013152361
mtbench,r_fuzzy,alpha0.25,case_019,0,ok,3.939655172413793,4.939655172413794,569,116.0,0.6566091954022989,stop,True,2.6454649148508906
mtbench,r_fuzzy,alpha0.25,case_020,0,ok,4.393939393939394,5.393939393939394,177,33.0,0.7323232323232324,stop,True,0.9720406117849052
mtbench,r_fuzzy,alpha0.25,case_021,0,ok,4.222222222222222,5.222222222222222,563,108.0,0.7037037037037037,stop,True,2.67228742223233
mtbench,r_fuzzy,alpha0.25,case_022,0,ok,3.598984771573604,4.598984771573604,906,197.0,0.5998307952622673,stop,True,4.607648727949709
mtbench,r_fuzzy,alpha0.25,case_023,0,ok,3.8901734104046244,4.890173410404625,1690,346.0,0.6483622350674374,stop,True,9.053072459995747
mtbench,r_fuzzy,alpha0.25,case_024,0,ok,3.789473684210526,4.789473684210526,1911,399.0,0.631578947368421,stop,True,10.600373794790357
mtbench,r_fuzzy,alpha0.25,case_025,0,ok,4.833333333333333,5.833333333333333,631,108.0,0.8055555555555556,stop,True,3.1552899689413607
mtbench,r_fuzzy,alpha0.25,case_026,0,ok,4.092537313432836,5.092537313432836,1706,335.0,0.682089552238806,stop,True,9.083138104062527
mtbench,r_fuzzy,alpha0.25,case_027,0,ok,3.326984126984127,4.326984126984128,1361,315.0,0.5544973544973545,stop,True,7.655134351924062
mtbench,r_fuzzy,alpha0.25,case_028,0,ok,2.835010060362173,3.835010060362173,1904,497.0,0.47250167672702886,stop,True,12.055726890917867
mtbench,r_fuzzy,alpha0.25,case_029,0,ok,4.6878453038674035,5.6878453038674035,2059,362.0,0.7813075506445673,stop,True,10.31071426300332
mtbench,r_fuzzy,alpha0.25,case_030,0,ok,3.47098976109215,4.4709897610921505,1310,293.0,0.5784982935153583,stop,True,6.809917857404798
mtbench,r_fuzzy,alpha0.25,case_031,0,ok,2.9518072289156625,3.9518072289156625,656,166.0,0.4919678714859438,stop,True,3.4892538329586387
mtbench,r_fuzzy,alpha0.25,case_032,0,ok,3.1222222222222222,4.122222222222222,370,90.0,0.5203703703703704,stop,True,2.443655447103083
mtbench,r_fuzzy,alpha0.25,case_033,0,ok,4.048913043478261,5.048913043478261,929,184.0,0.6748188405797102,stop,True,5.107451977208257
mtbench,r_fuzzy,alpha0.25,case_034,0,ok,3.2054794520547945,4.205479452054794,2149,511.0,0.5342465753424658,stop,True,12.300539759919047
mtbench,r_fuzzy,alpha0.25,case_035,0,ok,2.807017543859649,3.807017543859649,217,57.0,0.4678362573099415,stop,True,1.613520496059209
mtbench,r_fuzzy,alpha0.25,case_036,0,ok,4.599118942731278,5.599118942731278,3813,681.0,0.7665198237885462,stop,True,19.539140917360783
mtbench,r_fuzzy,alpha0.25,case_037,0,ok,4.0375,5.0375,403,80.0,0.6729166666666667,stop,True,2.5261539896018803
mtbench,r_fuzzy,alpha0.25,case_038,0,ok,3.2695652173913046,4.269565217391305,490,115.0,0.5449275362318841,stop,True,3.3510619518347085
mtbench,r_fuzzy,alpha0.25,case_039,0,ok,4.221824686940966,5.221824686940966,2919,559.0,0.7036374478234944,stop,True,15.633083599619567
mtbench,r_fuzzy,alpha0.25,case_040,0,ok,4.203389830508475,5.203389830508475,615,118.0,0.7005649717514124,stop,True,3.5271402737125754
mtbench,r_fuzzy,alpha0.25,case_041,0,ok,3.995169082125604,4.995169082125604,1033,207.0,0.6658615136876006,stop,True,5.74745134729892
mtbench,r_fuzzy,alpha0.25,case_042,0,ok,3.4594594594594597,4.45945945945946,2804,629.0,0.5765765765765766,stop,True,15.510861311107874
mtbench,r_fuzzy,alpha0.25,case_043,0,ok,4.0,5.0,164,33.0,0.6666666666666666,stop,True,1.4637164012528956
mtbench,r_fuzzy,alpha0.25,case_044,0,ok,4.664,5.664,707,125.0,0.7773333333333333,stop,True,4.443246826995164
mtbench,r_fuzzy,alpha0.25,case_045,0,ok,3.6048387096774195,4.60483870967742,572,124.0,0.6008064516129032,stop,True,4.014661209192127
mtbench,r_fuzzy,alpha0.25,case_046,0,ok,3.504950495049505,4.5049504950495045,4096,909.0,0.5841584158415841,length,False,21.833652935922146
mtbench,r_fuzzy,alpha0.25,case_047,0,ok,3.295983086680761,4.295983086680761,2031,473.0,0.5493305144467935,stop,True,11.414187467191368
mtbench,r_fuzzy,alpha0.25,case_048,0,ok,2.959247648902821,3.959247648902821,1263,319.0,0.49320794148380354,stop,True,7.371472720056772
mtbench,r_fuzzy,alpha0.25,case_049,0,ok,3.260869565217391,4.260869565217391,1271,299.0,0.5434782608695652,stop,True,7.302834967151284
mtbench,r_fuzzy,alpha0.25,case_050,0,ok,4.127659574468085,5.127659574468085,1445,282.0,0.6879432624113475,stop,True,7.277864545118064
mtbench,r_fuzzy,alpha0.25,case_051,0,ok,3.0,4.0,613,153.0,0.5,stop,True,3.0827684979885817
mtbench,r_fuzzy,alpha0.25,case_052,0,ok,4.688,5.688,1422,250.0,0.7813333333333333,stop,True,7.411037948913872
mtbench,r_fuzzy,alpha0.25,case_053,0,ok,3.0,4.0,595,149.0,0.5,stop,True,3.922826832626015
mtbench,r_fuzzy,alpha0.25,case_054,0,ok,3.5991735537190084,4.599173553719009,1114,242.0,0.599862258953168,stop,True,6.3954211650416255
mtbench,r_fuzzy,alpha0.25,case_055,0,ok,3.2867383512544803,4.28673835125448,1196,279.0,0.5477897252090801,stop,True,7.107268603052944
mtbench,r_fuzzy,alpha0.25,case_056,0,ok,3.5421412300683373,4.542141230068337,1993,439.0,0.5903568716780562,stop,True,11.24298433912918
mtbench,r_fuzzy,alpha0.25,case_057,0,ok,5.147435897435898,6.147435897435898,2877,468.0,0.8579059829059829,stop,True,13.564348464366049
mtbench,r_fuzzy,alpha0.25,case_058,0,ok,4.858778625954199,5.858778625954199,1536,262.0,0.8097964376590331,stop,True,7.432989380788058
mtbench,r_fuzzy,alpha0.25,case_059,0,ok,3.9696601941747574,4.969660194174757,4096,824.0,0.6616100323624595,length,False,21.69320386275649
mtbench,r_fuzzy,alpha0.25,case_060,0,ok,4.185567010309279,5.185567010309279,1508,291.0,0.697594501718213,stop,True,8.188662748318166
mtbench,r_fuzzy,alpha0.25,case_061,0,ok,4.126315789473685,5.126315789473685,973,190.0,0.6877192982456141,stop,True,5.397605938836932
mtbench,r_fuzzy,alpha0.25,case_062,0,ok,4.357142857142857,5.357142857142857,523,98.0,0.7261904761904762,stop,True,2.926419514697045
mtbench,r_fuzzy,alpha0.25,case_063,0,ok,4.532374100719425,5.532374100719425,1537,278.0,0.7553956834532374,stop,True,7.56476148031652
mtbench,r_fuzzy,alpha0.25,case_064,0,ok,4.444444444444445,5.444444444444445,147,27.0,0.7407407407407407,stop,True,1.0752879837527871
mtbench,r_fuzzy,alpha0.25,case_065,0,ok,4.113636363636363,5.113636363636363,225,44.0,0.6856060606060606,stop,True,1.4017247362062335
mtbench,r_fuzzy,alpha0.25,case_066,0,ok,3.8438538205980066,4.843853820598007,1459,301.0,0.6406423034330011,stop,True,8.104377247858793
mtbench,r_fuzzy,alpha0.25,case_067,0,ok,3.737078651685393,4.737078651685393,2109,445.0,0.6228464419475656,stop,True,11.276908508967608
mtbench,r_fuzzy,alpha0.25,case_068,0,ok,3.704225352112676,4.704225352112676,1670,355.0,0.6173708920187794,stop,True,8.986522424034774
mtbench,r_fuzzy,alpha0.25,case_069,0,ok,4.694915254237288,5.694915254237288,334,59.0,0.7824858757062146,stop,True,2.261070223990828
mtbench,r_fuzzy,alpha0.25,case_070,0,ok,4.586630286493861,5.586630286493861,4096,733.0,0.7644383810823101,length,False,20.15931148873642
mtbench,r_fuzzy,alpha0.25,case_071,0,ok,4.243243243243243,5.243243243243243,582,111.0,0.7072072072072072,stop,True,3.5754177551716566
mtbench,r_fuzzy,alpha0.25,case_072,0,ok,3.460526315789474,4.460526315789474,337,76.0,0.5767543859649122,stop,True,2.643522852100432
mtbench,r_fuzzy,alpha0.25,case_073,0,ok,3.713235294117647,4.713235294117647,1282,272.0,0.6188725490196079,stop,True,7.188208776060492
mtbench,r_fuzzy,alpha0.25,case_074,0,ok,3.4307036247334755,4.430703624733475,2077,469.0,0.5717839374555792,stop,True,11.508627437986434
mtbench,r_fuzzy,alpha0.25,case_075,0,ok,3.22,4.220000000000001,2531,600.0,0.5366666666666666,stop,True,14.284236385021359
mtbench,r_fuzzy,alpha0.25,case_076,0,ok,3.8085676037483265,4.808567603748326,3593,747.0,0.6347612672913878,stop,True,18.663820973131806
mtbench,r_fuzzy,alpha0.25,case_077,0,ok,3.6282940360610265,4.6282940360610265,3337,721.0,0.6047156726768377,stop,True,17.698588549159467
mtbench,r_fuzzy,alpha0.25,case_078,0,ok,3.7794117647058822,4.779411764705882,2596,544.0,0.6299019607843137,stop,True,13.55441506486386
mtbench,r_fuzzy,alpha0.25,case_079,0,ok,4.158208955223881,5.158208955223881,1724,335.0,0.6930348258706468,stop,True,8.765215910971165
mtbench,r_fuzzy,alpha0.25,case_080,0,ok,3.554929577464789,4.554929577464788,1617,355.0,0.5924882629107981,stop,True,8.708335008937865
mtbench,spec_casc_opt,alpha0.05,case_001,0,ok,3.2491103202846974,4.249110320284697,1192,281.0,0.5415183867141162,stop,True,6.539022111333907
mtbench,spec_casc_opt,alpha0.05,case_002,0,ok,4.1382716049382715,5.1382716049382715,2077,405.0,0.6897119341563785,stop,True,10.813054530881345
mtbench,spec_casc_opt,alpha0.05,case_003,0,ok,3.1424870466321244,4.142487046632125,1599,386.0,0.5237478411053541,stop,True,9.359772182069719
mtbench,spec_casc_opt,alpha0.05,case_004,0,ok,3.9753086419753085,4.9753086419753085,1204,243.0,0.6625514403292181,stop,True,6.018377917353064
mtbench,spec_casc_opt,alpha0.05,case_005,0,ok,3.730769230769231,4.730769230769231,246,52.0,0.6217948717948718,stop,True,1.2284891540184617
mtbench,spec_casc_opt,alpha0.05,case_006,0,ok,3.2298850574712645,4.2298850574712645,368,87.0,0.5383141762452107,stop,True,1.8776325779035687
mtbench,spec_casc_opt,alpha0.05,case_007,0,ok,3.7719298245614037,4.771929824561404,1904,399.0,0.6286549707602339,stop,True,10.02852626517415
mtbench,spec_casc_opt,alpha0.05,case_008,0,ok,3.473684210526316,4.473684210526316,1189,266.0,0.5789473684210527,stop,True,6.55290956562385
mtbench,spec_casc_opt,alpha0.05,case_009,0,ok,3.5357142857142856,4.535714285714286,124,28.0,0.5892857142857143,stop,True,0.9574699280783534
mtbench,spec_casc_opt,alpha0.05,case_010,0,ok,3.344178082191781,4.344178082191781,2537,584.0,0.5573630136986302,stop,True,14.540913068223745
mtbench,spec_casc_opt,alpha0.05,case_011,0,ok,3.409986859395532,4.4099868593955325,3356,761.0,0.5683311432325887,stop,True,19.11559043917805
mtbench,spec_casc_opt,alpha0.05,case_012,0,ok,3.1955241460541814,4.195524146054181,3562,849.0,0.5325873576756969,stop,True,20.09816663293168
mtbench,spec_casc_opt,alpha0.05,case_013,0,ok,3.288135593220339,4.288135593220339,253,59.0,0.5480225988700564,stop,True,1.3154592807404697
mtbench,spec_casc_opt,alpha0.05,case_014,0,ok,3.0273972602739727,4.027397260273973,295,73.0,0.5045662100456622,stop,True,1.5402093110606074
mtbench,spec_casc_opt,alpha0.05,case_015,0,ok,4.207692307692308,5.207692307692308,677,130.0,0.7012820512820512,stop,True,3.376689596567303
mtbench,spec_casc_opt,alpha0.05,case_016,0,ok,2.267515923566879,3.267515923566879,510,157.0,0.37791932059447986,stop,True,3.2810044470243156
mtbench,spec_casc_opt,alpha0.05,case_017,0,ok,3.725181598062954,4.725181598062954,3903,826.0,0.620863599677159,stop,True,20.72256237315014
mtbench,spec_casc_opt,alpha0.05,case_018,0,ok,3.2623318385650224,4.262331838565022,1901,446.0,0.5437219730941704,stop,True,10.710647648666054
mtbench,spec_casc_opt,alpha0.05,case_019,0,ok,3.3931297709923665,4.393129770992367,1149,262.0,0.5655216284987278,stop,True,6.109319449868053
mtbench,spec_casc_opt,alpha0.05,case_020,0,ok,3.76,4.76,120,25.0,0.6266666666666667,stop,True,0.7802108554169536
mtbench,spec_casc_opt,alpha0.05,case_021,0,ok,4.052173913043478,5.052173913043478,581,115.0,0.6753623188405797,stop,True,2.6481982967816293
mtbench,spec_casc_opt,alpha0.05,case_022,0,ok,3.3312101910828025,4.3312101910828025,1361,314.0,0.5552016985138004,stop,True,7.313042402733117
mtbench,spec_casc_opt,alpha0.05,case_023,0,ok,3.5258899676375406,4.525889967637541,2796,618.0,0.5876483279395901,stop,True,15.093363421969116
mtbench,spec_casc_opt,alpha0.05,case_024,0,ok,3.714622641509434,4.714622641509434,1996,424.0,0.6191037735849056,stop,True,10.88160456996411
mtbench,spec_casc_opt,alpha0.05,case_025,0,ok,4.0,5.0,645,130.0,0.6666666666666666,stop,True,3.365085889585316
mtbench,spec_casc_opt,alpha0.05,case_026,0,ok,3.5602836879432624,4.560283687943262,643,141.0,0.5933806146572104,stop,True,3.5785237080417573
mtbench,spec_casc_opt,alpha0.05,case_027,0,ok,3.591928251121076,4.591928251121076,1019,223.0,0.5986547085201793,stop,True,5.256093062926084
mtbench,spec_casc_opt,alpha0.05,case_028,0,ok,2.8156182212581347,3.8156182212581347,1760,461.0,0.4692697035430224,stop,True,10.515707121696323
mtbench,spec_casc_opt,alpha0.05,case_029,0,ok,3.4581589958158996,4.4581589958159,2131,478.0,0.5763598326359832,stop,True,11.739190917927772
mtbench,spec_casc_opt,alpha0.05,case_030,0,ok,3.167910447761194,4.167910447761194,1116,268.0,0.5279850746268657,stop,True,6.309033813886344
mtbench,spec_casc_opt,alpha0.05,case_031,0,ok,3.053030303030303,4.053030303030303,534,132.0,0.5088383838383839,stop,True,2.644348933827132
mtbench,spec_casc_opt,alpha0.05,case_032,0,ok,2.808333333333333,3.808333333333333,457,120.0,0.46805555555555556,stop,True,2.952428693883121
mtbench,spec_casc_opt,alpha0.05,case_033,0,ok,3.3346153846153848,4.334615384615384,1127,260.0,0.5557692307692308,stop,True,6.362230428028852
mtbench,spec_casc_opt,alpha0.05,case_034,0,ok,3.1270358306188926,4.127035830618892,2532,614.0,0.5211726384364821,stop,True,15.065018131863326
mtbench,spec_casc_opt,alpha0.05,case_035,0,ok,3.106918238993711,4.1069182389937104,653,159.0,0.5178197064989518,stop,True,3.969795029144734
mtbench,spec_casc_opt,alpha0.05,case_036,0,ok,3.8098591549295775,4.809859154929578,4096,852.0,0.6349765258215962,length,False,21.54200583603233
mtbench,spec_casc_opt,alpha0.05,case_037,0,ok,3.55045871559633,4.55045871559633,496,109.0,0.591743119266055,stop,True,3.027065085247159
mtbench,spec_casc_opt,alpha0.05,case_038,0,ok,3.6666666666666665,4.666666666666666,278,60.0,0.6111111111111112,stop,True,2.0087072188034654
mtbench,spec_casc_opt,alpha0.05,case_039,0,ok,3.8702290076335877,4.870229007633588,638,131.0,0.6450381679389313,stop,True,3.6945806043222547
mtbench,spec_casc_opt,alpha0.05,case_040,0,ok,4.27027027027027,5.27027027027027,586,111.0,0.7117117117117117,stop,True,3.1361706438474357
mtbench,spec_casc_opt,alpha0.05,case_041,0,ok,3.4475524475524475,4.4475524475524475,635,143.0,0.5745920745920746,stop,True,3.6847038832493126
mtbench,spec_casc_opt,alpha0.05,case_042,0,ok,3.6157760814249365,4.6157760814249365,3626,786.0,0.602629346904156,stop,True,19.343152575194836
mtbench,spec_casc_opt,alpha0.05,case_043,0,ok,4.782608695652174,5.782608695652174,266,46.0,0.7971014492753623,stop,True,1.8559737848117948
mtbench,spec_casc_opt,alpha0.05,case_044,0,ok,4.3,5.3,478,90.0,0.7166666666666667,stop,True,3.658251496963203
mtbench,spec_casc_opt,alpha0.05,case_045,0,ok,3.402173913043478,4.4021739130434785,406,92.0,0.5670289855072463,stop,True,3.27740483218804
mtbench,spec_casc_opt,alpha0.05,case_046,0,ok,3.1743119266055047,4.174311926605505,4096,981.0,0.5290519877675841,length,False,23.158428252208978
mtbench,spec_casc_opt,alpha0.05,case_047,0,ok,2.934684684684685,3.934684684684685,1744,444.0,0.4891141141141141,stop,True,10.290575632359833
mtbench,spec_casc_opt,alpha0.05,case_048,0,ok,2.57487922705314,3.57487922705314,737,207.0,0.42914653784219003,stop,True,4.710871346760541
mtbench,spec_casc_opt,alpha0.05,case_049,0,ok,3.3500967117988396,4.350096711798839,2247,517.0,0.5583494519664732,stop,True,12.260811890941113
mtbench,spec_casc_opt,alpha0.05,case_050,0,ok,3.2788339670468947,4.278833967046895,3376,789.0,0.5464723278411492,stop,True,18.410169555805624
mtbench,spec_casc_opt,alpha0.05,case_051,0,ok,2.3157894736842106,3.3157894736842106,567,171.0,0.38596491228070173,stop,True,3.167465949896723
mtbench,spec_casc_opt,alpha0.05,case_052,0,ok,2.622448979591837,3.622448979591837,355,98.0,0.4370748299319728,stop,True,2.5526798767969012
mtbench,spec_casc_opt,alpha0.05,case_053,0,ok,2.6467065868263475,3.6467065868263475,608,167.0,0.4411177644710579,stop,True,4.194399605039507
mtbench,spec_casc_opt,alpha0.05,case_054,0,ok,3.1102362204724407,4.110236220472441,1045,254.0,0.5183727034120735,stop,True,6.617489155847579
mtbench,spec_casc_opt,alpha0.05,case_055,0,ok,2.870967741935484,3.870967741935484,720,186.0,0.478494623655914,stop,True,4.772962755989283
mtbench,spec_casc_opt,alpha0.05,case_056,0,ok,3.34320987654321,4.3432098765432094,1758,405.0,0.557201646090535,stop,True,10.254939516074955
mtbench,spec_casc_opt,alpha0.05,case_057,0,ok,3.123152709359606,4.123152709359606,837,203.0,0.5205254515599343,stop,True,5.072137728333473
mtbench,spec_casc_opt,alpha0.05,case_058,0,ok,3.9047619047619047,4.904761904761905,823,168.0,0.6507936507936508,stop,True,4.509689980186522
mtbench,spec_casc_opt,alpha0.05,case_059,0,ok,3.4478527607361964,4.447852760736197,2900,652.0,0.5746421267893661,stop,True,16.527965902350843
mtbench,spec_casc_opt,alpha0.05,case_060,0,ok,3.4489247311827955,4.448924731182796,1655,372.0,0.5748207885304659,stop,True,9.219226071145386
mtbench,spec_casc_opt,alpha0.05,case_061,0,ok,4.104761904761904,5.104761904761904,536,105.0,0.6841269841269841,stop,True,2.9846180956810713
mtbench,spec_casc_opt,alpha0.05,case_062,0,ok,4.415929203539823,5.415929203539823,613,113.0,0.7359882005899705,stop,True,3.3586424132809043
mtbench,spec_casc_opt,alpha0.05,case_063,0,ok,3.6666666666666665,4.666666666666666,798,171.0,0.6111111111111112,stop,True,4.412504354026169
mtbench,spec_casc_opt,alpha0.05,case_064,0,ok,4.516129032258065,5.516129032258065,172,31.0,0.7526881720430108,stop,True,1.1967237857170403
mtbench,spec_casc_opt,alpha0.05,case_065,0,ok,4.9375,5.9375,187,32.0,0.8229166666666666,stop,True,1.1795526170171797
mtbench,spec_casc_opt,alpha0.05,case_066,0,ok,3.592156862745098,4.592156862745098,1171,255.0,0.5986928104575163,stop,True,6.870369609910995
mtbench,spec_casc_opt,alpha0.05,case_067,0,ok,3.623015873015873,4.6230158730158735,2330,504.0,0.6038359788359788,stop,True,12.601993975695223
mtbench,spec_casc_opt,alpha0.05,case_068,0,ok,3.799410029498525,4.7994100294985245,1627,339.0,0.6332350049164208,stop,True,8.869436718989164
mtbench,spec_casc_opt,alpha0.05,case_069,0,ok,3.658536585365854,4.658536585365853,186,41.0,0.6097560975609756,stop,True,1.7499047121964395
mtbench,spec_casc_opt,alpha0.05,case_070,0,ok,4.071570576540755,5.071570576540755,2547,503.0,0.6785950960901259,stop,True,13.971209209412336
mtbench,spec_casc_opt,alpha0.05,case_071,0,ok,3.6372549019607843,4.637254901960784,471,102.0,0.6062091503267973,stop,True,3.2184755611233413
mtbench,spec_casc_opt,alpha0.05,case_072,0,ok,4.069306930693069,5.069306930693069,507,101.0,0.6782178217821783,stop,True,3.3193009491078556
mtbench,spec_casc_opt,alpha0.05,case_073,0,ok,3.2096317280453257,4.209631728045325,1483,353.0,0.5349386213408877,stop,True,8.414079518057406
mtbench,spec_casc_opt,alpha0.05,case_074,0,ok,3.318537859007833,4.318537859007833,1655,383.0,0.5530896431679722,stop,True,9.254537468776107
mtbench,spec_casc_opt,alpha0.05,case_075,0,ok,3.1636690647482015,4.163669064748202,2315,556.0,0.5272781774580336,stop,True,13.168200130108744
mtbench,spec_casc_opt,alpha0.05,case_076,0,ok,3.0237037037037036,4.023703703703704,2713,675.0,0.5039506172839506,stop,True,15.696531258989125
mtbench,spec_casc_opt,alpha0.05,case_077,0,ok,3.1254437869822485,4.125443786982249,3485,845.0,0.5209072978303747,stop,True,19.716977728065103
mtbench,spec_casc_opt,alpha0.05,case_078,0,ok,2.989100817438692,3.989100817438692,1459,367.0,0.4981834695731153,stop,True,8.7339459056966
mtbench,spec_casc_opt,alpha0.05,case_079,0,ok,3.4809782608695654,4.480978260869565,1649,368.0,0.5801630434782609,stop,True,9.120323490351439
mtbench,spec_casc_opt,alpha0.05,case_080,0,ok,3.3929359823399556,4.392935982339956,1989,453.0,0.5654893303899926,stop,True,11.26999741466716
mtbench,spec_casc_opt,alphaneg0.02,case_001,0,ok,2.9721030042918457,3.9721030042918457,1851,466.0,0.49535050071530756,stop,True,10.815606309100986
mtbench,spec_casc_opt,alphaneg0.02,case_002,0,ok,3.4557721139430284,4.455772113943029,2973,667.0,0.5759620189905047,stop,True,16.273186788894236
mtbench,spec_casc_opt,alphaneg0.02,case_003,0,ok,3.1546666666666665,4.1546666666666665,1558,375.0,0.5257777777777778,stop,True,8.880789239890873
mtbench,spec_casc_opt,alphaneg0.1,case_001,0,ok,2.4837049742710122,3.4837049742710122,2032,583.0,0.41395082904516867,stop,True,12.851567993871868
mtbench,spec_casc_opt,alphaneg0.1,case_002,0,ok,3.222882615156018,4.222882615156018,2843,673.0,0.537147102526003,stop,True,16.31406692415476
mtbench,spec_casc_opt,alphaneg0.1,case_003,0,ok,2.8869179600886916,3.8869179600886916,1753,451.0,0.4811529933481153,stop,True,10.55544810090214
mtbench,spec_casc_opt,alphaneg0.3,case_001,0,ok,2.195578231292517,3.195578231292517,1879,588.0,0.3659297052154195,stop,True,12.556580807082355
mtbench,spec_casc_opt,alphaneg0.3,case_002,0,ok,2.951476793248945,3.951476793248945,1874,474.0,0.4919127988748242,stop,True,10.898136286996305
mtbench,spec_casc_opt,alphaneg0.3,case_003,0,ok,2.462829736211031,3.462829736211031,1444,417.0,0.4104716227018385,stop,True,9.198186001740396
mtbench,spec_casc_opt,alphaneg0.3,case_004,0,ok,3.216535433070866,4.216535433070867,1071,254.0,0.5360892388451444,stop,True,5.95162953203544
mtbench,spec_casc_opt,alphaneg0.3,case_005,0,ok,3.5277777777777777,4.527777777777778,163,36.0,0.5879629629629629,stop,True,0.9153829324059188
mtbench,spec_casc_opt,alphaneg0.3,case_006,0,ok,3.1346153846153846,4.134615384615385,431,104.0,0.5224358974358975,stop,True,2.176094193942845
mtbench,spec_casc_opt,alphaneg0.3,case_007,0,ok,2.984251968503937,3.984251968503937,1516,381.0,0.4973753280839895,stop,True,9.148849375080317
mtbench,spec_casc_opt,alphaneg0.3,case_008,0,ok,3.185770750988142,4.1857707509881426,1057,253.0,0.530961791831357,stop,True,5.721947766840458
mtbench,spec_casc_opt,alphaneg0.3,case_009,0,ok,3.9,4.9,99,20.0,0.65,stop,True,0.790390691254288
mtbench,spec_casc_opt,alphaneg0.3,case_010,0,ok,2.624175824175824,3.624175824175824,1649,455.0,0.43736263736263736,stop,True,10.064270988106728
mtbench,spec_casc_opt,alphaneg0.3,case_011,0,ok,2.0390625,3.0390625,3112,1024.0,0.33984375,stop,True,21.798589397221804
mtbench,spec_casc_opt,alphaneg0.3,case_012,0,ok,2.30078125,3.30078125,3380,1024.0,0.3834635416666667,stop,True,22.100695750210434
mtbench,spec_casc_opt,alphaneg0.3,case_013,0,ok,3.3947368421052633,4.394736842105264,164,38.0,0.5657894736842105,stop,True,1.0094083310104907
mtbench,spec_casc_opt,alphaneg0.3,case_014,0,ok,1.9428571428571428,2.942857142857143,309,105.0,0.3238095238095238,stop,True,2.00170508120209
mtbench,spec_casc_opt,alphaneg0.3,case_015,0,ok,3.4657534246575343,4.465753424657534,324,73.0,0.5776255707762558,stop,True,1.7325923489406705
mtbench,spec_casc_opt,alphaneg0.3,case_016,0,ok,1.6055045871559632,2.6055045871559632,281,109.0,0.26758409785932724,stop,True,2.124977317173034
mtbench,spec_casc_opt,alphaneg0.3,case_017,0,ok,3.0574572127139366,4.057457212713937,3319,818.0,0.5095762021189894,stop,True,19.62811335362494
mtbench,spec_casc_opt,alphaneg0.3,case_018,0,ok,2.3866666666666667,3.3866666666666667,2795,825.0,0.3977777777777778,stop,True,18.648954602889717
mtbench,spec_casc_opt,alphaneg0.3,case_019,0,ok,2.4411764705882355,3.4411764705882355,469,136.0,0.4068627450980392,stop,True,2.757893780246377
mtbench,spec_casc_opt,alphaneg0.3,case_020,0,ok,4.5,5.5,121,22.0,0.75,stop,True,0.7398390080779791
mtbench,spec_casc_opt,alphaneg0.3,case_021,0,ok,3.5555555555555554,4.555555555555555,410,90.0,0.5925925925925926,stop,True,2.016504957806319
mtbench,spec_casc_opt,alphaneg0.3,case_022,0,ok,3.1487179487179486,4.148717948717948,806,195.0,0.5247863247863248,stop,True,4.370387119241059
mtbench,spec_casc_opt,alphaneg0.3,case_023,0,ok,2.936378466557912,3.936378466557912,2412,613.0,0.4893964110929853,stop,True,14.42425579810515
mtbench,spec_casc_opt,alphaneg0.3,case_024,0,ok,2.932806324110672,3.932806324110672,1988,506.0,0.4888010540184453,stop,True,11.57560956897214
mtbench,spec_casc_opt,alphaneg0.3,case_025,0,ok,3.613793103448276,4.613793103448276,670,145.0,0.6022988505747127,stop,True,3.696725838817656
mtbench,spec_casc_opt,alphaneg0.3,case_026,0,ok,3.526666666666667,4.526666666666667,676,150.0,0.5877777777777777,stop,True,3.7795911747962236
mtbench,spec_casc_opt,alphaneg0.3,case_027,0,ok,2.7699757869249395,3.7699757869249395,1555,413.0,0.46166263115415657,stop,True,9.136195729952306
mtbench,spec_casc_opt,alphaneg0.3,case_028,0,ok,2.195014662756598,3.195014662756598,2179,682.0,0.3658357771260997,stop,True,15.04172565927729
mtbench,spec_casc_opt,alphaneg0.3,case_029,0,ok,2.309734513274336,3.309734513274336,2243,678.0,0.38495575221238937,stop,True,14.461047838907689
mtbench,spec_casc_opt,alphaneg0.3,case_030,0,ok,2.3922413793103448,3.3922413793103448,785,232.0,0.39870689655172414,stop,True,4.756158064119518
mtbench,spec_casc_opt,alphaneg0.3,case_031,0,ok,2.3622047244094486,3.3622047244094486,427,127.0,0.3937007874015748,stop,True,2.368442126084119
mtbench,spec_casc_opt,alphaneg0.3,case_032,0,ok,1.9795918367346939,2.979591836734694,290,98.0,0.3299319727891156,stop,True,2.228177086915821
mtbench,spec_casc_opt,alphaneg0.3,case_033,0,ok,2.18562874251497,3.18562874251497,532,167.0,0.36427145708582837,stop,True,3.7165333931334317
mtbench,spec_casc_opt,alphaneg0.3,case_034,0,ok,2.326041666666667,3.326041666666667,3192,960.0,0.3876736111111111,stop,True,20.70160393882543
mtbench,spec_casc_opt,alphaneg0.3,case_035,0,ok,1.8693181818181819,2.8693181818181817,505,176.0,0.3115530303030303,stop,True,3.7915449189022183
mtbench,spec_casc_opt,alphaneg0.3,case_036,0,ok,3.0,4.0,2623,656.0,0.5,stop,True,15.361216185148805
mtbench,spec_casc_opt,alphaneg0.3,case_037,0,ok,3.3372093023255816,4.337209302325581,372,86.0,0.5562015503875969,stop,True,2.431799929123372
mtbench,spec_casc_opt,alphaneg0.3,case_038,0,ok,2.5606060606060606,3.5606060606060606,234,66.0,0.42676767676767674,stop,True,1.9861376667395234
mtbench,spec_casc_opt,alphaneg0.3,case_039,0,ok,3.316546762589928,4.316546762589928,600,139.0,0.552757793764988,stop,True,3.6683345190249383
mtbench,spec_casc_opt,alphaneg0.3,case_040,0,ok,3.6626506024096384,4.662650602409638,385,83.0,0.6104417670682731,stop,True,2.318859142716974
mtbench,spec_casc_opt,alphaneg0.3,case_041,0,ok,2.856353591160221,3.856353591160221,697,181.0,0.47605893186003684,stop,True,4.382140107918531
mtbench,spec_casc_opt,alphaneg0.3,case_042,0,ok,2.763059701492537,3.763059701492537,2015,536.0,0.46050995024875624,stop,True,12.228175037074834
mtbench,spec_casc_opt,alphaneg0.3,case_043,0,ok,3.4444444444444446,4.444444444444445,280,63.0,0.5740740740740741,stop,True,2.135844362899661
mtbench,spec_casc_opt,alphaneg0.3,case_044,0,ok,3.7107438016528924,4.710743801652892,570,121.0,0.6184573002754821,stop,True,4.0310970288701355
mtbench,spec_casc_opt,alphaneg0.3,case_045,0,ok,2.8227848101265822,3.8227848101265822,602,158.0,0.4704641350210971,stop,True,4.559390073176473
mtbench,spec_casc_opt,alphaneg0.3,case_046,0,ok,2.7320261437908497,3.7320261437908497,1710,459.0,0.4553376906318083,stop,True,10.45454316958785
mtbench,spec_casc_opt,alphaneg0.3,case_047,0,ok,2.4516129032258065,3.4516129032258065,1712,496.0,0.40860215053763443,stop,True,10.919838882051408
mtbench,spec_casc_opt,alphaneg0.3,case_048,0,ok,1.95,2.95,413,140.0,0.325,stop,True,3.055964069906622
mtbench,spec_casc_opt,alphaneg0.3,case_049,0,ok,2.176470588235294,3.176470588235294,1403,442.0,0.3627450980392157,stop,True,9.379106218926609
mtbench,spec_casc_opt,alphaneg0.3,case_050,0,ok,2.1783536585365852,3.1783536585365852,2082,656.0,0.3630589430894309,stop,True,13.639859464019537
mtbench,spec_casc_opt,alphaneg0.3,case_051,0,ok,1.9385964912280702,2.93859649122807,670,228.0,0.3230994152046784,stop,True,4.0310855051502585
mtbench,spec_casc_opt,alphaneg0.3,case_052,0,ok,1.9493670886075949,2.9493670886075947,1398,474.0,0.32489451476793246,stop,True,9.853396954014897
mtbench,spec_casc_opt,alphaneg0.3,case_053,0,ok,2.014851485148515,3.014851485148515,610,202.0,0.3358085808580858,stop,True,4.456174670252949
mtbench,spec_casc_opt,alphaneg0.3,case_054,0,ok,2.001926782273603,3.001926782273603,1559,519.0,0.3336544637122672,stop,True,11.088938112836331
mtbench,spec_casc_opt,alphaneg0.3,case_055,0,ok,2.264957264957265,3.264957264957265,763,234.0,0.37749287749287747,stop,True,5.341760389041156
mtbench,spec_casc_opt,alphaneg0.3,case_056,0,ok,2.5913978494623655,3.5913978494623655,2004,558.0,0.43189964157706096,stop,True,12.790526370052248
mtbench,spec_casc_opt,alphaneg0.3,case_057,0,ok,1.9409594095940959,2.940959409594096,798,271.0,0.3234932349323493,stop,True,5.732654721941799
mtbench,spec_casc_opt,alphaneg0.3,case_058,0,ok,3.4130434782608696,4.413043478260869,201,46.0,0.5688405797101449,stop,True,1.3623887659050524
mtbench,spec_casc_opt,alphaneg0.3,case_059,0,ok,2.569655172413793,3.569655172413793,2588,725.0,0.4282758620689655,stop,True,16.653941737953573
mtbench,spec_casc_opt,alphaneg0.3,case_060,0,ok,3.021201413427562,4.021201413427562,1138,283.0,0.5035335689045937,stop,True,6.813091648742557
mtbench,spec_casc_opt,alphaneg0.3,case_061,0,ok,4.089655172413793,5.089655172413793,736,145.0,0.6816091954022988,stop,True,3.9836105019785464
mtbench,spec_casc_opt,alphaneg0.3,case_062,0,ok,3.5660377358490565,4.566037735849056,485,106.0,0.5943396226415094,stop,True,2.937902474310249
mtbench,spec_casc_opt,alphaneg0.3,case_063,0,ok,3.7,4.7,564,120.0,0.6166666666666667,stop,True,3.2238895990885794
mtbench,spec_casc_opt,alphaneg0.3,case_064,0,ok,4.032258064516129,5.032258064516129,156,31.0,0.6720430107526881,stop,True,1.1597650018520653
mtbench,spec_casc_opt,alphaneg0.3,case_065,0,ok,4.0344827586206895,5.0344827586206895,146,29.0,0.6724137931034483,stop,True,1.0201041172258556
mtbench,spec_casc_opt,alphaneg0.3,case_066,0,ok,2.6725838264299804,3.6725838264299804,1862,507.0,0.44543063773833,stop,True,11.821931833866984
mtbench,spec_casc_opt,alphaneg0.3,case_067,0,ok,2.9973045822102424,3.9973045822102424,1482,371.0,0.4995507637017071,stop,True,8.875891170930117
mtbench,spec_casc_opt,alphaneg0.3,case_068,0,ok,2.7757009345794392,3.7757009345794392,1617,428.0,0.46261682242990654,stop,True,9.810530197806656
mtbench,spec_casc_opt,alphaneg0.3,case_069,0,ok,2.912280701754386,3.912280701754386,219,57.0,0.4853801169590643,stop,True,2.011331587098539
mtbench,spec_casc_opt,alphaneg0.3,case_070,0,ok,3.2658227848101267,4.265822784810126,1682,395.0,0.5443037974683544,stop,True,10.239668017718941
mtbench,spec_casc_opt,alphaneg0.3,case_071,0,ok,2.8333333333333335,3.8333333333333335,528,138.0,0.4722222222222222,stop,True,3.816610577981919
mtbench,spec_casc_opt,alphaneg0.3,case_072,0,ok,3.5757575757575757,4.575757575757576,452,99.0,0.5959595959595959,stop,True,3.15431049419567
mtbench,spec_casc_opt,alphaneg0.3,case_073,0,ok,2.4531645569620255,3.4531645569620255,1361,395.0,0.4088607594936709,stop,True,8.658157277852297
mtbench,spec_casc_opt,alphaneg0.3,case_074,0,ok,2.7363636363636363,3.7363636363636363,821,220.0,0.45606060606060606,stop,True,5.193185912910849
mtbench,spec_casc_opt,alphaneg0.3,case_075,0,ok,2.430051813471503,3.430051813471503,1986,579.0,0.40500863557858374,stop,True,12.680123289115727
mtbench,spec_casc_opt,alphaneg0.3,case_076,0,ok,2.075196408529742,3.075196408529742,2740,891.0,0.3458660680882903,stop,True,18.699257742147893
mtbench,spec_casc_opt,alphaneg0.3,case_077,0,ok,2.2402183803457687,3.2402183803457687,3561,1099.0,0.37336973005762814,stop,True,23.625853156205267
mtbench,spec_casc_opt,alphaneg0.3,case_078,0,ok,2.321279554937413,3.321279554937413,2388,719.0,0.3868799258229022,stop,True,15.462995375972241
mtbench,spec_casc_opt,alphaneg0.3,case_079,0,ok,2.317484662576687,3.317484662576687,2163,652.0,0.3862474437627812,stop,True,13.9380475836806
mtbench,spec_casc_opt,alphaneg0.3,case_080,0,ok,2.3333333333333335,3.3333333333333335,2220,666.0,0.3888888888888889,stop,True,14.251379810273647
mtbench,spec_casc_tok,alpha0.15,case_001,0,ok,1.6224489795918366,2.6224489795918364,2056,784.0,0.27040816326530615,stop,True,15.564067954663187
mtbench,spec_casc_tok,alpha0.15,case_002,0,ok,1.643556895252449,2.6435568952524493,3509,1327.0,0.27392614920874153,stop,True,27.01722526596859
mtbench,spec_casc_tok,alpha0.15,case_003,0,ok,1.8389261744966443,2.8389261744966445,1692,596.0,0.30648769574944074,stop,True,12.364677632693201
mtbench,spec_casc_tok,alpha0.15,case_004,0,ok,2.427807486631016,3.427807486631016,1283,374.0,0.40463458110516937,stop,True,8.13833849830553
mtbench,spec_casc_tok,alpha0.15,case_005,0,ok,2.6140350877192984,3.6140350877192984,205,57.0,0.43567251461988304,stop,True,1.2966750767081976
mtbench,spec_casc_tok,alpha0.15,case_006,0,ok,2.65,3.65,510,140.0,0.44166666666666665,stop,True,2.8674136716872454
mtbench,spec_casc_tok,alpha0.15,case_007,0,ok,2.516509433962264,3.516509433962264,1492,424.0,0.41941823899371067,stop,True,9.413611263036728
mtbench,spec_casc_tok,alpha0.15,case_008,0,ok,2.3949579831932772,3.3949579831932772,807,238.0,0.39915966386554624,stop,True,5.180034392978996
mtbench,spec_casc_tok,alpha0.15,case_009,0,ok,3.1153846153846154,4.115384615384615,106,26.0,0.5192307692307693,stop,True,0.920533703174442
mtbench,spec_casc_tok,alpha0.15,case_010,0,ok,2.1286644951140063,3.1286644951140063,1921,614.0,0.3547774158523344,stop,True,13.056087388191372
mtbench,spec_casc_tok,alpha0.15,case_011,0,ok,1.7612456747404843,2.7612456747404845,3191,1156.0,0.2935409457900807,stop,True,23.74720045318827
mtbench,spec_casc_tok,alpha0.15,case_012,0,ok,1.7166666666666666,2.716666666666667,2771,1020.0,0.2861111111111111,stop,True,21.48675388470292
mtbench,spec_casc_tok,alpha0.15,case_013,0,ok,2.7384615384615385,3.7384615384615385,243,65.0,0.4564102564102564,stop,True,1.4957742425613105
mtbench,spec_casc_tok,alpha0.15,case_014,0,ok,1.7127659574468086,2.7127659574468086,255,94.0,0.2854609929078014,stop,True,1.813302983995527
mtbench,spec_casc_tok,alpha0.15,case_015,0,ok,3.0317460317460316,4.031746031746032,504,126.0,0.5052910052910053,stop,True,2.9602604378014803
mtbench,spec_casc_tok,alpha0.15,case_016,0,ok,2.4100719424460433,3.4100719424460433,474,139.0,0.40167865707434053,stop,True,3.151325104292482
mtbench,spec_casc_tok,alpha0.15,case_017,0,ok,2.679738562091503,3.679738562091503,1125,306.0,0.4466230936819172,stop,True,6.851503374055028
mtbench,spec_casc_tok,alpha0.15,case_018,0,ok,2.0043057050592035,3.0043057050592035,2790,929.0,0.3340509508432006,stop,True,20.406765108928084
mtbench,spec_casc_tok,alpha0.15,case_019,0,ok,1.9916666666666667,2.9916666666666667,356,120.0,0.33194444444444443,stop,True,2.3384421789087355
mtbench,spec_casc_tok,alpha0.15,case_020,0,ok,3.5,4.5,153,34.0,0.5833333333333334,stop,True,0.8963260240852833
mtbench,spec_casc_tok,alpha0.15,case_021,0,ok,2.972972972972973,3.972972972972973,293,74.0,0.4954954954954955,stop,True,1.621023542713374
mtbench,spec_casc_tok,alpha0.15,case_022,0,ok,2.6956521739130435,3.6956521739130435,680,184.0,0.4492753623188406,stop,True,3.9934236868284643
mtbench,spec_casc_tok,alpha0.15,case_023,0,ok,2.2660944206008584,3.2660944206008584,1522,466.0,0.3776824034334764,stop,True,9.926305210217834
mtbench,spec_casc_tok,alpha0.15,case_024,0,ok,2.0637898686679175,3.0637898686679175,1633,533.0,0.3439649781113196,stop,True,11.246963582932949
mtbench,spec_casc_tok,alpha0.15,case_025,0,ok,3.5060240963855422,4.506024096385542,372,83.0,0.5843373493975904,stop,True,2.07054063398391
mtbench,spec_casc_tok,alpha0.15,case_026,0,ok,2.5819209039548023,3.5819209039548023,633,177.0,0.4303201506591337,stop,True,3.979234104976058
mtbench,spec_casc_tok,alpha0.15,case_027,0,ok,2.4083601286173635,3.4083601286173635,1058,311.0,0.40139335476956056,stop,True,6.8113221591338515
mtbench,spec_casc_tok,alpha0.15,case_028,0,ok,1.837549933422104,2.837549933422104,2131,751.0,0.3062583222370173,stop,True,15.703561997041106
mtbench,spec_casc_tok,alpha0.15,case_029,0,ok,1.7036048064085447,2.7036048064085447,2025,749.0,0.2839341344014241,stop,True,14.921211798209697
mtbench,spec_casc_tok,alpha0.15,case_030,0,ok,2.1379310344827585,3.1379310344827585,908,290.0,0.3563218390804598,stop,True,5.93232800392434
mtbench,spec_casc_tok,alpha0.15,case_031,0,ok,2.2133333333333334,3.2133333333333334,482,150.0,0.3688888888888889,stop,True,2.7048045340925455
mtbench,spec_casc_tok,alpha0.15,case_032,0,ok,1.6,2.6,299,115.0,0.26666666666666666,stop,True,2.465294798836112
mtbench,spec_casc_tok,alpha0.15,case_033,0,ok,1.5373737373737373,2.5373737373737373,1256,495.0,0.25622895622895625,stop,True,9.676664102356881
mtbench,spec_casc_tok,alpha0.15,case_034,0,ok,1.816289592760181,2.8162895927601808,3112,1105.0,0.3027149321266968,stop,True,22.435815447941422
mtbench,spec_casc_tok,alpha0.15,case_035,0,ok,1.392156862745098,2.392156862745098,244,102.0,0.23202614379084968,stop,True,2.2062592240981758
mtbench,spec_casc_tok,alpha0.15,case_036,0,ok,2.220738413197172,3.220738413197172,4096,1273.0,0.37012306886619534,length,False,27.00410735514015
mtbench,spec_casc_tok,alpha0.15,case_037,0,ok,2.577777777777778,3.577777777777778,483,135.0,0.42962962962962964,stop,True,3.327929208986461
mtbench,spec_casc_tok,alpha0.15,case_038,0,ok,2.776470588235294,3.776470588235294,320,85.0,0.4627450980392157,stop,True,2.420293463394046
mtbench,spec_casc_tok,alpha0.15,case_039,0,ok,3.1129032258064515,4.112903225806452,510,124.0,0.5188172043010753,stop,True,3.261787855066359
mtbench,spec_casc_tok,alpha0.15,case_040,0,ok,3.3445378151260505,4.344537815126051,517,119.0,0.5574229691876751,stop,True,3.105390213895589
mtbench,spec_casc_tok,alpha0.15,case_041,0,ok,2.8,3.8,606,160.0,0.4666666666666667,stop,True,3.8426781613379717
mtbench,spec_casc_tok,alpha0.15,case_042,0,ok,2.7072808320950967,3.7072808320950967,2493,673.0,0.45121347201584944,stop,True,15.186436488758773
mtbench,spec_casc_tok,alpha0.15,case_043,0,ok,2.2222222222222223,3.2222222222222223,115,36.0,0.37037037037037035,stop,True,1.3758141929283738
mtbench,spec_casc_tok,alpha0.15,case_044,0,ok,3.6640625,4.6640625,598,128.0,0.6106770833333334,stop,True,4.552688098046929
mtbench,spec_casc_tok,alpha0.15,case_045,0,ok,1.927927927927928,2.9279279279279278,325,111.0,0.3213213213213213,stop,True,3.382444609887898
mtbench,spec_casc_tok,alpha0.15,case_046,0,ok,1.9042553191489362,2.904255319148936,4096,1410.0,0.3173758865248227,length,True,28.911499453242868
mtbench,spec_casc_tok,alpha0.15,case_047,0,ok,2.1919385796545106,3.1919385796545106,1663,521.0,0.3653230966090851,stop,True,11.051998864859343
mtbench,spec_casc_tok,alpha0.15,case_048,0,ok,1.5738255033557047,2.573825503355705,765,298.0,0.26230425055928414,stop,True,5.899260069709271
mtbench,spec_casc_tok,alpha0.15,case_049,0,ok,1.7313432835820894,2.731343283582089,1463,536.0,0.2885572139303483,stop,True,10.73212519614026
mtbench,spec_casc_tok,alpha0.15,case_050,0,ok,1.6403940886699508,2.640394088669951,2678,1015.0,0.2733990147783251,stop,True,19.643756145145744
mtbench,spec_casc_tok,alpha0.15,case_051,0,ok,1.7658730158730158,2.765873015873016,698,252.0,0.2943121693121693,stop,True,4.424604066181928
mtbench,spec_casc_tok,alpha0.15,case_052,0,ok,1.6134969325153374,2.6134969325153374,426,163.0,0.2689161554192229,stop,True,3.4220324219204485
mtbench,spec_casc_tok,alpha0.15,case_053,0,ok,1.707070707070707,2.7070707070707067,804,297.0,0.2845117845117845,stop,True,6.188540528994054
mtbench,spec_casc_tok,alpha0.15,case_054,0,ok,1.5298621745788668,2.5298621745788665,1651,653.0,0.2549770290964778,stop,True,12.886357562150806
mtbench,spec_casc_tok,alpha0.15,case_055,0,ok,1.6920289855072463,2.692028985507246,742,276.0,0.28200483091787437,stop,True,5.894971102941781
mtbench,spec_casc_tok,alpha0.15,case_056,0,ok,2.1263858093126387,3.1263858093126387,1410,451.0,0.35439763488543974,stop,True,9.833075101953
mtbench,spec_casc_tok,alpha0.15,case_057,0,ok,1.6886993603411513,2.6886993603411513,1259,469.0,0.2814498933901919,stop,True,9.555124898906797
mtbench,spec_casc_tok,alpha0.15,case_058,0,ok,2.74,3.74,374,100.0,0.45666666666666667,stop,True,2.4833946032449603
mtbench,spec_casc_tok,alpha0.15,case_059,0,ok,2.163076923076923,3.163076923076923,2056,650.0,0.3605128205128205,stop,True,14.389515402726829
mtbench,spec_casc_tok,alpha0.15,case_060,0,ok,2.167741935483871,3.167741935483871,982,310.0,0.36129032258064514,stop,True,6.820277234073728
mtbench,spec_casc_tok,alpha0.15,case_061,0,ok,3.0631578947368423,4.063157894736842,385,95.0,0.5105263157894737,stop,True,2.4638529047369957
mtbench,spec_casc_tok,alpha0.15,case_062,0,ok,3.395348837209302,4.395348837209302,378,86.0,0.5658914728682171,stop,True,2.5168455336242914
mtbench,spec_casc_tok,alpha0.15,case_063,0,ok,2.9327731092436973,3.9327731092436973,468,119.0,0.4887955182072829,stop,True,3.039289959706366
mtbench,spec_casc_tok,alpha0.15,case_064,0,ok,2.8181818181818183,3.8181818181818183,126,33.0,0.4696969696969697,stop,True,1.1235513119027019
mtbench,spec_casc_tok,alpha0.15,case_065,0,ok,3.9583333333333335,4.958333333333334,119,24.0,0.6597222222222222,stop,True,0.9173994790762663
mtbench,spec_casc_tok,alpha0.15,case_066,0,ok,1.7794117647058822,2.7794117647058822,374,136.0,0.2965686274509804,stop,True,3.4275245759636164
mtbench,spec_casc_tok,alpha0.15,case_067,0,ok,2.7277397260273974,3.7277397260273974,2177,584.0,0.4546232876712329,stop,True,13.713602698873729
mtbench,spec_casc_tok,alpha0.15,case_068,0,ok,2.6809338521400776,3.6809338521400776,945,257.0,0.446822308690013,stop,True,5.986587249673903
mtbench,spec_casc_tok,alpha0.15,case_069,0,ok,2.977272727272727,3.977272727272727,173,44.0,0.4962121212121212,stop,True,1.7158372369594872
mtbench,spec_casc_tok,alpha0.15,case_070,0,ok,2.930783242258652,3.930783242258652,2156,549.0,0.48846387370977534,stop,True,13.224234084133059
mtbench,spec_casc_tok,alpha0.15,case_071,0,ok,2.335526315789474,3.335526315789474,507,152.0,0.3892543859649123,stop,True,3.916285282932222
mtbench,spec_casc_tok,alpha0.15,case_072,0,ok,3.1954022988505746,4.195402298850574,363,87.0,0.5325670498084292,stop,True,2.7590265488252044
mtbench,spec_casc_tok,alpha0.15,case_073,0,ok,2.2008733624454146,3.2008733624454146,733,229.0,0.36681222707423583,stop,True,4.985243238974363
mtbench,spec_casc_tok,alpha0.15,case_074,0,ok,2.3215547703180213,3.3215547703180213,938,283.0,0.3869257950530035,stop,True,6.267575897742063
mtbench,spec_casc_tok,alpha0.15,case_075,0,ok,2.1917098445595853,3.1917098445595853,2462,772.0,0.36528497409326427,stop,True,16.49532716907561
mtbench,spec_casc_tok,alpha0.15,case_076,0,ok,1.9061522419186652,2.906152241918665,2787,959.0,0.31769204031977755,stop,True,19.752223113551736
mtbench,spec_casc_tok,alpha0.15,case_077,0,ok,1.733644859813084,2.733644859813084,4096,1498.0,0.28894080996884736,length,True,29.608136451803148
mtbench,spec_casc_tok,alpha0.15,case_078,0,ok,1.7023060796645701,2.70230607966457,1288,477.0,0.283717679944095,stop,True,9.581717926077545
mtbench,spec_casc_tok,alpha0.15,case_079,0,ok,1.7273519163763067,2.727351916376307,3131,1148.0,0.28789198606271776,stop,True,22.630478834733367
mtbench,spec_casc_tok,alpha0.15,case_080,0,ok,1.6574803149606299,2.6574803149606296,1349,508.0,0.276246719160105,stop,True,10.154386188834906
mtbench,spec_casc_tok,alpha0.35,case_001,0,ok,1.6237172177879133,2.623717217787913,2301,877.0,0.2706195362979856,stop,True,17.373438420705497
mtbench,spec_casc_tok,alpha0.35,case_002,0,ok,1.695852534562212,2.6958525345622117,4096,1519.0,0.282642089093702,length,True,30.860647524241358
mtbench,spec_casc_tok,alpha0.35,case_003,0,ok,2.0160642570281126,3.0160642570281126,1502,498.0,0.3360107095046854,stop,True,10.606568462681025
mtbench,spec_casc_tok,alpha0.55,case_001,0,ok,1.5636978579481398,2.5636978579481395,2274,887.0,0.2606163096580233,stop,True,17.389193459413946
mtbench,spec_casc_tok,alpha0.55,case_002,0,ok,1.9013490725126476,2.9013490725126476,3440,1186.0,0.31689151208544125,stop,True,24.647396463900805
mtbench,spec_casc_tok,alpha0.55,case_003,0,ok,1.9844961240310077,2.9844961240310077,1539,516.0,0.330749354005168,stop,True,11.29629029519856
mtbench,spec_casc_tok,alpha0.8,case_001,0,ok,1.6577102803738317,2.6577102803738315,2276,856.0,0.276285046728972,stop,True,17.633936259895563
mtbench,spec_casc_tok,alpha0.8,case_002,0,ok,1.9365244536940687,2.9365244536940684,2822,961.0,0.3227540756156781,stop,True,19.96536322683096
mtbench,spec_casc_tok,alpha0.8,case_003,0,ok,2.496987951807229,3.496987951807229,1158,332.0,0.41616465863453816,stop,True,7.590753383003175
mtbench,spec_casc_tok,alpha0.8,case_004,0,ok,3.0271186440677966,4.027118644067796,1188,295.0,0.5045197740112994,stop,True,6.861449654214084
mtbench,spec_casc_tok,alpha0.8,case_005,0,ok,2.893617021276596,3.893617021276596,183,47.0,0.48226950354609927,stop,True,1.0804464160464704
mtbench,spec_casc_tok,alpha0.8,case_006,0,ok,3.0344827586206895,4.0344827586206895,468,116.0,0.5057471264367817,stop,True,2.4806441417895257
mtbench,spec_casc_tok,alpha0.8,case_007,0,ok,3.167095115681234,4.167095115681234,1620,389.0,0.5278491859468724,stop,True,9.393757528625429
mtbench,spec_casc_tok,alpha0.8,case_008,0,ok,3.5387453874538743,4.538745387453874,1227,271.0,0.5897908979089791,stop,True,6.728462380822748
mtbench,spec_casc_tok,alpha0.8,case_009,0,ok,3.074074074074074,4.074074074074074,111,27.0,0.5123456790123457,stop,True,0.933129555080086
mtbench,spec_casc_tok,alpha0.8,case_010,0,ok,2.629343629343629,3.629343629343629,1880,518.0,0.43822393822393824,stop,True,11.409574246034026
mtbench,spec_casc_tok,alpha0.8,case_011,0,ok,1.8671548117154813,2.8671548117154813,2741,956.0,0.3111924686192469,stop,True,20.141287671867758
mtbench,spec_casc_tok,alpha0.8,case_012,0,ok,1.9804123711340207,2.9804123711340207,2891,970.0,0.33006872852233676,stop,True,20.54815209005028
mtbench,spec_casc_tok,alpha0.8,case_013,0,ok,3.02,4.02,201,50.0,0.5033333333333333,stop,True,1.16293631400913
mtbench,spec_casc_tok,alpha0.8,case_014,0,ok,1.8345323741007193,2.8345323741007196,394,139.0,0.3057553956834532,stop,True,2.73909204127267
mtbench,spec_casc_tok,alpha0.8,case_015,0,ok,4.064516129032258,5.064516129032258,313,62.0,0.6774193548387096,stop,True,1.6741773639805615
mtbench,spec_casc_tok,alpha0.8,case_016,0,ok,1.5,2.5,275,110.0,0.25,stop,True,2.2006977731361985
mtbench,spec_casc_tok,alpha0.8,case_017,0,ok,2.6269662921348313,3.6269662921348313,1614,445.0,0.4378277153558052,stop,True,10.244672591332346
mtbench,spec_casc_tok,alpha0.8,case_018,0,ok,2.4307992202729043,3.4307992202729043,3521,1026.0,0.4051332033788174,stop,True,23.693887108936906
mtbench,spec_casc_tok,alpha0.8,case_019,0,ok,2.1554054054054053,3.1554054054054053,468,148.0,0.35923423423423423,stop,True,2.934642022009939
mtbench,spec_casc_tok,alpha0.8,case_020,0,ok,3.8076923076923075,4.8076923076923075,125,26.0,0.6346153846153846,stop,True,0.809813835658133
mtbench,spec_casc_tok,alpha0.8,case_021,0,ok,3.0285714285714285,4.0285714285714285,423,105.0,0.5047619047619047,stop,True,2.2726520663127303
mtbench,spec_casc_tok,alpha0.8,case_022,0,ok,2.9563106796116503,3.9563106796116503,814,206.0,0.49271844660194175,stop,True,4.607553800102323
mtbench,spec_casc_tok,alpha0.8,case_023,0,ok,2.7823129251700682,3.7823129251700682,3889,1029.0,0.463718820861678,stop,True,23.649538293015212
mtbench,spec_casc_tok,alpha0.8,case_024,0,ok,2.8978494623655915,3.8978494623655915,2175,558.0,0.4829749103942652,stop,True,13.829305656719953
mtbench,spec_casc_tok,alpha0.8,case_025,0,ok,3.9523809523809526,4.9523809523809526,619,126.0,0.6587301587301587,stop,True,3.2738010766915977
mtbench,spec_casc_tok,alpha0.8,case_026,0,ok,2.935251798561151,3.935251798561151,1091,278.0,0.4892086330935252,stop,True,6.629625289235264
mtbench,spec_casc_tok,alpha0.8,case_027,0,ok,2.9608695652173913,3.9608695652173913,908,230.0,0.4934782608695652,stop,True,5.368609130848199
mtbench,spec_casc_tok,alpha0.8,case_028,0,ok,2.095406360424028,3.095406360424028,2628,849.0,0.3492343934040047,stop,True,18.598221943248063
mtbench,spec_casc_tok,alpha0.8,case_029,0,ok,1.9350850077279753,2.9350850077279755,1895,647.0,0.32251416795466253,stop,True,13.715153775643557
mtbench,spec_casc_tok,alpha0.8,case_030,0,ok,2.2230483271375463,3.2230483271375463,865,269.0,0.3705080545229244,stop,True,5.656051228754222
mtbench,spec_casc_tok,alpha0.8,case_031,0,ok,2.427480916030534,3.427480916030534,449,131.0,0.40458015267175573,stop,True,2.4383574943058193
mtbench,spec_casc_tok,alpha0.8,case_032,0,ok,1.6814159292035398,2.6814159292035398,303,113.0,0.28023598820059,stop,True,2.4422333030961454
mtbench,spec_casc_tok,alpha0.8,case_033,0,ok,1.853658536585366,2.8536585365853657,936,328.0,0.3089430894308943,stop,True,6.754212154075503
mtbench,spec_casc_tok,alpha0.8,case_034,0,ok,2.2157092614302463,3.2157092614302463,2743,853.0,0.369284876905041,stop,True,18.157685931771994
mtbench,spec_casc_tok,alpha0.8,case_035,0,ok,1.8032786885245902,2.80327868852459,343,122.0,0.3005464480874317,stop,True,2.775386526249349
mtbench,spec_casc_tok,alpha0.8,case_036,0,ok,2.7972972972972974,3.7972972972972974,2247,592.0,0.46621621621621623,stop,True,13.620651132892817
mtbench,spec_casc_tok,alpha0.8,case_037,0,ok,3.1494252873563218,4.149425287356322,361,87.0,0.524904214559387,stop,True,2.400192236993462
mtbench,spec_casc_tok,alpha0.8,case_038,0,ok,2.1646341463414633,3.1646341463414633,519,164.0,0.36077235772357724,stop,True,3.963435836136341
mtbench,spec_casc_tok,alpha0.8,case_039,0,ok,3.1550802139037435,4.1550802139037435,777,187.0,0.5258467023172906,stop,True,4.767349286004901
mtbench,spec_casc_tok,alpha0.8,case_040,0,ok,3.3391304347826085,4.339130434782609,498,115.0,0.5565217391304348,stop,True,3.0056040845811367
mtbench,spec_casc_tok,alpha0.8,case_041,0,ok,3.0153061224489797,4.01530612244898,787,196.0,0.5025510204081632,stop,True,4.76931455405429
mtbench,spec_casc_tok,alpha0.8,case_042,0,ok,2.7577639751552794,3.7577639751552794,2419,644.0,0.45962732919254656,stop,True,14.700266728177667
mtbench,spec_casc_tok,alpha0.8,case_043,0,ok,4.285714285714286,5.285714285714286,219,42.0,0.7142857142857143,stop,True,1.720078363083303
mtbench,spec_casc_tok,alpha0.8,case_044,0,ok,3.9647058823529413,4.964705882352941,421,85.0,0.6607843137254902,stop,True,3.2102054371498525
mtbench,spec_casc_tok,alpha0.8,case_045,0,ok,2.2421052631578946,3.2421052631578946,306,95.0,0.3736842105263158,stop,True,3.0071193482726812
mtbench,spec_casc_tok,alpha0.8,case_046,0,ok,2.494692144373673,3.494692144373673,1644,471.0,0.4157820240622788,stop,True,10.430765458848327
mtbench,spec_casc_tok,alpha0.8,case_047,0,ok,2.3421052631578947,3.3421052631578947,1396,418.0,0.39035087719298245,stop,True,9.151541939005256
mtbench,spec_casc_tok,alpha0.8,case_048,0,ok,1.826086956521739,2.8260869565217392,583,207.0,0.30434782608695654,stop,True,4.340625734999776
mtbench,spec_casc_tok,alpha0.8,case_049,0,ok,1.9533213644524237,2.9533213644524237,1645,557.0,0.3255535607420706,stop,True,11.426455467008054
mtbench,spec_casc_tok,alpha0.8,case_050,0,ok,1.7652303120356612,2.765230312035661,1860,673.0,0.29420505200594355,stop,True,13.290677366778255
mtbench,spec_casc_tok,alpha0.8,case_051,0,ok,1.888268156424581,2.888268156424581,517,179.0,0.31471135940409684,stop,True,3.122399145271629
mtbench,spec_casc_tok,alpha0.8,case_052,0,ok,1.9205298013245033,2.9205298013245033,2204,755.0,0.3200883002207506,stop,True,15.563034750055522
mtbench,spec_casc_tok,alpha0.8,case_053,0,ok,1.819277108433735,2.819277108433735,234,83.0,0.3032128514056225,stop,True,2.007120391819626
mtbench,spec_casc_tok,alpha0.8,case_054,0,ok,1.7967667436489607,2.796766743648961,1210,433.0,0.29946112394149343,stop,True,9.149515212979168
mtbench,spec_casc_tok,alpha0.8,case_055,0,ok,2.199300699300699,3.199300699300699,913,286.0,0.36655011655011654,stop,True,6.478004131931812
mtbench,spec_casc_tok,alpha0.8,case_056,0,ok,2.4529540481400436,3.4529540481400436,1578,457.0,0.4088256746900073,stop,True,10.427165680099279
mtbench,spec_casc_tok,alpha0.8,case_057,0,ok,1.6964285714285714,2.696428571428571,1057,392.0,0.28273809523809523,stop,True,8.059606719762087
mtbench,spec_casc_tok,alpha0.8,case_058,0,ok,3.0470588235294116,4.047058823529412,344,85.0,0.5078431372549019,stop,True,2.2858240753412247
mtbench,spec_casc_tok,alpha0.8,case_059,0,ok,2.733446519524618,3.733446519524618,2200,589.0,0.4555744199207697,stop,True,14.320122848730534
mtbench,spec_casc_tok,alpha0.8,case_060,0,ok,2.5330188679245285,3.5330188679245285,749,212.0,0.4221698113207547,stop,True,5.091883725952357
mtbench,spec_casc_tok,alpha0.8,case_061,0,ok,3.8125,4.8125,463,96.0,0.6354166666666666,stop,True,2.769797271117568
mtbench,spec_casc_tok,alpha0.8,case_062,0,ok,3.642857142857143,4.642857142857142,454,98.0,0.6071428571428571,stop,True,2.885215819813311
mtbench,spec_casc_tok,alpha0.8,case_063,0,ok,2.9593023255813953,3.9593023255813953,681,172.0,0.4932170542635659,stop,True,4.2102777902036905
mtbench,spec_casc_tok,alpha0.8,case_064,0,ok,3.4193548387096775,4.419354838709678,135,31.0,0.5698924731182796,stop,True,1.134870317298919
mtbench,spec_casc_tok,alpha0.8,case_065,0,ok,4.6,5.6,196,35.0,0.7666666666666667,stop,True,1.2260135938413441
mtbench,spec_casc_tok,alpha0.8,case_066,0,ok,2.430939226519337,3.430939226519337,619,181.0,0.40515653775322286,stop,True,4.589054247830063
mtbench,spec_casc_tok,alpha0.8,case_067,0,ok,3.081460674157303,4.081460674157303,1453,356.0,0.5135767790262172,stop,True,8.693745568860322
mtbench,spec_casc_tok,alpha0.8,case_068,0,ok,2.652439024390244,3.652439024390244,1796,492.0,0.4420731707317073,stop,True,11.03770879888907
mtbench,spec_casc_tok,alpha0.8,case_069,0,ok,3.4285714285714284,4.428571428571429,153,35.0,0.5714285714285714,stop,True,1.540068075992167
mtbench,spec_casc_tok,alpha0.8,case_070,0,ok,3.0611888111888113,4.061188811188812,2324,572.0,0.5101981351981352,stop,True,13.936770209111273
mtbench,spec_casc_tok,alpha0.8,case_071,0,ok,2.9237288135593222,3.9237288135593222,461,118.0,0.4872881355932203,stop,True,3.3777453182265162
mtbench,spec_casc_tok,alpha0.8,case_072,0,ok,3.220779220779221,4.220779220779221,324,77.0,0.5367965367965368,stop,True,2.521188294980675
mtbench,spec_casc_tok,alpha0.8,case_073,0,ok,2.420138888888889,3.420138888888889,983,288.0,0.40335648148148145,stop,True,6.367772335186601
mtbench,spec_casc_tok,alpha0.8,case_074,0,ok,2.22964509394572,3.22964509394572,1545,479.0,0.37160751565762007,stop,True,10.25394925288856
mtbench,spec_casc_tok,alpha0.8,case_075,0,ok,2.3232,3.3232,2075,625.0,0.3872,stop,True,13.78772525023669
mtbench,spec_casc_tok,alpha0.8,case_076,0,ok,2.1161007667031764,3.1161007667031764,2845,913.0,0.35268346111719606,stop,True,19.14819821808487
mtbench,spec_casc_tok,alpha0.8,case_077,0,ok,2.145817344589409,3.145817344589409,4096,1303.0,0.35763622409823487,length,True,27.4306207629852
mtbench,spec_casc_tok,alpha0.8,case_078,0,ok,2.010928961748634,3.010928961748634,1102,366.0,0.33515482695810567,stop,True,7.641345821786672
mtbench,spec_casc_tok,alpha0.8,case_079,0,ok,1.8898678414096917,2.889867841409692,1309,454.0,0.31497797356828194,stop,True,9.284880856983364
mtbench,spec_casc_tok,alpha0.8,case_080,0,ok,2.055072463768116,3.055072463768116,2104,690.0,0.34251207729468597,stop,True,14.386848628986627
mtbench,strict,strict,case_001,0,ok,2.0559701492537314,3.0559701492537314,4096,1340.0,0.34266169154228854,length,True,28.76998851215467
mtbench,strict,strict,case_002,0,ok,1.9595375722543353,2.9595375722543356,4096,1384.0,0.3265895953757225,length,True,29.27770999772474
mtbench,strict,strict,case_003,0,ok,1.8814159292035397,2.8814159292035395,1628,565.0,0.3135693215339233,stop,True,11.553254810161889
mtbench,strict,strict,case_004,0,ok,2.133093525179856,3.133093525179856,871,278.0,0.35551558752997603,stop,True,5.815291790757328
mtbench,strict,strict,case_005,0,ok,2.5,3.5,169,48.0,0.4166666666666667,stop,True,1.1108751171268523
mtbench,strict,strict,case_006,0,ok,2.715686274509804,3.715686274509804,378,102.0,0.4526143790849673,stop,True,2.131783845834434
mtbench,strict,strict,case_007,0,ok,2.6914893617021276,3.6914893617021276,1387,376.0,0.44858156028368795,stop,True,8.48030716786161
mtbench,strict,strict,case_008,0,ok,2.8850574712643677,3.8850574712643677,676,174.0,0.48084291187739464,stop,True,3.839425034355372
mtbench,strict,strict,case_009,0,ok,3.3333333333333335,4.333333333333334,117,27.0,0.5555555555555556,stop,True,0.9177812780253589
mtbench,strict,strict,case_010,0,ok,2.04320987654321,3.04320987654321,1478,486.0,0.3405349794238683,stop,True,10.011684481985867
mtbench,strict,strict,case_011,0,ok,1.6723259762308997,2.6723259762308995,3148,1178.0,0.2787209960384833,stop,True,23.975740910042077
mtbench,strict,strict,case_012,0,ok,1.6759036144578314,2.675903614457831,2221,830.0,0.2793172690763052,stop,True,16.907846313901246
mtbench,strict,strict,case_013,0,ok,2.22972972972973,3.22972972972973,238,74.0,0.3716216216216216,stop,True,2.548456413205713
mtbench,strict,strict,case_014,0,ok,1.984251968503937,2.984251968503937,379,127.0,0.33070866141732286,stop,True,2.4936712430790067
mtbench,strict,strict,case_015,0,ok,3.814159292035398,4.814159292035399,543,113.0,0.6356932153392331,stop,True,2.8477306170389056
mtbench,strict,strict,case_016,0,ok,1.4795918367346939,2.479591836734694,244,98.0,0.2465986394557823,stop,True,1.9153828518465161
mtbench,strict,strict,case_017,0,ok,2.3333333333333335,3.3333333333333335,2409,723.0,0.3888888888888889,stop,True,16.002464776858687
mtbench,strict,strict,case_018,0,ok,1.863031914893617,2.863031914893617,2152,752.0,0.31050531914893614,stop,True,16.643785666208714
mtbench,strict,strict,case_019,0,ok,2.4680851063829787,3.4680851063829787,325,94.0,0.41134751773049644,stop,True,1.9835295109078288
mtbench,strict,strict,case_020,0,ok,3.5,4.5,127,28.0,0.5833333333333334,stop,True,0.8521047979593277
mtbench,strict,strict,case_021,0,ok,3.022727272727273,4.022727272727273,353,88.0,0.5037878787878788,stop,True,1.8273093411698937
mtbench,strict,strict,case_022,0,ok,2.6187845303867405,3.6187845303867405,654,181.0,0.43646408839779005,stop,True,3.91045874170959
mtbench,strict,strict,case_023,0,ok,2.2359192348565355,3.2359192348565355,3045,941.0,0.3726532058094226,stop,True,20.689005139283836
mtbench,strict,strict,case_024,0,ok,2.6054054054054054,3.6054054054054054,2000,555.0,0.43423423423423424,stop,True,12.868629957083613
mtbench,strict,strict,case_025,0,ok,3.6610169491525424,4.661016949152542,548,118.0,0.6101694915254238,stop,True,3.041712820995599
mtbench,strict,strict,case_026,0,ok,2.6547619047619047,3.6547619047619047,1228,336.0,0.44246031746031744,stop,True,8.070785312913358
mtbench,strict,strict,case_027,0,ok,2.4263959390862944,3.4263959390862944,673,197.0,0.40439932318104904,stop,True,4.27816087892279
mtbench,strict,strict,case_028,0,ok,1.6193724420190996,2.6193724420191,1920,733.0,0.26989540700318326,stop,True,15.865307667292655
mtbench,strict,strict,case_029,0,ok,1.7101910828025477,2.710191082802548,2553,942.0,0.28503184713375795,stop,True,20.122627283912152
mtbench,strict,strict,case_030,0,ok,1.8642659279778393,2.864265927977839,1034,361.0,0.31071098799630653,stop,True,7.21536858798936
mtbench,strict,strict,case_031,0,ok,2.3577235772357725,3.3577235772357725,414,123.0,0.39295392953929537,stop,True,2.2585198706947267
mtbench,strict,strict,case_032,0,ok,1.7,2.7,456,170.0,0.2833333333333333,stop,True,3.5377506422810256
mtbench,strict,strict,case_033,0,ok,1.6199261992619927,2.6199261992619927,710,271.0,0.2699876998769988,stop,True,5.46409353101626
mtbench,strict,strict,case_034,0,ok,2.0,3.0,3190,1063.0,0.3333333333333333,stop,True,22.019050794187933
mtbench,strict,strict,case_035,0,ok,1.8125,2.8125,180,64.0,0.3020833333333333,stop,True,1.5815931148827076
mtbench,strict,strict,case_036,0,ok,2.4222919937205654,3.4222919937205654,2179,637.0,0.4037153322867609,stop,True,13.961128607857972
mtbench,strict,strict,case_037,0,ok,2.8507462686567164,3.8507462686567164,516,134.0,0.47512437810945274,stop,True,3.4261587848886847
mtbench,strict,strict,case_038,0,ok,2.0163934426229506,3.0163934426229506,185,61.0,0.3360655737704918,stop,True,1.7987623643130064
mtbench,strict,strict,case_039,0,ok,2.9753086419753085,3.9753086419753085,644,162.0,0.49588477366255146,stop,True,4.148816964123398
mtbench,strict,strict,case_040,0,ok,3.2413793103448274,4.241379310344827,615,145.0,0.5402298850574713,stop,True,3.6958788339979947
mtbench,strict,strict,case_041,0,ok,2.938650306748466,3.938650306748466,641,163.0,0.4897750511247444,stop,True,4.1107462272048
mtbench,strict,strict,case_042,0,ok,2.3909531502423262,3.3909531502423262,2100,619.0,0.3984921917070544,stop,True,13.832835016772151
mtbench,strict,strict,case_043,0,ok,3.358490566037736,4.3584905660377355,231,53.0,0.559748427672956,stop,True,1.9407571940682828
mtbench,strict,strict,case_044,0,ok,3.5923076923076924,4.592307692307692,594,130.0,0.5987179487179487,stop,True,4.218669804744422
mtbench,strict,strict,case_045,0,ok,2.07,3.07,307,100.0,0.345,stop,True,3.0506674740463495
mtbench,strict,strict,case_046,0,ok,1.8588490770901194,2.8588490770901194,2632,921.0,0.30980817951501993,stop,True,18.782056916039437
mtbench,strict,strict,case_047,0,ok,2.0179640718562872,3.0179640718562872,1512,501.0,0.33632734530938124,stop,True,10.627079600002617
mtbench,strict,strict,case_048,0,ok,1.4221311475409837,2.4221311475409837,590,244.0,0.23702185792349728,stop,True,4.820082149934024
mtbench,strict,strict,case_049,0,ok,1.8074745186862966,2.8074745186862966,2479,883.0,0.3012457531143828,stop,True,17.85790268704295
mtbench,strict,strict,case_050,0,ok,1.6860927152317882,2.686092715231788,2028,755.0,0.28101545253863136,stop,True,15.517206060234457
mtbench,strict,strict,case_051,0,ok,1.6066350710900474,2.6066350710900474,550,211.0,0.2677725118483412,stop,True,3.5481171291321516
mtbench,strict,strict,case_052,0,ok,1.6866359447004609,2.686635944700461,584,217.0,0.28110599078341014,stop,True,4.532939771655947
mtbench,strict,strict,case_053,0,ok,1.752808988764045,2.752808988764045,243,89.0,0.29213483146067415,stop,True,2.05397648178041
mtbench,strict,strict,case_054,0,ok,1.5069444444444444,2.5069444444444446,721,288.0,0.2511574074074074,stop,True,5.862502864096314
mtbench,strict,strict,case_055,0,ok,1.7678571428571428,2.767857142857143,621,224.0,0.29464285714285715,stop,True,4.770294836256653
mtbench,strict,strict,case_056,0,ok,2.1137123745819397,3.1137123745819397,1862,598.0,0.35228539576365664,stop,True,12.866131265182048
mtbench,strict,strict,case_057,0,ok,1.7379807692307692,2.737980769230769,1139,416.0,0.28966346153846156,stop,True,8.42551795579493
mtbench,strict,strict,case_058,0,ok,2.687116564417178,3.687116564417178,599,163.0,0.44785276073619634,stop,True,3.9064302537590265
mtbench,strict,strict,case_059,0,ok,2.2024242424242426,3.2024242424242426,2640,825.0,0.36707070707070705,stop,True,18.09936387790367
mtbench,strict,strict,case_060,0,ok,2.0513274336283187,3.0513274336283187,1724,565.0,0.34188790560471977,stop,True,12.354050044901669
mtbench,strict,strict,case_061,0,ok,2.9939024390243905,3.9939024390243905,655,164.0,0.49898373983739835,stop,True,4.132574497256428
mtbench,strict,strict,case_062,0,ok,3.5555555555555554,4.555555555555555,411,90.0,0.5925925925925926,stop,True,2.6112286308780313
mtbench,strict,strict,case_063,0,ok,2.9590643274853803,3.9590643274853803,677,171.0,0.49317738791423,stop,True,4.2153514418751
mtbench,strict,strict,case_064,0,ok,3.6666666666666665,4.666666666666666,151,33.0,0.6111111111111112,stop,True,1.189335425850004
mtbench,strict,strict,case_065,0,ok,4.166666666666667,5.166666666666667,124,24.0,0.6944444444444444,stop,True,0.9922844236716628
mtbench,strict,strict,case_066,0,ok,2.225721784776903,3.225721784776903,1228,381.0,0.37095363079615046,stop,True,9.018146918620914
mtbench,strict,strict,case_067,0,ok,2.7731958762886597,3.7731958762886597,2196,582.0,0.46219931271477666,stop,True,13.515429135411978
mtbench,strict,strict,case_068,0,ok,2.1473214285714284,3.1473214285714284,1410,448.0,0.35788690476190477,stop,True,9.730507495813072
mtbench,strict,strict,case_069,0,ok,3.267857142857143,4.267857142857142,237,56.0,0.5446428571428571,stop,True,2.044562791939825
mtbench,strict,strict,case_070,0,ok,2.93796992481203,3.93796992481203,2096,532.0,0.48966165413533835,stop,True,12.972719823010266
mtbench,strict,strict,case_071,0,ok,2.4705882352941178,3.4705882352941178,411,119.0,0.4117647058823529,stop,True,3.294904600828886
mtbench,strict,strict,case_072,0,ok,2.460526315789474,3.460526315789474,524,152.0,0.4100877192982456,stop,True,4.088499967008829
mtbench,strict,strict,case_073,0,ok,2.045325779036827,3.045325779036827,1074,353.0,0.3408876298394712,stop,True,7.521819562185556
mtbench,strict,strict,case_074,0,ok,2.227692307692308,3.227692307692308,1049,325.0,0.3712820512820513,stop,True,7.165464885998517
mtbench,strict,strict,case_075,0,ok,1.9753265602322205,2.9753265602322205,2050,689.0,0.32922109337203675,stop,True,14.582328076008707
mtbench,strict,strict,case_076,0,ok,1.749579831932773,2.749579831932773,3271,1190.0,0.2915966386554622,stop,True,23.950881137978286
mtbench,strict,strict,case_077,0,ok,1.628369704749679,2.6283697047496792,4096,1558.0,0.2713949507916132,length,True,30.548869071062654
mtbench,strict,strict,case_078,0,ok,1.5898876404494382,2.5898876404494384,1383,534.0,0.2649812734082397,stop,True,10.634494445286691
mtbench,strict,strict,case_079,0,ok,1.6985294117647058,2.6985294117647056,1835,680.0,0.28308823529411764,stop,True,13.826395145617425
mtbench,strict,strict,case_080,0,ok,1.7469387755102042,2.746938775510204,2692,980.0,0.291156462585034,stop,True,19.829072845634073
